Pos_1_logP,Pos_2_logP,Pos_3_logP,Pos_4_logP,Pos_5_logP,Pos_6_logP,Pos_1_is_D,Pos_2_is_D,Pos_3_is_D,Pos_4_is_D,Pos_5_is_D,Pos_6_is_D,Pos_1_is_NSub,Pos_2_is_NSub,Pos_3_is_NSub,Pos_4_is_NSub,Pos_5_is_NSub,Pos_6_is_NSub,y_pred
0.7072426492766783,1.2934,-0.5817999999999999,0.014591818966146792,0.7596116688748524,-0.7497392708564085,0,1,0,1,0,1,1,1,0,1,0,1,-5.088619999999997
0.683847556685542,1.2934,0.29310856351512693,-0.2564400000000001,0.724988441719545,-1.4394900388323986,0,1,0,1,0,1,0,1,0,1,0,0,-5.119619999999987
0.4354885474186503,1.2934,0.3622274676818839,-0.136622850453803,0.7289561977869283,-0.7193400912041422,0,1,0,1,0,1,1,1,0,1,1,1,-5.033279999999996
-0.5817999999999999,1.2934,0.3408090465467086,0.4355529990562693,0.6263785182404505,-1.0555884435903788,0,1,0,1,0,1,1,1,1,1,1,1,-5.162259999999994
0.6043794756903327,0.6652271446101992,0.7770800796396281,1.328791000000002,0.8202672733602495,-1.5005053505724693,0,1,0,1,0,1,1,0,0,1,1,1,-5.085280000000004
0.8872989355727031,0.4616047718204121,0.7752275712794785,1.0858684651638633,1.0311,0.07841161645244525,0,1,0,1,0,1,1,0,1,1,0,0,-5.192484000000023
0.16991732792512843,1.2934,-0.3564660255688506,-0.2564400000000001,0.6170419463205696,-1.0347373235797803,0,1,0,1,0,1,1,0,1,1,1,1,-5.147363333333331
-0.07999757370865562,1.2934,-0.2924183528815607,1.328791000000002,0.5500859368990917,-1.8364825775159659,0,1,0,1,0,1,1,1,0,1,0,0,-4.996922666666664
0.6695881120922249,1.2718376372274613,0.0355467860861555,1.328791000000002,0.7789872056127406,-1.0062840539738838,0,1,0,1,0,1,0,0,0,1,1,0,-5.063893333333327
0.4670229083110133,1.0615129906829663,-0.5817999999999999,0.25379131693290097,0.6611830096895455,-0.10606808784671355,0,1,0,1,0,1,0,0,0,1,1,0,-5.162813333333329
0.9204571747929536,0.5451375108363093,0.41869600364250437,0.8420750080707565,0.7871996431000857,-0.6668304470864657,0,1,0,1,0,1,1,0,1,1,1,1,-5.102440000000007
0.23186838420909175,0.7335825232905163,0.02240567731538897,0.7021261015401553,0.6621975914229692,-0.7985013157173051,0,1,0,1,0,1,1,0,1,1,0,0,-4.937746285714293
0.6686085571693509,0.6647915415313375,0.4159416341519952,-0.2564400000000001,0.8478740641489869,-1.2810885564670278,0,1,0,1,0,1,0,1,1,1,0,0,-5.095106666666656
-0.3111632289946595,0.63233479641219,-0.5458799726556628,0.8471495787761613,0.7871651025893871,-1.2471303661804618,0,1,0,1,0,1,0,0,1,1,1,0,-5.130791285714285
0.9083072487328847,1.2934,-0.5817999999999999,0.5685652330488195,0.5413502202748072,-1.3015162111572718,0,1,0,1,0,1,1,0,0,1,0,1,-5.066746666666668
-0.009849881993279515,1.1930872070137697,0.23536319140589237,1.1588413015162964,0.6265438258783849,-1.0634907272315068,0,1,0,1,0,1,1,1,1,1,1,1,-5.079085333333324
0.5412301061179629,1.2934,0.14998520656497727,-0.2564400000000001,0.6986538263405199,-0.35118039780561583,0,1,0,1,0,1,0,1,1,1,1,0,-5.0646999999999816
0.21656870033406686,0.6368748721267826,-0.22235780800416852,0.6329837718265154,0.7544191380677056,-1.8361612192191332,0,1,0,1,0,1,0,1,1,1,0,0,-5.087204619047615
0.5766098143963164,0.5437329542451868,-0.14176025162951736,0.9971641786813233,0.8046806917981513,-0.7786292846520996,0,1,0,1,0,1,1,0,1,1,0,0,-5.0281700000000065
0.007952558236665358,0.7263929646929274,-0.5817999999999999,-0.2564400000000001,0.7894412954367387,-0.4649589526534447,0,1,0,1,0,1,1,0,1,1,1,0,-5.146010000000005
0.5245844059489543,1.22142671120889,-0.11061570325827234,0.6735388879611347,0.8035471146735026,-1.2624970077256976,0,1,0,1,0,1,0,0,1,1,1,0,-5.175505333333323
0.15916309191988928,0.9504150749595113,-0.06396830296309454,0.9270365583362417,0.6344835726242287,-0.25105809145647745,0,1,0,1,0,1,1,1,0,1,0,1,-5.050279999999993
0.7348945593243441,1.2934,0.6724224150637692,-0.1442840852005901,0.5994575833166417,-0.010348628773159833,0,1,0,1,0,1,1,1,0,1,0,0,-4.972213333333345
-0.10248880182888581,1.1476106793340055,0.40544938716257467,-0.2564400000000001,0.5879771792519427,0.02098839269167344,0,1,0,1,0,1,1,0,1,1,1,0,-5.105682666666664
-0.02090580888555783,1.062393764161596,-0.5817999999999999,1.328791000000002,0.5278103762585198,-1.6315542712010251,0,1,0,1,0,1,1,1,0,1,1,0,-5.027829999999996
-0.5817999999999999,0.7072906024146872,-0.5817999999999999,1.328791000000002,0.6010616856366781,-0.01347837074196183,0,1,0,1,0,1,0,1,1,1,1,0,-5.0472539999999935
1.3094879014049774,0.8511748026752721,0.07559564713793195,1.328791000000002,0.6217443321769954,0.045923765368581775,0,1,0,1,0,1,0,1,1,1,1,0,-5.178784952380952
-0.05021779606670891,0.7258794985224774,0.05180367307906914,-0.2564400000000001,0.6653133018271357,-1.681377164160697,0,1,0,1,0,1,0,1,1,1,0,0,-5.1230033333333225
-0.2548291605543743,1.2934,-0.5817999999999999,-0.24482385985498487,0.6575970761857622,-1.2344894289889239,0,1,0,1,0,1,1,1,0,1,1,0,-5.106009999999984
0.46984059125926825,1.2934,0.5569866979207134,0.5557262998509835,0.6775378662623516,-0.2674205027331789,0,1,0,1,0,1,1,1,1,1,1,0,-5.0911599999999915
0.6100159311585819,1.2934,0.5908966874029719,0.10899769563215263,0.8143473979751801,-0.7419184070709947,0,1,0,1,0,1,0,0,1,1,1,0,-5.192191999999989
-0.2666946445924517,1.2934,0.5881839072833959,1.1514273086920395,0.6196210299742713,-0.2298318802387627,0,1,0,1,0,1,0,1,0,1,1,0,-5.0950399999999885
0.6871699518520392,1.0944077669538352,-0.019718733733520406,-0.2564400000000001,0.6364857155549576,-1.3468349593742792,0,1,0,1,0,1,1,0,0,1,1,1,-5.10127
0.6111164705328205,1.0251256202339403,-0.20106738556549328,1.328791000000002,0.7321085923022713,-0.595263935713132,0,1,0,1,0,1,1,0,1,1,1,0,-5.075119999999996
0.7026634150915008,1.2934,0.6123578828494003,0.7630547871858522,0.8114721982323128,-0.6492131259236038,0,1,0,1,0,1,1,0,0,1,1,1,-5.152813333333332
0.20656808670770618,0.6831003652552933,-0.5269772456817785,1.328791000000002,0.658625119999055,-0.17038313767336083,0,1,0,1,0,1,1,1,0,1,1,1,-4.9493242857142885
0.5598999600821527,0.9530507467452692,0.5442810921673685,-0.2564400000000001,0.8314331532783524,-0.757329077163618,0,1,0,1,0,1,1,1,0,1,1,0,-5.179869999999995
0.651394876717164,0.6718833390682568,0.15618045892995983,-0.2564400000000001,0.7876359040971428,-1.7614393027567887,0,1,0,1,0,1,1,0,1,1,1,0,-5.122070000000008
-0.23050407883131943,1.116042939568028,0.6680550477842429,0.18652892481860253,0.5580103168240956,-1.5904395856806757,0,1,0,1,0,1,0,1,0,1,1,0,-5.16308504761903
0.9907063224376575,0.6743841990637712,0.6339485907908157,0.45691129181030704,0.9073203469453497,-0.9678588703747888,0,1,0,1,0,1,0,1,1,1,1,0,-5.186919999999993
0.049773940990668834,1.2934,0.112884683334622,0.23687048528673904,0.6067811924427263,-1.5874887334936838,0,1,0,1,0,1,1,0,0,1,1,0,-5.088613333333329
0.617195790916912,1.1538841388956367,-0.5817999999999999,-0.2564400000000001,0.7249404243218842,-1.791123809385008,0,1,0,1,0,1,1,1,0,1,0,1,-5.192729999999996
0.7403116038932972,1.2934,0.006781113918827474,0.7072090518566824,0.654256217403745,-1.3920193936041971,0,1,0,1,0,1,1,0,0,1,1,1,-5.052839999999997
0.8473063881188309,1.2934,0.05380245564348529,1.328791000000002,0.5390873416304842,-1.8471760333621865,0,1,0,1,0,1,1,0,1,1,0,0,-5.010644000000003
1.599764067812445,0.7268189186291619,-0.3450557797862045,0.9973724831988571,0.5642147553725049,-0.13435109185229288,0,1,0,1,0,1,0,1,1,1,0,0,-5.168304238095242
0.3682204769989611,0.7225519698413605,-0.22443170532176884,0.2220195791865128,0.7495612462050415,-0.7153360666077182,0,1,0,1,0,1,1,1,0,1,1,1,-4.999660000000009
0.819719137014896,0.9900960926664224,0.5122710358027583,1.0635131128039315,0.733906900247539,-1.732913943480687,0,1,0,1,0,1,0,1,1,1,1,1,-5.166489999999989
-0.19155184564953923,1.2934,-0.13225615736385932,0.5051254305143308,0.5982373739494106,0.04009337117094968,0,1,0,1,0,1,1,0,0,1,1,1,-5.0204226666666605
-0.3399431111988437,1.2934,0.432103888077192,-0.2564400000000001,0.5648359133313249,-1.4386174723236833,0,1,0,1,0,1,1,1,1,1,0,0,-5.188649999999995
0.2275717696299531,0.826088470109663,-0.5817999999999999,0.012897117766664107,0.666912913167668,-0.1607423499984128,0,1,0,1,0,1,1,1,1,1,0,1,-5.094559999999995
0.8586131464994075,0.6724649905279235,-0.300971369983895,-0.2564400000000001,0.6682877053406661,0.044784674815139244,0,1,0,1,0,1,1,1,1,1,0,1,-5.105860000000009
0.9947608573084576,0.6520039867785802,-0.2409882709463618,1.328791000000002,0.6759851085607478,-1.2638446323563965,0,1,0,1,0,1,1,1,0,1,0,1,-5.169824285714281
0.7144715176901,0.9899689636566116,0.17519185125981784,0.37337739844505274,0.5500572599288379,-1.8138891531370473,0,1,0,1,0,1,0,0,1,1,1,0,-5.177171999999996
0.8278318977930753,0.549827720720166,0.41648562921674365,1.2167309725073634,1.0311,-1.7866910364763258,0,1,0,1,0,1,1,0,1,1,0,1,-5.171420000000017
0.31407190408713787,1.2934,0.7552238892470595,0.2150321563896719,0.6369704106996302,-0.12112171175598935,0,1,0,1,0,1,1,0,0,1,0,0,-5.16127333333333
0.9158732115707472,1.2934,-0.5817999999999999,0.6718621757914182,0.623935083677112,0.04146947618052187,0,1,0,1,0,1,0,0,0,1,0,0,-5.152813333333329
0.7745922033298921,0.7162888419429586,-0.24260577976493186,1.307142920394937,0.7637713139724395,-0.3567935323621981,0,1,0,1,0,1,0,1,0,1,1,0,-4.883039619047615
0.9114850433684335,0.6282891422737436,-0.040617197119123434,-0.2564400000000001,0.7249889532592072,-0.6327683542698602,0,1,0,1,0,1,1,0,0,1,1,1,-5.086309999999999
1.5609204934447325,0.6186118269025134,0.3108717284915971,1.2930722896274884,0.6120361225736628,-0.3449266845629613,0,1,0,1,0,1,1,0,0,1,0,1,-5.1910266666666685
-0.3325073141748834,0.6968731975479381,-0.5817999999999999,0.9151859471527155,0.8388245512577105,-0.829643616714786,0,1,0,1,0,1,1,0,0,1,0,1,-5.10062428571429
0.23087994013136803,0.770365505599785,-0.5817999999999999,1.328791000000002,0.9408106248320738,-1.6269113581137429,0,1,0,1,0,1,0,1,0,1,0,0,-5.171937952380932
0.256006352947873,0.7631125729392639,-0.5817999999999999,0.4337624259340525,0.5634265060984435,-0.019900544212383083,0,1,0,1,0,1,0,1,0,1,1,1,-5.13604333333333
-0.5817999999999999,1.2934,-0.39322917106297367,0.135130377500911,0.7145932666199409,-1.2457569919516378,0,1,0,1,0,1,1,1,1,1,1,1,-5.190139999999995
0.8714344196839447,1.2605578554119121,-0.5817999999999999,0.5501139257349227,0.6574417282724069,-0.11936706082279147,0,1,0,1,0,1,1,1,0,1,0,1,-5.142733333333326
-0.5318774312037711,1.2380300379269513,-0.1913249924167449,-0.2564400000000001,0.6169819251051372,-0.03324763339673864,0,1,0,1,0,1,0,1,1,1,1,0,-5.146453333333324
0.5465938005346969,0.37477659184052153,0.6734477052287432,0.8755884034929904,0.80385113064863,-0.8238491107971563,0,1,0,1,0,1,1,1,0,1,1,1,-5.183610000000012
0.7921100038586995,0.8369359412131582,0.4571717355824016,1.328791000000002,0.5380167000248233,-0.23481985486150855,0,1,0,1,0,1,1,0,0,1,0,0,-4.919620000000007
0.8679461437449072,0.8504890548999561,-0.5817999999999999,1.328791000000002,1.0311,-1.6296192410055461,0,1,0,1,0,1,0,0,1,1,0,0,-5.198926285714283
-0.09043166038821605,1.2934,0.10383566779626782,1.328791000000002,0.5701466549563692,-1.5663347001316632,0,1,0,1,0,1,1,0,1,1,0,1,-5.054467999999999
0.43837997435893467,0.6205002774828382,0.10402182856132743,1.328791000000002,1.0311,-1.4219738398758164,0,1,0,1,0,1,0,0,1,0,0,0,-5.1743886190476225
0.10230468341130958,0.6668673799044408,0.14692801049191725,-0.2564400000000001,0.7886823426937019,-1.6562237444694836,0,1,0,1,0,1,1,1,1,1,1,1,-5.142210000000003
0.1858311619500048,1.2934,0.38469164279162854,0.8541928250081215,0.6461248964123071,-0.18116253219068226,0,1,0,1,0,1,1,0,1,1,0,1,-5.099251999999993
0.872448086018109,1.1712794799292665,-0.005041147631864817,0.8488005047896073,0.7217281738539133,-0.24595025738354828,0,1,0,1,0,1,0,1,0,1,0,1,-5.195506999999984
0.341064356868649,0.6749133378292251,0.6194610801447293,1.1092637381300878,1.0311,-1.5357829938410281,0,1,0,1,0,1,1,0,0,1,0,0,-5.162240000000004
-0.11811514380754476,1.2934,-0.5817999999999999,1.328791000000002,0.5756409173785935,-0.5956969424193045,0,1,0,1,0,1,1,0,1,1,0,0,-5.061967999999996
-0.1863768219156153,0.63852539792422,0.18964673704136265,0.9339340191142573,1.0311,-0.6089814009553585,0,1,0,1,0,1,1,1,1,1,0,0,-5.1795600000000155
0.3450020302641017,1.2934,0.13313289482229557,0.8095937938122397,0.5894444807448612,-1.2363770947589618,0,1,0,1,0,1,1,0,0,1,0,0,-5.040438666666662
0.39491579180355646,1.1970180676553144,0.5030461903554341,-0.2564400000000001,0.7820505309196717,-1.3871753955551955,0,1,0,1,0,1,1,0,0,1,1,0,-5.1563699999999955
0.5819556564963324,1.2934,-0.08941500577195788,0.010787673846722561,0.7727021531861504,0.06447966984548659,0,1,0,1,0,1,0,1,0,1,0,0,-5.112516666666655
1.3040560344076635,0.7460843310017049,0.6153282411136535,1.328791000000002,0.7528079466355838,-0.3023126084879538,0,1,0,1,0,1,0,0,0,1,0,0,-5.142241333333329
0.6609362948041301,0.7574910446111635,0.19110782925518974,0.845417208234802,0.7867997025009723,-1.7807310985342046,0,1,0,1,0,1,0,1,0,1,0,0,-4.912241666666651
-0.36707974017599754,0.905489293043382,0.5071733132043267,-0.163293189597075,0.5809110764401714,0.03295841448334243,0,1,0,1,0,1,1,0,0,1,0,1,-5.1223266666666625
0.912356661438214,0.7388460802839907,-0.5817999999999999,1.328791000000002,0.7126632481882017,-0.815083674009469,0,1,0,1,0,1,0,1,0,1,1,1,-5.100224619047611
-0.5217883337017644,1.2330510255621492,-0.5817999999999999,1.220174091738171,0.6814992765572289,-0.15228878652100666,0,1,0,1,0,1,1,1,1,1,1,0,-5.160079999999995
0.3993975350122315,1.233980912146518,-0.3391736694776422,0.010592626708541825,0.805849033693439,-1.0798338951362714,0,1,0,1,0,1,0,1,1,1,1,0,-5.157973333333313
0.5207271924374224,1.0665512463554148,0.5071897262460019,-0.2564400000000001,0.5207325258663128,-1.5022059327819937,0,1,0,1,0,1,1,1,1,1,0,1,-5.175363333333333
0.8445415734458733,1.2934,-0.15939311975910897,0.6321384027200948,0.5567614443434489,-0.16849996878546822,0,1,0,1,0,1,0,0,1,1,1,0,-5.135612666666664
0.41510426454097854,0.48821692574707287,0.12761490121279015,1.328791000000002,0.7410057534936833,-0.8994383173172753,0,1,0,1,0,1,1,0,1,1,1,0,-5.183928
-0.5817999999999999,0.7251348145572168,-0.5354031302517318,0.5225461512422975,0.6643520903411676,0.0894140266402974,0,1,0,1,0,1,1,1,0,1,1,0,-5.006920000000006
0.42446641712735084,1.2934,0.35059484747945835,0.6779547191829735,0.83701860516333,-0.7428846651051862,0,1,0,1,0,1,1,0,1,1,1,0,-5.193559999999999
-0.3331515135291214,1.222809483461744,-0.05527739852743369,0.4268284365840523,0.7653932473024082,-0.6605331538332916,0,1,0,1,0,1,1,0,1,1,1,0,-5.101199999999986
-0.2376002462174624,0.8098288146745574,-0.17117750884423613,1.328791000000002,0.6817265558463353,0.011856958933855409,0,1,0,1,0,1,1,0,0,1,0,0,-5.0240942857142805
0.6855928731312627,1.2934,-0.5817999999999999,1.328791000000002,0.7036008194687978,-1.7231642716137088,0,1,0,1,0,1,1,1,1,1,0,0,-5.039019999999995
0.10288199400744452,1.2934,-0.4634844198189655,0.22860975504997352,0.544182970637296,-0.9144543783143545,0,1,0,1,0,1,1,0,0,1,0,0,-5.144779999999996
0.27693559971274173,0.660278878585107,0.4824593121420048,1.328791000000002,0.6663785149378135,-0.783464089351124,0,1,0,1,0,1,1,0,1,1,1,0,-4.982732000000004
-0.09483461510453964,1.2934,0.0441187749774699,0.7530299814905991,0.7163171872888476,-1.1440574164890487,0,1,0,1,0,1,1,0,0,1,1,1,-5.121462666666657
0.8554656479836865,0.7206516943932808,-0.5422811621651453,1.2823289043691426,0.735768236353301,-0.14101755890732096,0,1,0,1,0,1,1,1,1,1,1,1,-4.984004285714294
0.23575449021462364,0.9390968277102948,-0.5817999999999999,1.328791000000002,0.7305642834816417,-1.7073861313418637,0,1,0,1,0,1,1,0,0,1,1,0,-5.10831999999999
0.3834460144754703,1.2934,-0.5569525458930465,1.328791000000002,0.7550297317214969,-0.3332631624118299,0,1,0,1,0,1,0,1,0,1,1,0,-5.076246999999984
0.7884311580071572,0.7851492074176248,-0.5817999999999999,1.1304068802866047,0.7479651312267672,-0.6616357785117415,0,1,0,1,0,1,1,0,0,1,0,0,-4.995014285714282
-0.5817999999999999,0.6136177053149159,-0.29390760898207346,-0.024873565450276688,0.6917409981700317,-0.6650415796369794,0,1,0,1,0,1,1,1,1,1,1,1,-5.065980000000006
0.21959849780914198,1.2934,0.30692470679995204,1.328791000000002,0.5360229890849504,-0.05397084123828179,0,1,0,1,0,1,1,1,1,1,0,0,-5.06944533333333
0.7479959722509553,1.2715848837794526,-0.13276227317053674,-0.2564400000000001,0.649204924343756,-0.7859400296161418,0,1,0,1,0,1,0,1,1,1,0,0,-5.164883333333322
0.3379053974952932,1.2255582073973934,-0.5817999999999999,0.007322964038041121,0.541740842221286,-0.1649061588172841,0,1,0,1,0,1,0,1,0,1,1,0,-5.113763333333326
-0.07556376852273076,1.1050615165533968,-0.4019209978202908,0.5849929813278714,0.7442524441765825,-1.2531143729628385,0,1,0,1,0,1,1,0,0,1,1,1,-5.159342666666658
0.6611393586351705,0.7268757708089639,0.3107164667334949,0.7369091776845905,0.6769517816148458,-1.1217389937237043,0,1,0,1,0,1,1,1,1,1,0,0,-4.886760000000007
1.0436942731772543,1.2934,-0.4184313517671375,-0.2564400000000001,0.728112236620004,-1.389186047307295,0,1,0,1,0,1,0,0,0,1,1,0,-5.183233333333327
-0.04251269986254842,0.6469570904443812,-0.023713739653733742,-0.2564400000000001,0.5509298118185489,-0.9240793895834437,0,1,0,1,0,1,0,1,1,1,1,0,-5.036383333333331
0.8476744195198709,1.2934,-0.5817999999999999,1.328791000000002,0.7759173165873448,-1.194627449702832,0,1,0,1,0,1,1,1,1,1,0,0,-5.0733199999999945
0.8211665111127923,0.9293242461929674,-0.10638184635811485,1.234133587112309,0.5372758860353019,-0.08610169346211051,0,1,0,1,0,1,0,1,0,1,1,0,-5.059057333333327
0.41904109289920294,1.2934,-0.30603971376731,1.328791000000002,0.709720651218236,-0.8844229010536654,0,1,0,1,0,1,0,0,1,1,0,0,-5.143531999999988
0.7405610838998945,1.2934,-0.5817999999999999,1.1719232232384589,0.6774325688369219,-1.516300310681053,0,1,0,1,0,1,0,1,1,1,0,0,-5.040271999999985
0.6653726818028303,1.15428949841097,-0.5817999999999999,0.8668027271364492,0.5219534385135424,-0.9963992154404715,0,1,0,1,0,1,1,1,0,1,0,0,-4.996988666666668
-0.04408946044680736,1.2664758886661214,-0.23089167808204042,1.328791000000002,0.5740082387994103,-1.4244320029423267,0,1,0,1,0,1,1,0,1,1,0,1,-5.059931999999998
0.005199996021236674,0.8089240000489235,0.6562001982055368,1.328791000000002,0.6347278332749784,-0.9721174978388699,0,1,0,1,0,1,0,1,1,1,0,0,-5.044418666666646
0.18217407675995995,1.0315111955351852,-0.555750630046857,1.2588555291088321,0.5747544295288712,-1.6976697243282342,0,1,0,1,0,1,1,0,1,1,0,0,-5.077443999999996
0.8231540196382089,1.24113443998609,0.013108905105929563,-0.2564400000000001,0.7265289333703131,-1.7504549196116537,0,1,0,1,0,1,0,0,1,1,1,0,-5.100125333333327
0.06770636938008055,0.8930817089471452,-0.4168635610493679,-0.08171396711658649,0.6057036179507138,-0.25540520511848286,0,1,0,1,0,1,1,0,0,1,0,0,-5.146753333333331
-0.42866160993324937,1.2343582319027084,-0.1290201296817078,1.328791000000002,0.82587259819876,-0.8420765205900036,0,1,0,1,0,1,1,1,0,1,1,0,-5.191253333333332
0.7983200262812575,1.2934,0.3173024084604665,0.30773966110757006,0.7880116459369323,-1.5215670037128477,0,1,0,1,0,1,1,1,1,1,1,1,-5.178839999999995
0.31519531123701433,1.2934,0.6407681973548709,1.328791000000002,0.6155278611500806,-1.1239724526407577,0,1,0,1,0,1,1,0,1,1,0,0,-5.016991999999999
0.12914540443509834,1.2934,-0.5817999999999999,0.8210512175325507,0.5543501352062636,-0.7663226917142475,0,1,0,1,0,1,1,0,1,1,0,1,-5.042491999999997
0.3186567209946055,0.6522336989206576,-0.331999438488046,1.328791000000002,0.7931664781629794,-1.6336398803074654,0,1,0,1,0,1,0,0,1,1,0,0,-5.131614619047616
0.1570957339124407,1.0149310678596444,-0.07273702292461469,-0.2564400000000001,0.7656447913361012,-0.9653599580972547,0,1,0,1,0,1,0,1,0,1,1,0,-5.084793333333315
-0.4129797903207204,1.2934,0.303247678918701,0.34325778142697294,0.5733589301688383,-0.7916999607982119,0,1,0,1,0,1,1,1,0,1,0,0,-5.038539999999996
0.23048461884802737,1.2934,-0.20139779224962648,-0.2564400000000001,0.6259303829315632,-1.2718731102301557,0,1,0,1,0,1,0,1,1,1,1,0,-5.121453333333314
0.41991320735212667,0.7322786494676794,0.5440030141996799,-0.2564400000000001,1.0311,-1.0450159336716616,0,1,0,1,0,1,0,1,1,1,1,0,-5.163439999999981
-0.3183476470959171,0.7863374430541935,-0.02458173587696971,1.328791000000002,0.7672149384136312,-1.1936237871288333,0,1,0,1,0,1,1,0,1,1,0,0,-5.0517542857142805
-0.5351163112780947,1.0622535612354824,0.2698483771237399,1.328791000000002,0.7646275302535886,-1.7340883096139532,0,1,0,1,0,1,1,1,1,1,1,0,-5.180219999999994
0.07427169894608787,0.9110342975432075,0.44167266994606075,0.04789487266336622,0.7595657524396012,-0.055740601896404576,0,1,0,1,0,1,1,1,1,1,0,0,-5.186079999999987
0.6048886752435656,1.1848780037852527,0.05350395189529212,-0.2564400000000001,0.6715264919993486,-0.3830330185640769,0,1,0,1,0,1,1,1,0,1,1,1,-5.075009999999999
-0.1291226927789898,0.5721360935727986,-0.5817999999999999,0.5330639309459964,0.585903837231283,-1.143557786475843,0,1,0,1,0,1,1,0,0,1,0,1,-5.148200000000011
0.8503955815002538,1.1840330792843599,0.26374280156934016,0.5244796917424753,0.682012148327933,-1.400987219394422,0,1,0,1,0,1,1,0,0,1,1,1,-5.084679999999997
0.11391518886318028,0.7851980547090303,-0.5817999999999999,-0.2564400000000001,0.5618715855653577,-1.1480541753570757,0,1,0,1,0,1,1,0,1,1,1,0,-5.079690000000003
0.41494282196406473,0.9385155978240743,0.33108028837397724,1.328791000000002,0.8131531230438108,-0.6540166327391573,0,1,0,1,0,1,0,0,0,1,1,0,-5.185167999999988
-0.5817999999999999,0.6729971656051239,0.22069323244759445,0.4581835550920335,0.7448134436490168,-0.6309345207037335,0,1,0,1,0,1,1,0,0,1,1,1,-5.152440000000007
0.5231012038268998,1.219457540054057,0.33687116765885,0.38275673115120606,0.8299965075241089,-0.015513017305872512,0,1,0,1,0,1,1,1,0,1,0,1,-5.1791933333333295
1.0910748296343689,0.8255711182118782,-0.5817999999999999,1.328791000000002,0.7259476849237383,-1.6646750757166708,0,1,0,1,0,1,0,1,0,1,1,0,-5.041389619047605
0.8651256282260313,1.217856170654289,-0.5817999999999999,0.6000604501544771,0.5341623602214417,-0.6342454541115861,0,1,0,1,0,1,0,0,0,1,1,0,-5.141555333333334
0.6336702204630499,1.2934,0.10261452170798602,0.7460574357606138,0.5222566114803188,-1.731819940503604,0,1,0,1,0,1,0,1,0,1,0,0,-5.075960666666653
0.376145649377395,1.2934,0.7616122394841044,1.328791000000002,0.7614118060448793,-1.5749476482411224,0,1,0,1,0,1,1,1,1,1,1,1,-5.171519047619035
-0.23623326647344145,1.2934,-0.05702070886809198,1.0326360346441203,0.7116966543356468,-1.3662831958445907,0,1,0,1,0,1,0,1,0,1,1,0,-5.049672999999982
-0.4272125034069859,1.281858688347579,-0.5817999999999999,-0.16139251858915127,0.7338253972937451,-1.3045030277943692,0,1,0,1,0,1,1,0,0,1,1,0,-5.073519999999986
-0.5817999999999999,0.6033882508415414,-0.22913471039821126,-0.2564400000000001,0.7011960321932974,-1.1248130045505014,0,1,0,1,0,1,1,0,0,1,1,0,-5.158610000000008
0.5632687540649762,0.7037454129716911,0.2108196372623553,0.9770382424770326,0.8104654622239484,0.007978595745522024,0,1,0,1,0,1,0,1,1,1,0,0,-5.011114999999991
0.46238941032393827,0.46018451462306104,0.6248435443558263,1.328791000000002,0.5486636259079463,-1.4997690468899165,0,1,0,1,0,1,1,0,1,1,0,0,-5.135901333333346
0.4503935341371709,1.2934,-0.5817999999999999,1.328791000000002,0.771255243523148,0.06694339104843149,0,1,0,1,0,1,0,1,0,1,0,0,-5.079705333333321
0.5527901561621931,1.2934,-0.08111203244570843,1.328791000000002,0.5957902680137898,-0.4797134989074606,0,1,0,1,0,1,1,0,0,1,0,1,-4.994866666666669
-0.5817999999999999,0.642742976955749,-0.40482424375340004,0.04803617534883191,0.5917246217991217,-0.4034731845655382,0,1,0,1,0,1,1,1,0,1,1,1,-4.998180000000014
0.49021536570524055,0.7672714944348287,-0.47226018513576623,0.6197294413217758,1.0311,-0.65648451877968,0,1,0,1,0,1,0,1,0,1,0,0,-5.150856285714267
0.3496415740890549,0.9544576437567618,-0.5817999999999999,0.8049401273012331,0.711400017986197,-1.7946190304197371,0,1,0,1,0,1,1,0,1,1,0,0,-5.116479999999992
0.9148218737777557,1.2934,-0.18777359002391797,0.7768401264751347,0.800576285916817,-1.5101370825302827,0,1,0,1,0,1,1,1,0,1,1,1,-5.182659999999992
0.5048833535118492,1.2934,-0.31346789070093917,1.2252434613934258,0.576136454937137,-1.4888481582199513,0,1,0,1,0,1,0,0,0,1,0,0,-5.154818666666659
-0.5817999999999999,0.6337606227509597,-0.34293787353929656,-0.2564400000000001,1.0311,-1.321698859506447,0,1,0,1,0,1,0,1,1,1,1,0,-5.196613333333332
-0.36301922319615354,1.2934,-0.5817999999999999,1.328791000000002,0.6000737063977335,-0.5169768889342158,0,1,0,1,0,1,1,1,1,1,0,0,-5.025925333333329
0.17548972612580463,0.5596395360130513,0.7447201009777707,1.328791000000002,1.0311,-1.5401301556329123,0,1,0,1,0,1,1,0,1,1,0,0,-5.132240000000013
-0.12835164239060926,0.724961393115804,0.7671548384556983,-0.23261788814507459,0.6118435577126965,-1.598710961053815,0,1,0,1,0,1,1,0,0,1,1,1,-4.989270000000011
-0.08051263397753151,0.5333890121515616,0.5880472150130682,-0.2564400000000001,0.8166200905293156,-1.8277420134457767,0,1,0,1,0,1,1,1,0,1,1,0,-5.16269000000001
-0.4196530612782842,1.1757257564729449,0.399012124340363,1.328791000000002,0.7925887843688201,-1.4318929312522302,0,1,0,1,0,1,1,0,0,1,0,1,-5.194879999999998
-0.5308850759029966,1.163043478943371,-0.5817999999999999,1.328791000000002,0.5986483193478939,-0.6035964908203895,0,1,0,1,0,1,1,0,1,1,1,0,-5.186512000000006
0.6659417780822695,1.2934,0.6406920112820131,1.328791000000002,0.8264903901753391,-0.9288079893493996,0,1,0,1,0,1,0,1,1,1,1,0,-5.151399999999983
-0.4351364039278994,1.2934,-0.5817999999999999,-0.2564400000000001,0.5646599341299255,-1.2990938445101343,0,1,0,1,0,1,1,1,1,1,1,0,-5.068009999999993
-0.270156551847655,0.8377040015371302,0.08612244201626995,0.6119721273938644,0.6751337307339716,-1.798339835137947,0,1,0,1,0,1,1,0,0,1,0,0,-5.0502942857142825
0.9114571891105121,0.5832223719689821,0.7733429837915742,1.328791000000002,0.7811981585541518,-0.6525670693674311,0,1,0,1,0,1,0,0,1,1,0,0,-5.096296666666675
-0.4808736196433293,1.2934,0.4935092989898606,1.328791000000002,0.5961281881134188,0.020258879243513155,0,1,0,1,0,1,1,0,1,1,1,1,-5.192892000000004
0.07827485801250547,0.9658422920596349,0.5206014060752763,0.9181286271615884,0.5646802348947133,-1.456074054528149,0,1,0,1,0,1,1,0,0,1,0,0,-5.049659999999995
0.4309383305488493,0.6271849290898027,0.30989673511697097,0.9765415005092366,0.8336029540464435,-1.5915289295325474,0,1,0,1,0,1,0,1,0,1,1,1,-5.175789999999994
-0.28112041257775766,1.2934,-0.2642533942875588,-0.2564400000000001,0.7055913505765963,-1.110062241610956,0,1,0,1,0,1,1,0,1,1,1,1,-5.1528499999999875
0.7192554116805088,0.4082898065597046,0.3012348370756025,1.328791000000002,0.6192152373030708,-1.7523912263158,0,1,0,1,0,1,1,1,1,1,0,1,-5.124240000000003
0.42934292832890825,0.6594642379964859,-0.5817999999999999,1.328791000000002,1.0311,-0.40405887571529564,0,1,0,1,0,1,0,1,1,1,0,0,-5.123142952380939
-0.01703327190193435,0.7459138978126119,-0.5817999999999999,1.328791000000002,1.0311,-1.0068080462384499,0,1,0,1,0,1,0,1,1,1,0,0,-5.188107952380934
0.7040039197437421,1.116979208832293,0.43584387661648205,0.11950847478727322,0.8475666541941889,-1.5593612890310766,0,1,0,1,0,1,0,1,0,1,0,0,-5.156339999999984
0.40135080693711145,0.7443845107702654,-0.12178990222019369,0.6910207725521719,0.8260604447989233,-0.6270038554338417,0,1,0,1,0,1,0,0,1,0,1,0,-5.172300952380954
0.8964813444193719,0.7299438169145062,0.7136165583660814,0.398362459704801,0.8212674834531463,-1.55908943470961,0,1,0,1,0,1,1,0,0,1,1,0,-5.082600000000003
0.5004844200251496,0.9386243303078943,0.31066815788870483,-0.07657968853394226,0.8014795219761518,-0.40911671219225804,0,1,0,1,0,1,1,1,1,1,1,1,-5.198439999999993
0.40076406836195183,1.2116144674846987,0.7752691669557592,0.6672437282716032,0.6455806904123225,-0.9637625958611169,0,1,0,1,0,1,1,0,1,1,1,0,-5.084957714285712
0.6546780976075702,1.2934,0.7150069400556377,-0.2564400000000001,0.5779415855176497,-0.036188399651345765,0,1,0,1,0,1,1,1,1,1,0,0,-5.175420000000005
0.6558588622644285,1.027512377633467,-0.5817999999999999,1.1634884719741405,0.7457052770486708,0.027216166937312533,0,1,0,1,0,1,1,0,1,1,0,0,-5.1291999999999955
0.5477847098459061,1.2656045793669992,-0.05067132705316592,-0.2564400000000001,0.6351759811344708,-0.20826394212142468,0,1,0,1,0,1,1,1,0,1,0,1,-5.159363333333331
1.2204833450329624,1.2934,0.36290125588836103,1.328791000000002,0.6067855257462911,-1.8324529254295372,0,1,0,1,0,1,0,1,0,1,0,0,-5.176526666666647
0.06670511444476782,1.2934,0.5138233500806287,1.1056409532804465,0.5370385417449365,-0.33593002613174955,0,1,0,1,0,1,1,0,1,1,1,0,-5.060458666666664
0.3970724859841811,1.2934,-0.15505786082823156,0.6929886809686724,0.6777586509877258,-0.12597698437476568,0,1,0,1,0,1,1,1,0,1,1,1,-5.067299999999996
-0.27420204997234965,0.689960427180141,1.3687,0.6962601179943328,0.6062620579115718,-1.149919041892807,0,1,0,1,0,1,1,1,1,1,0,0,-5.18866533333333
-0.4308238489788037,0.759998413258545,-0.48573946750697233,-0.2564400000000001,0.7262343293054938,-1.4328087830462195,0,1,0,1,0,1,1,0,1,1,1,0,-5.021676666666669
1.0146631902964967,1.1496432285042784,-0.5817999999999999,1.1300809985777287,0.6079269687247719,-1.1974358410735058,0,1,0,1,0,1,1,1,0,1,0,0,-5.179959999999991
0.10121281398072557,1.2071586513182422,0.42872203491287225,1.1663132755475274,0.729295997127532,-0.6345543595321629,0,1,0,1,0,1,0,0,0,1,0,0,-5.190514666666657
0.5707977710711586,1.2934,-0.5817999999999999,0.2769563188027855,0.7839725065274852,-1.2576554393399093,0,1,0,1,0,1,0,1,1,1,0,0,-5.186463333333315
0.47256092683241135,0.7249205034991201,-0.5817999999999999,1.328791000000002,1.0311,-0.9822540606259432,0,1,0,1,0,1,0,1,0,1,1,0,-5.155079619047597
-0.18918736197162753,1.2934,-0.5817999999999999,-0.2564400000000001,0.6896110245415044,-1.2477698380662992,0,1,0,1,0,1,1,1,0,1,1,0,-5.080612666666651
0.8554604088060329,0.9147617018199719,0.1725672587397813,0.4401008223082967,0.780309525011623,-0.2949381932885105,0,1,0,1,0,1,1,0,0,1,1,0,-5.086479999999992
-0.5817999999999999,0.7454192175288072,0.03244876991106754,0.5811624695214478,0.6101688384975169,-0.33509111851346707,0,1,0,1,0,1,1,0,1,1,1,0,-5.104020000000009
1.1638892187660912,1.2934,-0.06316055352495435,0.8409088274105311,0.7562050573125455,0.06860993182638493,0,1,0,1,0,1,0,1,0,1,0,0,-5.186815333333318
0.17251525263614848,1.2934,0.21717722411951304,0.371578300238569,0.5991316385712392,-0.6802212624348907,0,1,0,1,0,1,1,1,1,1,0,0,-5.046279999999993
0.9823693943830671,1.2934,0.21877451993904665,0.976608549251745,0.6341835602267722,-1.6903046644977222,0,1,0,1,0,1,1,1,0,1,0,1,-5.182939999999991
0.8541423082973207,0.9565752208024044,-0.02962953806692882,-0.03363724901356671,0.6318874060927295,-0.7717209556381681,0,1,0,1,0,1,0,1,1,1,1,0,-5.027973333333323
1.2002362657267456,0.7654787693229498,-0.49549384741654734,0.8163552456708107,0.6694182980047005,-1.0370859222494704,0,1,0,1,0,1,1,1,0,1,0,0,-5.178474285714278
0.35531143468673326,1.1314526436604657,0.7619007491317121,-0.2564400000000001,0.6483329194949266,-1.5785501592142537,0,1,0,1,0,1,1,0,1,1,1,0,-5.191755714285711
0.8461324682063945,0.9229139183133663,-0.5817999999999999,0.8902781506481464,0.6061661423576179,-1.2716612143588208,0,1,0,1,0,1,0,0,0,1,0,1,-5.150034999999996
-0.16925740627137947,1.2934,-0.5817999999999999,0.47228464985273316,0.7218740284414252,-1.812415034411524,0,1,0,1,0,1,1,0,0,1,0,0,-5.1498159999999915
-0.26223298147928686,0.6115662227522614,0.06782855971604956,-0.2564400000000001,0.8390983563581325,0.058005621916690224,0,1,0,1,0,1,1,1,1,1,1,0,-5.093480000000007
-0.01759073605762928,1.2934,-0.5817999999999999,0.7776845489112918,0.76136018350721,-1.50281221562272,0,1,0,1,0,1,0,0,0,1,0,0,-5.167721666666656
0.21596396512708937,0.8837986455457671,-0.3589611912271519,-0.2564400000000001,0.5632010503828497,-1.4244717006836285,0,1,0,1,0,1,0,1,0,1,1,0,-5.12398333333332
-0.5817999999999999,1.161049010506331,-0.5817999999999999,1.2706436137123696,0.7731145530117389,0.04978015044958802,0,1,0,1,0,1,1,1,1,1,1,1,-5.199499999999993
0.5449194517066228,1.2934,-0.5817999999999999,1.328791000000002,0.6119685533060234,-1.4380084169514067,0,1,0,1,0,1,0,1,0,1,1,0,-4.990805333333322
0.6254114578762798,0.7191803297537183,-0.18516982803647752,-0.008884971585939986,1.0311,-1.01304064451085,0,1,0,1,0,1,0,1,0,1,1,0,-5.1873133333333135
0.24178121974036038,1.2934,-0.24088047043539035,-0.163993976268479,0.7485201413742004,-1.7942840149894927,0,1,0,1,0,1,1,1,0,1,1,1,-5.099199999999991
0.2611006292691775,0.8176167243698473,0.24845265999279975,0.6953443219287123,0.7350840692350935,-0.746653651913139,0,1,0,1,0,1,1,0,0,1,1,1,-5.042839999999992
0.23678383434362407,1.2934,0.2994147352306354,1.1048714289811892,0.6991189053965043,-0.8004261637011569,0,1,0,1,0,1,1,1,0,1,0,0,-5.04347999999999
0.10044609212082908,0.9203767920295541,-0.5817999999999999,1.328791000000002,0.5994459362679648,-1.2113587930440546,0,1,0,1,0,1,1,1,1,1,0,0,-5.027705333333327
0.5239104923304241,1.2934,0.31918274983189293,1.328791000000002,0.6753252933107013,-1.7801005288280554,0,1,0,1,0,1,1,0,1,1,0,0,-5.0642799999999975
-0.050435410246487254,1.2137903900888567,-0.5817999999999999,1.233932035135913,0.720328919242179,-1.0529677189478521,0,1,0,1,0,1,1,0,0,1,0,1,-5.121659999999991
0.07719669411471325,0.8333423470261127,-0.5817999999999999,0.7785253574759747,0.5608473593090839,-1.1242032654249703,0,1,0,1,0,1,1,1,0,1,1,1,-4.933790952380954
0.9044589138566126,1.174925763754814,0.6061377733018081,1.328791000000002,0.8371557503611265,-0.2502355460777954,0,1,0,1,0,1,1,0,0,1,0,1,-5.126599999999999
0.3504558898826129,0.822376001214198,0.2410710359704644,-0.2564400000000001,0.8460228615977358,-1.5629788336631858,0,1,0,1,0,1,0,0,1,1,1,0,-5.148731999999989
0.5308524511578022,0.2531375972947022,0.7440141349077842,1.328791000000002,0.7473005531334432,-0.6519801907472477,0,1,0,1,0,1,1,0,0,1,1,0,-5.198958000000007
0.8795157806918403,1.2934,-0.28470588562842974,0.9794431016572719,0.7262318362113395,-0.5893892195876331,0,1,0,1,0,1,1,0,1,1,1,1,-5.1146799999999955
-0.14461998466973022,0.8002847531841736,0.5450203255083353,1.328791000000002,0.6511345167508401,-0.17083583367548377,0,1,0,1,0,1,1,1,0,1,0,0,-4.958519999999995
0.732222986230152,0.7348477069595483,-0.3508261987718706,0.04557240198915341,1.0311,-1.3874416732002177,0,1,0,1,0,1,0,0,0,1,1,0,-5.19631333333333
-0.5817999999999999,0.7763692022853249,0.11983153012706549,-0.08505762060451529,1.0311,-1.1314303751969033,0,1,0,1,0,1,0,1,1,1,1,0,-5.182933333333329
0.05462004261166074,1.2934,0.7103976578243372,0.2503322929771279,0.5322255701127402,-0.6334851952830196,0,1,0,1,0,1,1,0,1,1,1,0,-5.125599047619047
0.5923238057232083,0.7444425880830287,-0.22141477970352558,1.2131969690246165,0.6352242585978192,-0.36866868514341217,0,1,0,1,0,1,1,0,0,1,1,0,-4.89104428571429
0.8437641222370197,1.2934,0.312704074248452,1.328791000000002,0.7070137265796517,-0.11291304125241264,0,1,0,1,0,1,1,1,0,1,1,0,-5.014739999999996
0.5119981531139527,0.3511781811734417,0.32825998997053346,0.8694665374194397,0.8291186116454276,-1.0050994939046443,0,1,0,1,0,1,1,1,1,1,0,0,-5.198228000000001
0.6107853371541946,0.7876562122122364,-0.19282205174254344,0.08160820506458615,0.6814519243780428,-0.3388164752827662,0,1,0,1,0,1,1,1,1,1,1,1,-4.9986
-0.08003608175989707,1.1649671129978831,0.019256657988330476,-0.0716070138785225,0.7398034126345955,-0.016434505642898917,0,1,0,1,0,1,0,0,1,1,1,0,-5.186381333333322
0.2017378301934034,1.2934,-0.5113778482187701,0.8030722218355208,0.6668683102433924,-0.5034340359643592,0,1,0,1,0,1,1,0,0,1,0,0,-5.1373799999999905
0.8979053396946012,1.2934,-0.5579240240836202,-0.16188344090282963,0.5587556449718779,-0.3342985000028804,0,1,0,1,0,1,1,0,0,1,0,1,-5.085233333333335
0.3951610271771117,0.8161931925643345,-0.42930721635117447,0.05775349650006601,0.7251978894009379,-0.03386241321300904,0,1,0,1,0,1,1,1,0,1,1,1,-4.98188
-0.22271241680431256,1.0420144539997886,-0.021886327164981997,0.24390051356147868,0.7671118639141692,-1.2436661859333513,0,1,0,1,0,1,1,1,0,1,1,1,-5.10006933333332
0.22229070360366326,1.2934,0.18005718546943558,1.328791000000002,0.6411243148220244,-1.4232973394719601,0,1,0,1,0,1,0,0,1,1,1,0,-5.167506999999985
0.6843451265740073,0.687159078558332,0.7740205810055036,0.2711844723665769,0.7264358415458825,-0.6003122196709515,0,1,0,1,0,1,1,0,1,1,1,0,-5.030860000000009
0.686719573059894,0.8640607685341948,-0.26543363145894794,-0.2564400000000001,0.6398297431580264,-1.8284231158431,0,1,0,1,0,1,0,1,1,1,0,0,-5.1604233333333225
0.9127052917549373,1.2934,-0.16124706817312082,1.2339347234383111,0.681534001559489,-1.5306479623649245,0,1,0,1,0,1,0,0,0,1,0,0,-5.0974699999999915
0.925559864582336,1.0128361372726387,-0.5817999999999999,0.82617728729372,0.741607947045427,-0.8130081951256637,0,1,0,1,0,1,0,0,1,1,0,1,-5.1958969999999916
0.6383260340849554,1.2934,-0.5817999999999999,1.0413444310471782,0.7752708077114157,-1.7922494274417349,0,1,0,1,0,1,1,1,0,1,1,1,-5.053659999999996
-0.14257693260369853,0.7723277909088874,0.1357837436280127,1.1736580279838256,1.0311,-1.230974268027748,0,1,0,1,0,1,1,1,0,1,0,0,-5.194960000000018
0.3406553844569724,0.6988342951083055,-0.5817999999999999,-0.10542428396407373,0.7937973345000783,-0.873496329910026,0,1,0,1,0,1,1,1,0,1,1,0,-5.015279999999997
0.15496691872889068,0.8732836474864011,-0.5648570890344291,0.6921731559754245,0.6195725619130894,-0.5752859385834553,0,1,0,1,0,1,1,0,0,1,0,0,-5.070619999999995
0.6472139956024547,1.0318457117689266,-0.3630388482702821,0.16194506452742016,0.5730718502238168,-1.2726013952309676,0,1,0,1,0,1,1,1,1,1,1,0,-4.9941600000000035
0.01463640340257467,1.2920038729251393,-0.44696000922911083,0.16390376587746133,0.6947110058389924,-0.20910261259203855,0,1,0,1,0,1,1,0,0,1,1,1,-5.180653333333323
0.6274522228204072,0.8591825431847099,0.08644041107427777,-0.2564400000000001,0.7071030384478255,-0.593773426068537,0,1,0,1,0,1,0,1,0,1,1,1,-5.178933333333323
0.05031257547256988,1.2934,-0.45213402039975176,1.3021508208924872,0.7442495650789682,0.05937470291149826,0,1,0,1,0,1,1,1,1,1,1,1,-5.176313333333322
0.09994903899145009,1.2934,-0.5817999999999999,1.328791000000002,0.6459198806548488,-0.28460846293948205,0,1,0,1,0,1,0,0,1,1,1,0,-5.163902333333319
0.4581267446157581,0.7599713783881937,-0.3975510601282188,-0.24112906310028515,0.6093656846114447,-1.256311028303569,0,1,0,1,0,1,1,0,0,1,0,1,-5.0893700000000095
-0.36627413994583125,1.2934,0.40774689210650106,1.328791000000002,0.5990934223922958,-0.9472250725147333,0,1,0,1,0,1,0,1,1,1,1,0,-5.108745333333316
0.8674852932445027,1.196999918708677,0.39024690905636805,1.328791000000002,0.6622667693492992,0.07303962067958157,0,1,0,1,0,1,1,0,1,1,0,1,-5.069031999999997
0.47170604963877394,0.9958481985654678,-0.5817999999999999,-0.2564400000000001,0.7311127343831773,-1.375201933753515,0,1,0,1,0,1,0,0,1,1,1,0,-5.147305333333323
-0.3222443872552693,1.2934,0.42202955095967376,1.328791000000002,0.766053211836858,-0.12938797680038666,0,1,0,1,0,1,1,0,0,1,1,0,-5.060899999999987
0.4564435833567072,0.81690736499116,-0.11572041785552135,1.328791000000002,0.751219978258548,0.0957861778436747,0,1,0,1,0,1,1,0,0,1,0,1,-5.071524285714283
0.21975713348525666,0.7126054592352412,-0.5817999999999999,0.7043146193523409,0.7887966604092865,-0.5403041704527723,0,1,0,1,0,1,0,0,1,1,1,0,-5.066921285714277
0.639287325517245,0.812472103486995,0.5029468428000193,1.1828344182147748,0.6252583833144055,-0.3630839450314482,0,1,0,1,0,1,0,0,1,1,1,1,-5.142291999999999
-0.27196342203361984,1.0305205286658896,0.4412230532398172,0.4613728610990922,0.7061074767119773,-0.13845709106875165,0,1,0,1,0,1,1,0,0,1,0,1,-5.138193333333324
0.0870732268131329,1.2347500341876287,-0.5817999999999999,0.2903093900251865,0.6104555047914904,-1.3947344998944495,0,1,0,1,0,1,0,1,0,1,0,0,-5.159533333333319
0.5007274315189133,0.8329340224944075,0.5407313306488525,0.642759559440466,0.84706358999472,-1.701232320555042,0,1,0,1,0,1,0,1,0,1,0,0,-4.984106666666651
0.9295612960845362,0.930707471845754,0.7050740767904538,0.4471680803915622,0.8456290551850012,-1.3523724208729606,0,1,0,1,0,1,0,1,1,1,1,0,-5.154879999999983
0.6259760926932433,1.2934,-0.5817999999999999,-0.2564400000000001,0.773027383152682,-1.3010132256242755,0,1,0,1,0,1,0,1,1,1,0,0,-5.14168333333332
1.0423470309427925,0.7498868775629439,0.7754557264765042,1.328791000000002,1.0311,-0.7420644864630288,0,1,0,1,0,1,0,1,0,1,0,0,-5.167106666666654
-0.32200245642782566,0.621260466550388,-0.515140481336226,0.5055168548117679,0.7695560831594584,-0.6891418302250962,0,1,0,1,0,1,1,1,0,1,0,1,-5.030080000000003
0.09891402791747829,0.6517714203211264,0.13602847671626075,-0.2564400000000001,0.6495086818456756,-0.21780458324627536,0,1,0,1,0,1,1,1,1,1,1,1,-4.993090000000012
0.014826989338111059,1.2934,-0.5817999999999999,0.7150458588978457,0.5632726729514799,-1.0064336420767928,0,1,0,1,0,1,1,0,0,1,0,0,-5.1113266666666615
0.5947218051787277,1.2934,0.36260165905897834,-0.1527806309949851,0.6402392482988158,-1.684376595171893,0,1,0,1,0,1,0,1,0,1,0,0,-5.105999999999987
0.34362603930406266,1.2934,-0.5817999999999999,-0.18609930889024265,0.7538340387945602,-1.6041020968789923,0,1,0,1,0,1,1,0,0,1,1,0,-5.149819999999993
-0.1557686544581102,0.6494399750856331,-0.5817999999999999,0.37110456962600996,0.6469242415079173,-1.156448784938284,0,1,0,1,0,1,1,1,0,1,0,0,-4.953160000000006
0.1830270923221199,0.6158964638365779,0.600675373383102,1.328791000000002,0.6156365700162296,-0.5882271530355343,0,1,0,1,0,1,0,1,0,1,0,1,-5.156363333333333
0.07079812409392532,0.250992724901888,0.7275568260781847,0.6834752447606991,0.6887573761126835,-0.03837144750379377,0,1,0,1,0,1,1,0,1,1,0,0,-5.109570000000016
0.4266714310049943,0.7304761908329043,-0.29217102007704165,0.9111162355271752,1.0311,-0.3850409169097718,0,1,0,1,0,1,0,1,1,1,1,0,-5.1420996190476025
-0.5817999999999999,1.2934,0.1311765838346733,-0.2564400000000001,0.6168158779013896,-0.9714356508674441,0,1,0,1,0,1,0,1,0,1,1,0,-5.149733333333328
0.47785586835107813,0.8696108094178783,0.7580663287246593,1.328791000000002,0.5568533246475776,-1.6198508826069156,0,1,0,1,0,1,1,1,1,1,0,0,-5.011885333333335
0.6495566438533567,0.7963972732927365,0.2660143449612559,1.328791000000002,0.5670124140522659,-0.6004861022104165,0,1,0,1,0,1,1,0,1,1,0,0,-4.8749253333333415
-0.29720149463275686,1.1059931329222727,0.3671611985344006,1.328791000000002,0.663187179873873,-1.8336175551011298,0,1,0,1,0,1,0,1,1,1,1,0,-5.109181999999981
0.9013664828433507,0.7891503311153494,0.12944937147686178,1.2827577451701344,0.5388046874183637,-1.21072820346496,0,1,0,1,0,1,1,1,1,1,0,0,-4.90880495238096
0.6495773723506119,1.0324691119129554,-0.5817999999999999,-0.2564400000000001,0.6715837105818806,-0.7090895470561448,0,1,0,1,0,1,0,1,0,1,1,1,-5.193093333333322
0.2110671815162899,1.0560705017933651,-0.24065072425041983,-0.2564400000000001,0.7582408967662595,-1.039394256427328,0,1,0,1,0,1,1,1,0,1,1,1,-5.15090999999999
0.5614179760786437,1.2934,-0.4066368448419798,1.328791000000002,0.7319048059654116,0.0756747283362677,0,1,0,1,0,1,0,0,0,1,0,0,-5.122713333333328
0.01864096089079342,1.2934,-0.5817999999999999,1.328791000000002,0.5703376761220428,-1.739332583327266,0,1,0,1,0,1,1,1,1,1,0,0,-5.043491999999993
0.7641296393639258,0.696556368980354,-0.16203621220030853,1.3203356821762606,0.7208483213152861,-1.5823453310738442,0,1,0,1,0,1,1,0,1,1,0,0,-4.921394285714294
0.7338735474960467,0.7748584805851491,0.1102192612836038,1.328791000000002,0.6673998973524216,-0.8278860111337103,0,1,0,1,0,1,1,0,0,1,1,0,-4.932844285714286
0.40356033499730903,0.39042312993745426,0.35916437119274397,0.7660155159128293,0.760657933750123,-0.22744424441564226,0,1,0,1,0,1,1,1,1,1,0,1,-5.183340000000003
-0.1179665865653446,0.5819439408458392,-0.10453227100836984,1.328791000000002,0.7973771749108294,-0.013736269308932913,0,1,0,1,0,1,1,1,0,1,0,0,-5.116109999999998
0.8485023669660607,1.2934,0.011241871189563074,1.2455259733576138,0.7509520040692417,-0.05268620922775376,0,1,0,1,0,1,1,1,0,1,0,1,-5.085939999999995
0.5987390701281643,0.5361526442033533,-0.3161099577698253,0.1308910571490345,0.6278347606727112,-1.522469762512445,0,1,0,1,0,1,1,1,0,1,0,1,-5.024460000000011
-0.3389914683468018,0.6787765711130762,0.20907871288961802,1.328791000000002,0.7516287401068182,-0.8159396967448946,0,1,0,1,0,1,0,0,1,1,0,0,-5.082091666666664
0.2555003451583804,1.1926166947656023,0.23420287187641756,0.6056542398527329,0.7653456829691541,-0.8989622333719794,0,1,0,1,0,1,1,0,1,1,0,1,-5.117779999999994
0.5342463199382151,1.2934,-0.3473958093874572,-0.2564400000000001,0.5812610248338614,-1.4115478240434145,0,1,0,1,0,1,0,1,1,1,0,0,-5.1863133333333185
0.8615861834463624,0.704218605848957,-0.5817999999999999,0.8419243307364378,0.6510155090896177,-0.1403095257034826,0,1,0,1,0,1,0,0,1,1,1,1,-5.114669952380954
0.13331209104930203,1.2934,-0.5817999999999999,0.42662890927978947,0.7050621730756953,-1.4691177670472484,0,1,0,1,0,1,1,1,1,1,0,0,-5.144559999999989
0.6907225329152245,1.2934,-0.5104527442233714,0.8790232464296415,0.6636822636990269,-0.019803142749494997,0,1,0,1,0,1,1,1,1,1,1,0,-5.074891999999994
1.2299794141855225,0.6735589598814189,0.4672575330037837,1.1525237334031062,0.8174008424077529,-0.84399521881063,0,1,0,1,0,1,0,1,0,1,1,0,-5.135779999999983
-0.5817999999999999,1.2934,0.3960216301277505,1.1202240246766806,0.6795446610114271,-1.6880525143406508,0,1,0,1,0,1,1,1,1,1,1,0,-5.149859999999993
0.5078104210689552,1.2934,-0.535050339759102,1.328791000000002,0.6401876250419375,-0.6621382127982316,0,1,0,1,0,1,1,0,0,1,0,1,-5.0684599999999955
0.07029209004508438,0.8643965846430124,-0.20984248504793973,0.1096222533314265,0.7705478193767128,0.0801304054243973,0,1,0,1,0,1,1,1,1,1,1,1,-5.171459999999989
0.7103627026864252,0.7565705415368462,0.48535399245193067,1.328791000000002,0.7053496822141497,-0.8303745761482515,0,1,0,1,0,1,1,1,0,1,0,1,-4.8560600000000065
-0.10547769032513074,0.6594909461006995,0.7082683650665712,0.9777039643629335,1.0311,-0.9244967542105227,0,1,0,1,0,1,1,1,0,1,0,0,-5.199719999999994
-0.33890219751213985,0.6950182598837045,0.0978631287939026,0.8103900592426051,1.0311,-1.8005538864528723,0,1,0,1,0,1,0,1,1,1,0,0,-5.156927952380948
0.37494746956211905,0.4675928164120345,0.2289875378817938,1.2865903916928596,0.5576904622556336,-1.188533436685707,0,1,0,1,0,1,1,1,1,1,0,0,-5.152848000000002
-0.013401020615030582,1.2934,0.4593353276228765,0.26855364240282364,0.763797396911157,-0.8876391576975361,0,1,0,1,0,1,1,0,0,1,1,1,-5.167553333333323
0.5233735952132409,0.9895528771054323,0.4456903682628169,0.6937670416941345,0.7012473512396042,-0.24450832034608633,0,1,0,1,0,1,1,1,1,1,1,1,-5.0667999999999935
0.7071617069837831,0.6584353708625456,-0.5817999999999999,1.0703876437366586,1.0311,-1.3981336488985752,0,1,0,1,0,1,0,1,1,1,1,0,-5.145339619047604
1.0434708990996175,1.2934,0.4405555578683186,1.078975838470017,0.7868746442849869,-1.6816035953350268,0,1,0,1,0,1,0,1,0,1,0,0,-5.187076666666643
0.09531800420221587,0.7069638377612231,0.08064610572743569,1.328791000000002,0.652791607817812,-0.4160028776739049,0,1,0,1,0,1,0,0,0,1,1,1,-5.179659285714284
0.18825880370915357,1.2934,-0.5817999999999999,0.6047381744888639,0.7728991728709542,-1.6427542373469295,0,1,0,1,0,1,0,0,1,1,1,0,-5.159713666666655
-0.36158943099356816,0.6387567790307962,0.7380780653345279,0.8711667176172757,1.0311,-0.7040044905491106,0,1,0,1,0,1,1,1,0,1,0,1,-5.184140000000019
0.29808214805719535,1.2934,-0.15572326854633975,-0.2564400000000001,0.6285739081230007,-0.7268675136261853,0,1,0,1,0,1,0,1,1,1,1,0,-5.1252733333333165
-0.24371749608264479,0.4385151675478632,0.1828838461105227,1.328791000000002,0.7491943185320431,-1.0166536865673008,0,1,0,1,0,1,1,0,0,1,1,0,-5.172590000000002
-0.026568818595992957,1.2934,-0.5817999999999999,0.014070867348209018,0.6824744469979422,0.09282767481326992,0,1,0,1,0,1,1,1,0,1,0,1,-5.157653333333324
0.48868124319289513,1.2905517975908076,-0.5817999999999999,1.0015242813017977,0.5766314060488038,-0.7159182841003846,0,1,0,1,0,1,0,1,1,1,0,0,-5.058705999999982
1.4982314267384904,0.8229718310330992,-0.5817999999999999,1.328791000000002,0.5948622162122156,-1.400921934927881,0,1,0,1,0,1,0,0,0,1,0,0,-5.160182952380946
0.3566822462045737,0.8983636857437907,-0.5817999999999999,0.23346823902824845,0.6597743543923296,-0.7532070754735087,0,1,0,1,0,1,1,0,1,1,1,0,-5.16057999999999
-0.41274169693744045,1.1128378516629702,0.4917723663605079,0.7198961235484481,0.6031518761613993,-1.367662036614126,0,1,0,1,0,1,1,0,1,1,0,0,-5.028572
-0.14407319260141624,0.6596358270893757,-0.42006277317473223,1.328791000000002,0.6792965418750397,-1.7001169746249338,0,1,0,1,0,1,1,1,0,1,0,1,-4.941704285714292
-0.5817999999999999,0.6880824446790257,0.7395599783191246,0.6980531912776078,0.5996237302471694,-0.6179692081506679,0,1,0,1,0,1,1,1,0,1,1,0,-5.002130000000006
0.6770434172928007,0.4347082030211519,0.20798040825240993,1.328791000000002,0.5571859628942998,0.04464778038701081,0,1,0,1,0,1,1,0,0,1,0,1,-5.149846666666668
0.17368758195660156,0.8008605740789799,-0.5817999999999999,1.1736873035076034,0.668239271013622,-1.5383653793939414,0,1,0,1,0,1,1,1,0,1,0,1,-4.994664285714279
0.43877628316461376,0.7053381279655279,-0.5817999999999999,1.2817523098964723,0.6258284369467912,-1.84000486943087,0,1,0,1,0,1,0,0,0,1,1,1,-5.1302026190476235
-0.5817999999999999,0.7814239975558291,-0.06510172401896579,1.328791000000002,1.0311,-0.741864027614752,0,1,0,1,0,1,0,1,0,1,1,0,-5.1880769999999945
-0.015457867150699559,0.660319884801219,0.23742429587526886,0.3789078922919412,0.577736967478128,-1.6400610152472361,0,1,0,1,0,1,0,1,0,1,1,0,-5.037459999999999
-0.3309763333946581,0.21657205877518437,0.7344596129529989,0.5958125190743238,0.5844192745240915,-0.05992100401317523,0,1,0,1,0,1,1,1,1,1,0,0,-5.188650000000004
0.42657262636837295,1.2934,0.46689536569616724,0.6467844656345191,0.5653052590069227,-1.691432937599472,0,1,0,1,0,1,1,0,1,1,1,1,-5.0496386666666675
0.19508287944957103,0.6359166661846068,0.6063968079891265,-0.2564400000000001,1.0311,-1.697922963386566,0,1,0,1,0,1,0,1,1,1,1,0,-5.192399999999993
0.7074211546368918,0.6508400611681169,0.21591077029557554,0.9936457573126743,0.5271776057690266,-0.0514319184165796,0,1,0,1,0,1,0,1,1,1,0,0,-5.025085095238095
0.09202491131417173,0.9505100466091719,0.045308516071192274,0.037272992481355065,0.7233180924360404,-0.9813792595959954,0,1,0,1,0,1,0,1,0,1,1,0,-5.071913333333317
0.8012934874810549,1.2112425849812019,-0.5817999999999999,1.328791000000002,0.8272857360069572,-1.5622660971529712,0,1,0,1,0,1,0,0,0,1,1,0,-5.130833333333326
0.019066693875392917,1.0024260968224001,0.4147470860361952,0.31360326838565367,0.6493589398267658,-1.4462845338892558,0,1,0,1,0,1,1,0,0,1,0,1,-5.160639999999991
0.3278373600627149,0.8581534119258457,-0.5817999999999999,0.15815050765986427,0.7422017596382018,-0.7146594745650113,0,1,0,1,0,1,1,1,1,1,0,1,-5.1947399999999915
-0.39466389674383084,0.9608202458535214,0.03961222595403956,0.8976540528795144,0.615503977223448,0.040403293406224075,0,1,0,1,0,1,1,0,0,1,1,1,-4.989766666666662
0.528663835360989,0.7743669969126152,-0.5817999999999999,1.328791000000002,0.838948568331821,-0.7855294118873578,0,1,0,1,0,1,0,1,1,1,1,1,-5.163534619047609
0.916326546283758,0.6101331877078603,0.2423387692311339,0.2706575277016893,0.6331588937502277,-0.5801435403206258,0,1,0,1,0,1,0,1,0,1,1,1,-5.199740000000004
0.5770528996097471,0.5826783150900178,0.2654739129643181,0.5122925301040486,0.6958810826836713,-1.0760168374760142,0,1,0,1,0,1,1,1,0,1,0,0,-4.992413333333341
0.9072540631937158,0.6131924892858363,0.24791890271794828,1.328791000000002,0.8308680989985188,-0.4034717060267371,0,1,0,1,0,1,0,0,0,1,0,0,-5.173005000000003
-0.5817999999999999,1.2934,0.1809019925084503,1.328791000000002,0.7597908185275518,-0.520191645479783,0,1,0,1,0,1,0,1,0,1,1,0,-5.158984999999996
0.794561768948664,1.1505183289850713,-0.2982825898943654,0.8421552491756256,0.6725489832532968,-0.030226382211818555,0,1,0,1,0,1,0,1,1,1,1,0,-5.0662706666666555
-0.2096497389839726,0.7240156290093485,1.3687,0.5744364363807539,0.602413269694928,-0.04429374814283481,0,1,0,1,0,1,1,0,0,1,1,1,-5.157608333333332
0.8522092219147577,0.7487407822277914,-0.5817999999999999,1.328791000000002,1.0311,-1.3253688198967346,0,1,0,1,0,1,0,1,1,1,1,0,-5.170389619047604
0.6215864679406327,1.2934,-0.11191831266384489,0.734497056051588,0.5411592658867387,-0.8588139699523901,0,1,0,1,0,1,0,1,1,1,0,0,-5.096545999999984
0.002881226141766249,1.2934,0.683645869159337,0.2518549951371698,0.7117939496423032,-0.26249114191589573,0,1,0,1,0,1,1,0,0,1,1,1,-5.19209238095237
0.5732954935811886,0.723359332785225,-0.5817999999999999,0.7646732806861628,0.6072677133748847,-1.2049386233468373,0,1,0,1,0,1,0,0,0,1,0,0,-5.001014285714287
0.9652354206497706,1.2495885283019539,0.42312166595461015,1.328791000000002,0.7895274587702568,-0.6091938605522567,0,1,0,1,0,1,0,1,0,1,1,0,-5.114459999999982
-0.20191009851052086,0.6593392518605551,0.8280325535050022,0.5679991016098913,0.6661152523056905,-1.7616391956154138,0,1,0,1,0,1,1,0,0,1,1,1,-5.142348333333317
-0.08738201866513072,1.2934,-0.4069614274957616,0.45840987115507886,0.5390490238279565,-1.0218508410152256,0,1,0,1,0,1,1,0,0,1,0,1,-5.133335999999996
0.23867913511511163,1.2934,0.22295127898691697,1.328791000000002,0.8342039647222939,-0.4763370582053857,0,1,0,1,0,1,1,1,0,1,0,0,-5.192659999999993
-0.09173775383786946,1.1331170626478735,-0.1036537635684237,1.328791000000002,0.5313914187754446,-1.4771011230557385,0,1,0,1,0,1,1,0,0,1,0,0,-5.085348380952378
0.7324743213148315,1.00822629074551,0.007929110980251886,0.7384850174527954,0.7669978076768514,-1.264351985556255,0,1,0,1,0,1,0,1,1,1,1,0,-5.00092533333332
-0.24688446318232057,0.6705290406433817,0.14145290344160233,0.09579291194379166,0.8501644427535378,-1.59398122590916,0,1,0,1,0,1,1,0,0,1,0,1,-5.17098000000001
-0.04031145176253946,1.2934,-0.5817999999999999,1.328791000000002,0.7401881839811983,-1.523837536551404,0,1,0,1,0,1,1,1,0,1,1,1,-5.119493333333323
0.2472155363727153,1.038777526216393,0.4025070400890919,0.2996946114252502,0.5281110155136785,-0.7784596424083765,0,1,0,1,0,1,1,0,1,1,0,0,-5.140739999999997
0.4470536824233995,0.6526363367857358,-0.5817999999999999,0.4021836801215089,1.0311,-0.18866674350900892,0,1,0,1,0,1,0,1,0,1,1,0,-5.188813333333314
-0.5817999999999999,1.040231184710725,-0.5817999999999999,0.03422486501377602,0.6906074900718997,-1.2120776124058728,0,1,0,1,0,1,1,0,0,1,1,0,-5.199720000000002
-0.36290095459305444,0.7045474026456795,0.2824080993026738,0.7246336511997618,0.6097247099955287,-1.21313219624206,0,1,0,1,0,1,0,1,1,1,0,0,-5.033688666666655
-0.3871320642620258,1.2934,0.665727462157305,0.7673149529007546,0.680210850454311,-1.6235336809879537,0,1,0,1,0,1,1,0,0,1,0,0,-5.075919999999991
0.438504206210988,0.9637847486072743,0.39762389492006506,-0.2564400000000001,0.5965241922255077,-0.9815428552796192,0,1,0,1,0,1,1,1,0,1,0,1,-5.153083333333333
-0.5817999999999999,0.5785503551139652,0.4942978487604666,-0.2564400000000001,0.717491910497168,-0.8798514846801172,0,1,0,1,0,1,1,1,1,1,1,0,-5.0808300000000015
-0.4149200653377638,0.6841751509385234,0.015711882599270633,1.3127865989421752,1.0311,-0.3600691803557861,0,1,0,1,0,1,0,1,1,1,1,0,-5.197771285714289
0.6636968546530093,1.2934,-0.5817999999999999,1.328791000000002,0.8204364077464996,-0.9910284872250484,0,1,0,1,0,1,0,1,0,1,0,0,-5.115981999999982
0.47501264829094964,1.2934,-0.5817999999999999,0.48311612016017014,0.7803691066143847,-1.2860926279307874,0,1,0,1,0,1,1,1,0,1,0,0,-5.097899999999994
0.06108951106994645,1.2934,-0.5817999999999999,-0.2564400000000001,0.7208539354275356,-0.8754360824391701,0,1,0,1,0,1,0,1,1,1,1,0,-5.129286666666647
-0.013803659708015973,1.2934,0.619627414755756,-0.0734028694109542,0.6174172052328277,-1.5872712403360496,0,1,0,1,0,1,1,0,1,1,1,1,-5.1039723809523805
0.25831936546826934,1.2934,-0.5817999999999999,1.328791000000002,0.7719637968034885,-0.06281087380480567,0,1,0,1,0,1,1,0,1,1,1,1,-5.188859999999992
-0.42065982316775613,0.9579472355487515,0.3843567660880667,1.2429472792646112,0.59454656264769,-1.4402948289579893,0,1,0,1,0,1,1,0,0,1,1,1,-5.054419999999994
0.38950536776980077,1.2934,-0.4081991514154088,1.328791000000002,0.8415338256016237,-0.6980467084690696,0,1,0,1,0,1,1,1,0,1,0,1,-5.1615799999999945
0.14823044557244078,1.2934,-0.21922020103690765,0.6326103352010778,0.7705745046704685,0.08233913743802831,0,1,0,1,0,1,1,0,1,1,0,1,-5.189719999999993
0.6784699030932226,1.2934,-0.11116751698744391,0.3735311088168473,0.7092298435105563,-1.4604146947670602,0,1,0,1,0,1,1,1,1,1,1,1,-5.075059999999996
0.2745107561137493,0.7706679725068879,-0.4090161670864275,-0.2564400000000001,0.6458999208088453,-1.2154430408429824,0,1,0,1,0,1,1,0,0,1,0,0,-5.171390000000007
0.5337433232635574,0.6680453665800462,0.6421655420556728,0.1407932790745099,0.705667405983472,-1.3044659839108796,0,1,0,1,0,1,0,0,1,1,1,0,-5.0894520000000005
-0.05649327542118999,1.1716561575205848,0.19079240299872907,0.7378444355372622,0.6231182408843293,-0.3791991634560316,0,1,0,1,0,1,0,1,0,1,0,0,-5.125857666666652
0.3085677852603925,1.2934,0.2468432716850316,1.328791000000002,0.5918249876947058,-1.1597221082617069,0,1,0,1,0,1,0,1,1,1,1,0,-5.097230333333314
0.6580325177656323,0.7620409397184645,-0.10355891774924217,-0.1282693819012602,0.7545189432667442,-0.599245660507519,0,1,0,1,0,1,0,0,1,1,0,0,-5.066215333333338
0.15343306220412914,1.2934,0.7744688683239628,1.328791000000002,0.8083838290129364,-0.8679465604928224,0,1,0,1,0,1,1,0,1,1,0,1,-5.159919999999997
-0.5817999999999999,1.2629720746428927,0.4024828381214513,0.18987345676006911,0.6208448236203046,-0.9391551713060332,0,1,0,1,0,1,1,0,0,1,1,0,-5.1727400000000054
0.4226150410078893,1.1815830408187042,0.6165782528722858,1.328791000000002,0.5302110674222057,-0.14111661261875968,0,1,0,1,0,1,1,0,1,1,0,1,-5.036770095238097
-0.5817999999999999,1.1418826831994116,0.5677689993883434,1.1252557555742433,0.7042679624236253,0.00246669926823462,0,1,0,1,0,1,1,0,0,1,1,1,-5.196913333333332
-0.23597539288341945,1.2934,-0.03334888690957346,0.18320899051621564,0.69470817943292,-1.2152788187262848,0,1,0,1,0,1,1,1,0,1,0,0,-5.106195999999987
0.06468051705113398,1.2934,-0.5501160960541697,-0.2564400000000001,0.7214253318362259,-0.39455447202598604,0,1,0,1,0,1,1,1,0,1,1,0,-5.128243333333324
0.3162064912219286,1.063485699516078,-0.5817999999999999,1.1223743815849925,0.6065786724202814,-0.7227316624142802,0,1,0,1,0,1,1,0,1,1,0,0,-5.033171999999996
0.1797671321529057,1.223762736313832,0.21717099332470685,1.2989230398399856,0.7295291026795326,-0.4667980174364669,0,1,0,1,0,1,1,0,0,1,1,0,-5.105673333333321
-0.4346240432755446,1.2934,0.013137423875267434,1.1866791346234258,0.5354944022178318,-0.8498896978119882,0,1,0,1,0,1,1,0,1,1,0,1,-5.028571999999999
0.4086323483088144,1.2934,-0.5817999999999999,-0.2166713958380273,0.7318628175624713,-1.4343192802911182,0,1,0,1,0,1,0,1,0,1,1,0,-5.020593333333318
0.4528739556959828,1.2934,0.2202991461782578,1.328791000000002,0.8371456810573922,-0.48242135955813875,0,1,0,1,0,1,1,1,0,1,1,1,-5.188999999999993
0.42636778513291423,1.2934,0.5300199251674389,1.2635750511625894,0.7486696331581838,-0.05681989902804128,0,1,0,1,0,1,1,1,1,1,1,0,-5.114299999999992
-0.2340089519775064,0.921692288122882,0.758442484215027,0.5412051879619224,0.7863913983416099,-0.8375610951487474,0,1,0,1,0,1,1,1,0,1,0,1,-5.175175999999994
0.4186184284968749,1.2934,-0.20544302853733099,0.5128866498861907,0.7658016288201885,-1.5823887593187094,0,1,0,1,0,1,1,0,1,1,1,0,-5.1442399999999955
-0.1831878440902892,1.2934,-0.5817999999999999,0.039341490963306434,0.5164694516950995,-0.3712842002897492,0,1,0,1,0,1,1,1,0,1,0,0,-5.11092933333333
0.955882484106671,0.8233259511037223,0.11493440327823173,1.2889195650628749,0.8215455856459057,-1.6205196887421296,0,1,0,1,0,1,0,0,1,1,0,0,-5.029106285714279
-0.5817999999999999,0.7333043231301497,-0.5817999999999999,1.328791000000002,1.0311,-1.38020892003474,0,1,0,1,0,1,0,1,0,1,1,0,-5.1871169999999935
0.6479176575335597,0.6996605244129394,-0.08831878299374989,0.4919562930326385,0.9402228986163093,-0.5877851963814148,0,1,0,1,0,1,0,1,0,1,1,0,-5.191933333333315
0.8069774840425323,1.2934,-0.09243482150927855,1.328791000000002,0.8346862264076064,-1.7509464903364644,0,1,0,1,0,1,0,0,1,1,1,0,-5.153835333333327
0.864403025766574,0.4955793534937213,0.6872134611187036,1.328791000000002,0.5618051412972498,-0.35467556282695634,0,1,0,1,0,1,1,1,1,1,1,1,-5.187334000000006
-0.13215832148344514,1.2934,0.4611823282508962,1.2508898385219147,0.6663806491967761,-0.22747781691981406,0,1,0,1,0,1,0,1,0,1,0,0,-5.15992266666665
0.7988978633979247,1.2934,-0.5817999999999999,0.9154501478811662,0.543586380567821,-1.3596689869336795,0,1,0,1,0,1,0,1,1,1,1,0,-5.037749333333322
-0.2112582232674272,1.2934,-0.5817999999999999,0.8421336582643402,0.7099166998842452,-1.2856045686351392,0,1,0,1,0,1,1,1,1,1,0,0,-5.055555999999988
-0.5817999999999999,1.2774729105843834,0.12057725842921792,0.9625032419883642,0.6055509438613101,-0.910842651638311,0,1,0,1,0,1,1,1,0,1,1,1,-5.110680000000006
0.11494671316466941,1.1268464005288101,0.6707377627811514,0.07565381167079742,0.7436225662523109,-1.011752181660978,0,1,0,1,0,1,1,0,0,1,1,0,-5.172639047619036
0.7381023889308003,1.2934,-0.5817999999999999,-0.2564400000000001,0.5356740617214304,-0.8203008116860019,0,1,0,1,0,1,1,1,1,1,1,0,-5.0357100000000035
0.715197959255197,1.040655656902499,-0.5817999999999999,1.328791000000002,0.6243792440405111,-1.4054281763343202,0,1,0,1,0,1,0,1,1,1,1,0,-5.008967333333321
0.1668337440015533,1.2934,-0.34901795951563724,1.328791000000002,0.5892709804058769,-0.21601415766744797,0,1,0,1,0,1,1,0,0,1,1,0,-5.055211999999996
0.8212429007993952,0.5473689626141252,-0.5817999999999999,-0.2564400000000001,0.6693870385501549,-0.19785669494758976,0,1,0,1,0,1,1,1,1,1,0,0,-5.147583333333339
0.5932287302672925,1.2599938034707165,-0.2516372547015657,-0.2564400000000001,0.6180284249830903,-0.27824167442717485,0,1,0,1,0,1,0,1,0,1,1,0,-5.007553333333327
-0.08115491182732032,1.0493925991328665,0.16257720097497572,0.5890456875907167,0.5519048508193009,-0.6007611639088795,0,1,0,1,0,1,1,0,1,1,0,0,-5.066575999999997
-0.5817999999999999,1.266766434962473,-0.2943564427325846,-0.2564400000000001,0.6203598641183148,-1.274351936299963,0,1,0,1,0,1,1,1,1,1,1,0,-5.15335
-0.3845704097353565,1.2934,0.5358370628852304,-0.2564400000000001,0.5817801255276334,-1.4395012357349013,0,1,0,1,0,1,1,1,1,1,1,1,-5.0711166666666605
-0.37035589621354476,0.736044502554519,-0.5817999999999999,0.5532220589004082,0.827714554933082,-1.6711030723750393,0,1,0,1,0,1,1,0,0,1,1,1,-5.146064285714291
0.29688690114725946,1.2934,0.7130955827513044,0.47732702170582036,0.7500885538896302,-0.5844577947225367,0,1,0,1,0,1,1,0,0,1,0,1,-5.137893333333326
0.3465849609660289,1.2934,-0.5817999999999999,0.721226435237006,0.7707643016118654,-1.7706433689387682,0,1,0,1,0,1,0,1,1,1,0,0,-5.112423666666646
0.25239828337019615,0.6839321079827348,-0.39388474715180155,-0.2564400000000001,0.7497278700038801,-0.5316133527854611,0,1,0,1,0,1,1,1,1,1,0,0,-5.117930000000007
0.696229150981482,0.7115056706158255,-0.5817999999999999,-0.2564400000000001,0.5273272888092156,-1.7684246335449767,0,1,0,1,0,1,1,0,1,1,0,1,-5.111050000000016
-0.03478464901522214,1.2934,0.30223285148544016,1.1603254171469681,0.7514990531317495,-0.8086274871436251,0,1,0,1,0,1,1,1,1,1,0,1,-5.10661999999999
0.7194843758906594,1.2934,0.4569228739289417,1.328791000000002,0.5741654078442132,-0.8296357867699143,0,1,0,1,0,1,0,1,0,1,1,0,-5.057039999999988
0.4585682205643623,0.7822128215165193,-0.3302376093236809,1.328791000000002,0.7343585907389039,-0.3861178735763718,0,1,0,1,0,1,1,0,1,1,0,0,-4.952354285714293
0.8429119885228364,0.6352106324445703,-0.33450874033104294,0.036784452715904754,1.0311,-1.786759446985314,0,1,0,1,0,1,0,1,1,1,0,0,-5.195309999999992
0.8973523582848913,0.7149834109559408,0.0052872373852495096,0.6338183925404317,0.9974935947665716,-1.340263636024437,0,1,0,1,0,1,0,1,1,1,0,0,-5.1608062857142745
0.26599269027704564,1.2934,-0.5817999999999999,0.22801299736269035,0.7001864374311386,-1.2790918561882096,0,1,0,1,0,1,1,1,1,1,1,1,-5.150999999999989
0.18987778824481488,1.2934,-0.5817999999999999,1.328791000000002,0.5651409468906788,-0.46647916993358435,0,1,0,1,0,1,1,1,0,1,0,1,-5.0423666666666636
0.31277182085480887,0.9420878667598881,-0.5817999999999999,1.0402506265355358,0.7601368871955695,0.014834128950596662,0,1,0,1,0,1,0,1,1,1,1,0,-5.099526999999986
0.7635256255134181,0.6386870303339589,0.34702766594042633,0.7556447572080448,1.0311,-0.7754857979014322,0,1,0,1,0,1,0,0,1,1,0,0,-5.179373333333338
0.5335922741403974,1.167827874066913,-0.5817999999999999,0.3847917663792749,0.525684045834639,-1.7154528856005895,0,1,0,1,0,1,1,0,0,1,0,0,-5.131560000000002
0.7624036738280701,1.185381516185265,-0.5817999999999999,-0.2564400000000001,0.7794664863993535,-1.1633749095871788,0,1,0,1,0,1,0,0,1,1,0,0,-5.192335333333329
0.7139732381162811,0.7732907056956582,-0.5817999999999999,-0.2564400000000001,0.7924109602736673,-1.541273678786119,0,1,0,1,0,1,1,1,0,1,1,1,-5.065909999999998
0.15818010356460593,0.7524202573361246,0.21387939061091943,0.34057023168652195,0.7834442212897205,-0.8861757368720942,0,1,0,1,0,1,1,0,1,1,0,0,-5.060340000000006
0.7391859540921966,0.792637629524888,-0.47117406118216376,1.328791000000002,0.7301847062118296,-0.7219783266784703,0,1,0,1,0,1,1,0,0,1,1,0,-4.964964285714283
0.6844994731467707,0.959999056356893,-0.3298897509995521,-0.18699322761066794,0.7980553970054851,0.03110242318738634,0,1,0,1,0,1,0,0,0,1,1,0,-5.177093333333328
0.6969085470956393,1.2934,0.06554019054347829,0.7728934936085825,0.6709677552983233,-1.7519053908582412,0,1,0,1,0,1,1,0,0,1,0,1,-5.040699999999996
0.8904401266701248,0.8517046017525596,0.7546987969074442,0.9716967338413792,1.0311,-1.3700168753207878,0,1,0,1,0,1,0,1,0,1,0,0,-5.129226666666652
0.6143118678387364,1.2934,0.7295069626764769,-0.2564400000000001,0.8366225018771472,-1.8282145781045833,0,1,0,1,0,1,0,0,1,1,1,0,-5.192391999999991
0.03177193733612571,1.1420440418977,0.40916794142060753,1.328791000000002,0.6235480446623413,-1.6799431383226617,0,1,0,1,0,1,0,1,0,1,1,1,-5.19622333333332
0.5098344740893538,1.2934,-0.5737240493483845,-0.2564400000000001,0.7986243932173411,-1.2288712017897754,0,1,0,1,0,1,0,1,1,1,1,0,-5.171133333333313
-0.5166465338970794,1.2934,0.4940463987904762,0.7946421987915525,0.6677383242076678,-0.028073110751029872,0,1,0,1,0,1,1,0,0,1,1,1,-5.19864
-0.16936062659761397,0.7206200288592128,-0.42958598833694084,0.5124446141032571,0.7254916603761565,-0.7630742870173017,0,1,0,1,0,1,0,1,0,1,1,1,-5.131379999999991
0.41619048398719155,1.2934,-0.2474646594653989,0.5548421585330985,0.7887805490864941,-0.4530756494721388,0,1,0,1,0,1,0,1,1,1,1,0,-5.184858666666649
0.4701747929085852,1.1570071090950729,-0.5817999999999999,1.328791000000002,0.8415557517219143,-0.9792718735190273,0,1,0,1,0,1,0,0,1,1,0,0,-5.1884719999999875
-0.16533327463011957,0.7647892214558729,-0.06270857466442431,-0.2564400000000001,0.7832441231203046,-0.12878153759289357,0,1,0,1,0,1,1,0,1,1,1,0,-5.124350000000006
-0.2966234934849401,0.9579101689046654,-0.02745311205596498,1.328791000000002,0.6393936824010394,-0.7961921222768084,0,1,0,1,0,1,1,0,1,1,0,0,-5.057371999999991
0.5966177010728105,0.6693277035932274,0.7478337179807579,1.2362804576496194,0.7664599144852188,-0.08999462064198861,0,1,0,1,0,1,1,0,1,1,1,1,-5.03954000000001
0.8481904193849671,1.2298357712189565,-0.5817999999999999,-0.2564400000000001,0.612340529837362,0.08554023004133404,0,1,0,1,0,1,1,0,1,1,0,0,-5.188740000000003
0.06101348009267543,0.22209991918003166,0.47221875019290416,1.328791000000002,0.7822025968379974,-0.6321256694457001,0,1,0,1,0,1,1,1,1,1,1,0,-5.181703333333333
0.7149960819024788,0.552877521427428,0.5932559471142969,0.8531506548536393,1.0311,-1.4150422354744963,0,1,0,1,0,1,1,0,0,1,0,1,-5.141640000000016
0.6482775412708657,0.8590718892821115,-0.5317847689317421,0.6767641779610093,0.614836377345273,-0.2868650493468955,0,1,0,1,0,1,1,1,1,1,0,0,-4.997572
-0.5817999999999999,0.6670672037339357,-0.1613152614016645,0.29737807293537616,1.0311,-0.36897886180679346,0,1,0,1,0,1,0,1,1,1,1,0,-5.193833333333333
0.1498868689993484,1.2934,-0.14757669867967121,0.6497870805761309,0.5605972383513182,-0.006650076142019438,0,1,0,1,0,1,1,1,1,1,1,1,-5.069585333333328
1.0552013553497688,0.6305867245636383,-0.5817999999999999,1.1841885211806695,1.0311,-0.8138425393621971,0,1,0,1,0,1,0,1,1,1,0,0,-5.199372952380941
0.39798484179836136,1.2934,0.6876838915489635,-0.2564400000000001,0.5254083022497469,-0.6980764861412141,0,1,0,1,0,1,1,0,1,1,1,0,-5.142995714285717
0.6583860037423729,0.8508525627846906,0.07809186972396881,1.328791000000002,1.0311,-1.2741046755425576,0,1,0,1,0,1,0,1,1,1,0,0,-5.178656285714271
0.3938019375314388,1.180690511598842,-0.5817999999999999,1.0957681978481995,0.5717420538015011,-1.287614080369595,0,1,0,1,0,1,1,0,0,1,1,0,-5.027318666666665
0.6550329622068144,1.2934,0.3690414876909712,0.4932220454777471,0.718194110039436,-0.4314905198159151,0,1,0,1,0,1,0,0,0,1,0,0,-5.179733333333325
-0.4159517455043998,1.0421861310320575,0.7767396333292337,1.1312669132729427,0.8005113517488943,-0.45435945752715273,0,1,0,1,0,1,1,0,1,1,0,0,-5.176039999999994
-0.09582819718889782,0.846038698470659,0.015543447917412846,1.328791000000002,0.6609272610413023,-1.121489357044594,0,1,0,1,0,1,0,1,0,1,1,0,-4.99597795238094
0.4540027265194716,0.7711258352398042,-0.5817999999999999,0.5089767683831609,0.5588177332500528,-1.2483670848138981,0,1,0,1,0,1,1,1,0,1,1,0,-4.814000000000012
0.4609646791323599,1.2934,-0.26178945137024984,0.2762367280316305,0.7668827936896861,-0.20380050369353972,0,1,0,1,0,1,1,1,1,1,0,1,-5.157039999999993
0.49744525653440413,0.7415958504291023,0.09367705037847887,0.04899523935173364,0.7013244325530044,-0.03726424533555767,0,1,0,1,0,1,0,0,1,1,1,1,-5.187305333333336
-0.2124769296074863,1.2934,-0.5817999999999999,-0.21417981828649313,0.6058689870968053,-0.3352983450635616,0,1,0,1,0,1,1,1,1,1,0,0,-5.176965999999992
-0.36245443369952185,1.2934,0.7512696613004575,-0.2564400000000001,0.702984252987322,-1.5414450167881506,0,1,0,1,0,1,1,0,0,1,1,0,-5.12888999999999
0.6454386659291145,1.2934,0.08314700486604606,0.2782351846221357,0.6371749726795609,-0.7606402929279581,0,1,0,1,0,1,1,0,0,1,1,0,-5.0603399999999965
-0.28008479921787227,0.6883531632831744,0.03147775297764664,-0.17595883474904694,0.6771168795587397,-0.25989818374777346,0,1,0,1,0,1,1,1,0,1,0,0,-4.981733333333333
-0.5817999999999999,0.8644589631830681,0.20033783618244724,0.06444503461121737,0.6107118321629517,-0.05531533091512586,0,1,0,1,0,1,1,1,1,1,1,1,-5.099254285714286
1.3217929645826423,0.5552396845876408,-0.08472749608215045,1.328791000000002,0.6549482724281563,-0.9827741064415221,0,1,0,1,0,1,1,0,0,1,0,1,-5.122323999999994
0.6640862810352616,0.8489739297668499,0.5918642799643046,0.31081997824084234,0.6854538711274176,-0.28558777231883314,0,1,0,1,0,1,1,1,0,1,1,1,-5.011419047619046
0.5113468324583665,0.7114057496225424,0.7376664555844155,0.6189893244371412,1.0311,-0.6497210982430552,0,1,0,1,0,1,0,1,1,1,1,0,-5.116139999999994
0.6804524370274383,1.2934,-0.4313048853657662,1.328791000000002,0.5674961536262896,-1.1195565075246359,0,1,0,1,0,1,0,1,0,1,1,1,-5.1518669999999895
-0.2458317165744859,0.7009282681344203,0.42739536092724617,0.1384976597288514,0.6373762047695225,-0.5161811732335826,0,1,0,1,0,1,1,0,1,1,1,1,-4.994606666666669
0.7150394700154702,1.2934,-0.5817999999999999,0.7696620745927603,0.6481054089432091,-0.727092741071421,0,1,0,1,0,1,0,0,0,1,0,0,-5.114399999999992
0.703952768986123,1.2934,0.6679688399567966,1.328791000000002,0.6494488896047198,-0.5671752812618255,0,1,0,1,0,1,1,0,1,1,1,1,-5.083211047619049
0.13112549712366406,0.8308796131161206,-0.5817999999999999,-0.2564400000000001,0.6823977987077781,-0.9801637285495235,0,1,0,1,0,1,1,1,1,1,1,1,-5.127969999999994
0.4437725960650679,1.2934,-0.5817999999999999,0.35655987712093024,0.6877845983885753,-1.4628041021250757,0,1,0,1,0,1,1,0,1,1,1,0,-5.1333999999999955
0.4266699358295038,1.2934,0.12647059215657327,-0.2564400000000001,0.7150908361178181,-1.5080459575973733,0,1,0,1,0,1,1,0,0,1,1,0,-5.147649999999995
-0.29393965523493193,1.1505053982445033,0.46294793726013284,-0.14075166390372287,0.6515379392585193,-0.8089047361722638,0,1,0,1,0,1,1,0,0,1,1,1,-5.04895999999999
-0.10385701532916984,0.7049602806520465,0.07887269718776702,0.8530994038278005,0.7052166469704721,-1.2335136675209415,0,1,0,1,0,1,0,1,0,1,1,0,-4.910407952380948
0.2479550692355034,0.7673944639485683,0.023028527982532073,1.328791000000002,0.8120259423411497,-1.5244132363262624,0,1,0,1,0,1,1,0,1,1,1,1,-5.104364285714291
0.4890891923740838,0.6919564647461119,-0.5817999999999999,0.11767150691918248,0.5393752891264032,-1.660940708728992,0,1,0,1,0,1,1,0,0,1,1,0,-4.917060000000016
-0.5817999999999999,1.2934,0.011846652874258207,0.25154502734722095,0.617780995435622,-1.2248694773585402,0,1,0,1,0,1,1,1,1,1,1,1,-5.13528
-0.4233864586455952,1.2934,0.10677885591618803,-0.2564400000000001,0.5925518734368196,-1.1700797268650804,0,1,0,1,0,1,0,1,1,1,1,0,-5.134843333333315
0.23179964639846795,1.2643764658676326,0.7603823713525507,0.5138889921941502,0.7196542773025115,-0.6884471761069348,0,1,0,1,0,1,1,1,1,1,0,1,-5.14143999999999
0.41867689704959704,1.2934,0.5849731809329741,-0.2564400000000001,0.7272820274218713,-0.9663732736231618,0,1,0,1,0,1,1,1,0,1,1,0,-5.087115714285709
0.915625473303383,1.2934,-0.008177180027472324,-0.2564400000000001,0.5784961759550252,-0.2688082178941308,0,1,0,1,0,1,1,0,1,1,1,0,-5.100270000000003
0.5494645086461822,0.6959531134105054,0.6267518586706073,1.1161436272451413,1.0311,-1.4286759202567882,0,1,0,1,0,1,1,1,1,1,0,0,-5.137660000000006
0.8291871629849206,1.2934,-0.2772214554185181,1.0942723768488924,0.561050544972948,-0.8358055869878801,0,1,0,1,0,1,1,1,1,1,0,0,-4.981964000000001
-0.2652975739475146,1.2934,0.7542168212442499,0.04147957298757556,0.6607029090716822,-0.01602357218946666,0,1,0,1,0,1,1,1,0,1,1,0,-5.058679999999986
1.4039942800227534,0.8598467115713739,-0.5817999999999999,1.328791000000002,0.5728565441032264,-1.7818556309546854,0,1,0,1,0,1,0,1,0,1,0,0,-5.155185666666651
0.7603765281944587,1.0634638722668788,0.5909566337740866,-0.03287832174974441,0.52060769062208,-1.500239713937505,0,1,0,1,0,1,1,1,0,1,0,0,-5.064290000000007
0.10142115106513948,0.7108429586449811,0.5132496417389085,0.050625861797625245,0.6541809825007646,-1.6767662249585094,0,1,0,1,0,1,1,1,0,1,1,1,-4.889820000000009
-0.11083646055494051,1.2934,0.627973317444947,1.328791000000002,0.7354525267686467,-0.5568947604087979,0,1,0,1,0,1,1,0,0,1,0,1,-5.076935999999992
-0.22828738224220088,0.9910780772255213,0.5329741947018785,0.6628306898263806,0.5909728825221033,-1.684899511889678,0,1,0,1,0,1,1,0,1,1,0,0,-5.061681333333329
0.24504561598553962,0.8860441500740622,-0.09956410134824008,0.04114071873684505,0.5973972369408028,-1.0327648421494295,0,1,0,1,0,1,1,1,0,1,0,1,-5.030819999999998
0.8393915699957791,1.2934,0.20343204954946237,1.328791000000002,0.7939396578215123,-0.5345605322481383,0,1,0,1,0,1,0,0,1,1,1,0,-5.168264999999992
0.13179935892013614,0.7404548596141016,0.4002635558181107,1.328791000000002,0.6927280386696031,-1.3725330933395494,0,1,0,1,0,1,1,1,0,1,1,1,-4.924800000000002
-0.19635079669895034,0.8401072660241914,0.4042780637634392,-0.15300121049136953,0.7275290463327528,-0.6306104567557497,0,1,0,1,0,1,1,0,1,1,1,1,-5.049766666666658
0.5872806501166513,0.7750946406012983,0.34291511397417007,0.23705362002328723,0.7065564608087588,-1.7594907626140304,0,1,0,1,0,1,1,0,0,1,1,1,-4.9904200000000065
-0.23158146702454904,0.9966725837617291,0.48208431639603233,-0.012481403976043528,0.6763724462274756,-1.6475250770884202,0,1,0,1,0,1,1,0,1,1,0,0,-5.151955999999991
-0.1732912979334746,1.2934,-0.5817999999999999,0.8164462026388513,0.6702714902098095,-1.8393184401446931,0,1,0,1,0,1,0,0,0,1,0,0,-5.180437666666656
0.21914511247733648,0.7798772874012895,0.4406618943485106,0.621783617440136,0.6603343365342925,-1.5820088749336494,0,1,0,1,0,1,0,1,1,1,1,0,-4.961731999999989
-0.23255505728849024,0.9565121884698325,0.7020249361663204,1.259581023046576,0.5285582539742123,-0.29924889600969196,0,1,0,1,0,1,1,0,1,1,0,1,-5.033356095238095
-0.3968943726754562,0.9274382880854605,-0.20811818225145412,0.5780327247760249,0.8438801272715051,-0.03453520889313612,0,1,0,1,0,1,1,1,1,1,1,0,-5.191314285714279
0.36943280050389266,1.1812707001829212,-0.028247102751411856,1.328791000000002,0.671704987001409,0.0025016536990360183,0,1,0,1,0,1,1,0,1,1,1,1,-5.142611999999993
0.48611779651345793,1.2934,-0.4009707317019156,0.02734363343007135,0.5171641237587977,-1.0998999544636752,0,1,0,1,0,1,1,1,0,1,1,1,-5.010360000000004
0.685167365245922,0.632421072312127,0.13322256943002164,-0.2564400000000001,0.5810530250932517,-0.28227799809607995,0,1,0,1,0,1,0,1,0,1,0,0,-5.176633333333338
0.6998509597291835,1.2934,-0.04342887826727004,0.775297718007554,0.6119812957348103,-1.281828903681341,0,1,0,1,0,1,1,0,0,1,1,0,-4.9781400000000025
0.8010511882678873,1.2934,0.41974425690546663,-0.2564400000000001,0.6594891456103111,-0.4206802891817391,0,1,0,1,0,1,0,1,0,1,1,1,-5.182579999999991
0.755045697822249,0.7973317829684176,0.3467838426750813,1.328791000000002,1.0311,-1.0099478397510084,0,1,0,1,0,1,0,1,0,1,0,0,-5.1768966666666465
0.7479885438337794,0.8183294261127023,-0.5817999999999999,-0.16044382624997156,0.6465861686420304,-0.033213538007794606,0,1,0,1,0,1,1,1,1,1,0,0,-4.982120000000003
-0.26481580583284187,1.2934,-0.5817999999999999,0.5480282177392825,0.5633193503307966,-1.1498591115541426,0,1,0,1,0,1,1,0,0,1,0,1,-5.121626666666663
-0.5230915828082326,0.7756382362442794,-0.5817999999999999,1.328791000000002,0.6463552298489252,-0.761764977208289,0,1,0,1,0,1,1,1,0,1,0,1,-5.136560000000005
-0.24059489849545734,1.2604177784160964,0.04769180030692658,-0.2564400000000001,0.5585553622454804,-1.6691097342924384,0,1,0,1,0,1,1,0,1,1,1,0,-5.1116526666666635
0.7731378281055296,0.6678914276344058,0.6717378225892752,0.4832377853320154,0.8510059302547853,-0.8722175973611282,0,1,0,1,0,1,0,0,1,1,1,0,-5.015651999999997
0.14200334640189208,0.5971995842690838,-0.5817999999999999,1.328791000000002,0.7882071011390547,-1.370010627575949,0,1,0,1,0,1,1,0,1,1,0,1,-5.105780000000011
0.18090852592710846,1.2934,-0.5817999999999999,0.5110067742202705,0.61410540235402,-0.026335111709225884,0,1,0,1,0,1,1,0,1,1,1,0,-5.08135333333333
0.18631988017432352,1.1754446808135512,-0.42751069033864786,1.328791000000002,0.7812021971003599,-1.20221804662548,0,1,0,1,0,1,1,1,0,1,0,0,-5.0968199999999895
0.8839008645138111,1.2934,-0.5817999999999999,-0.16932041933826897,0.5237479979468088,-1.7869123549233143,0,1,0,1,0,1,1,1,1,1,1,1,-5.066180000000003
0.7491509283544118,1.2934,0.2979006943198531,-0.2564400000000001,0.5363002579602175,-0.5949052687047883,0,1,0,1,0,1,1,1,1,1,1,1,-5.031590000000006
0.3931848066633126,0.8073093005260998,-0.5817999999999999,0.44747848970056736,0.7506627430397732,-1.4742025000660763,0,1,0,1,0,1,1,0,1,1,1,0,-5.082339999999999
0.9092695813643579,0.7079552027674024,-0.5817999999999999,0.7317645910249206,1.0311,-0.5484905184660722,0,1,0,1,0,1,0,1,0,1,0,0,-5.162436285714268
0.828498382368066,0.7485238074136151,-0.5817999999999999,0.23962916878857649,0.7709452489024979,-0.18622514455650008,0,1,0,1,0,1,0,0,0,1,1,1,-5.161413333333337
0.9668913597975243,0.7287312354201784,0.24886717546798587,1.328791000000002,0.5730926231963015,-0.42651980582300836,0,1,0,1,0,1,1,1,1,1,0,1,-5.167052000000015
-0.04627710373659379,1.2934,-0.5817999999999999,0.7188193784232091,0.8059208362967393,-0.7456160876231686,0,1,0,1,0,1,1,1,0,1,0,0,-5.193019999999992
-0.393439385699049,0.6516013391455602,-0.1621830836879018,-0.2564400000000001,0.645382353950741,-1.4147083019647895,0,1,0,1,0,1,1,0,0,1,1,1,-5.06441666666667
0.8936639524409419,0.7390312504373814,-0.5148999425247894,0.8809993485085648,0.6479507686914321,-0.4252088015310551,0,1,0,1,0,1,1,1,0,1,1,1,-4.940324285714292
-0.003684040981260267,0.6467944569918596,-0.17167916825028254,0.6745016720770899,0.8176992767206744,-1.5407972102892935,0,1,0,1,0,1,0,0,0,1,1,0,-5.151679285714283
0.550312523011137,0.7048252278903089,0.15206297848116446,1.328791000000002,0.8394651864391552,-1.2142365103148287,0,1,0,1,0,1,0,0,1,1,1,0,-4.999544999999995
0.8904238511061517,0.7369175469654844,0.14309685480025686,1.328791000000002,0.6071321878026341,-1.6860050057098361,0,1,0,1,0,1,0,0,1,1,1,0,-5.002907000000002
0.6030347875514382,0.7475354732067696,0.7664782601639268,1.328791000000002,1.0311,-0.10048327726460578,0,1,0,1,0,1,0,0,0,1,0,0,-5.169378
0.3545533763405393,1.2934,0.36786183321485355,1.328791000000002,0.6180398236712611,-1.1397913949093323,0,1,0,1,0,1,1,0,1,1,0,1,-5.015371999999998
0.38237374170451804,0.7296852923229821,-0.10349115202761207,0.2889339595052163,0.7247885303732355,-1.7109738893082596,0,1,0,1,0,1,1,1,1,1,0,0,-4.950740000000007
0.017285664176647255,1.2934,-0.5817999999999999,0.004744394847587909,0.7344713405053489,-0.5247460983638912,0,1,0,1,0,1,1,1,0,1,1,1,-5.098173333333323
-0.3969935283003589,0.7418830379509054,-0.1144655166581788,-0.2564400000000001,0.7247625408593715,-1.4640953650885782,0,1,0,1,0,1,1,0,1,1,0,1,-5.153790000000004
0.08516346054417807,0.6762937615371427,-0.5817999999999999,1.2799306774637378,0.7905220108168538,-1.2265958309860898,0,1,0,1,0,1,1,1,0,1,1,1,-5.0776842857142785
0.0026711526655382447,0.7024002410136573,-0.5199554624571117,1.328791000000002,0.7802864128009683,-0.666462021478449,0,1,0,1,0,1,0,0,1,1,1,0,-5.016311285714283
-0.44784735922048563,0.8670281276918845,-0.25630793132889534,1.328791000000002,0.6738154078522367,-0.9300934620458813,0,1,0,1,0,1,0,1,1,1,1,0,-5.105273666666645
0.47844835414671555,0.6224512945217631,-0.5817999999999999,1.328791000000002,0.7773592018227206,0.020012809123310014,0,1,0,1,0,1,1,1,0,1,0,0,-4.9882142857142915
-0.10973119417199388,0.5944348991481198,0.013020166371143789,0.734931496913391,0.8000219707479619,-0.448036075159689,0,1,0,1,0,1,1,0,0,1,1,0,-5.122979999999994
0.6286650858700028,1.2934,-0.46731735711044803,1.328791000000002,0.7779646374720826,-0.49022809278627444,0,1,0,1,0,1,1,1,0,1,0,1,-5.084519999999996
0.020229753878924953,1.2436502636242188,0.5599932877199272,1.2278547401943352,0.727991788692452,-0.5680086572153257,0,1,0,1,0,1,0,0,0,1,0,0,-5.176594666666657
0.04510855073258178,0.8634182047228225,0.6214670117418452,0.8907414391489077,0.5889319212829157,-1.7051499902332519,0,1,0,1,0,1,1,0,1,1,1,0,-5.083331047619044
0.923893176538314,0.8325810859609176,0.5118849460376897,0.6247136843198405,0.7451985739760222,-1.7262120108648475,0,1,0,1,0,1,1,0,0,1,1,1,-5.061073333333329
-0.5817999999999999,0.7026598668801002,-0.5036123865915075,1.328791000000002,0.7623433711054917,-0.09960484171690803,0,1,0,1,0,1,1,1,0,1,0,1,-5.191140000000004
0.7596156307916109,0.8322038947466186,-0.5817999999999999,1.328791000000002,0.73827065973351,-0.0635450677078724,0,1,0,1,0,1,0,1,1,1,0,0,-4.967879619047611
0.8318919416649976,0.5778546762831093,0.036795343623968184,1.328791000000002,0.8327909695773232,-1.6655503699375724,0,1,0,1,0,1,1,0,1,1,0,1,-5.02498000000001
-0.13538732955127988,1.2934,-0.5817999999999999,0.5692887555338562,0.5725128543742547,-0.42207048088313964,0,1,0,1,0,1,0,1,0,1,1,0,-5.120552999999988
0.4457258698558728,1.2934,-0.21091919106450382,1.2313953888260591,0.6583208074105114,-0.6826557140545225,0,1,0,1,0,1,0,0,1,1,1,0,-5.131857333333321
-0.2209130473969351,1.2689937995406266,0.1572248498882783,1.2832111247813653,0.5823092487369822,-1.4856323214846725,0,1,0,1,0,1,1,0,0,1,1,0,-5.038462666666659
0.399888104894406,1.2934,0.18283394391172567,-0.2564400000000001,0.8265504265890279,-0.7398456352487105,0,1,0,1,0,1,0,1,1,1,1,0,-5.18925999999998
0.7595298641204322,0.4730187632746168,0.6913576592828464,1.328791000000002,1.0311,-1.436680104089606,0,1,0,1,0,1,1,0,1,1,0,1,-5.158470666666692
-0.3311641571405796,0.7680222038954057,-0.09989093637823264,-0.2564400000000001,0.7627308643172666,-0.6748135648181443,0,1,0,1,0,1,1,1,0,1,0,1,-5.12519
0.3737670281626617,0.7059243135604054,-0.10795910961834239,0.1493240150193287,0.8435564273824083,-1.302939294906583,0,1,0,1,0,1,0,0,0,1,0,0,-5.193663333333332
0.8175894188959533,1.209134303915268,0.5155121998217062,1.328791000000002,0.580149106203197,0.06318130060731332,0,1,0,1,0,1,0,0,0,1,1,0,-5.118571333333334
0.3651165017707309,1.2934,-0.09871044186811442,0.08534822308580339,0.5434635462258984,-1.6259949029860763,0,1,0,1,0,1,1,0,0,1,1,0,-5.0687000000000015
0.9349744057626962,1.2934,-0.5817999999999999,0.29390101043704747,0.6809829325108477,-0.4488416968481962,0,1,0,1,0,1,1,1,1,1,0,1,-5.155119999999995
-0.03638118283078316,1.2934,-0.30834612830282143,0.8580653034853356,0.7283615384334177,-0.9949061004666914,0,1,0,1,0,1,1,1,0,1,0,1,-5.06051999999999
-0.00119592245737603,0.5464738690379282,-0.5817999999999999,0.4092015468981722,0.5722193026105867,0.052473658297897935,0,1,0,1,0,1,1,1,0,1,0,1,-5.051753333333343
0.5402883379156178,0.6865849869134923,-0.5817999999999999,1.2729834293267928,1.0311,-1.3189607947537743,0,1,0,1,0,1,0,1,0,1,1,0,-5.144999619047597
0.7158181563323631,0.8907012310759068,0.6991535083861307,1.328791000000002,0.5634048847740308,-0.3296477430776406,0,1,0,1,0,1,1,0,1,1,0,0,-5.013525333333339
-0.5817999999999999,0.7609202890404171,-0.5817999999999999,-0.2564400000000001,0.743948467394431,-0.520270441955344,0,1,0,1,0,1,1,1,0,1,1,0,-5.061770000000008
0.5044388571080484,1.2934,0.40581109382376707,-0.086547389649028,0.6331557160926983,-1.1124713217708408,0,1,0,1,0,1,1,0,0,1,0,1,-5.145679999999997
0.9484521777274977,1.2934,0.05534273230012755,-0.2564400000000001,0.7810544975440821,-0.5951828212946688,0,1,0,1,0,1,0,1,0,1,1,0,-4.997053333333319
0.6636119012931163,1.0836628418216014,-0.5681205273416522,1.328791000000002,0.7661115588609556,-0.8525295448697537,0,1,0,1,0,1,1,1,1,1,1,0,-5.086899999999995
1.3523733780130796,1.2934,-0.2928902890949471,-0.2564400000000001,0.683820824819351,-1.7454001077639123,0,1,0,1,0,1,0,1,0,1,1,0,-5.16509333333332
0.19954958374092605,1.2934,0.4413565095105355,0.5260246349838293,0.6503733481084922,-0.3719722221459775,0,1,0,1,0,1,0,1,1,1,1,0,-5.107319999999981
-0.20475469281531797,1.2934,0.3489598596986316,0.8805532892238441,0.6297459379634691,-1.4430905978483888,0,1,0,1,0,1,1,1,0,1,0,0,-4.98743599999999
0.616753926198063,0.6853407888983549,0.7496889119220869,0.5375270929655174,1.0311,-0.4434553834704731,0,1,0,1,0,1,0,1,1,0,1,0,-5.17646999999999
-0.34273846031370686,0.7602189920481541,1.3687,1.328791000000002,0.6398552576131712,0.060468317751916904,0,1,0,1,0,1,1,1,1,1,1,1,-5.165180333333327
0.14776107842075148,1.2934,-0.5817999999999999,1.328791000000002,0.6928048236257868,-0.1364978372422336,0,1,0,1,0,1,1,0,0,1,0,0,-5.14347999999999
-0.4133424139057831,0.7359096335737717,-0.5817999999999999,0.9375176154842576,0.6195619295457866,0.0727086754216542,0,1,0,1,0,1,0,1,1,1,0,0,-4.97063995238094
-0.4195112794051249,1.0286411099052084,-0.10583511087858594,1.328791000000002,0.557287628332778,0.06297664736027311,0,1,0,1,0,1,0,1,1,1,0,0,-5.170487666666647
-0.24239149329973964,0.7522309728368202,0.640868789849368,1.328791000000002,1.0311,-1.0415252330295166,0,1,0,1,0,1,0,0,1,1,0,0,-5.194236666666662
0.042146097357362286,1.017695347207667,0.23701113850482386,1.328791000000002,0.831370698421729,-1.3976762442847919,0,1,0,1,0,1,1,0,1,1,0,0,-5.199079999999998
-0.5817999999999999,1.2934,0.5289746357114175,-0.2564400000000001,0.6277111395490987,-0.01692988196582963,0,1,0,1,0,1,1,1,0,1,1,0,-5.128579999999999
0.4329736718723412,0.8176117775265349,0.49673024229137275,1.1505152434018455,0.7637235005395527,-1.6058461364625376,0,1,0,1,0,1,0,0,1,1,0,1,-5.185306666666664
0.5834960030556275,1.2934,-0.09126375603847824,1.328791000000002,0.541881528838205,-0.027067166533678612,0,1,0,1,0,1,0,1,0,1,0,0,-5.103525999999989
1.232419964249773,0.5950661468909533,0.12219547601448191,1.328791000000002,0.5730559390398801,-0.49603025070101114,0,1,0,1,0,1,1,0,0,1,1,1,-5.179914999999996
-0.2888226523044715,0.6543254036993482,0.6839177913619807,-0.07128190077614431,0.7074046238348449,-1.0748163650831237,0,1,0,1,0,1,0,1,0,1,0,0,-5.093506666666666
0.12168914107589615,1.1547352213962807,-0.5817999999999999,0.3947940576510541,0.6759839649614708,-1.3309327816479364,0,1,0,1,0,1,1,1,0,1,1,1,-5.1016533333333225
0.4307991570228514,0.7336727261598693,0.7071230170977688,0.4612086422625172,1.0311,-0.8607292797398458,0,1,0,1,0,1,0,0,0,1,1,0,-5.149289999999994
-0.5817999999999999,1.2934,-0.5817999999999999,-0.03720714811247578,0.6839240173956374,-0.1445421678443372,0,1,0,1,0,1,1,1,1,1,1,1,-5.163399999999995
0.8265610077206003,0.7836928845690632,-0.23613246750167544,-0.2564400000000001,0.779813963587546,-1.3706437857887026,0,1,0,1,0,1,0,1,0,1,1,1,-5.052133333333324
0.5406177318122991,0.5369535471720144,0.4068089836859922,1.328791000000002,0.5281603813595919,-0.20968115300882312,0,1,0,1,0,1,1,0,0,1,1,0,-5.011028000000009
-0.08567836843928867,0.6045527299464885,0.06821193280934977,0.3576647581590613,0.8314401191405577,-0.6048659845408385,0,1,0,1,0,1,1,0,0,1,1,1,-5.140539999999996
0.5147622183928126,1.2934,0.21602615810260445,0.380683759847703,0.5740350790683971,-0.20846630574118458,0,1,0,1,0,1,1,0,0,1,1,0,-5.0242
-0.5817999999999999,0.7562719546143971,0.6764267125676809,1.328791000000002,0.7411639850678092,-0.7527320849825605,0,1,0,1,0,1,1,1,0,1,1,0,-5.04847
0.6692110051022689,0.9088300493621182,-0.5581022458101771,1.1998435759077635,0.6330513464674156,-1.4239453672756224,0,1,0,1,0,1,1,0,0,1,0,0,-5.033579999999996
0.8932629852212077,0.6208424637498737,-0.19474467768989479,1.328791000000002,0.7787855807153854,-0.007596970249280021,0,1,0,1,0,1,1,1,1,1,0,0,-5.037314285714292
0.7187992683333698,1.2934,-0.11048098388000284,0.01615720273118582,0.5750628020772336,-1.621647681412853,0,1,0,1,0,1,1,1,0,1,0,0,-4.995720000000004
0.8957951234377545,1.156695683301193,0.714462276464623,1.299810006314532,0.7072369058926038,-0.1456908016505496,0,1,0,1,0,1,1,0,0,1,1,0,-5.10536571428571
0.17172866607060214,1.2934,0.3948267089681151,0.5126116306756856,0.53728360745856,-1.0038269967309283,0,1,0,1,0,1,1,0,1,1,0,0,-5.131459999999998
-0.05887977753793539,1.2934,-0.5817999999999999,0.7356057300463491,0.7101729769535917,-0.1518141681957487,0,1,0,1,0,1,0,0,1,1,0,0,-5.188579666666654
0.27081917431939817,0.9279036622004363,-0.5817999999999999,0.9711028216824861,0.5216558681174784,-0.7424603499732422,0,1,0,1,0,1,0,1,0,1,0,0,-5.144872333333321
0.8127420987089462,0.6816814075665969,0.1320403539294036,0.44278002243353554,0.5875882818177167,-0.6472870800629508,0,1,0,1,0,1,1,1,0,1,0,0,-4.860213333333347
0.011653002981598303,1.1359291714815425,0.530067148684166,0.2574899106351103,0.6886146621009395,-0.41719787737579295,0,1,0,1,0,1,1,0,0,1,0,0,-5.189053333333325
0.7015643761267468,1.2934,-0.5817999999999999,0.7996600227453812,0.5899027070759173,-1.3431056945803124,0,1,0,1,0,1,0,0,1,1,1,1,-5.186772333333328
-0.5817999999999999,1.1109950088815628,-0.5817999999999999,1.328791000000002,0.5786508843320037,-1.7340438674837249,0,1,0,1,0,1,1,1,0,1,1,0,-5.114666666666672
-0.27984674306934976,0.6509800553790995,-0.05129411395714937,1.328791000000002,0.8967727945317736,-1.2137589627809315,0,1,0,1,0,1,1,1,1,1,0,0,-5.188194285714303
-0.5817999999999999,1.1794676872736083,0.15534271338284567,-0.2564400000000001,0.6890982366364955,-0.9936468369673701,0,1,0,1,0,1,0,1,1,1,1,0,-5.1611499999999895
-0.057031311530710865,0.741345101585142,-0.08165600393965977,0.1973844781264302,0.7096865420887417,0.09289417716077089,0,1,0,1,0,1,1,0,0,1,1,1,-5.041986666666668
0.7585236338808475,1.2934,0.02316086690861866,1.25398156885525,0.6680754330113411,-0.9425454792914175,0,1,0,1,0,1,0,1,0,1,0,0,-5.0469219999999835
-0.2597747231656484,1.0842525101898712,0.5601142931533046,0.37802098018857216,0.6288913982839736,-1.2755011852589524,0,1,0,1,0,1,1,1,0,1,1,0,-5.023019999999989
0.03918453326805599,1.1887674650850402,-0.14455076264098976,1.328791000000002,0.5691897698699915,-1.6089782401282382,0,1,0,1,0,1,1,0,0,1,0,1,-5.051986666666663
0.7714347084675388,0.8431284160297196,0.47376927577296574,0.8389841634561287,0.8044522723418556,-0.12510632558638876,0,1,0,1,0,1,0,1,0,1,1,0,-4.986863333333321
0.6334568966722419,1.2934,0.690334929911155,-0.2564400000000001,0.6012913337650786,-0.3343318411259624,0,1,0,1,0,1,0,0,1,1,1,0,-5.19042771428571
0.36270540296527604,0.7871410833602069,-0.5817999999999999,1.328791000000002,0.681775879684175,-1.6444400991436168,0,1,0,1,0,1,1,0,0,1,0,0,-5.033794285714282
-0.14371537191614675,1.2934,0.4825925091311789,1.328791000000002,0.6313002385786339,-1.46538486147145,0,1,0,1,0,1,1,0,1,1,1,0,-5.045234666666655
0.03315608707613994,0.6290748341268746,0.6506347096856165,0.906238654410304,0.6430101178086894,-0.8600032709809733,0,1,0,1,0,1,0,0,1,1,1,0,-5.111331999999995
0.9295293239122485,1.2934,0.1790448539289815,1.328791000000002,0.717959269337856,-1.4992782227965658,0,1,0,1,0,1,1,0,1,1,1,0,-5.098839999999998
0.845321341470071,1.2934,-0.5817999999999999,0.9989098454222477,0.7748994816150955,-0.23161737635271104,0,1,0,1,0,1,0,1,1,1,0,0,-5.068391999999986
-0.3680186431535773,0.6763807795406436,-0.09278060541645777,1.028489061395941,0.6147629167978972,-1.1841506315693215,0,1,0,1,0,1,1,1,0,1,1,0,-4.82283095238096
0.4114890495174842,0.6968097302800936,0.4746352686853825,0.6046440010388535,0.6491370134973559,-1.0677211784882008,0,1,0,1,0,1,1,1,1,1,1,1,-4.8840400000000095
0.5691161029361785,0.6620564262593379,-0.10332607485826005,0.007998427718492756,0.01318712595947917,-0.6593410282069941,0,1,0,1,0,1,0,1,1,0,1,0,-5.180000666666659
-0.017362920780168194,1.2934,-0.5817999999999999,0.5273287331946049,0.5289316923330987,-1.429905001029584,0,1,0,1,0,1,0,1,0,1,1,0,-5.163296666666654
0.7002002442971421,1.078201659581575,-0.03157995946073192,0.19234694255462187,0.7905935304902851,-0.4027881821727824,0,1,0,1,0,1,0,0,0,1,1,0,-5.184293333333324
-0.19565798901167802,1.2034171253348114,-0.5817999999999999,-0.2564400000000001,0.7237526074691868,-0.8710074032334566,0,1,0,1,0,1,0,1,1,1,1,0,-5.102659333333313
0.37764898592553164,0.6495715686432597,0.6770080769626294,1.328791000000002,0.7396312826951593,0.04710926846094027,0,1,0,1,0,1,0,0,0,1,1,0,-5.052847999999999
0.8367637737641567,1.2934,-0.135919746516577,-0.2564400000000001,0.8524759066209171,-1.2212712147457974,0,1,0,1,0,1,0,1,0,1,1,0,-5.1068333333333165
-0.12932648965364368,0.6859624876743449,0.668382650302274,1.328791000000002,1.0311,-1.7448530925918,0,1,0,1,0,1,0,1,0,1,1,0,-5.169853333333332
0.6876905826311653,1.2934,0.2554266773268279,1.328791000000002,0.685607111881661,-1.4760621427612861,0,1,0,1,0,1,1,0,0,1,1,0,-5.038319999999995
0.5918182355437293,1.2934,0.10040336789306194,0.07677635368000885,0.7709170906161716,-1.0665478343606687,0,1,0,1,0,1,1,0,1,1,0,0,-5.1696
0.8875272005460526,1.2934,-0.5817999999999999,0.20620278173269677,0.6173918318240509,-1.018741753141151,0,1,0,1,0,1,0,1,0,1,1,1,-5.162573333333325
-0.5106380814631517,0.9773562873718624,0.3089961313799294,-0.027046992094893165,0.5822031691492523,-1.8426468988087328,0,1,0,1,0,1,1,1,1,1,1,1,-5.146979999999998
0.8188385755149553,0.67727175543564,0.2972007155690348,-0.2564400000000001,0.5315015618038308,-0.776955189695676,0,1,0,1,0,1,1,0,0,1,0,0,-5.088030000000015
0.927766589379726,1.2934,-0.5817999999999999,1.328791000000002,0.7350253163395435,-1.066057068491402,0,1,0,1,0,1,1,0,0,1,0,1,-5.057359999999995
-0.29211300451259115,1.2934,-0.5817999999999999,1.328791000000002,0.6794460228457694,-0.3075454492750305,0,1,0,1,0,1,1,1,0,1,1,1,-5.056059999999989
0.9077671594637539,1.2934,0.5671592940330795,1.3061135383533848,0.8386116087062241,-0.9905279502572817,0,1,0,1,0,1,1,0,0,1,0,0,-5.112279999999995
0.39135656674679536,1.2934,-0.42458452838526506,1.0758983447630932,0.7915264847019331,-1.2562146698552374,0,1,0,1,0,1,0,1,1,1,0,0,-5.173303666666648
0.4948344133621907,1.2934,-0.5817999999999999,0.9098899712039907,0.6293090836827355,-0.7543343880835216,0,1,0,1,0,1,1,0,1,1,0,0,-5.074771999999993
0.3238368442105271,0.7044059433309166,-0.1439775048099126,0.761365111362053,0.7559781509574712,-0.7451815179948651,0,1,0,1,0,1,1,1,1,1,1,0,-4.9571642857142875
1.0305841007893661,1.2934,-0.43881511599030987,0.6225099610732138,0.6712330554495565,-1.5414879703187891,0,1,0,1,0,1,0,1,0,1,1,0,-5.132835333333319
0.6419980543754512,0.6508316337008241,-0.5817999999999999,0.4812119505080501,1.0311,-0.8460872615244879,0,1,0,1,0,1,0,1,0,1,1,0,-5.178553333333315
0.6650152283663021,1.2934,-0.5817999999999999,0.8663189821609155,0.8046972866918682,-1.0025488297705891,0,1,0,1,0,1,0,0,0,1,0,0,-5.148579999999989
0.5850809599746831,0.8365898022226893,0.2876100115136147,0.08258689156179327,0.6862903163288396,-1.7343829720854556,0,1,0,1,0,1,0,1,1,1,1,0,-4.918459999999988
0.8570051955917171,1.2934,-0.10053134009714758,1.328791000000002,0.8041935866557729,-0.3411431395575047,0,1,0,1,0,1,1,1,0,1,1,0,-5.158479999999992
0.3384896793820164,0.6819771362399296,-0.5817999999999999,0.06156548144969838,0.6048735900125112,-1.2236561084497604,0,1,0,1,0,1,1,1,1,1,1,1,-4.850940000000013
-0.36959132248494264,0.8182069801898078,0.3317059905045306,1.328791000000002,0.7662044057236269,-1.7468922255041086,0,1,0,1,0,1,1,0,0,1,0,0,-5.037059999999994
-0.04606431257909897,0.6256515752382683,-0.2636936098213544,-0.2564400000000001,0.5491608799284999,-1.3549871311245865,0,1,0,1,0,1,1,0,1,1,0,1,-5.161770000000014
0.9918912729309775,0.9880032483834088,0.6331954736558084,0.9738054117907348,0.6418240853737789,-0.6680502523013777,0,1,0,1,0,1,0,0,0,1,1,0,-5.19818371428571
-0.1470259682902847,1.2934,-0.07981775768119044,0.9799576747361349,0.779038559363155,-1.6932879303251949,0,1,0,1,0,1,1,1,1,1,1,0,-5.065642666666652
0.20239450865585198,1.2934,-0.46548937578839367,0.5199938561071906,0.5893175498592866,-1.7249085647587417,0,1,0,1,0,1,1,1,1,1,0,1,-5.059279999999993
0.18620451514759598,0.8902214874542401,-0.14767710834793432,1.328791000000002,0.6232227045268693,-0.7856809861039087,0,1,0,1,0,1,1,0,0,1,0,0,-5.0350999999999955
0.14214978388390967,1.2934,0.5313536258025175,0.4185666859917552,0.6601275061571662,-1.2813585203010782,0,1,0,1,0,1,1,1,0,1,1,0,-5.082393333333321
0.6388335447650465,0.61015486105333,0.6234208962134672,0.5063277764751327,1.0311,-0.7171717048532745,0,1,0,1,0,1,1,0,1,1,0,1,-5.168233333333349
0.4599364188037104,1.2934,-0.1101259495844333,0.36463532038876845,0.5940388941265863,-0.8670330635506426,0,1,0,1,0,1,1,0,1,1,0,1,-5.05976
0.11396862468446826,0.6290689331761126,0.03968837916615087,0.19954925381090796,0.8489094787396968,-0.31769598449580033,0,1,0,1,0,1,1,0,0,1,1,1,-5.167199999999999
-0.5817999999999999,0.7765534040471576,0.47459600115587836,0.6226148943802882,0.9811486612821905,-1.741595120874635,0,1,0,1,0,1,0,1,0,1,1,0,-5.199939999999997
0.09578302776495046,0.8297110961729786,0.6723421919589444,1.328791000000002,0.6156697577429768,-0.14071819584754242,0,1,0,1,0,1,1,1,0,1,1,0,-4.946805714285715
-0.03915629852380226,0.5598624895930192,-0.5817999999999999,0.3714925043654322,0.6839773208638494,-1.6451645746464407,0,1,0,1,0,1,0,1,1,1,1,0,-5.193093333333334
0.16693738865652794,0.9955431719954096,-0.05275508857291015,1.328791000000002,0.677556365408592,-1.5251851104513916,0,1,0,1,0,1,1,0,0,1,1,1,-5.141419999999991
0.553459615209757,0.867111631616198,-0.5817999999999999,0.7911647471778074,0.6286391575718051,-1.4239683373267311,0,1,0,1,0,1,1,1,0,1,1,0,-4.961339999999999
-0.26840863395602876,1.1211750137898175,-0.5817999999999999,-0.02986354019986501,0.6824246933256362,-0.06583272700658095,0,1,0,1,0,1,0,0,0,1,1,0,-5.160693333333322
1.3880110509499264,1.1050734525312258,-0.5817999999999999,0.7916344489836563,0.6917957110753253,-0.013484510775926394,0,1,0,1,0,1,0,1,0,1,1,0,-5.195418666666657
0.6649310703443224,1.2934,0.5258290594905863,-0.22403630513633985,0.5698118057735595,-0.12319955803626269,0,1,0,1,0,1,1,1,0,1,1,1,-5.021736666666674
0.7193272614060349,1.2934,-0.5817999999999999,-0.00912423562905001,0.6227084983814669,-0.3208193657766791,0,1,0,1,0,1,1,1,1,1,1,0,-4.924780000000005
0.7505668745781238,1.035262015351251,-0.04607267048668146,0.49353628395936716,0.5664844394753379,-0.5793365390579263,0,1,0,1,0,1,0,1,1,1,1,0,-5.090503333333324
-0.5817999999999999,0.736894526799772,0.26322121543024457,0.9494923700257877,0.7473558685480721,-1.4135660356319655,0,1,0,1,0,1,1,1,0,1,0,1,-5.117680000000003
0.7494784965989055,0.7798882783247904,0.7042681508390464,1.328791000000002,1.0311,-1.647195464208559,0,1,0,1,0,1,1,1,1,1,0,1,-5.189700000000007
-0.5817999999999999,0.9768392819263523,0.39520969647362086,-0.18367698508467667,0.5910411433086808,-1.236819014474161,0,1,0,1,0,1,1,0,1,1,1,0,-5.192060000000005
0.5081348897921677,1.2934,-0.5152448474193828,0.8958678342897219,0.5551291496232945,-0.7650146585821259,0,1,0,1,0,1,1,1,1,1,0,0,-5.001403999999997
0.3607997589392178,0.41284504467411154,0.49064335974518114,0.6410430673754933,0.5882586762388252,-0.9473532024577954,0,1,0,1,0,1,1,1,1,1,1,0,-5.159828000000002
0.8510699713966707,0.7419887064514525,-0.5817999999999999,1.328791000000002,1.0311,-1.6176514415949328,0,1,0,1,0,1,0,1,1,1,1,0,-5.169989619047604
0.3408391395212052,0.3567571535487454,0.18742815250274183,1.0626244647145444,0.6842436757679364,-0.9584453246359085,0,1,0,1,0,1,1,0,1,1,1,0,-5.189588000000001
0.03436537908799326,1.2934,0.6555211339557814,0.04043940495931476,0.7805577157979856,-1.5300013301431896,0,1,0,1,0,1,1,1,0,1,0,1,-5.1340199999999925
-0.3708300030950793,1.2934,0.7676775047920207,0.9445160140410582,0.528360403452372,-1.782908934010675,0,1,0,1,0,1,0,1,0,1,1,0,-5.158829999999984
-0.5817999999999999,0.9549494720148597,0.0036963765474058094,1.1603821090309037,0.7676801701325427,-1.5008074688170079,0,1,0,1,0,1,0,1,1,1,1,0,-5.164936999999988
0.0751403097260368,0.7536332302569263,-0.3396076144748778,0.8952165304521186,0.6127086782744368,-1.6045932229113584,0,1,0,1,0,1,1,1,0,1,0,0,-4.821134285714296
-0.3099563559007741,1.2934,-0.45767745324345266,0.5664723696957209,0.6833290535898359,-0.2330388542909456,0,1,0,1,0,1,0,0,1,1,1,0,-5.155230333333321
-0.051607261988521204,0.5748966322580913,0.6527401104221032,0.7125322303101542,0.6654226916482555,-1.369628330528106,0,1,0,1,0,1,1,0,1,1,1,1,-5.080572000000007
0.8911576008918851,1.2521131061054471,-0.5817999999999999,1.328791000000002,0.6343595534345801,-0.7549938134376429,0,1,0,1,0,1,0,0,1,1,0,0,-5.108443999999988
-0.26374915285424255,0.6768718424974398,0.24502400510373068,0.629027265800569,0.5488256683944129,-0.5471281372429874,0,1,0,1,0,1,1,1,0,1,0,0,-4.89708000000001
-0.05939563843189262,0.874468322940734,0.14433573059431012,1.328791000000002,0.7942989907035308,-1.6698961602328763,0,1,0,1,0,1,1,0,0,1,0,0,-5.198635999999998
