,Pos1_MolWt,Pos1_LogP,Pos1_TPSA,Pos1_HBD,Pos1_HBA,Pos1_RotBonds,Pos1_RingCount,Pos1_AromaticRings,Pos1_MaxPartCharge,Pos1_MinPartCharge,Pos1_Chi0,Pos1_Chi1,Pos1_isD,Pos2_MolWt,Pos2_LogP,Pos2_TPSA,Pos2_HBD,Pos2_HBA,Pos2_RotBonds,Pos2_RingCount,Pos2_AromaticRings,Pos2_MaxPartCharge,Pos2_MinPartCharge,Pos2_Chi0,Pos2_Chi1,Pos2_isD,Pos3_MolWt,Pos3_LogP,Pos3_TPSA,Pos3_HBD,Pos3_HBA,Pos3_RotBonds,Pos3_RingCount,Pos3_AromaticRings,Pos3_MaxPartCharge,Pos3_MinPartCharge,Pos3_Chi0,Pos3_Chi1,Pos3_isD,Pos4_MolWt,Pos4_LogP,Pos4_TPSA,Pos4_HBD,Pos4_HBA,Pos4_RotBonds,Pos4_RingCount,Pos4_AromaticRings,Pos4_MaxPartCharge,Pos4_MinPartCharge,Pos4_Chi0,Pos4_Chi1,Pos4_isD,Pos5_MolWt,Pos5_LogP,Pos5_TPSA,Pos5_HBD,Pos5_HBA,Pos5_RotBonds,Pos5_RingCount,Pos5_AromaticRings,Pos5_MaxPartCharge,Pos5_MinPartCharge,Pos5_Chi0,Pos5_Chi1,Pos5_isD,Pos6_MolWt,Pos6_LogP,Pos6_TPSA,Pos6_HBD,Pos6_HBA,Pos6_RotBonds,Pos6_RingCount,Pos6_AromaticRings,Pos6_MaxPartCharge,Pos6_MinPartCharge,Pos6_Chi0,Pos6_Chi1,Pos6_isD
Pos1_MolWt,1.0,0.9754051428605086,0.33601715715229363,0.17313963985445227,0.2562336237187722,0.7490591542886462,0.8699297954741452,0.9128422574464047,-0.1613154837583351,-0.16896614587300485,0.9966735691923195,0.9951750479440445,-0.2024521440251335,0.15747713086260545,-0.08947281632401158,0.06843872027020227,0.036453531518530154,0.20911043303636528,0.14850766099892931,0.20918069438776832,0.15909612492887593,-0.09590281877822882,-0.08747238869625648,0.11598520998324736,0.1799735978967017,-0.10483821869826769,-0.0422335476354171,-0.049923774637917195,-0.0837232995311474,0.06681045292210513,0.04633365179517157,0.014108340745645253,-0.0675219810860782,-0.09294862589779623,0.042491737165288625,-0.007827046843671583,-0.04178588965962007,-0.05103466255696943,-0.04467603930064294,0.24006811462125738,0.29882664504530787,0.2297486665577754,-0.014294368444194717,-0.015847247236708554,0.30779695655258027,-0.25835526427424366,0.10847066000480131,-0.041916512290623625,-0.03629889717006988,0.26669771878238,0.20911538548315742,-0.18688142682443468,-0.21943994692482816,-0.24981549623722266,-0.07515749220149917,-0.02459117945716366,-0.02508085051099209,-0.26998477047571934,0.1972815830530876,-0.10251265931062069,0.0019702211252361863,0.015287260169701283,-0.2498806984089926,-0.17559709303396678,0.1845924296063604,0.02307617048153115,-0.10390329270735572,-0.11040343137295049,0.03488768115789302,0.17986611164612304,0.16792303700760647,-0.05569683847637687,-0.17074923933629074,-0.12044261824653055,-0.005010394244460339,-0.015196426885742888,-0.011060627837375122,0.11388254158300898
Pos1_LogP,0.9754051428605086,1.0,0.2915204139683841,0.07131467658061172,0.20558063368355228,0.7828264845700227,0.7972855273352484,0.8490000429200706,-0.16493838515764075,-0.08147825192715115,0.9780196647305838,0.9622773470988153,-0.23956051415948326,0.14523000245978385,-0.09696151221457566,0.05809867699932888,0.006644881220219262,0.20575665764110498,0.1380109017491925,0.19623651290431154,0.1768754197517503,-0.08752562552685059,-0.0906739210554897,0.10718109793496444,0.16693240653740418,-0.08961070548382291,-0.02260352963069568,-0.025631228842877392,-0.11020171539529337,0.0705020988782178,0.04468894225976026,0.027028218865288865,-0.05113392981434346,-0.08224566853805702,0.04445400826520526,-0.0364159491456988,-0.023375197484438916,-0.030974316804557946,-0.06862495968120101,0.2363600210915801,0.29187503496121525,0.2202938133455068,-0.019438128242251253,-0.020399514298918044,0.2904156654507583,-0.24302400218710543,0.09583419370463124,-0.03921380703914645,-0.03332845919182377,0.25940658110159365,0.2052370634047282,-0.1828334793109746,-0.22159050993173565,-0.2575617393437982,-0.08790723336535596,-0.015951344590810903,-0.01810328665363424,-0.28076616301721535,0.21102786279911298,-0.1004262410122145,0.006918095405022865,-0.0044311427351147615,-0.25460160408369664,-0.17471001971218608,0.21116706639886196,0.049735771735676726,-0.07625143253515129,-0.09737648511266771,0.07153129511653102,0.1775295245073682,0.17103623116981148,-0.03641625195873456,-0.1369009865538114,-0.10130121246287689,-0.04820266780287209,0.01572836858302383,0.01798297722272164,0.06979582852187848
Pos1_TPSA,0.33601715715229363,0.2915204139683841,1.0,0.30919079262313404,0.31683448718368346,0.0006779593530829506,0.2871340393766212,0.41381765000402154,0.05379845039912819,-0.21378911706303122,0.35584172871481357,0.30903561020923925,0.1381916649434331,0.16395044072711584,-0.06453949553731043,-0.03386657461874045,0.022430173382330238,0.20947732978119105,0.18481570747656836,0.2695490314357396,0.1430701578103397,-0.1475547017819886,-0.09574309180503304,0.0900971080520642,0.20119675848443933,-0.2037556821896482,-0.0650149836642617,-0.03501146910800388,-0.12187476665436746,0.09589396419677221,0.026550657912314674,0.019641279897180952,-0.1037248198369073,-0.10485111595390799,0.04836567564968902,-0.039571921921740735,-0.05861727683507761,-0.07541438965048033,-0.02413928781519256,0.2569362078727462,0.3813033973715986,0.30306815046346397,-0.07149748462111581,-0.07965988953097389,0.372904448044465,-0.3194372899525649,0.11447588211887269,-0.06745096473798406,-0.05736113659857762,0.29317926520094995,0.21948706770070844,-0.28706056208055714,-0.35597860423796357,-0.3639341596837366,-0.21490171198061994,-0.09033873904405955,-0.10289865286300025,-0.41053835396850685,0.287131193796442,-0.1772425231405485,0.02375940342359904,0.0034481837713770404,-0.39790527971635314,-0.2893853732049588,0.24086413073150764,0.04413836640428847,-0.10743204096847357,-0.20787921934887488,-0.013834526069044973,0.23927868443771758,0.22909692134246964,-0.006134032579739168,-0.17404733740709266,-0.16601452372694414,0.019424802043767998,-0.00823103565116783,0.019190775512949607,0.12248874368806635
Pos1_HBD,0.17313963985445227,0.07131467658061172,0.30919079262313404,1.0,0.2608065797551467,0.07285460908207782,0.16965239294338116,0.1823200818553603,-0.052439518354046165,-0.5861787529544538,0.165685594977145,0.1618467501366115,0.04256124233604421,-0.04339064403844289,-0.10201509507474298,0.17930889320781437,0.3533258272063433,0.050613090115707526,-0.01689112157973486,-0.043031648760464315,-0.030282210591930862,-0.09934825320048273,-0.027538450344198304,-0.04664298105667472,-0.047092759699202215,-0.04009341584818916,-0.1092811022633904,-0.2856895842432256,0.16821047988730678,0.31256286422099117,0.2653187249167999,-0.16817355783633312,-0.04552479357820208,-0.05096746188753211,-0.059548371259747115,-0.020266240738969248,-0.12070962356278421,-0.10913533210956704,0.07849049805188116,0.19513870615745216,0.10898370801025371,0.055092549865768954,-0.005831224537064533,-0.007059656250478222,0.06328350383675903,-0.02346183965136516,0.3388396372895514,-0.13303864380860975,-0.14055704067531372,0.1870791764876024,0.20313784612067737,-0.0575870330512077,-0.040457144061385904,-0.024761765517275228,0.011256734585404967,-0.014997166699697619,-0.01531511549287326,-0.031422683641525596,-0.010737324616423948,-0.028425074137280057,-0.11673967251800618,-0.021480996739826737,-0.03775780346770521,-0.047205906866581014,-0.07956359076855378,-0.09584576002282838,-0.0656008294552412,-0.0722143313107316,-0.008659299462824574,-0.050582777510339516,-0.125513105353221,0.013743077488453288,-0.05681154720699931,-0.1291963940729524,-0.014667280562970699,-0.11148111338227336,-0.0885073035929774,0.3533136859231589
Pos1_HBA,0.2562336237187722,0.20558063368355228,0.31683448718368346,0.2608065797551467,1.0,0.16598407764439768,0.13145601695226594,0.145603415387724,0.40795102503580355,-0.2460809859005002,0.2194589454374335,0.1949019960315595,-0.07185107070027329,-0.17138608050732143,-0.15767791956455376,0.07560921879560546,-0.015415076245728921,-0.03289521212987553,-0.22853411672542576,-0.01974320259470951,-0.0164510791630901,0.038397538102415384,0.024529365956470813,-0.1864331087421425,-0.1540920240834703,-0.05941682441610794,0.045111547966937525,-0.03866685831152199,0.046868698086801885,-0.017328239554419908,-0.020215650984011308,-0.12970104724320744,0.14489529868123613,0.12548707417809762,0.040382140033200564,0.01850675833466514,0.030963087279608486,0.06880488243984374,0.05576162721923828,0.04456501889592605,0.0010362258703850507,-0.04457638468670453,-0.007318826936591754,-0.0088606435922134,-0.012592593470253424,0.032624027679649045,0.08485385817651006,0.0016611022611095977,0.00255759350037256,0.03470107144652739,0.05399857679938592,-0.0654435042581549,0.010978847988854755,0.03493046765027748,0.1500280676904637,0.013395766124646748,0.008779478993568802,0.04465920704691757,-0.10471075879612055,-0.014293058396860283,0.023333115626531422,0.015712652350303155,0.037642094638426535,-0.0127584548481337,-0.07999588883763148,-0.19158361239933863,-0.14621651934581678,-0.1598080379320876,-0.025575894434574302,-0.06857100472509262,-0.21284077134556229,0.0019913020121361705,-0.17017309447273787,0.015210772231034347,0.020258311000539552,-0.22156471594267532,-0.18372801963001176,0.27114661970805143
Pos1_RotBonds,0.7490591542886462,0.7828264845700227,0.0006779593530829506,0.07285460908207782,0.16598407764439768,1.0,0.40307965561794956,0.5104946418154448,-0.2541913668601617,-0.13343278523275717,0.7531371611593033,0.7302556419497211,-0.3857585507073493,-0.05500518029311791,-0.032436405575022524,-0.044572028782811794,-0.05869075071658726,-0.015244147424565832,-0.027669870212406723,-0.00833551856813608,0.04255030693858334,0.004425207659100923,-0.007242473707311093,-0.058087276694512795,-0.04260702506446903,-0.041552966481026146,-0.018339225285613946,0.018484803707677425,-0.06471491112270411,0.024710749806238753,-0.024692610300500996,-0.0026550680285712387,0.006132342664223265,0.003670499493889041,-0.008276560514612882,-0.04841096554115522,-0.025434811315718134,-0.008928250819359605,-0.02227099574804074,0.011639035513928303,0.030474941775744575,-0.041020955668863664,-0.058126381504032675,-0.06422286452093401,-0.0036022091448754258,0.02081119801134767,0.020718210691390886,-0.015885919611779774,-0.01794121007794387,0.0032295077850615587,0.02124380208683265,-0.05380230390688479,-0.06673595052062647,-0.0330359605321977,-0.0779937140624666,-0.05177405183100255,-0.06725530620802771,-0.05211662745678337,0.029164029362558862,-0.033007238330569136,0.01046469705187443,-0.027689838593159884,-0.06912093244889213,-0.05424977732447682,0.07299143356329173,0.04152474993747468,-0.016523597440438048,0.0023789102492732667,0.08703804133771839,0.024888092721918487,0.003604676889915144,0.04551711860005199,0.02965910711381035,-0.021012337314375004,-0.05554726930310447,0.030521988457706557,0.040963156425581106,0.05751760268305541
Pos1_RingCount,0.8699297954741452,0.7972855273352484,0.2871340393766212,0.16965239294338116,0.13145601695226594,0.40307965561794956,1.0,0.9307858092877296,-0.13512994696620087,-0.12319574501385193,0.8487032348572079,0.8994391993110715,0.007252095987436768,0.25769785074805324,-0.07418005029104607,0.16217497179514637,0.14560167396402302,0.26667131338589106,0.22624758890774693,0.24677830397218986,0.14546860915613258,-0.1284002413089471,-0.10328263398053339,0.22233465545893868,0.2707551256566324,-0.0682128919052786,-0.03194019422829102,-0.08983097687704462,-0.016670294789868527,0.07316673093733121,0.10535037094073435,0.03625950106220672,-0.09785916266626926,-0.12098354464614144,0.048622396299203986,0.051601051731007694,-0.023504836744332562,-0.054534557541297886,-0.043944157730892185,0.26039286296667863,0.31066917807113953,0.3104316391017654,0.05309891831339153,0.05831346044349907,0.3615446815871372,-0.3213362185776579,0.10935740204223092,-0.044404145615174695,-0.03656832544087645,0.3019430731357237,0.21768343815072863,-0.14856029235479754,-0.17533105440072697,-0.24359597110268458,0.011062374798739479,0.02952915436756694,0.0433336494626005,-0.24372336341996914,0.19054722181184935,-0.08084720800638374,-0.028902794018152458,0.053360034158791377,-0.20800080515531882,-0.13922800269476804,0.14366301747927054,-0.011605356494841438,-0.11306625826428177,-0.11476359186386839,-0.04535870077475125,0.18689866292175983,0.19978074375222027,-0.1261383014564418,-0.23889963536437137,-0.1372577902726428,0.06686397128793371,-0.04641706521697251,-0.05675304541151319,0.05379030759596385
Pos1_AromaticRings,0.9128422574464047,0.8490000429200706,0.41381765000402154,0.1823200818553603,0.145603415387724,0.5104946418154448,0.9307858092877296,1.0,-0.15719075856074285,-0.13678036879473046,0.9113519704879223,0.9335934191648151,-0.10705732865672671,0.2444255080350132,-0.03648079607109049,0.047000122397450966,0.0683113170721131,0.24878847251009176,0.2731244717196155,0.24394670661869103,0.1685704874045331,-0.1336450501518106,-0.10756081202253537,0.2006909269089768,0.26682945402035596,-0.16755083679535038,-0.0536985618159352,-0.029658064651494107,-0.10921891508980615,0.04547516104765258,0.016293623169263208,0.08010138641098762,-0.12380650269870827,-0.10870746172280037,0.029781290563508457,0.05069229705230493,-0.04183411816190683,-0.06894433832060523,-0.05162129519662402,0.18027512135397902,0.2847778526877713,0.22927303853725065,-0.03180758203767047,-0.03850830883247546,0.3178530833731454,-0.25457704613048854,0.08979993096189962,-0.04551535584815801,-0.039163168724208955,0.20693359025470798,0.164505497656506,-0.20733416789331297,-0.253335415705368,-0.2645185620178688,-0.14208622008235025,-0.07560934229983785,-0.078154633037709,-0.29415927996891417,0.22074095177044276,-0.12225916417483787,0.003061263129239948,0.050498852426074124,-0.2882091395200658,-0.2015828563232771,0.19673395862500062,0.053510916368584356,-0.09382048675973825,-0.1532019158232017,-0.08407778263648495,0.21212799372035115,0.24370440219595788,-0.039903130072560036,-0.15611390934076633,-0.15618132570347268,0.11705998535686428,0.007763282538749704,0.022047084871466418,0.042109088745938696
Pos1_MaxPartCharge,-0.1613154837583351,-0.16493838515764075,0.05379845039912819,-0.052439518354046165,0.40795102503580355,-0.2541913668601617,-0.13512994696620087,-0.15719075856074285,1.0,0.30888358680225875,-0.1684108229333304,-0.18534633280235568,0.06018660556516198,0.024814372766900857,-0.07890999390564006,-0.025020306729708418,-0.07149991574985919,0.07253408827817612,-0.009801651446813152,0.11499616606673735,0.03593963554631573,-0.04306968160949924,-0.03508371118638532,-0.010699989644284766,0.04320910701972767,-0.0560254666290168,0.025578646376916713,0.024854148065355956,-0.05686697026951941,-0.05104263207402745,-0.03509043700492508,-0.0034147584588613156,0.015279291978749094,-0.0015781901418786273,0.06685098674398643,-0.007482660540567946,0.02753047673542501,0.023724599033382664,-0.023686845135821248,0.10579061779725085,0.16079999232336967,0.15190672252212392,0.012286988828895923,0.014771301951429441,0.18036204157753172,-0.19594634931934607,-0.05014956576638776,-0.01023894499621425,-0.0072766870631794595,0.139407094702967,0.06124124978096895,-0.1248939584204187,-0.15968008684411245,-0.17330749415190055,-0.015342061732594364,-0.034658805057462494,-0.02536533422759982,-0.16550839508822948,0.08094320976455105,-0.08161307636871218,0.007742472814628012,0.09454563079587892,-0.16670198875721554,-0.13978168598407642,0.07557589560962365,-0.06536134448273294,-0.13545228970865092,-0.10515213206643263,0.05048342158648326,0.10933838024253287,0.032099220438749465,-0.04918144310523275,-0.18178789485700872,-0.06437682677627882,-0.047686420469444595,-0.09704543297760154,-0.08482182351400676,0.03223414776974474
Pos1_MinPartCharge,-0.16896614587300485,-0.08147825192715115,-0.21378911706303122,-0.5861787529544538,-0.2460809859005002,-0.13343278523275717,-0.12319574501385193,-0.13678036879473046,0.30888358680225875,1.0,-0.1734299546207125,-0.16752743568626058,0.048131629771019126,0.07513832836257903,0.023529665673106492,-0.023250947234787003,-0.025685047477848083,0.04897548682366218,0.09173277613506196,0.028334813337690987,0.04172953531249067,-0.044823291506084224,-0.02454013205435268,0.075366023582439,0.07458688278673489,0.01995613876449496,0.08165532198408097,0.07164641422022223,-0.07725415906975024,-0.017883620053577083,-0.010326676564675015,0.08182776841463985,0.04987811205361149,0.0510524042735535,-0.017493427326768268,-0.01443740542489888,0.0823481253028263,0.08136316098951422,-0.15034261398175297,-0.03776987293972906,-0.030197020523039665,-0.03712700564348986,0.007062039848157366,0.008541384021424873,-0.009153979442910055,0.05038241598069405,-0.017629196778073345,-0.018150153748184194,-0.010611317832467977,-0.05768603500326784,-0.00854054562987266,-0.008982764284816386,-0.03095252170360195,-0.060787580137898804,-0.08935601995691429,-0.010201360025840106,-0.006107818253869744,-0.058252447140757946,0.08915929419324174,0.009143039906127727,-0.020321312592043554,0.031862684893197206,-0.05062113419249996,-0.005692956311868715,0.043123477885973316,0.11056186725918654,0.0531864501743216,0.06197834087048617,0.032318437306574764,0.06810821768127491,0.13104292740652568,0.014890130620645458,0.08444378027726254,-0.030128228217332454,-0.029920700082388816,0.11829393761249778,0.10701813490961119,-0.5116261135274783
Pos1_Chi0,0.9966735691923195,0.9780196647305838,0.35584172871481357,0.165685594977145,0.2194589454374335,0.7531371611593033,0.8487032348572079,0.9113519704879223,-0.1684108229333304,-0.1734299546207125,1.0,0.9913718311376436,-0.21815947446833922,0.16406247364297272,-0.0814209292040691,0.046695548488988624,0.01903238937124509,0.21240558988774705,0.16323947201374714,0.21670239308209338,0.1687359148112675,-0.09875407143589633,-0.09109326742272493,0.11994261909639341,0.1879668825269156,-0.11604830689556786,-0.048997193139841445,-0.039484316440911084,-0.10360779510168011,0.0644954605247701,0.034930922132640194,0.02371383534194727,-0.07879943271150504,-0.10180611739335166,0.04122936809426079,-0.015053059715444819,-0.04786260051140074,-0.05812064229952625,-0.04664725692277635,0.24028262061909172,0.31025228191052756,0.23322415924093345,-0.026264382589283375,-0.02917186733300679,0.315410957889052,-0.26498104238924985,0.10206404890394936,-0.04221745926535335,-0.03676891369062506,0.26740526818147436,0.20847308417111804,-0.1989593980137085,-0.23991537084937709,-0.2652311095525647,-0.10585454041727968,-0.04001384054510845,-0.04221805272563618,-0.291139853818933,0.2144087263991834,-0.11239718503875376,0.007305450451761884,0.013664953412423816,-0.2730216143444179,-0.19127707455552073,0.20553867101337628,0.042131900209975835,-0.09650605614370827,-0.11036825365946375,0.04177353306584541,0.19267172582031672,0.18719276736338075,-0.04550845913740775,-0.15721893654625857,-0.12324108897684569,-0.010786102155761288,0.0030895399581296894,0.008241574781432389,0.1165490288262484
Pos1_Chi1,0.9951750479440445,0.9622773470988153,0.30903561020923925,0.1618467501366115,0.1949019960315595,0.7302556419497211,0.8994391993110715,0.9335934191648151,-0.18534633280235568,-0.16752743568626058,0.9913718311376436,1.0,-0.18656592115324583,0.17719884774748607,-0.07292752051672612,0.06874509575329711,0.044496711248463695,0.21182922296227538,0.17222852245684134,0.21121201618454358,0.15447119218375405,-0.09977125690842124,-0.08881325680164491,0.13812396992435544,0.19777670770199565,-0.10224239370777344,-0.043920166771796,-0.045814569728915296,-0.08034282933112727,0.05928520039660232,0.044220196347042016,0.029199610550006555,-0.08116830644217707,-0.10080235916685232,0.03976054173543567,0.004210571584364853,-0.040978773401300655,-0.05533260508572241,-0.04414693379943383,0.22593592322737452,0.29089452235485685,0.23346280372019992,-0.009074865724821595,-0.010446002322366364,0.30692883532160403,-0.26093848791590274,0.09421797763161868,-0.03980536608247014,-0.03433533325828181,0.25470167323685305,0.19470419071937475,-0.17750866676963073,-0.21314834220200504,-0.24362446614775093,-0.07552170361596823,-0.02602967461765701,-0.025293969964850976,-0.26259957157678293,0.19533499604796595,-0.10011408117633597,-0.0007007419753892719,0.023796596831268124,-0.24395514318818362,-0.16997436136904187,0.18113030295664037,0.02888607369207814,-0.09885360827405175,-0.10464750136905346,0.018285483019402415,0.18291388379137952,0.18183301480518363,-0.061150889361129473,-0.16810934593603935,-0.12217091558530836,0.013827413947261438,-0.008207284151570389,-0.006308983689534787,0.09657709908677514
Pos1_isD,-0.2024521440251335,-0.23956051415948326,0.1381916649434331,0.04256124233604421,-0.07185107070027329,-0.3857585507073493,0.007252095987436768,-0.10705732865672671,0.06018660556516198,0.048131629771019126,-0.21815947446833922,-0.18656592115324583,1.0,0.0037554299529897624,0.02945580532371958,0.062049994185870955,0.12233251631426352,-0.02705901959708149,-0.019290767205374634,-0.007532347320914051,-0.1565578922783551,-0.07705617887006463,0.030319319584745538,-0.010024253112717351,-0.007346955821477982,0.06096586858279397,-0.05950327873865498,-0.15402756776677207,0.19510252358741434,0.021666991390450845,0.13151243370326918,-0.10287391732594711,-0.04266745527804293,-0.06778202256988254,-0.016189420201481515,0.037544080726207255,-0.06204684666832611,-0.0685324983854074,0.06020092494292274,0.054567997698514316,0.060789635016560636,0.056039905186243945,-0.029477685646048937,0.017314801353200335,0.05680571928736893,-0.0845396573919895,0.01216261816206678,-0.05952679803248464,-0.05850523115687211,0.075211909127976,0.026224819360700816,0.09246319269294251,0.044876306059220314,0.014356268253842877,0.09686706804824813,0.0846357581872576,0.0840448087566132,0.004908024803545939,0.009321225931971404,0.04126191551489359,-0.053071400823391596,-0.08321297424814653,0.04252124438161703,0.04110006779798365,-0.1580567725438694,-0.0919168112103477,-0.09150531894945456,0.08311966293472851,0.04707632025335014,0.029174243469921396,-0.017225389738652917,-0.12275979478366661,-0.14978043682625128,-0.0742556399245488,-0.03757270252816466,-0.08727163864240664,-0.1138850579055027,-0.050478861314637184
Pos2_MolWt,0.15747713086260545,0.14523000245978385,0.16395044072711584,-0.04339064403844289,-0.17138608050732143,-0.05500518029311791,0.25769785074805324,0.2444255080350132,0.024814372766900857,0.07513832836257903,0.16406247364297272,0.17719884774748607,0.0037554299529897624,1.0,0.26288312128021196,0.007993429618248065,0.02965213827082727,0.5961620246448303,0.7028680267166824,0.7708159845604,0.5418364527498519,-0.20996890824317774,-0.29255347571786605,0.9781559772326803,0.9883609709536538,-0.3122391584341438,-0.09890442361383199,0.06753073499492294,-0.2703715292239019,-0.07023172678968355,-0.11983521410426745,0.1788016653135446,-0.2519890937144265,-0.250258782409865,0.08328615437694928,0.13088372403186024,-0.07158342075783307,-0.13628037805971255,-0.07858767765545129,0.31865776347493313,0.45694295985460026,0.3961797611447752,0.04866168229516197,0.018055124473436084,0.5417497870211055,-0.4365385340673214,0.04314075068158341,-0.0068636607071979805,0.007057148712586028,0.3604606723088785,0.27834179125227887,-0.24843579748113234,-0.30541240565463756,-0.4067307735410428,-0.1505255539742697,0.008774817311781561,0.012739006439983746,-0.4359157623177411,0.391065096049087,-0.12048696709910546,0.010258088983886776,0.07332454482504629,-0.37516531566120037,-0.2235402853263189,0.3531331503435954,0.12088170937641783,0.01761429519928591,-0.2696797497041129,-0.23241732356929368,0.304769067760126,0.46800307785395256,-0.0984566026755571,-0.2067420426338232,-0.16292144277834902,0.19840914272852483,0.07700666953521264,0.07297198459835448,-0.0468509713321575
Pos2_LogP,-0.08947281632401158,-0.09696151221457566,-0.06453949553731043,-0.10201509507474298,-0.15767791956455376,-0.032436405575022524,-0.07418005029104607,-0.03648079607109049,-0.07890999390564006,0.023529665673106492,-0.0814209292040691,-0.07292752051672612,0.02945580532371958,0.26288312128021196,1.0,-0.587809392539397,-0.2056281971574043,-0.5160830040159932,0.28637487484378465,0.057305583313952066,0.1406458760514986,-0.024784186289122385,-0.06561608072194623,0.31909232795084425,0.2655735245184153,-0.1610887193730345,0.007939973384076692,0.14560835196817157,-0.05116400104716855,-0.1289838371825156,-0.15399405463335433,0.1503155349879799,-0.07350476650713603,-0.028805999115407224,-0.030928589428237528,0.12467157088044586,0.025172347679635904,-0.0059899866516695596,0.0331560221963782,-0.12505728341073516,-0.1311029154597394,-0.08389448251739455,0.09588812605543148,0.07169257155178675,-0.07941873732043736,0.11766119376975342,-0.14319334279042345,0.0410065664680172,0.037779542696854844,-0.15444602392384083,-0.0872213549321003,0.009348603715859624,0.020769748909467967,0.03855565477440397,-0.04093438139093156,-0.03382322269811371,-0.015598956086036743,0.07082999113991842,-0.05199346768715014,-0.04122985400474569,0.00025163522138290105,0.09177751941874605,0.022527786711635182,0.008038623104140066,-0.018100250441258892,0.07230586024549078,0.062063417180735804,-0.020703711330992868,-0.12288398486863462,0.008238168411149408,0.0729329087837691,0.06624455076094755,0.08045135547215392,0.019368805503963592,0.11445425590129298,0.07161208585960761,0.08567208251233538,-0.10323165027266515
Pos2_TPSA,0.06843872027020227,0.05809867699932888,-0.03386657461874045,0.17930889320781437,0.07560921879560546,-0.044572028782811794,0.16217497179514637,0.047000122397450966,-0.025020306729708418,-0.023250947234787003,0.046695548488988624,0.06874509575329711,0.062049994185870955,0.007993429618248065,-0.587809392539397,1.0,0.3803455277453186,0.46774532655796586,-0.2075979107816674,0.008710529038264306,0.002267487171017312,-0.0009158753136711512,-0.05799235958525259,0.023125144474670848,-0.04484193282331897,0.4100309821724241,-0.047410444437627555,-0.18164890024581373,0.09756409549289159,0.09584625568633426,0.11387252516842282,-0.17998576045901113,0.07004034319637623,-0.012542131663926337,-0.029483209701946837,0.057651797843100774,-0.07656159094998416,-0.033625872388070056,0.0070720712617544845,0.2047745709197915,0.07255753126005325,0.015453553368536615,0.037822609610999494,0.03985890417486203,0.04360012164948042,0.02101642655455346,0.28543731523775107,-0.08215346280294161,-0.07861494675006435,0.17807047393731765,0.2196304374911083,0.08952649324935566,0.16934338705006943,0.08363053255479361,0.2671198868857622,0.21068016548502946,0.20487897687435402,0.0936786165461338,-0.023897163863620095,0.12454077426212842,-0.11908034774546591,-0.11516315713219623,0.16674269416285392,0.1505707652654024,-0.08459699244107848,-0.09295738348428591,0.0052302355544516345,0.023996999392102238,-0.018944257117362976,-0.0973933802929797,-0.10796230109290778,-0.08411534802445401,-0.06600538026791979,-0.028431730566321516,0.040112335081690494,-0.08349952973125434,-0.10674148396872168,0.10238137889116519
Pos2_HBD,0.036453531518530154,0.006644881220219262,0.022430173382330238,0.3533258272063433,-0.015415076245728921,-0.05869075071658726,0.14560167396402302,0.0683113170721131,-0.07149991574985919,-0.025685047477848083,0.01903238937124509,0.044496711248463695,0.12233251631426352,0.02965213827082727,-0.2056281971574043,0.3803455277453186,1.0,0.1955566334867956,0.03897718918114508,-0.060626926811109,-0.02275935858637703,-0.20915067811272783,-0.16568933601915317,0.043533081531303704,0.0039344280147816865,-0.04537104661015159,-0.038841260242800865,-0.24711091597209858,0.14450274560484153,0.3200511350220803,0.2714205808477591,-0.09616933769831022,-0.01071028975897636,-0.0017763851040331095,-0.057421980267682915,-0.017596343768883728,-0.04512818134226655,-0.040861794321681556,-0.03927467040983657,0.23594589285015513,0.13670336156661578,0.017116862764443744,-0.006324203207451352,-0.007656488001625362,0.08737639535969101,-0.03177733280207333,0.3434317894118181,-0.12948330584326143,-0.13275612934168524,0.22450634154530702,0.24679840555739313,-0.06409599111661404,0.10938603783211925,-0.04697535177900329,0.22660620545227741,0.4477405454596601,0.38666058011261456,0.04034655361640886,0.006021162276839321,0.027605027159858093,-0.24474449458578915,-0.250704781344352,0.09530783569961128,0.08859975026336536,-0.09648731289678347,-0.08642505244924152,-0.03510581504126656,-0.03442557060560005,0.022666817779291387,-0.04377729897224061,-0.04826591237644914,-0.1063295329935263,-0.09585583409767606,-0.08589536699971806,0.01242615773951928,-0.07727125921182496,-0.10071807455066432,-0.01626504504192479
Pos2_HBA,0.20911043303636528,0.20575665764110498,0.20947732978119105,0.050613090115707526,-0.03289521212987553,-0.015244147424565832,0.26667131338589106,0.24878847251009176,0.07253408827817612,0.04897548682366218,0.21240558988774705,0.21182922296227538,-0.02705901959708149,0.5961620246448303,-0.5160830040159932,0.46774532655796586,0.1955566334867956,1.0,0.40560442969883287,0.5196497554563421,0.35978222020146416,-0.1811864795808096,-0.25626400792583737,0.5320532458547232,0.5727671584979604,-0.16371517407946573,-0.10651412940392282,-0.06345519074309085,-0.2052901401233761,0.02235285854737134,0.0010362737539769276,0.03848458002231478,-0.16815071048728406,-0.20809401130285324,0.0958873839063903,0.05326158030792759,-0.0986428786435257,-0.12695604276132938,-0.06699381152658923,0.4192864456553036,0.508052891124844,0.3783931175500361,-0.02531147762553858,-0.030643706153346096,0.5430111600764761,-0.43701431831269105,0.19754869982344556,-0.04547097026252103,-0.02854410752048964,0.45655602838931364,0.3718262392260558,-0.24100240116917704,-0.2625188971910456,-0.3750849169786532,-0.10016645326331791,0.04886040955667168,0.04576953126138957,-0.4176017634985922,0.3807616557912676,-0.07619389262814588,-0.0015766849879169582,-0.01242587101860471,-0.328550188993624,-0.18316104580123865,0.30291625370799213,0.0735520712120709,-0.029288497208766678,-0.2092254803764387,-0.10713551255946838,0.26612248773107094,0.35768484803793654,-0.10725000802408377,-0.20885109002123534,-0.15993693213057242,0.09182237944450998,0.03376597404551473,0.025356707231228973,0.0868465114603146
Pos2_RotBonds,0.14850766099892931,0.1380109017491925,0.18481570747656836,-0.01689112157973486,-0.22853411672542576,-0.027669870212406723,0.22624758890774693,0.2731244717196155,-0.009801651446813152,0.09173277613506196,0.16323947201374714,0.17222852245684134,-0.019290767205374634,0.7028680267166824,0.28637487484378465,-0.2075979107816674,0.03897718918114508,0.40560442969883287,1.0,0.26529913264082644,0.3422521855448197,-0.20922165928118458,-0.25033895843586085,0.7133943105572808,0.6948277498153401,-0.4314020126856801,-0.11719517694797632,0.12102538338778113,-0.31596080180931935,-0.14714501333747712,-0.1863255319121742,0.2801891946082025,-0.33330049415148627,-0.2782519063093567,0.06840819693256238,0.22511131952081706,-0.07688485904834994,-0.16067936169824748,-0.10288938771153706,0.20684953184167332,0.4159177379398125,0.3306828867814005,-0.03943512032111043,-0.04468729649133258,0.485665666015148,-0.40057363351481484,-0.05804593689063683,-0.017250854256127428,-0.0068452988376749326,0.25094162882299553,0.17374827683667146,-0.278580917616483,-0.3719490158670757,-0.4337674981061654,-0.26850322783045444,-0.046656515108403344,-0.05708576263669656,-0.4699824761580614,0.40504742871117483,-0.1808272198460131,0.006182935313276824,0.0812114751643934,-0.4431938546838899,-0.2818345596402904,0.3824936764198654,0.19865467635048187,0.01577369324046747,-0.22252008584006425,-0.1635509966074333,0.3546181448094016,0.5067113104233528,-0.03523822626257347,-0.13040466212735813,-0.18529538289770742,0.14131355553565195,0.14816604937630645,0.15330922814269018,-0.16148170407239656
Pos2_RingCount,0.20918069438776832,0.19623651290431154,0.2695490314357396,-0.043031648760464315,-0.01974320259470951,-0.00833551856813608,0.24677830397218986,0.24394670661869103,0.11499616606673735,0.028334813337690987,0.21670239308209338,0.21121201618454358,-0.007532347320914051,0.7708159845604,0.057305583313952066,0.008710529038264306,-0.060626926811109,0.5196497554563421,0.26529913264082644,1.0,0.5973179123472072,-0.1865762677193227,-0.2193215883683575,0.6553598376497988,0.8291901433350127,-0.18477535951206014,-0.036039946897815554,-0.016504341431665136,-0.16233565715806894,0.09954253024710276,0.058818032669636394,0.06127425690411199,-0.1284384163729467,-0.1655880974395702,0.1124801118051583,-0.10862830407602211,-0.02010313667660005,-0.06544827630803485,-0.058060832591507405,0.39768918701024353,0.533463199230216,0.5265148010727486,0.0731664728927055,0.033688419716606036,0.6176722124534616,-0.5502842823963704,0.09669275307435933,-0.003480406549741791,0.013697421368138197,0.4679417184140978,0.3226340416419379,-0.290696364343931,-0.3881422959631302,-0.48371587743809435,-0.16485504720821453,-0.05863089716685278,-0.03934175742249989,-0.5211952616618175,0.42278515330579436,-0.13092312631357542,0.06503054166277601,0.07453043043100749,-0.4557212967919633,-0.2943189396245309,0.34717467857830075,0.04594672499187351,-0.09685297369344348,-0.2519003112934834,-0.1392475784977877,0.3384751695713186,0.42640161711635766,-0.1521159391904016,-0.3081089229300447,-0.1776263632570966,0.12742087064991928,-0.003683668228216839,-0.00922807191036799,0.06988596832417544
Pos2_AromaticRings,0.15909612492887593,0.1768754197517503,0.1430701578103397,-0.030282210591930862,-0.0164510791630901,0.04255030693858334,0.14546860915613258,0.1685704874045331,0.03593963554631573,0.04172953531249067,0.1687359148112675,0.15447119218375405,-0.1565578922783551,0.5418364527498519,0.1406458760514986,0.002267487171017312,-0.02275935858637703,0.35978222020146416,0.3422521855448197,0.5973179123472072,1.0,-0.11941852801183554,-0.33806956494047263,0.5421248783472082,0.6116923134862347,-0.1673415555840285,-0.011890002583032,0.015097162812836018,-0.2177881940200289,-0.031233644219724056,-0.043070080218833906,0.06469805848548238,-0.03281611833902152,-0.07743453885307681,0.02391109276469562,0.02640050549737414,-0.015502230734983934,-0.015500432251842337,-0.06331819007675675,0.2345468080587505,0.266590320952423,0.17980354509556726,-0.013191971170833245,-0.027113896245975204,0.28740231073825884,-0.18992498292373233,0.17075223671303352,-0.006562236864382817,0.005231666186745313,0.23775731576442558,0.23314518973509124,-0.16221961049361425,-0.1665109842054237,-0.19970148349268657,-0.06590870012572057,-0.05759935150548566,-0.05007702021493002,-0.2361090491619903,0.2048573664937168,-0.0413746627204738,0.03457155099891565,0.04415886481084854,-0.1988309543805701,-0.11924057360852787,0.2854749287426751,0.08426274329406643,0.0385455468359993,-0.13837618874184815,-0.10053013571395243,0.12983359285647839,0.21848055024592106,-0.02388278258505328,-0.06055858572894046,-0.07278894410060609,0.08050946330631295,0.06006481734798677,0.06097197088151224,0.09330507195403419
Pos2_MaxPartCharge,-0.09590281877822882,-0.08752562552685059,-0.1475547017819886,-0.09934825320048273,0.038397538102415384,0.004425207659100923,-0.1284002413089471,-0.1336450501518106,-0.04306968160949924,-0.044823291506084224,-0.09875407143589633,-0.09977125690842124,-0.07705617887006463,-0.20996890824317774,-0.024784186289122385,-0.0009158753136711512,-0.20915067811272783,-0.1811864795808096,-0.20922165928118458,-0.1865762677193227,-0.11941852801183554,1.0,0.36538509686412407,-0.15660145011118115,-0.20599941391655566,0.13254005396496674,0.048134885085076386,0.05760092982044424,0.026505739781094634,-0.07887309049724446,-0.05959685931165898,-0.03731256921728343,0.10721626637329497,0.092083264536555,-0.051938090526170995,-0.03370788483904249,0.03453541824904902,0.06415979717466584,0.04661443894049273,-0.14039033835228482,-0.2003542409131387,-0.17028281974756626,0.013423014453009613,0.016132865359799596,-0.2220838583528047,0.1852280550407805,-0.07184189003428554,0.013285593917437092,0.0006840804505032474,-0.16324499571134568,-0.12585760753204905,0.12145141610180894,0.1405201261607628,0.228146575033223,0.01935236977324344,-0.13337561291980693,-0.11056129268199176,0.2254850906935758,-0.20298512880454092,0.04912559467331187,0.0012774295278419401,0.10775128467017595,0.17626383163621165,0.10078315062807874,-0.12096415236406634,-0.0324343147745935,0.018238865980875277,0.09825203269355157,0.04725423739779877,-0.1367988672552707,-0.18097202813337596,0.053331213678025055,0.1094250428720248,0.07934373934728228,-0.026761398435535988,-0.01499484951684758,-0.011328896016071389,0.09110028949272386
Pos2_MinPartCharge,-0.08747238869625648,-0.0906739210554897,-0.09574309180503304,-0.027538450344198304,0.024529365956470813,-0.007242473707311093,-0.10328263398053339,-0.10756081202253537,-0.03508371118638532,-0.02454013205435268,-0.09109326742272493,-0.08881325680164491,0.030319319584745538,-0.29255347571786605,-0.06561608072194623,-0.05799235958525259,-0.16568933601915317,-0.25626400792583737,-0.25033895843586085,-0.2193215883683575,-0.33806956494047263,0.36538509686412407,1.0,-0.2859055386969003,-0.29885193671888655,0.08853000852606754,0.02469114704020919,0.05028697401905445,0.0419996998914688,-0.06996101164879649,-0.05341486145978999,-0.06496403995437082,0.08921735111323004,0.07972125011720026,-0.04493988063607065,-0.02345007552807506,0.012748211477787557,0.03968571730480333,0.0670652138830815,-0.12230247962273998,-0.16752584700583695,-0.1421792245098672,0.009706095766248686,0.011743605088758442,-0.18261258015044848,0.15375144660940748,-0.06766013712468971,0.0007115940613131824,-0.003653372592482562,-0.14129498135812169,-0.10910135338237457,0.10035248236763038,0.14622301710710028,0.1805802686035299,0.05876955787916133,-0.014512291417545389,-0.008810664480932005,0.17974859656323375,-0.13491958660863174,0.05291937262313914,-0.016157208482360984,0.030821569706791896,0.1662999893282647,0.11433096161577787,-0.14515648762224595,-0.03926389270389386,-0.005322734956779757,0.07636669458914337,0.04270429741584347,-0.09993617434621323,-0.14547791511399005,0.040256671294291925,0.07316491561927238,0.05434508534410879,-0.03228651532717524,-0.024269138868521313,-0.01902878501087615,0.033332346382459514
Pos2_Chi0,0.11598520998324736,0.10718109793496444,0.0900971080520642,-0.04664298105667472,-0.1864331087421425,-0.058087276694512795,0.22233465545893868,0.2006909269089768,-0.010699989644284766,0.075366023582439,0.11994261909639341,0.13812396992435544,-0.010024253112717351,0.9781559772326803,0.31909232795084425,0.023125144474670848,0.043533081531303704,0.5320532458547232,0.7133943105572808,0.6553598376497988,0.5421248783472082,-0.15660145011118115,-0.2859055386969003,1.0,0.9512655244785276,-0.2882695822570842,-0.08888032517842093,0.0941445034319542,-0.26786570781723446,-0.11131127189938066,-0.1572577432152671,0.19385577952968674,-0.23680350135883946,-0.22539807225655795,0.05446251281754556,0.17515571637033123,-0.06298680637337181,-0.12243122986268289,-0.07976466129309974,0.22835745467783644,0.3395766247152898,0.28084197225531216,0.04254614253052071,0.0163459108912404,0.41235021890822854,-0.31469111895302637,0.017568823905154893,-0.0028052259030205673,0.007353465725897984,0.25366294705344017,0.2081633268723224,-0.18215672305022323,-0.21289125029814177,-0.2971086188587857,-0.10433504458072825,0.03033703521963467,0.02847117549194878,-0.31632796266749935,0.2991577378840367,-0.08879655942740959,-0.00981725414165161,0.06695046225208887,-0.2687225633746101,-0.15228742054429764,0.3045429371154392,0.12189068939015114,0.06713967193705134,-0.23730937838208152,-0.23952834616204124,0.22493147835357868,0.39495141617132234,-0.06574088610002024,-0.13433035101171467,-0.12334526458855148,0.20088946307548397,0.08917571408118175,0.08527182092046631,-0.07707752279285668
Pos2_Chi1,0.1799735978967017,0.16693240653740418,0.20119675848443933,-0.047092759699202215,-0.1540920240834703,-0.04260702506446903,0.2707551256566324,0.26682945402035596,0.04320910701972767,0.07458688278673489,0.1879668825269156,0.19777670770199565,-0.007346955821477982,0.9883609709536538,0.2655735245184153,-0.04484193282331897,0.0039344280147816865,0.5727671584979604,0.6948277498153401,0.8291901433350127,0.6116923134862347,-0.20599941391655566,-0.29885193671888655,0.9512655244785276,1.0,-0.32763844584860735,-0.08932501685101497,0.06532935711396938,-0.27359732017151656,-0.049904156901262355,-0.09938241594601753,0.18280078669162986,-0.2492794308039698,-0.24850735040856223,0.0916513280272193,0.09963826876887674,-0.060865898354208636,-0.12820599887520873,-0.08778111126208125,0.33453353762807736,0.4962040791298565,0.44678087485209894,0.047836456219212314,0.01495780646856082,0.5856936166094748,-0.4882163400155657,0.03767470174300113,-0.006376022806692148,0.008444156051578758,0.38794488992208526,0.28432856889719443,-0.280599431957807,-0.3591750539893628,-0.45808650360239156,-0.18156915492160405,-0.01900475457864881,-0.014058955871307921,-0.49182325534371796,0.42639994096309225,-0.14104344586645065,0.024388622413517302,0.08470961202991363,-0.43290487841302694,-0.2674463970665876,0.38739476760512725,0.12324272159086162,-0.006886762706341422,-0.2786592351729769,-0.217655965589184,0.34030261002102363,0.49671629518954036,-0.10971049337567525,-0.23424454261866456,-0.17996419436835387,0.1876921523266023,0.07394416594611274,0.07027543227863035,-0.04825234014300396
Pos2_isD,-0.10483821869826769,-0.08961070548382291,-0.2037556821896482,-0.04009341584818916,-0.05941682441610794,-0.041552966481026146,-0.0682128919052786,-0.16755083679535038,-0.0560254666290168,0.01995613876449496,-0.11604830689556786,-0.10224239370777344,0.06096586858279397,-0.3122391584341438,-0.1610887193730345,0.4100309821724241,-0.04537104661015159,-0.16371517407946573,-0.4314020126856801,-0.18477535951206014,-0.1673415555840285,0.13254005396496674,0.08853000852606754,-0.2882695822570842,-0.32763844584860735,1.0,0.11062277486196691,-0.06155321909753792,0.23592223394182862,0.15000320956146979,0.21039160647503483,-0.12517979773170157,0.1829026971710434,0.11023399565863413,-0.038402479397987264,-0.17222752798999816,0.09030200671082064,0.11505736391188393,0.04668413490082656,-0.05915821865381281,-0.18925316602467704,-0.0625203459158745,0.09610211973039626,0.11744865865172256,-0.21641423248902178,0.15947470879586761,-0.014327054915660959,0.033732799982713904,0.022666550414568335,-0.07354445617384467,-0.060324090135651695,0.23261700375154407,0.21805982761057494,0.24361086305665222,0.16019446277057175,-0.02391720691423849,0.015432826806168717,0.2556809912899979,-0.20448984297566303,0.10757649301401088,0.0011461539144542279,0.048131045362768715,0.25158182623122566,0.16904127101854594,-0.1685798091109479,-0.07511853544547661,0.04582536019618394,0.15753208400466345,0.07141855221072547,-0.18791491827069554,-0.22489684902187027,-0.005955939071253268,0.06534787978760703,0.12799724472979157,-0.047532366811958486,-0.039244886635826814,-0.06083024616307249,-0.006020688516480941
Pos3_MolWt,-0.0422335476354171,-0.02260352963069568,-0.0650149836642617,-0.1092811022633904,0.045111547966937525,-0.018339225285613946,-0.03194019422829102,-0.0536985618159352,0.025578646376916713,0.08165532198408097,-0.048997193139841445,-0.043920166771796,-0.05950327873865498,-0.09890442361383199,0.007939973384076692,-0.047410444437627555,-0.038841260242800865,-0.10651412940392282,-0.11719517694797632,-0.036039946897815554,-0.011890002583032,0.048134885085076386,0.02469114704020919,-0.08888032517842093,-0.08932501685101497,0.11062277486196691,1.0,0.6849904577051354,-0.05401256732099101,0.18660841283260918,0.28043339811651413,0.6508092432076836,0.7658886809893412,0.7505430213164822,-0.3889701172945184,-0.3094149948554024,0.9888657117033046,0.9851325082260315,-0.3663685094773553,-0.09420131211021661,-0.1466041409354528,-0.03561433408221115,0.1655184810009439,0.10577072384207782,-0.15149470666813616,0.13555480604315479,-0.18076285189630711,0.04030216727172834,0.03730982784085167,-0.11763616292520512,-0.08232047673642093,0.050265897612025254,0.13423988634391923,0.1319055524325356,0.07269406003409591,0.035613192384292655,0.04916431960395444,0.16531993872094608,-0.11963532649371238,0.04950284276854376,-0.000379815037106897,0.03926042147697121,0.14853567710066293,0.10370106830511325,-0.06054886517120827,0.031354162480523085,0.07387200992631499,0.004563216050587381,-0.008533553321125638,-0.08105303845422837,-0.05831282715312593,0.06625043490758979,0.08859877683068332,0.08263460214522411,0.019038637109892096,0.04365445564242356,0.04918653856394853,-0.18056785786088259
Pos3_LogP,-0.049923774637917195,-0.025631228842877392,-0.03501146910800388,-0.2856895842432256,-0.03866685831152199,0.018484803707677425,-0.08983097687704462,-0.029658064651494107,0.024854148065355956,0.07164641422022223,-0.039484316440911084,-0.045814569728915296,-0.15402756776677207,0.06753073499492294,0.14560835196817157,-0.18164890024581373,-0.24711091597209858,-0.06345519074309085,0.12102538338778113,-0.016504341431665136,0.015097162812836018,0.05760092982044424,0.05028697401905445,0.0941445034319542,0.06532935711396938,-0.06155321909753792,0.6849904577051354,1.0,-0.42573201495987983,-0.24506661573243285,-0.39035296606938535,0.7391772926518524,0.37014416998079464,0.4522193059410211,-0.2784502257528836,-0.03466712072776028,0.7106113037136096,0.6612875039269168,-0.32736520014786913,-0.187495398133172,-0.11802715098715315,-0.07576209845559365,0.0823162610441237,0.051343144903129266,-0.11438080290443126,0.1100818906728795,-0.4297990751868025,0.10985934038803824,0.10703171716764413,-0.2107013624957314,-0.17106563273196654,-0.030741540938623985,0.013726991456410043,0.018097892166058456,-0.060102782339738016,0.011360772551937286,0.011965419941272577,0.06158037081924808,-0.047379655952082114,-0.05775416759779543,0.058084928452338064,0.06325845864361496,0.01642829042926236,0.002157470963288936,0.09863199170152903,0.14248265586820247,0.09118328711919732,-0.017044702982007942,-0.026452701572920966,0.029734736571785922,0.08262778656083926,0.1395107274615676,0.15432527179699146,0.0810633542013353,0.023583536245433395,0.13770444206759283,0.1615126870014586,-0.2309355535485141
Pos3_TPSA,-0.0837232995311474,-0.11020171539529337,-0.12187476665436746,0.16821047988730678,0.046868698086801885,-0.06471491112270411,-0.016670294789868527,-0.10921891508980615,-0.05686697026951941,-0.07725415906975024,-0.10360779510168011,-0.08034282933112727,0.19510252358741434,-0.2703715292239019,-0.05116400104716855,0.09756409549289159,0.14450274560484153,-0.2052901401233761,-0.31596080180931935,-0.16233565715806894,-0.2177881940200289,0.026505739781094634,0.0419996998914688,-0.26786570781723446,-0.27359732017151656,0.23592223394182862,-0.05401256732099101,-0.42573201495987983,1.0,0.3291530928480349,0.43249180275040794,-0.5431230719570646,0.1156384100251398,0.07009333945175948,-0.1290871122085842,-0.18308442352187526,-0.05594108821285891,-0.06305768208203152,0.37058288266189565,-0.04810379101391763,-0.19529097567416345,-0.04752587318437313,0.1427149492584458,0.12283661957027406,-0.20319761429994804,0.15841775204630956,0.08977894624380207,-0.06527468572791183,-0.06870787740284497,-0.06377527980853201,-0.04013000316478923,0.1828042876160797,0.1632111260627752,0.16854172609957818,0.22768016783694345,0.06435315687545813,0.08891011377597038,0.1971572393756831,-0.1904047142034129,0.09693499090203032,-0.06344789297243936,-0.08389479480823542,0.19606537344066238,0.11471357881296348,-0.2844378461303891,-0.1505757888330371,-0.0710843288530043,0.19001149330988198,0.08989728901365744,-0.15231549486007137,-0.25706865352276875,-0.05707437345230749,-0.024403969801424105,0.008425069931206243,-0.043768884883461756,-0.12522309248016023,-0.14451248267763772,0.002396401204151452
Pos3_HBD,0.06681045292210513,0.0705020988782178,0.09589396419677221,0.31256286422099117,-0.017328239554419908,0.024710749806238753,0.07316673093733121,0.04547516104765258,-0.05104263207402745,-0.017883620053577083,0.0644954605247701,0.05928520039660232,0.021666991390450845,-0.07023172678968355,-0.1289838371825156,0.09584625568633426,0.3200511350220803,0.02235285854737134,-0.14714501333747712,0.09954253024710276,-0.031233644219724056,-0.07887309049724446,-0.06996101164879649,-0.11131127189938066,-0.049904156901262355,0.15000320956146979,0.18660841283260918,-0.24506661573243285,0.3291530928480349,1.0,0.7282274673317171,-0.0794619898414904,0.1747208970869082,0.1957569490073457,-0.02968091164995583,-0.7032945009617069,0.18549489339326938,0.1655578746559928,-0.05717060442737692,0.2158548131685614,0.012828472512814265,0.2588106660819428,0.3718378734677854,0.2802532545620538,0.0773824466331289,-0.057530451371433436,0.2741563848650514,-0.11782005176629796,-0.11825142451456028,0.21310084199819948,0.2062526957477425,-0.07423400433612057,0.013752483717008648,-0.07095954531696738,0.07878408980111588,0.11978510889468875,0.17332315799745598,0.041763954917807926,-0.06040097938590374,-0.05063175564728116,-0.13833159171522968,-0.018885338348460293,0.008932270562600915,-0.01521732324581495,-0.10070802072379195,-0.003644398689327076,-0.04126584785698632,0.005006041910457662,0.09164862850955194,0.0007490324532606464,-0.01164178986310517,-0.03194558369123921,-0.04786492393362914,-0.07001562798995335,-0.019354796541851436,0.0006388009616401637,-0.011116753867267785,-0.01828369787842776
Pos3_HBA,0.04633365179517157,0.04468894225976026,0.026550657912314674,0.2653187249167999,-0.020215650984011308,-0.024692610300500996,0.10535037094073435,0.016293623169263208,-0.03509043700492508,-0.010326676564675015,0.034930922132640194,0.044220196347042016,0.13151243370326918,-0.11983521410426745,-0.15399405463335433,0.11387252516842282,0.2714205808477591,0.0010362737539769276,-0.1863255319121742,0.058818032669636394,-0.043070080218833906,-0.05959685931165898,-0.05341486145978999,-0.1572577432152671,-0.09938241594601753,0.21039160647503483,0.28043339811651413,-0.39035296606938535,0.43249180275040794,0.7282274673317171,1.0,-0.015167922389973295,0.1841598902138535,0.06752627875550049,-0.017586166821378008,-0.6013233306385639,0.2715934749411672,0.23074328913932865,-0.04886364469637416,0.15399715550805812,0.10855337454825674,0.13131995924530762,-0.008293691367836241,-0.010040877303281074,0.06254598741687588,-0.09271812575215191,0.23142699083272752,-0.10142419978675059,-0.10095266064743595,0.17796604003603977,0.12187266741513285,0.034268081464089814,0.0416514709348861,0.05604832424946465,0.02576340176298649,-0.021330317707497624,-0.02178253304316387,0.021681839025727147,-0.015271587626057202,0.05277056232537349,-0.068605844318023,-0.0063537104230924155,0.0455516016919981,0.03689603598703287,-0.11316248615657569,-0.056367190290631995,-0.038476934974400495,0.010462973460419394,0.06876452081723138,-0.020559147309946107,-0.018656568928857357,-0.11161961248579169,-0.12795257290478163,-0.05377851515711036,-0.00738474579555413,-0.04560656096466865,-0.07670497812609457,-0.02133031770749851
Pos3_RotBonds,0.014108340745645253,0.027028218865288865,0.019641279897180952,-0.16817355783633312,-0.12970104724320744,-0.0026550680285712387,0.03625950106220672,0.08010138641098762,-0.0034147584588613156,0.08182776841463985,0.02371383534194727,0.029199610550006555,-0.10287391732594711,0.1788016653135446,0.1503155349879799,-0.17998576045901113,-0.09616933769831022,0.03848458002231478,0.2801891946082025,0.06127425690411199,0.06469805848548238,-0.03731256921728343,-0.06496403995437082,0.19385577952968674,0.18280078669162986,-0.12517979773170157,0.6508092432076836,0.7391772926518524,-0.5431230719570646,-0.0794619898414904,-0.015167922389973295,1.0,0.1153978392722494,0.25013340435060816,-0.11600265017342132,-0.06558228857187694,0.7116995326627011,0.5829756557296171,-0.4891283908041592,-0.20242166165682657,-0.011254489567304602,0.0161508734705613,-0.043769362224974434,-0.04749764730072989,0.018789137593075426,-0.07465627258539645,-0.39410734320066615,0.0625345171629009,0.058161619266052324,-0.16979539050875467,-0.22529974583594228,-0.08000623672959545,-0.11396376631952476,-0.08562195129340375,-0.18857430605871192,-0.053173381460014,-0.07502765308883054,-0.0803369787186949,0.05908324912617089,-0.10570766374874768,0.028017582043787577,0.10135928398899491,-0.12473433916786214,-0.09604601255449478,0.18174969416801653,0.1877579249007309,0.07782640374951563,-0.08749752298497206,-0.048211478394292774,0.1349667792466741,0.24188198353492318,0.07692330996805921,0.06458170781325938,-0.014440407387505088,0.0676825327383459,0.16778090318629338,0.1801119163882929,-0.31536828897797786
Pos3_RingCount,-0.0675219810860782,-0.05113392981434346,-0.1037248198369073,-0.04552479357820208,0.14489529868123613,0.006132342664223265,-0.09785916266626926,-0.12380650269870827,0.015279291978749094,0.04987811205361149,-0.07879943271150504,-0.08116830644217707,-0.04266745527804293,-0.2519890937144265,-0.07350476650713603,0.07004034319637623,-0.01071028975897636,-0.16815071048728406,-0.33330049415148627,-0.1284384163729467,-0.03281611833902152,0.10721626637329497,0.08921735111323004,-0.23680350135883946,-0.2492794308039698,0.1829026971710434,0.7658886809893412,0.37014416998079464,0.1156384100251398,0.1747208970869082,0.1841598902138535,0.1153978392722494,1.0,0.9069249714506105,-0.40096283722973886,-0.2249708889576543,0.673979509405937,0.8523541484639959,-0.15271529701563105,0.00526280973544444,-0.22003697323509058,-0.14649315350120504,0.20714550393652253,0.13905579338631496,-0.24735767261612598,0.29721431451195957,0.10838219653905183,0.010697743412494668,0.012072063722179126,-0.06649513606690095,0.06147491425539046,0.1191344295467451,0.29519487972642716,0.2894041831756434,0.2178340989724674,0.058489449366763965,0.090132341236687,0.32644236667219734,-0.21873087727589588,0.16457875201169214,-0.02095906484783285,-0.00814966775147931,0.32262086890064456,0.24267259027273444,-0.22138072870945877,-0.07787172405262938,0.03629993142051705,0.099598154661454,0.027523807866754738,-0.21632390369726828,-0.26551330109009175,0.049933384081746635,0.11144408498142275,0.1220296328685464,-0.005069678094136416,-0.04918624550459308,-0.04754224191826874,0.04183147252270602
Pos3_AromaticRings,-0.09294862589779623,-0.08224566853805702,-0.10485111595390799,-0.05096746188753211,0.12548707417809762,0.003670499493889041,-0.12098354464614144,-0.10870746172280037,-0.0015781901418786273,0.0510524042735535,-0.10180611739335166,-0.10080235916685232,-0.06778202256988254,-0.250258782409865,-0.028805999115407224,-0.012542131663926337,-0.0017763851040331095,-0.20809401130285324,-0.2782519063093567,-0.1655880974395702,-0.07743453885307681,0.092083264536555,0.07972125011720026,-0.22539807225655795,-0.24850735040856223,0.11023399565863413,0.7505430213164822,0.4522193059410211,0.07009333945175948,0.1957569490073457,0.06752627875550049,0.25013340435060816,0.9069249714506105,1.0,-0.4447765147622581,-0.24916967758782174,0.6938715846411563,0.8389923324163157,-0.19454080067433194,-0.20173973950592944,-0.37058305924167745,-0.19944358413069335,0.22387979735670932,0.15273871905992117,-0.33847015210891,0.32459082226919694,-0.04180142645289396,0.021495134369076706,0.015939693251059577,-0.252083731161811,-0.1507693241696772,0.11440005526454657,0.2591327968165578,0.2642020283474713,0.16678693159354632,0.07361120539216866,0.09969942476716953,0.3399226249588222,-0.2654267449355543,0.10304933082756294,-0.03620897267185044,-0.018361270602113275,0.2945694911280923,0.19652266915792765,-0.229521519249111,-0.04845373106488457,0.043030353597355575,0.0835005258286906,-0.004371593070243833,-0.20704368192353784,-0.25208990961545014,0.10198562394704236,0.161052218656637,0.1146769097203051,0.027065865947013018,-0.025150614341867647,-0.008267178736587291,-0.05867771423759578
Pos3_MaxPartCharge,0.042491737165288625,0.04445400826520526,0.04836567564968902,-0.059548371259747115,0.040382140033200564,-0.008276560514612882,0.048622396299203986,0.029781290563508457,0.06685098674398643,-0.017493427326768268,0.04122936809426079,0.03976054173543567,-0.016189420201481515,0.08328615437694928,-0.030928589428237528,-0.029483209701946837,-0.057421980267682915,0.0958873839063903,0.06840819693256238,0.1124801118051583,0.02391109276469562,-0.051938090526170995,-0.04493988063607065,0.05446251281754556,0.0916513280272193,-0.038402479397987264,-0.3889701172945184,-0.2784502257528836,-0.1290871122085842,-0.02968091164995583,-0.017586166821378008,-0.11600265017342132,-0.40096283722973886,-0.4447765147622581,1.0,0.22801575556087447,-0.35379788960447345,-0.3948496375230872,0.1026917892606176,0.12726640170998121,0.19326164608160482,0.19286393203944305,0.015327078672397281,0.017247546822260044,0.21631014093168713,-0.23280063137239487,-0.04505067433065811,-0.018547787488560338,-0.014554694946957498,0.16681441316790052,0.07541650890704522,-0.08947926847029088,-0.1402992062812714,-0.15983924900800717,-0.0896518865859361,-0.05146272532235725,-0.03928213268458705,-0.16303848098879187,0.12124890381708377,-0.07367572374865491,0.00231285502987109,0.09666670084293318,-0.1604688964034078,-0.11296933504379982,0.10143895486966531,0.017704840729047173,-0.0657605596663136,-0.04824972685074473,0.06027018705140364,0.1335832524694028,0.11999929439681134,-0.0484185155963912,-0.11010514307532647,-0.06290753871876316,-0.0544354183086036,-0.00028004103659261113,-0.005026865103922275,0.041750934768158776
Pos3_MinPartCharge,-0.007827046843671583,-0.0364159491456988,-0.039571921921740735,-0.020266240738969248,0.01850675833466514,-0.04841096554115522,0.051601051731007694,0.05069229705230493,-0.007482660540567946,-0.01443740542489888,-0.015053059715444819,0.004210571584364853,0.037544080726207255,0.13088372403186024,0.12467157088044586,0.057651797843100774,-0.017596343768883728,0.05326158030792759,0.22511131952081706,-0.10862830407602211,0.02640050549737414,-0.03370788483904249,-0.02345007552807506,0.17515571637033123,0.09963826876887674,-0.17222752798999816,-0.3094149948554024,-0.03466712072776028,-0.18308442352187526,-0.7032945009617069,-0.6013233306385639,-0.06558228857187694,-0.2249708889576543,-0.24916967758782174,0.22801575556087447,1.0,-0.31152362992897187,-0.28323771905183953,0.05820093007638031,-0.025735734106767993,-0.020184971741274302,-0.04472071110501508,0.007359844247574356,0.008833226406451527,0.0006468280615009059,0.04519579461573106,-0.012100995692742153,-0.0032188068544432478,-0.004210989471961146,-0.04669144486979115,0.0035333167186525887,0.04060241631561791,-0.060778059988611355,-0.08499108522062758,0.018714786163910844,-0.009574310974734119,-0.005474630985472515,-0.1069684262745858,0.10830113110539515,0.018980247469281054,-0.007479870400689592,0.025392604762677042,-0.07854495121000599,-0.03585673449119757,0.09339254315670627,-0.004567697522417769,0.06547568940623234,-0.01747276843662378,-0.11576616367240837,-0.017570481023791735,-0.013172074966634178,0.044514949550212936,0.07528248830454737,-0.036556926161057116,-0.0051803696185575565,-0.01023009403897348,0.004976566511078163,0.019685488565600855
Pos3_Chi0,-0.04178588965962007,-0.023375197484438916,-0.05861727683507761,-0.12070962356278421,0.030963087279608486,-0.025434811315718134,-0.023504836744332562,-0.04183411816190683,0.02753047673542501,0.0823481253028263,-0.04786260051140074,-0.040978773401300655,-0.06204684666832611,-0.07158342075783307,0.025172347679635904,-0.07656159094998416,-0.04512818134226655,-0.0986428786435257,-0.07688485904834994,-0.02010313667660005,-0.015502230734983934,0.03453541824904902,0.012748211477787557,-0.06298680637337181,-0.060865898354208636,0.09030200671082064,0.9888657117033046,0.7106113037136096,-0.05594108821285891,0.18549489339326938,0.2715934749411672,0.7116995326627011,0.673979509405937,0.6938715846411563,-0.35379788960447345,-0.31152362992897187,1.0,0.9552612608228613,-0.3762670081880297,-0.13155127714666448,-0.14865357110164837,-0.01618630745204301,0.16382445951925095,0.10576310264935415,-0.13918263943022782,0.10306437644206831,-0.24451289239091775,0.045166740666135886,0.04061347275125217,-0.14246973426441734,-0.12989543589688757,0.037441215750643665,0.09691108678533557,0.09442523514085115,0.045562965467155575,0.034595925559163486,0.045783785291240636,0.1328371385918153,-0.10689819281440045,0.018636296190186735,0.0011987023575275194,0.0457947246512229,0.11005744163658325,0.06868220848005613,-0.034441936257283375,0.046814052575663456,0.07762283113062389,-0.015944494878418442,-0.020529205902297783,-0.05604536495279302,-0.024132124391840766,0.07258723380845791,0.08466813505270317,0.07330764646395325,0.024543142655539224,0.055593215077120076,0.06391614718896889,-0.21968865611963911
Pos3_Chi1,-0.05103466255696943,-0.030974316804557946,-0.07541438965048033,-0.10913533210956704,0.06880488243984374,-0.008928250819359605,-0.054534557541297886,-0.06894433832060523,0.023724599033382664,0.08136316098951422,-0.05812064229952625,-0.05533260508572241,-0.0685324983854074,-0.13628037805971255,-0.0059899866516695596,-0.033625872388070056,-0.040861794321681556,-0.12695604276132938,-0.16067936169824748,-0.06544827630803485,-0.015500432251842337,0.06415979717466584,0.03968571730480333,-0.12243122986268289,-0.12820599887520873,0.11505736391188393,0.9851325082260315,0.6612875039269168,-0.06305768208203152,0.1655578746559928,0.23074328913932865,0.5829756557296171,0.8523541484639959,0.8389923324163157,-0.3948496375230872,-0.28323771905183953,0.9552612608228613,1.0,-0.3504866415647119,-0.09988894807023357,-0.18116779212349102,-0.08137660820979895,0.16270754650598088,0.10241693112933477,-0.19036142739156195,0.18437840059876578,-0.1368637914390866,0.03843363265110979,0.03571363707214926,-0.133977335078345,-0.07630097983147224,0.06419663218468043,0.17122715470973546,0.17556076430407141,0.09288007969380249,0.033221959160793145,0.04825747927886619,0.210561300133002,-0.1501570417766526,0.07232585865426701,-0.0037895387460302305,0.03450082316698231,0.1900169778529611,0.13511363932169046,-0.09579497739154508,0.014812753566587853,0.06742233995908267,0.02660304669613405,-0.0010132573487142945,-0.11198799107998099,-0.10396052917368981,0.0721580938583106,0.10577338497332084,0.09439632066261001,0.01810353848984152,0.03000400366675261,0.03675221421132187,-0.1431870146732551
Pos3_isD,-0.04467603930064294,-0.06862495968120101,-0.02413928781519256,0.07849049805188116,0.05576162721923828,-0.02227099574804074,-0.043944157730892185,-0.05162129519662402,-0.023686845135821248,-0.15034261398175297,-0.04664725692277635,-0.04414693379943383,0.06020092494292274,-0.07858767765545129,0.0331560221963782,0.0070720712617544845,-0.03927467040983657,-0.06699381152658923,-0.10288938771153706,-0.058060832591507405,-0.06331819007675675,0.04661443894049273,0.0670652138830815,-0.07976466129309974,-0.08778111126208125,0.04668413490082656,-0.3663685094773553,-0.32736520014786913,0.37058288266189565,-0.05717060442737692,-0.04886364469637416,-0.4891283908041592,-0.15271529701563105,-0.19454080067433194,0.1026917892606176,0.05820093007638031,-0.3762670081880297,-0.3504866415647119,1.0,0.04063567786919438,-0.037332240237439855,-0.07627883887765599,-0.02414681297256224,0.010717073933256018,-0.049101542473015396,0.0900077209350543,0.11522449186727736,0.005091356816095225,0.009249766378204242,0.012847333281117054,0.0648044946233721,0.08027629587318708,0.077179422980206,0.10240240129859354,0.061229538670650806,-0.05255472833621908,-0.030226906941733172,0.09059781000539219,-0.07252165261193033,0.029827733302901612,0.01905084991188442,0.032474720655014735,0.08989168900766871,0.05979020405812641,-0.09492636538345606,-0.05736688118050088,-0.01171070039735524,0.06112590521162348,-0.0007544915257624949,-0.06433643603697801,-0.10974792028954161,0.01637166746170978,0.01663404444523303,0.042815568299896224,-0.011164203894646044,-0.04722493776998399,-0.04361131473365236,0.22433143370829442
Pos4_MolWt,0.24006811462125738,0.2363600210915801,0.2569362078727462,0.19513870615745216,0.04456501889592605,0.011639035513928303,0.26039286296667863,0.18027512135397902,0.10579061779725085,-0.03776987293972906,0.24028262061909172,0.22593592322737452,0.054567997698514316,0.31865776347493313,-0.12505728341073516,0.2047745709197915,0.23594589285015513,0.4192864456553036,0.20684953184167332,0.39768918701024353,0.2345468080587505,-0.14039033835228482,-0.12230247962273998,0.22835745467783644,0.33453353762807736,-0.05915821865381281,-0.09420131211021661,-0.187495398133172,-0.04810379101391763,0.2158548131685614,0.15399715550805812,-0.20242166165682657,0.00526280973544444,-0.20173973950592944,0.12726640170998121,-0.025735734106767993,-0.13155127714666448,-0.09988894807023357,0.04063567786919438,1.0,0.7899570946086214,0.5892388561919778,0.19655007720323117,0.25437127350898814,0.7603049306612508,-0.4792120253630703,0.5739882427975611,-0.10956261536620435,-0.08863295636357955,0.9693768083334701,0.9665933806688796,-0.29811136777710845,-0.2601516998867596,-0.4528013601830312,0.020579845806812005,0.13327429031434854,0.17939591201147986,-0.44646892768685303,0.41292875823956626,-0.10424060248040122,-0.04251940732915012,-0.0009016852066706608,-0.34173634931833224,-0.18688939106607727,0.2464599300676761,0.058269297356740246,-0.10425003540951586,-0.047601995638398883,0.1969774570320265,0.3068074416993319,0.2996092754712282,-0.15476974331339358,-0.2638530391188127,-0.14245782242617092,-0.19784788273770856,0.03139649418352616,-0.004891461168568843,0.32028461685865717
Pos4_LogP,0.29882664504530787,0.29187503496121525,0.3813033973715986,0.10898370801025371,0.0010362258703850507,0.030474941775744575,0.31066917807113953,0.2847778526877713,0.16079999232336967,-0.030197020523039665,0.31025228191052756,0.29089452235485685,0.060789635016560636,0.45694295985460026,-0.1311029154597394,0.07255753126005325,0.13670336156661578,0.508052891124844,0.4159177379398125,0.533463199230216,0.266590320952423,-0.2003542409131387,-0.16752584700583695,0.3395766247152898,0.4962040791298565,-0.18925316602467704,-0.1466041409354528,-0.11802715098715315,-0.19529097567416345,0.012828472512814265,0.10855337454825674,-0.011254489567304602,-0.22003697323509058,-0.37058305924167745,0.19326164608160482,-0.020184971741274302,-0.14865357110164837,-0.18116779212349102,-0.037332240237439855,0.7899570946086214,1.0,0.6311616585345978,-0.18494057963971525,-0.18817600209199095,0.9155840386770742,-0.7836736103194111,0.25437291254746774,-0.09228549269299537,-0.07286237803405389,0.868410989936538,0.6729900627457707,-0.41231981811713053,-0.5303340602763406,-0.6501756575046871,-0.24980435320109498,-0.024012990001816486,-0.03828511238042981,-0.7413210386694893,0.6203599538750433,-0.20716891689323477,0.05360676527020101,0.029391421489497548,-0.6288805723444791,-0.39397974597493557,0.43715032832157263,0.11824898923273866,-0.1777991339168176,-0.13857178350275856,0.2023681020129657,0.5179128259624377,0.531698997687845,-0.20084276814199156,-0.39519470915432725,-0.20778729494874937,-0.19238648316002607,0.06172862179539621,0.02706123267435145,0.16871931469536844
Pos4_TPSA,0.2297486665577754,0.2202938133455068,0.30306815046346397,0.055092549865768954,-0.04457638468670453,-0.041020955668863664,0.3104316391017654,0.22927303853725065,0.15190672252212392,-0.03712700564348986,0.23322415924093345,0.23346280372019992,0.056039905186243945,0.3961797611447752,-0.08389448251739455,0.015453553368536615,0.017116862764443744,0.3783931175500361,0.3306828867814005,0.5265148010727486,0.17980354509556726,-0.17028281974756626,-0.1421792245098672,0.28084197225531216,0.44678087485209894,-0.0625203459158745,-0.03561433408221115,-0.07576209845559365,-0.04752587318437313,0.2588106660819428,0.13131995924530762,0.0161508734705613,-0.14649315350120504,-0.19944358413069335,0.19286393203944305,-0.04472071110501508,-0.01618630745204301,-0.08137660820979895,-0.07627883887765599,0.5892388561919778,0.6311616585345978,1.0,0.4475928334750335,0.4294341832377397,0.8154127500516972,-0.8281399698895072,0.03468430927808207,0.04980147147784933,0.06431749050991793,0.7191017929781187,0.428568858902256,-0.3557068061526839,-0.5394348512405498,-0.769334923935376,-0.09708572647324382,0.08362213784163097,0.15997500753767446,-0.7102067878716147,0.544751928180295,-0.2343954915066299,0.033475411448920134,0.039282660832674995,-0.6365331307428769,-0.433825230622055,0.4167718507126299,0.05180299633032291,-0.19919218120376672,-0.146486134934589,0.15339085277657266,0.46958797834112365,0.4507019191185667,-0.21000074432716495,-0.39979521978358984,-0.18067317096821495,-0.15410406598269225,-0.0012560264013140384,-0.03176554482979476,0.0059881438981384556
Pos4_HBD,-0.014294368444194717,-0.019438128242251253,-0.07149748462111581,-0.005831224537064533,-0.007318826936591754,-0.058126381504032675,0.05309891831339153,-0.03180758203767047,0.012286988828895923,0.007062039848157366,-0.026264382589283375,-0.009074865724821595,-0.029477685646048937,0.04866168229516197,0.09588812605543148,0.037822609610999494,-0.006324203207451352,-0.02531147762553858,-0.03943512032111043,0.0731664728927055,-0.013191971170833245,0.013423014453009613,0.009706095766248686,0.04254614253052071,0.047836456219212314,0.09610211973039626,0.1655184810009439,0.0823162610441237,0.1427149492584458,0.3718378734677854,-0.008293691367836241,-0.043769362224974434,0.20714550393652253,0.22387979735670932,0.015327078672397281,0.007359844247574356,0.16382445951925095,0.16270754650598088,-0.02414681297256224,0.19655007720323117,-0.18494057963971525,0.4475928334750335,1.0,0.7771910615404155,0.09097154439868355,-0.04690869703534735,0.04217418504002112,0.002035871584893442,0.001763288543662865,0.1745139163800598,0.18903499193035647,-0.03491025708872747,0.07411082169072662,-0.1884231775715327,0.33333865886496294,0.3421694958412067,0.47866340202371777,0.06821230306852982,-0.0510441689887591,-0.02138503775380432,-0.10457890281529494,-0.007496710324419835,0.049857618157406004,0.02898601416639112,-0.03926030899911524,-0.034389504347764416,-0.012193998239499192,0.011090376990920924,-0.0010054310088960655,-0.02485243230831364,-0.05338952981869358,-0.007652006729564527,0.0028784234594823963,0.010571428887223074,-0.002288870020448607,-0.031215170538489035,-0.032559023706926066,-0.007722378266581408
Pos4_HBA,-0.015847247236708554,-0.020399514298918044,-0.07965988953097389,-0.007059656250478222,-0.0088606435922134,-0.06422286452093401,0.05831346044349907,-0.03850830883247546,0.014771301951429441,0.008541384021424873,-0.02917186733300679,-0.010446002322366364,0.017314801353200335,0.018055124473436084,0.07169257155178675,0.03985890417486203,-0.007656488001625362,-0.030643706153346096,-0.04468729649133258,0.033688419716606036,-0.027113896245975204,0.016132865359799596,0.011743605088758442,0.0163459108912404,0.01495780646856082,0.11744865865172256,0.10577072384207782,0.051343144903129266,0.12283661957027406,0.2802532545620538,-0.010040877303281074,-0.04749764730072989,0.13905579338631496,0.15273871905992117,0.017247546822260044,0.008833226406451527,0.10576310264935415,0.10241693112933477,0.010717073933256018,0.25437127350898814,-0.18817600209199095,0.4294341832377397,0.7771910615404155,1.0,0.09294657397701404,-0.028114216489477317,-0.008360333890141127,0.003991272420826178,0.0024307667837162347,0.21606943940908693,0.25034294230056736,0.006533314775205566,0.051636142050517884,-0.14032320078432958,0.2761378850530718,0.2573629433846274,0.3613347712161714,0.054398547666245016,-0.054928061073921404,-0.025890104983239143,-0.07754541629049863,-0.002991094067255988,0.037478331082972535,0.012496431678885632,-0.025502703193971656,-0.044071577493803166,-0.01074382673996483,0.01618216449999131,0.013028971800731384,-0.0251633554994579,-0.04858651424107657,-0.034405637492298725,-0.024919121154788386,0.012821023461501789,-0.019164099161052207,-0.03814239079078881,-0.04756857268251103,-0.009349208841418072
Pos4_RotBonds,0.30779695655258027,0.2904156654507583,0.372904448044465,0.06328350383675903,-0.012592593470253424,-0.0036022091448754258,0.3615446815871372,0.3178530833731454,0.18036204157753172,-0.009153979442910055,0.315410957889052,0.30692883532160403,0.05680571928736893,0.5417497870211055,-0.07941873732043736,0.04360012164948042,0.08737639535969101,0.5430111600764761,0.485665666015148,0.6176722124534616,0.28740231073825884,-0.2220838583528047,-0.18261258015044848,0.41235021890822854,0.5856936166094748,-0.21641423248902178,-0.15149470666813616,-0.11438080290443126,-0.20319761429994804,0.0773824466331289,0.06254598741687588,0.018789137593075426,-0.24735767261612598,-0.33847015210891,0.21631014093168713,0.0006468280615009059,-0.13918263943022782,-0.19036142739156195,-0.049101542473015396,0.7603049306612508,0.9155840386770742,0.8154127500516972,0.09097154439868355,0.09294657397701404,1.0,-0.9004297018533005,0.16797314437747132,-0.02351247908351458,-0.001492557745281997,0.8700191070850066,0.6188138422637095,-0.45588315401158624,-0.5663502967519497,-0.7622361007170554,-0.19285684357754446,0.052058121339058426,0.07456520802254575,-0.7806629967092582,0.6466730470682148,-0.2361812650287633,0.041622084357374294,0.05042380132019124,-0.6770895535709411,-0.4313769548649766,0.46140850953296475,0.10673006665309719,-0.2163397530500078,-0.18617496941793354,0.14816981961927497,0.5688104691245638,0.5855347529719541,-0.22724192042873462,-0.44715563687598453,-0.23661184754627035,-0.13129820954062743,0.03865271511578636,0.00782632857516896,0.1378235064125225
Pos4_RingCount,-0.25835526427424366,-0.24302400218710543,-0.3194372899525649,-0.02346183965136516,0.032624027679649045,0.02081119801134767,-0.3213362185776579,-0.25457704613048854,-0.19594634931934607,0.05038241598069405,-0.26498104238924985,-0.26093848791590274,-0.0845396573919895,-0.4365385340673214,0.11766119376975342,0.02101642655455346,-0.03177733280207333,-0.43701431831269105,-0.40057363351481484,-0.5502842823963704,-0.18992498292373233,0.1852280550407805,0.15375144660940748,-0.31469111895302637,-0.4882163400155657,0.15947470879586761,0.13555480604315479,0.1100818906728795,0.15841775204630956,-0.057530451371433436,-0.09271812575215191,-0.07465627258539645,0.29721431451195957,0.32459082226919694,-0.23280063137239487,0.04519579461573106,0.10306437644206831,0.18437840059876578,0.0900077209350543,-0.4792120253630703,-0.7836736103194111,-0.8281399698895072,-0.04690869703534735,-0.028114216489477317,-0.9004297018533005,1.0,0.12982806527971638,-0.017320533386378834,-0.029608561432412903,-0.6710481238047142,-0.2634663573694805,0.40466295842775035,0.6035967405359078,0.776155805726958,0.20812377302326737,-0.04089492837923342,-0.052808169003698974,0.7859560973341175,-0.603230042238806,0.25654459497579774,-0.07404056025619216,-0.04826646079763413,0.6987104010266041,0.47465010047570994,-0.45277721549683125,-0.06443763736993366,0.2558644235289079,0.15861280675571993,-0.2236999837894374,-0.5614424036972001,-0.5362860874396965,0.2564643478703115,0.4813982787491676,0.19751994353983915,0.20567596228389834,-0.000502978822287988,0.03717455619194002,-0.026772839796362163
Pos4_AromaticRings,0.10847066000480131,0.09583419370463124,0.11447588211887269,0.3388396372895514,0.08485385817651006,0.020718210691390886,0.10935740204223092,0.08979993096189962,-0.05014956576638776,-0.017629196778073345,0.10206404890394936,0.09421797763161868,0.01216261816206678,0.04314075068158341,-0.14319334279042345,0.28543731523775107,0.3434317894118181,0.19754869982344556,-0.05804593689063683,0.09669275307435933,0.17075223671303352,-0.07184189003428554,-0.06766013712468971,0.017568823905154893,0.03767470174300113,-0.014327054915660959,-0.18076285189630711,-0.4297990751868025,0.08977894624380207,0.2741563848650514,0.23142699083272752,-0.39410734320066615,0.10838219653905183,-0.04180142645289396,-0.04505067433065811,-0.012100995692742153,-0.24451289239091775,-0.1368637914390866,0.11522449186727736,0.5739882427975611,0.25437291254746774,0.03468430927808207,0.04217418504002112,-0.008360333890141127,0.16797314437747132,0.12982806527971638,1.0,-0.14516803128743985,-0.13075142250522823,0.4654938090238123,0.6874340762166244,-0.05575010476262878,0.09592459745363312,0.05741702532815691,0.09077878097375898,0.00906295551893719,0.02848769364073872,0.015644885921165693,0.05877183697878291,0.0978022066995477,-0.09808464847665117,-0.051074666052058224,0.07742295693782941,0.10348594024783606,-0.07522790250962386,-0.04136138856346391,0.022592428928772612,0.004961813570798354,-0.032758059404607215,-0.06768111122729932,-0.0627603663798649,-0.024314718526666824,-0.0009678681241922302,-0.07254326030175766,0.01682501097585744,-0.033196667456131194,-0.03987332257698043,0.38458795393759904
Pos4_MaxPartCharge,-0.041916512290623625,-0.03921380703914645,-0.06745096473798406,-0.13303864380860975,0.0016611022611095977,-0.015885919611779774,-0.044404145615174695,-0.04551535584815801,-0.01023894499621425,-0.018150153748184194,-0.04221745926535335,-0.03980536608247014,-0.05952679803248464,-0.0068636607071979805,0.0410065664680172,-0.08215346280294161,-0.12948330584326143,-0.04547097026252103,-0.017250854256127428,-0.003480406549741791,-0.006562236864382817,0.013285593917437092,0.0007115940613131824,-0.0028052259030205673,-0.006376022806692148,0.033732799982713904,0.04030216727172834,0.10985934038803824,-0.06527468572791183,-0.11782005176629796,-0.10142419978675059,0.0625345171629009,0.010697743412494668,0.021495134369076706,-0.018547787488560338,-0.0032188068544432478,0.045166740666135886,0.03843363265110979,0.005091356816095225,-0.10956261536620435,-0.09228549269299537,0.04980147147784933,0.002035871584893442,0.003991272420826178,-0.02351247908351458,-0.017320533386378834,-0.14516803128743985,1.0,0.9960916906455858,-0.059774644207862035,-0.09162032710315562,0.007826634406280165,-0.022546799376714832,0.024637139845528254,-0.054149941127421365,-0.106239054325274,-0.09426143043532186,0.029308262828202532,-0.05645390325585661,-0.03990031761971307,-0.0070451026983316895,0.1503834333669666,-0.010484781235114222,-0.03173249905539549,0.011729290970012879,0.005865728094826181,-0.003423446347085727,-0.006402051976033819,0.003185966833442228,0.0018607928577359725,-0.004791987442398694,0.014661235923833735,0.012545510609184239,0.01251999675038287,-0.001725325178228416,0.004107183601570987,0.008232548569349336,0.02793719910626562
Pos4_MinPartCharge,-0.03629889717006988,-0.03332845919182377,-0.05736113659857762,-0.14055704067531372,0.00255759350037256,-0.01794121007794387,-0.03656832544087645,-0.039163168724208955,-0.0072766870631794595,-0.010611317832467977,-0.03676891369062506,-0.03433533325828181,-0.05850523115687211,0.007057148712586028,0.037779542696854844,-0.07861494675006435,-0.13275612934168524,-0.02854410752048964,-0.0068452988376749326,0.013697421368138197,0.005231666186745313,0.0006840804505032474,-0.003653372592482562,0.007353465725897984,0.008444156051578758,0.022666550414568335,0.03730982784085167,0.10703171716764413,-0.06870787740284497,-0.11825142451456028,-0.10095266064743595,0.058161619266052324,0.012072063722179126,0.015939693251059577,-0.014554694946957498,-0.004210989471961146,0.04061347275125217,0.03571363707214926,0.009249766378204242,-0.08863295636357955,-0.07286237803405389,0.06431749050991793,0.001763288543662865,0.0024307667837162347,-0.001492557745281997,-0.029608561432412903,-0.13075142250522823,0.9960916906455858,1.0,-0.03941875738270022,-0.06989035875084328,-0.007009648526472326,-0.02762755731808888,0.014432998168268976,-0.0548944077439121,-0.1081762941031933,-0.09443731758241719,0.015206450427903874,-0.037524985123337566,-0.037448511632959904,-0.004779290746494863,0.15283703622399047,-0.019446062645913167,-0.03273340594823493,0.022972342033482154,0.013321445758450923,-0.004373508767837731,-0.006851185711530067,0.006706261420041743,0.013725138908511802,0.00968597025188456,0.01586979883100314,0.011208629747544248,0.0009517017353669199,-0.005572244173988958,0.010327034798732504,0.014848729369927802,0.014253174962816292
Pos4_Chi0,0.26669771878238,0.25940658110159365,0.29317926520094995,0.1870791764876024,0.03470107144652739,0.0032295077850615587,0.3019430731357237,0.20693359025470798,0.139407094702967,-0.05768603500326784,0.26740526818147436,0.25470167323685305,0.075211909127976,0.3604606723088785,-0.15444602392384083,0.17807047393731765,0.22450634154530702,0.45655602838931364,0.25094162882299553,0.4679417184140978,0.23775731576442558,-0.16324499571134568,-0.14129498135812169,0.25366294705344017,0.38794488992208526,-0.07354445617384467,-0.11763616292520512,-0.2107013624957314,-0.06377527980853201,0.21310084199819948,0.17796604003603977,-0.16979539050875467,-0.06649513606690095,-0.252083731161811,0.16681441316790052,-0.04669144486979115,-0.14246973426441734,-0.133977335078345,0.012847333281117054,0.9693768083334701,0.868410989936538,0.7191017929781187,0.1745139163800598,0.21606943940908693,0.8700191070850066,-0.6710481238047142,0.4654938090238123,-0.059774644207862035,-0.03941875738270022,1.0,0.880688851404227,-0.3483338988621764,-0.37175147694791394,-0.5778812059526436,-0.02759608820278405,0.1251214381115195,0.1664578612515177,-0.5748374925624147,0.49653565554642687,-0.15185543426746584,-0.020961343569614745,0.011033861871242103,-0.46318021200727044,-0.27851707284190147,0.3168218299347558,0.05620962522138937,-0.1579367195604275,-0.06849894949782419,0.24868479143068517,0.3961294660988628,0.37399358232689695,-0.2041537150139971,-0.35205630088235507,-0.16666729337904043,-0.24586784547046717,0.01952818506355455,-0.023988407302693047,0.2844554849192214
Pos4_Chi1,0.20911538548315742,0.2052370634047282,0.21948706770070844,0.20313784612067737,0.05399857679938592,0.02124380208683265,0.21768343815072863,0.164505497656506,0.06124124978096895,-0.00854054562987266,0.20847308417111804,0.19470419071937475,0.026224819360700816,0.27834179125227887,-0.0872213549321003,0.2196304374911083,0.24679840555739313,0.3718262392260558,0.17374827683667146,0.3226340416419379,0.23314518973509124,-0.12585760753204905,-0.10910135338237457,0.2081633268723224,0.28432856889719443,-0.060324090135651695,-0.08232047673642093,-0.17106563273196654,-0.04013000316478923,0.2062526957477425,0.12187266741513285,-0.22529974583594228,0.06147491425539046,-0.1507693241696772,0.07541650890704522,0.0035333167186525887,-0.12989543589688757,-0.07630097983147224,0.0648044946233721,0.9665933806688796,0.6729900627457707,0.428568858902256,0.18903499193035647,0.25034294230056736,0.6188138422637095,-0.2634663573694805,0.6874340762166244,-0.09162032710315562,-0.06989035875084328,0.880688851404227,1.0,-0.24475897646589803,-0.1491119303389596,-0.3100565868415056,0.04637907637737339,0.11493132691666871,0.158479525112505,-0.3071352455598308,0.31880507506468264,-0.05422740746985018,-0.06687644942936324,-0.0030603709630468386,-0.21786966398028199,-0.095372206472455,0.17027392541413588,0.059789862138179786,-0.04718968689021448,-0.03888980679288939,0.11151958397487662,0.2094333044712678,0.22440209997025862,-0.09694917636032736,-0.16538517135729777,-0.12825415874736446,-0.11561061165537304,0.04119394489154879,0.016580801387617153,0.33518986541991536
Pos4_isD,-0.18688142682443468,-0.1828334793109746,-0.28706056208055714,-0.0575870330512077,-0.0654435042581549,-0.05380230390688479,-0.14856029235479754,-0.20733416789331297,-0.1248939584204187,-0.008982764284816386,-0.1989593980137085,-0.17750866676963073,0.09246319269294251,-0.24843579748113234,0.009348603715859624,0.08952649324935566,-0.06409599111661404,-0.24100240116917704,-0.278580917616483,-0.290696364343931,-0.16221961049361425,0.12145141610180894,0.10035248236763038,-0.18215672305022323,-0.280599431957807,0.23261700375154407,0.050265897612025254,-0.030741540938623985,0.1828042876160797,-0.07423400433612057,0.034268081464089814,-0.08000623672959545,0.1191344295467451,0.11440005526454657,-0.08947926847029088,0.04060241631561791,0.037441215750643665,0.06419663218468043,0.08027629587318708,-0.29811136777710845,-0.41231981811713053,-0.3557068061526839,-0.03491025708872747,0.006533314775205566,-0.45588315401158624,0.40466295842775035,-0.05575010476262878,0.007826634406280165,-0.007009648526472326,-0.3483338988621764,-0.24475897646589803,1.0,0.34470114970453575,0.4179223979438488,0.1984298608667839,0.011287440023955899,0.016425650332633202,0.4065606552823711,-0.3208872125409268,0.16827452115893063,-0.023193033216957547,-0.07637022617245023,0.3997575769420985,0.27108561672394316,-0.2728114150742557,-0.08334265324031537,0.12421636716614175,0.1570805857661534,-0.055294492692266606,-0.3040216350499461,-0.3094548103578671,0.0502825450024991,0.17758776734930218,0.12837328118482358,0.036272414251230706,-0.037038182680399254,-0.04623562484220741,-0.004262125240432627
Pos5_MolWt,-0.21943994692482816,-0.22159050993173565,-0.35597860423796357,-0.040457144061385904,0.010978847988854755,-0.06673595052062647,-0.17533105440072697,-0.253335415705368,-0.15968008684411245,-0.03095252170360195,-0.23991537084937709,-0.21314834220200504,0.044876306059220314,-0.30541240565463756,0.020769748909467967,0.16934338705006943,0.10938603783211925,-0.2625188971910456,-0.3719490158670757,-0.3881422959631302,-0.1665109842054237,0.1405201261607628,0.14622301710710028,-0.21289125029814177,-0.3591750539893628,0.21805982761057494,0.13423988634391923,0.013726991456410043,0.1632111260627752,0.013752483717008648,0.0416514709348861,-0.11396376631952476,0.29519487972642716,0.2591327968165578,-0.1402992062812714,-0.060778059988611355,0.09691108678533557,0.17122715470973546,0.077179422980206,-0.2601516998867596,-0.5303340602763406,-0.5394348512405498,0.07411082169072662,0.051636142050517884,-0.5663502967519497,0.6035967405359078,0.09592459745363312,-0.022546799376714832,-0.02762755731808888,-0.37175147694791394,-0.1491119303389596,0.34470114970453575,1.0,0.8479098712716522,0.24131133975325797,0.3166456949360795,0.3377066838709938,0.8488017423102396,-0.19378729043295762,0.7284086508821129,-0.2047877749139891,-0.2742042491748588,0.9761718924530198,0.9622438473185447,-0.5822118547703847,-0.1450794335509074,0.12967120215176836,0.13652101277441067,-0.1258668264264043,-0.44089082985293704,-0.4397846459984497,0.04715027411608987,0.20715066591788356,0.17055356940776453,0.16104836181899543,-0.08757356846578196,-0.09467281883508172,0.0935047620314461
Pos5_LogP,-0.24981549623722266,-0.2575617393437982,-0.3639341596837366,-0.024761765517275228,0.03493046765027748,-0.0330359605321977,-0.24359597110268458,-0.2645185620178688,-0.17330749415190055,-0.060787580137898804,-0.2652311095525647,-0.24362446614775093,0.014356268253842877,-0.4067307735410428,0.03855565477440397,0.08363053255479361,-0.04697535177900329,-0.3750849169786532,-0.4337674981061654,-0.48371587743809435,-0.19970148349268657,0.228146575033223,0.1805802686035299,-0.2971086188587857,-0.45808650360239156,0.24361086305665222,0.1319055524325356,0.018097892166058456,0.16854172609957818,-0.07095954531696738,0.05604832424946465,-0.08562195129340375,0.2894041831756434,0.2642020283474713,-0.15983924900800717,-0.08499108522062758,0.09442523514085115,0.17556076430407141,0.10240240129859354,-0.4528013601830312,-0.6501756575046871,-0.769334923935376,-0.1884231775715327,-0.14032320078432958,-0.7622361007170554,0.776155805726958,0.05741702532815691,0.024637139845528254,0.014432998168268976,-0.5778812059526436,-0.3100565868415056,0.4179223979438488,0.8479098712716522,1.0,0.10239391669395721,-0.07049110513686863,-0.10468700636682408,0.9095185044413344,-0.47832205600381156,0.5121623005125998,-0.0985575299536987,-0.037183031148390853,0.9055584232726996,0.758084555859401,-0.5810425070121329,-0.10298611422966612,0.15811573849039298,0.21056315839881734,-0.12506290469706888,-0.4990721937621549,-0.5051811650011412,0.14047924002405637,0.33243925417713355,0.2277277280109542,0.17526660926798673,-0.04160815729362145,-0.03237867473679318,0.07519068139263585
Pos5_TPSA,-0.07515749220149917,-0.08790723336535596,-0.21490171198061994,0.011256734585404967,0.1500280676904637,-0.0779937140624666,0.011062374798739479,-0.14208622008235025,-0.015342061732594364,-0.08935601995691429,-0.10585454041727968,-0.07552170361596823,0.09686706804824813,-0.1505255539742697,-0.04093438139093156,0.2671198868857622,0.22660620545227741,-0.10016645326331791,-0.26850322783045444,-0.16485504720821453,-0.06590870012572057,0.01935236977324344,0.05876955787916133,-0.10433504458072825,-0.18156915492160405,0.16019446277057175,0.07269406003409591,-0.060102782339738016,0.22768016783694345,0.07878408980111588,0.02576340176298649,-0.18857430605871192,0.2178340989724674,0.16678693159354632,-0.0896518865859361,0.018714786163910844,0.045562965467155575,0.09288007969380249,0.061229538670650806,0.020579845806812005,-0.24980435320109498,-0.09708572647324382,0.33333865886496294,0.2761378850530718,-0.19285684357754446,0.20812377302326737,0.09077878097375898,-0.054149941127421365,-0.0548944077439121,-0.02759608820278405,0.04637907637737339,0.1984298608667839,0.24131133975325797,0.10239391669395721,1.0,0.572488433261762,0.6037430130820215,0.2602657133615101,-0.4083885909473719,0.012319738965734066,-0.06935225766863923,-0.34306514370832153,0.3219850098266417,0.09691258610874434,-0.03703093347982204,-0.20055588918190212,-0.020977485530412118,0.054421140687246156,-0.030349523910991726,-0.2407085680400556,-0.28937058114281883,-0.11380879489071313,-0.07178352480172458,0.05311817319987306,0.06857955292286518,-0.17190029959707506,-0.20046733479508844,0.0925121713365752
Pos5_HBD,-0.02459117945716366,-0.015951344590810903,-0.09033873904405955,-0.014997166699697619,0.013395766124646748,-0.05177405183100255,0.02952915436756694,-0.07560934229983785,-0.034658805057462494,-0.010201360025840106,-0.04001384054510845,-0.02602967461765701,0.0846357581872576,0.008774817311781561,-0.03382322269811371,0.21068016548502946,0.4477405454596601,0.04886040955667168,-0.046656515108403344,-0.05863089716685278,-0.05759935150548566,-0.13337561291980693,-0.014512291417545389,0.03033703521963467,-0.01900475457864881,-0.02391720691423849,0.035613192384292655,0.011360772551937286,0.06435315687545813,0.11978510889468875,-0.021330317707497624,-0.053173381460014,0.058489449366763965,0.07361120539216866,-0.05146272532235725,-0.009574310974734119,0.034595925559163486,0.033221959160793145,-0.05255472833621908,0.13327429031434854,-0.024012990001816486,0.08362213784163097,0.3421694958412067,0.2573629433846274,0.052058121339058426,-0.04089492837923342,0.00906295551893719,-0.106239054325274,-0.1081762941031933,0.1251214381115195,0.11493132691666871,0.011287440023955899,0.3166456949360795,-0.07049110513686863,0.572488433261762,1.0,0.9325637712936199,0.1453941729247397,-0.00815249207874201,0.14459256951227778,-0.2729151245574654,-0.7163322158439464,0.28552992653024967,0.2664622828965007,-0.11781903643398829,-0.14108279613259123,-0.037533017556924037,-0.0588928690192974,0.0067770569199684305,-0.06068074311739742,-0.05883606280623139,-0.18303813585617493,-0.18436456430041598,-0.06335937729182219,0.021031214592287507,-0.12711311953879517,-0.1682309939430333,0.00563555114200495
Pos5_HBA,-0.02508085051099209,-0.01810328665363424,-0.10289865286300025,-0.01531511549287326,0.008779478993568802,-0.06725530620802771,0.0433336494626005,-0.078154633037709,-0.02536533422759982,-0.006107818253869744,-0.04221805272563618,-0.025293969964850976,0.0840448087566132,0.012739006439983746,-0.015598956086036743,0.20487897687435402,0.38666058011261456,0.04576953126138957,-0.05708576263669656,-0.03934175742249989,-0.05007702021493002,-0.11056129268199176,-0.008810664480932005,0.02847117549194878,-0.014058955871307921,0.015432826806168717,0.04916431960395444,0.011965419941272577,0.08891011377597038,0.17332315799745598,-0.02178253304316387,-0.07502765308883054,0.090132341236687,0.09969942476716953,-0.03928213268458705,-0.005474630985472515,0.045783785291240636,0.04825747927886619,-0.030226906941733172,0.17939591201147986,-0.03828511238042981,0.15997500753767446,0.47866340202371777,0.3613347712161714,0.07456520802254575,-0.052808169003698974,0.02848769364073872,-0.09426143043532186,-0.09443731758241719,0.1664578612515177,0.158479525112505,0.016425650332633202,0.3377066838709938,-0.10468700636682408,0.6037430130820215,0.9325637712936199,1.0,0.15842832573886007,-0.00529337453896425,0.1259746520558392,-0.24709722022254407,-0.6219009580635606,0.29491822968273834,0.2800742089595528,-0.11409426227313804,-0.13609661482878796,-0.03072935903947363,-0.04784759125714662,0.00031837766670787137,-0.06424949974579004,-0.06604599036621853,-0.16957966703927,-0.16758738727213318,-0.05094466486420775,0.02334192064688575,-0.12185458061380226,-0.16074473402814987,0.024036372162169417
Pos5_RotBonds,-0.26998477047571934,-0.28076616301721535,-0.41053835396850685,-0.031422683641525596,0.04465920704691757,-0.05211662745678337,-0.24372336341996914,-0.29415927996891417,-0.16550839508822948,-0.058252447140757946,-0.291139853818933,-0.26259957157678293,0.004908024803545939,-0.4359157623177411,0.07082999113991842,0.0936786165461338,0.04034655361640886,-0.4176017634985922,-0.4699824761580614,-0.5211952616618175,-0.2361090491619903,0.2254850906935758,0.17974859656323375,-0.31632796266749935,-0.49182325534371796,0.2556809912899979,0.16531993872094608,0.06158037081924808,0.1971572393756831,0.041763954917807926,0.021681839025727147,-0.0803369787186949,0.32644236667219734,0.3399226249588222,-0.16303848098879187,-0.1069684262745858,0.1328371385918153,0.210561300133002,0.09059781000539219,-0.44646892768685303,-0.7413210386694893,-0.7102067878716147,0.06821230306852982,0.054398547666245016,-0.7806629967092582,0.7859560973341175,0.015644885921165693,0.029308262828202532,0.015206450427903874,-0.5748374925624147,-0.3071352455598308,0.4065606552823711,0.8488017423102396,0.9095185044413344,0.2602657133615101,0.1453941729247397,0.15842832573886007,1.0,-0.6415639971607893,0.370844779308352,-0.10868907852130123,-0.052558391217468074,0.9264599654294385,0.7067448154703148,-0.6319428839238218,-0.13251294629213867,0.142614094133503,0.20795980507997566,-0.12098678812042774,-0.529945864996625,-0.5440615092297778,0.11993629791363497,0.32172094925343725,0.23078790676152258,0.18777977001356017,-0.06834507238296107,-0.06261227873110235,0.05326369403005467
Pos5_RingCount,0.1972815830530876,0.21102786279911298,0.287131193796442,-0.010737324616423948,-0.10471075879612055,0.029164029362558862,0.19054722181184935,0.22074095177044276,0.08094320976455105,0.08915929419324174,0.2144087263991834,0.19533499604796595,0.009321225931971404,0.391065096049087,-0.05199346768715014,-0.023897163863620095,0.006021162276839321,0.3807616557912676,0.40504742871117483,0.42278515330579436,0.2048573664937168,-0.20298512880454092,-0.13491958660863174,0.2991577378840367,0.42639994096309225,-0.20448984297566303,-0.11963532649371238,-0.047379655952082114,-0.1904047142034129,-0.06040097938590374,-0.015271587626057202,0.05908324912617089,-0.21873087727589588,-0.2654267449355543,0.12124890381708377,0.10830113110539515,-0.10689819281440045,-0.1501570417766526,-0.07252165261193033,0.41292875823956626,0.6203599538750433,0.544751928180295,-0.0510441689887591,-0.054928061073921404,0.6466730470682148,-0.603230042238806,0.05877183697878291,-0.05645390325585661,-0.037524985123337566,0.49653565554642687,0.31880507506468264,-0.3208872125409268,-0.19378729043295762,-0.47832205600381156,-0.4083885909473719,-0.00815249207874201,-0.00529337453896425,-0.6415639971607893,1.0,0.3966231014363513,-0.054435126121734824,-0.09822677536292855,-0.3936010504117348,0.06467211326656733,0.31900398139940955,0.11539850689673113,-0.08534519913395391,-0.1639263499837084,0.07603675797552359,0.4117358270345883,0.44761767865286534,-0.10483254518619255,-0.24541694996016605,-0.19068109315807497,-0.12346914779242521,0.06925324776965874,0.058135677358451154,-0.01512966654945683
Pos5_AromaticRings,-0.10251265931062069,-0.1004262410122145,-0.1772425231405485,-0.028425074137280057,-0.014293058396860283,-0.033007238330569136,-0.08084720800638374,-0.12225916417483787,-0.08161307636871218,0.009143039906127727,-0.11239718503875376,-0.10011408117633597,0.04126191551489359,-0.12048696709910546,-0.04122985400474569,0.12454077426212842,0.027605027159858093,-0.07619389262814588,-0.1808272198460131,-0.13092312631357542,-0.0413746627204738,0.04912559467331187,0.05291937262313914,-0.08879655942740959,-0.14104344586645065,0.10757649301401088,0.04950284276854376,-0.05775416759779543,0.09693499090203032,-0.05063175564728116,0.05277056232537349,-0.10570766374874768,0.16457875201169214,0.10304933082756294,-0.07367572374865491,0.018980247469281054,0.018636296190186735,0.07232585865426701,0.029827733302901612,-0.10424060248040122,-0.20716891689323477,-0.2343954915066299,-0.02138503775380432,-0.025890104983239143,-0.2361812650287633,0.25654459497579774,0.0978022066995477,-0.03990031761971307,-0.037448511632959904,-0.15185543426746584,-0.05422740746985018,0.16827452115893063,0.7284086508821129,0.5121623005125998,0.012319738965734066,0.14459256951227778,0.1259746520558392,0.370844779308352,0.3966231014363513,1.0,-0.17893115010176372,-0.25513265380398154,0.609953555437428,0.8662998005143808,-0.3262679520844187,-0.10738736829848784,0.04114059038888371,0.053672643862848105,-0.08445341309826238,-0.20372000076471855,-0.21102666242330823,-0.013047576047293489,0.05603760709391321,0.05194283675535914,0.08768402422407177,-0.08165678631539729,-0.087759651961888,0.06475570451813185
Pos5_MaxPartCharge,0.0019702211252361863,0.006918095405022865,0.02375940342359904,-0.11673967251800618,0.023333115626531422,0.01046469705187443,-0.028902794018152458,0.003061263129239948,0.007742472814628012,-0.020321312592043554,0.007305450451761884,-0.0007007419753892719,-0.053071400823391596,0.010258088983886776,0.00025163522138290105,-0.11908034774546591,-0.24474449458578915,-0.0015766849879169582,0.006182935313276824,0.06503054166277601,0.03457155099891565,0.0012774295278419401,-0.016157208482360984,-0.00981725414165161,0.024388622413517302,0.0011461539144542279,-0.000379815037106897,0.058084928452338064,-0.06344789297243936,-0.13833159171522968,-0.068605844318023,0.028017582043787577,-0.02095906484783285,-0.03620897267185044,0.00231285502987109,-0.007479870400689592,0.0011987023575275194,-0.0037895387460302305,0.01905084991188442,-0.04251940732915012,0.05360676527020101,0.033475411448920134,-0.10457890281529494,-0.07754541629049863,0.041622084357374294,-0.07404056025619216,-0.09808464847665117,-0.0070451026983316895,-0.004779290746494863,-0.020961343569614745,-0.06687644942936324,-0.023193033216957547,-0.2047877749139891,-0.0985575299536987,-0.06935225766863923,-0.2729151245574654,-0.24709722022254407,-0.10868907852130123,-0.054435126121734824,-0.17893115010176372,1.0,0.25567813371685866,-0.15398711892001604,-0.19269610775197477,0.0973794879542768,0.03476208073156889,-0.02897633956350039,0.008368883035819097,0.0314615929056889,0.06803325126115942,0.04853607502525352,0.02841583222159994,0.002307122862989197,-0.02786904292551573,-0.029178839152238123,0.02319259223514716,0.03285316539904315,0.02616506284900369
Pos5_MinPartCharge,0.015287260169701283,-0.0044311427351147615,0.0034481837713770404,-0.021480996739826737,0.015712652350303155,-0.027689838593159884,0.053360034158791377,0.050498852426074124,0.09454563079587892,0.031862684893197206,0.013664953412423816,0.023796596831268124,-0.08321297424814653,0.07332454482504629,0.09177751941874605,-0.11516315713219623,-0.250704781344352,-0.01242587101860471,0.0812114751643934,0.07453043043100749,0.04415886481084854,0.10775128467017595,0.030821569706791896,0.06695046225208887,0.08470961202991363,0.048131045362768715,0.03926042147697121,0.06325845864361496,-0.08389479480823542,-0.018885338348460293,-0.0063537104230924155,0.10135928398899491,-0.00814966775147931,-0.018361270602113275,0.09666670084293318,0.025392604762677042,0.0457947246512229,0.03450082316698231,0.032474720655014735,-0.0009016852066706608,0.029391421489497548,0.039282660832674995,-0.007496710324419835,-0.002991094067255988,0.05042380132019124,-0.04826646079763413,-0.051074666052058224,0.1503834333669666,0.15283703622399047,0.011033861871242103,-0.0030603709630468386,-0.07637022617245023,-0.2742042491748588,-0.037183031148390853,-0.34306514370832153,-0.7163322158439464,-0.6219009580635606,-0.052558391217468074,-0.09822677536292855,-0.25513265380398154,0.25567813371685866,1.0,-0.23868956537754327,-0.2696094142591996,0.09375823846188318,0.1258140779359141,0.06351495386487162,-0.032077148585096145,-0.03108428887090007,0.03963925452679631,0.07082597265685975,0.1499439126128691,0.1454096694489139,0.10488303345191777,-0.009513699945566601,0.11567207136290718,0.1494421064072729,-0.018594755646555654
Pos5_Chi0,-0.2498806984089926,-0.25460160408369664,-0.39790527971635314,-0.03775780346770521,0.037642094638426535,-0.06912093244889213,-0.20800080515531882,-0.2882091395200658,-0.16670198875721554,-0.05062113419249996,-0.2730216143444179,-0.24395514318818362,0.04252124438161703,-0.37516531566120037,0.022527786711635182,0.16674269416285392,0.09530783569961128,-0.328550188993624,-0.4431938546838899,-0.4557212967919633,-0.1988309543805701,0.17626383163621165,0.1662999893282647,-0.2687225633746101,-0.43290487841302694,0.25158182623122566,0.14853567710066293,0.01642829042926236,0.19606537344066238,0.008932270562600915,0.0455516016919981,-0.12473433916786214,0.32262086890064456,0.2945694911280923,-0.1604688964034078,-0.07854495121000599,0.11005744163658325,0.1900169778529611,0.08989168900766871,-0.34173634931833224,-0.6288805723444791,-0.6365331307428769,0.049857618157406004,0.037478331082972535,-0.6770895535709411,0.6987104010266041,0.07742295693782941,-0.010484781235114222,-0.019446062645913167,-0.46318021200727044,-0.21786966398028199,0.3997575769420985,0.9761718924530198,0.9055584232726996,0.3219850098266417,0.28552992653024967,0.29491822968273834,0.9264599654294385,-0.3936010504117348,0.609953555437428,-0.15398711892001604,-0.23868956537754327,1.0,0.8880390218008993,-0.608465768108731,-0.16794785347198035,0.1388779748522034,0.16174630013852012,-0.13795946704620038,-0.5066459938144285,-0.5150604405159959,0.0639520284409697,0.2431311463646211,0.20138233238684838,0.17777531791518214,-0.10367430730901407,-0.1079343725950116,0.09402154635241007
Pos5_Chi1,-0.17559709303396678,-0.17471001971218608,-0.2893853732049588,-0.047205906866581014,-0.0127584548481337,-0.05424977732447682,-0.13922800269476804,-0.2015828563232771,-0.13978168598407642,-0.005692956311868715,-0.19127707455552073,-0.16997436136904187,0.04110006779798365,-0.2235402853263189,0.008038623104140066,0.1505707652654024,0.08859975026336536,-0.18316104580123865,-0.2818345596402904,-0.2943189396245309,-0.11924057360852787,0.10078315062807874,0.11433096161577787,-0.15228742054429764,-0.2674463970665876,0.16904127101854594,0.10370106830511325,0.002157470963288936,0.11471357881296348,-0.01521732324581495,0.03689603598703287,-0.09604601255449478,0.24267259027273444,0.19652266915792765,-0.11296933504379982,-0.03585673449119757,0.06868220848005613,0.13511363932169046,0.05979020405812641,-0.18688939106607727,-0.39397974597493557,-0.433825230622055,0.02898601416639112,0.012496431678885632,-0.4313769548649766,0.47465010047570994,0.10348594024783606,-0.03173249905539549,-0.03273340594823493,-0.27851707284190147,-0.095372206472455,0.27108561672394316,0.9622438473185447,0.758084555859401,0.09691258610874434,0.2664622828965007,0.2800742089595528,0.7067448154703148,0.06467211326656733,0.8662998005143808,-0.19269610775197477,-0.2696094142591996,0.8880390218008993,1.0,-0.5214553730541183,-0.1153790570639983,0.10549203887895903,0.10561657350687835,-0.10698988719179678,-0.34520243444037474,-0.3383916115540128,0.029121992790444313,0.15822619874982333,0.12682273090165636,0.13499854206518616,-0.06952351435915373,-0.07722351148942244,0.08617639753068339
Pos5_isD,0.1845924296063604,0.21116706639886196,0.24086413073150764,-0.07956359076855378,-0.07999588883763148,0.07299143356329173,0.14366301747927054,0.19673395862500062,0.07557589560962365,0.043123477885973316,0.20553867101337628,0.18113030295664037,-0.1580567725438694,0.3531331503435954,-0.018100250441258892,-0.08459699244107848,-0.09648731289678347,0.30291625370799213,0.3824936764198654,0.34717467857830075,0.2854749287426751,-0.12096415236406634,-0.14515648762224595,0.3045429371154392,0.38739476760512725,-0.1685798091109479,-0.06054886517120827,0.09863199170152903,-0.2844378461303891,-0.10070802072379195,-0.11316248615657569,0.18174969416801653,-0.22138072870945877,-0.229521519249111,0.10143895486966531,0.09339254315670627,-0.034441936257283375,-0.09579497739154508,-0.09492636538345606,0.2464599300676761,0.43715032832157263,0.4167718507126299,-0.03926030899911524,-0.025502703193971656,0.46140850953296475,-0.45277721549683125,-0.07522790250962386,0.011729290970012879,0.022972342033482154,0.3168218299347558,0.17027392541413588,-0.2728114150742557,-0.5822118547703847,-0.5810425070121329,-0.03703093347982204,-0.11781903643398829,-0.11409426227313804,-0.6319428839238218,0.31900398139940955,-0.3262679520844187,0.0973794879542768,0.09375823846188318,-0.608465768108731,-0.5214553730541183,1.0,0.1750037535082349,0.023658670352717123,-0.17784905751281468,0.022425602625725644,0.30950358572267517,0.40146626131155055,-0.022046233685682582,-0.102268213231215,-0.10395326386114957,-0.086846068484799,0.13923171566874057,0.13756961856436256,-0.0891799475777225
Pos6_MolWt,0.02307617048153115,0.049735771735676726,0.04413836640428847,-0.09584576002282838,-0.19158361239933863,0.04152474993747468,-0.011605356494841438,0.053510916368584356,-0.06536134448273294,0.11056186725918654,0.042131900209975835,0.02888607369207814,-0.0919168112103477,0.12088170937641783,0.07230586024549078,-0.09295738348428591,-0.08642505244924152,0.0735520712120709,0.19865467635048187,0.04594672499187351,0.08426274329406643,-0.0324343147745935,-0.03926389270389386,0.12189068939015114,0.12324272159086162,-0.07511853544547661,0.031354162480523085,0.14248265586820247,-0.1505757888330371,-0.003644398689327076,-0.056367190290631995,0.1877579249007309,-0.07787172405262938,-0.04845373106488457,0.017704840729047173,-0.004567697522417769,0.046814052575663456,0.014812753566587853,-0.05736688118050088,0.058269297356740246,0.11824898923273866,0.05180299633032291,-0.034389504347764416,-0.044071577493803166,0.10673006665309719,-0.06443763736993366,-0.04136138856346391,0.005865728094826181,0.013321445758450923,0.05620962522138937,0.059789862138179786,-0.08334265324031537,-0.1450794335509074,-0.10298611422966612,-0.20055588918190212,-0.14108279613259123,-0.13609661482878796,-0.13251294629213867,0.11539850689673113,-0.10738736829848784,0.03476208073156889,0.1258140779359141,-0.16794785347198035,-0.1153790570639983,0.1750037535082349,1.0,0.5510524519845431,0.5035217855795495,0.1703027095993327,0.63371109230584,0.5164179861910105,0.7233710367745824,0.6392925742921555,-0.013239216057142088,-0.15161306861776644,0.9892700374186746,0.9834772334348664,-0.1336904908625362
Pos6_LogP,-0.10390329270735572,-0.07625143253515129,-0.10743204096847357,-0.0656008294552412,-0.14621651934581678,-0.016523597440438048,-0.11306625826428177,-0.09382048675973825,-0.13545228970865092,0.0531864501743216,-0.09650605614370827,-0.09885360827405175,-0.09150531894945456,0.01761429519928591,0.062063417180735804,0.0052302355544516345,-0.03510581504126656,-0.029288497208766678,0.01577369324046747,-0.09685297369344348,0.0385455468359993,0.018238865980875277,-0.005322734956779757,0.06713967193705134,-0.006886762706341422,0.04582536019618394,0.07387200992631499,0.09118328711919732,-0.0710843288530043,-0.04126584785698632,-0.038476934974400495,0.07782640374951563,0.03629993142051705,0.043030353597355575,-0.0657605596663136,0.06547568940623234,0.07762283113062389,0.06742233995908267,-0.01171070039735524,-0.10425003540951586,-0.1777991339168176,-0.19919218120376672,-0.012193998239499192,-0.01074382673996483,-0.2163397530500078,0.2558644235289079,0.022592428928772612,-0.003423446347085727,-0.004373508767837731,-0.1579367195604275,-0.04718968689021448,0.12421636716614175,0.12967120215176836,0.15811573849039298,-0.020977485530412118,-0.037533017556924037,-0.03072935903947363,0.142614094133503,-0.08534519913395391,0.04114059038888371,-0.02897633956350039,0.06351495386487162,0.1388779748522034,0.10549203887895903,0.023658670352717123,0.5510524519845431,1.0,0.019148078970298174,-0.17949320498759613,-0.15087700545891974,0.18985729940219312,0.46219254413064415,0.677940864677238,0.07390825352976566,0.029306831385825453,0.5963762166869864,0.5869289019482751,-0.06636004975194061
Pos6_TPSA,-0.11040343137295049,-0.09737648511266771,-0.20787921934887488,-0.0722143313107316,-0.1598080379320876,0.0023789102492732667,-0.11476359186386839,-0.1532019158232017,-0.10515213206643263,0.06197834087048617,-0.11036825365946375,-0.10464750136905346,0.08311966293472851,-0.2696797497041129,-0.020703711330992868,0.023996999392102238,-0.03442557060560005,-0.2092254803764387,-0.22252008584006425,-0.2519003112934834,-0.13837618874184815,0.09825203269355157,0.07636669458914337,-0.23730937838208152,-0.2786592351729769,0.15753208400466345,0.004563216050587381,-0.017044702982007942,0.19001149330988198,0.005006041910457662,0.010462973460419394,-0.08749752298497206,0.099598154661454,0.0835005258286906,-0.04824972685074473,-0.01747276843662378,-0.015944494878418442,0.02660304669613405,0.06112590521162348,-0.047601995638398883,-0.13857178350275856,-0.146486134934589,0.011090376990920924,0.01618216449999131,-0.18617496941793354,0.15861280675571993,0.004961813570798354,-0.006402051976033819,-0.006851185711530067,-0.06849894949782419,-0.03888980679288939,0.1570805857661534,0.13652101277441067,0.21056315839881734,0.054421140687246156,-0.0588928690192974,-0.04784759125714662,0.20795980507997566,-0.1639263499837084,0.053672643862848105,0.008368883035819097,-0.032077148585096145,0.16174630013852012,0.10561657350687835,-0.17784905751281468,0.5035217855795495,0.019148078970298174,1.0,0.5868804063479436,0.4587317501836261,-0.0364533789117195,0.4228082767426976,0.43108269292005064,0.09664145135794995,-0.44451440712010376,0.5391282580489454,0.49165917412679205,-0.053793295643113824
Pos6_HBD,0.03488768115789302,0.07153129511653102,-0.013834526069044973,-0.008659299462824574,-0.025575894434574302,0.08703804133771839,-0.04535870077475125,-0.08407778263648495,0.05048342158648326,0.032318437306574764,0.04177353306584541,0.018285483019402415,0.04707632025335014,-0.23241732356929368,-0.12288398486863462,-0.018944257117362976,0.022666817779291387,-0.10713551255946838,-0.1635509966074333,-0.1392475784977877,-0.10053013571395243,0.04725423739779877,0.04270429741584347,-0.23952834616204124,-0.217655965589184,0.07141855221072547,-0.008533553321125638,-0.026452701572920966,0.08989728901365744,0.09164862850955194,0.06876452081723138,-0.048211478394292774,0.027523807866754738,-0.004371593070243833,0.06027018705140364,-0.11576616367240837,-0.020529205902297783,-0.0010132573487142945,-0.0007544915257624949,0.1969774570320265,0.2023681020129657,0.15339085277657266,-0.0010054310088960655,0.013028971800731384,0.14816981961927497,-0.2236999837894374,-0.032758059404607215,0.003185966833442228,0.006706261420041743,0.24868479143068517,0.11151958397487662,-0.055294492692266606,-0.1258668264264043,-0.12506290469706888,-0.030349523910991726,0.0067770569199684305,0.00031837766670787137,-0.12098678812042774,0.07603675797552359,-0.08445341309826238,0.0314615929056889,-0.03108428887090007,-0.13795946704620038,-0.10698988719179678,0.022425602625725644,0.1703027095993327,-0.17949320498759613,0.5868804063479436,1.0,0.26349856894388435,0.004430809480805992,0.002063818068229676,0.056994980844497806,0.014969051503558229,-0.8491292357612263,0.18108680229305144,0.11986218478800355,-0.03663274010795136
Pos6_HBA,0.17986611164612304,0.1775295245073682,0.23927868443771758,-0.050582777510339516,-0.06857100472509262,0.024888092721918487,0.18689866292175983,0.21212799372035115,0.10933838024253287,0.06810821768127491,0.19267172582031672,0.18291388379137952,0.029174243469921396,0.304769067760126,0.008238168411149408,-0.0973933802929797,-0.04377729897224061,0.26612248773107094,0.3546181448094016,0.3384751695713186,0.12983359285647839,-0.1367988672552707,-0.09993617434621323,0.22493147835357868,0.34030261002102363,-0.18791491827069554,-0.08105303845422837,0.029734736571785922,-0.15231549486007137,0.0007490324532606464,-0.020559147309946107,0.1349667792466741,-0.21632390369726828,-0.20704368192353784,0.1335832524694028,-0.017570481023791735,-0.05604536495279302,-0.11198799107998099,-0.06433643603697801,0.3068074416993319,0.5179128259624377,0.46958797834112365,-0.02485243230831364,-0.0251633554994579,0.5688104691245638,-0.5614424036972001,-0.06768111122729932,0.0018607928577359725,0.013725138908511802,0.3961294660988628,0.2094333044712678,-0.3040216350499461,-0.44089082985293704,-0.4990721937621549,-0.2407085680400556,-0.06068074311739742,-0.06424949974579004,-0.529945864996625,0.4117358270345883,-0.20372000076471855,0.06803325126115942,0.03963925452679631,-0.5066459938144285,-0.34520243444037474,0.30950358572267517,0.63371109230584,-0.15087700545891974,0.4587317501836261,0.26349856894388435,1.0,0.566664257526269,0.3531173127031629,0.018056866456570418,-0.17411725825351249,-0.2043050285165967,0.5787679222324152,0.5654284789850821,-0.07568655173322765
Pos6_RotBonds,0.16792303700760647,0.17103623116981148,0.22909692134246964,-0.125513105353221,-0.21284077134556229,0.003604676889915144,0.19978074375222027,0.24370440219595788,0.032099220438749465,0.13104292740652568,0.18719276736338075,0.18183301480518363,-0.017225389738652917,0.46800307785395256,0.0729329087837691,-0.10796230109290778,-0.04826591237644914,0.35768484803793654,0.5067113104233528,0.42640161711635766,0.21848055024592106,-0.18097202813337596,-0.14547791511399005,0.39495141617132234,0.49671629518954036,-0.22489684902187027,-0.05831282715312593,0.08262778656083926,-0.25706865352276875,-0.01164178986310517,-0.018656568928857357,0.24188198353492318,-0.26551330109009175,-0.25208990961545014,0.11999929439681134,-0.013172074966634178,-0.024132124391840766,-0.10396052917368981,-0.10974792028954161,0.2996092754712282,0.531698997687845,0.4507019191185667,-0.05338952981869358,-0.04858651424107657,0.5855347529719541,-0.5362860874396965,-0.0627603663798649,-0.004791987442398694,0.00968597025188456,0.37399358232689695,0.22440209997025862,-0.3094548103578671,-0.4397846459984497,-0.5051811650011412,-0.28937058114281883,-0.05883606280623139,-0.06604599036621853,-0.5440615092297778,0.44761767865286534,-0.21102666242330823,0.04853607502525352,0.07082597265685975,-0.5150604405159959,-0.3383916115540128,0.40146626131155055,0.5164179861910105,0.18985729940219312,-0.0364533789117195,0.004430809480805992,0.566664257526269,1.0,-0.11748143235027954,-0.1557439577511063,-0.18495951790803908,0.030826134705413254,0.5005806854170497,0.4286469307602277,-0.14306483800123798
Pos6_RingCount,-0.05569683847637687,-0.03641625195873456,-0.006134032579739168,0.013743077488453288,0.0019913020121361705,0.04551711860005199,-0.1261383014564418,-0.039903130072560036,-0.04918144310523275,0.014890130620645458,-0.04550845913740775,-0.061150889361129473,-0.12275979478366661,-0.0984566026755571,0.06624455076094755,-0.08411534802445401,-0.1063295329935263,-0.10725000802408377,-0.03523822626257347,-0.1521159391904016,-0.02388278258505328,0.053331213678025055,0.040256671294291925,-0.06574088610002024,-0.10971049337567525,-0.005955939071253268,0.06625043490758979,0.1395107274615676,-0.05707437345230749,-0.03194558369123921,-0.11161961248579169,0.07692330996805921,0.049933384081746635,0.10198562394704236,-0.0484185155963912,0.044514949550212936,0.07258723380845791,0.0721580938583106,0.01637166746170978,-0.15476974331339358,-0.20084276814199156,-0.21000074432716495,-0.007652006729564527,-0.034405637492298725,-0.22724192042873462,0.2564643478703115,-0.024314718526666824,0.014661235923833735,0.01586979883100314,-0.2041537150139971,-0.09694917636032736,0.0502825450024991,0.04715027411608987,0.14047924002405637,-0.11380879489071313,-0.18303813585617493,-0.16957966703927,0.11993629791363497,-0.10483254518619255,-0.013047576047293489,0.02841583222159994,0.1499439126128691,0.0639520284409697,0.029121992790444313,-0.022046233685682582,0.7233710367745824,0.46219254413064415,0.4228082767426976,0.002063818068229676,0.3531173127031629,-0.11748143235027954,1.0,0.8364963353436782,0.08457597428219066,-0.057134110146198534,0.7095349035905183,0.8060969734329559,-0.048971792639665356
Pos6_AromaticRings,-0.17074923933629074,-0.1369009865538114,-0.17404733740709266,-0.05681154720699931,-0.17017309447273787,0.02965910711381035,-0.23889963536437137,-0.15611390934076633,-0.18178789485700872,0.08444378027726254,-0.15721893654625857,-0.16810934593603935,-0.14978043682625128,-0.2067420426338232,0.08045135547215392,-0.06600538026791979,-0.09585583409767606,-0.20885109002123534,-0.13040466212735813,-0.3081089229300447,-0.06055858572894046,0.1094250428720248,0.07316491561927238,-0.13433035101171467,-0.23424454261866456,0.06534787978760703,0.08859877683068332,0.15432527179699146,-0.024403969801424105,-0.04786492393362914,-0.12795257290478163,0.06458170781325938,0.11144408498142275,0.161052218656637,-0.11010514307532647,0.07528248830454737,0.08466813505270317,0.10577338497332084,0.01663404444523303,-0.2638530391188127,-0.39519470915432725,-0.39979521978358984,0.0028784234594823963,-0.024919121154788386,-0.44715563687598453,0.4813982787491676,-0.0009678681241922302,0.012545510609184239,0.011208629747544248,-0.35205630088235507,-0.16538517135729777,0.17758776734930218,0.20715066591788356,0.33243925417713355,-0.07178352480172458,-0.18436456430041598,-0.16758738727213318,0.32172094925343725,-0.24541694996016605,0.05603760709391321,0.002307122862989197,0.1454096694489139,0.2431311463646211,0.15822619874982333,-0.102268213231215,0.6392925742921555,0.677940864677238,0.43108269292005064,0.056994980844497806,0.018056866456570418,-0.1557439577511063,0.8364963353436782,1.0,0.1512240666522677,-0.10828736625479811,0.6780034818844242,0.7352052904504811,-0.0978146294216147
Pos6_MaxPartCharge,-0.12044261824653055,-0.10130121246287689,-0.16601452372694414,-0.1291963940729524,0.015210772231034347,-0.021012337314375004,-0.1372577902726428,-0.15618132570347268,-0.06437682677627882,-0.030128228217332454,-0.12324108897684569,-0.12217091558530836,-0.0742556399245488,-0.16292144277834902,0.019368805503963592,-0.028431730566321516,-0.08589536699971806,-0.15993693213057242,-0.18529538289770742,-0.1776263632570966,-0.07278894410060609,0.07934373934728228,0.05434508534410879,-0.12334526458855148,-0.17996419436835387,0.12799724472979157,0.08263460214522411,0.0810633542013353,0.008425069931206243,-0.07001562798995335,-0.05377851515711036,-0.014440407387505088,0.1220296328685464,0.1146769097203051,-0.06290753871876316,-0.036556926161057116,0.07330764646395325,0.09439632066261001,0.042815568299896224,-0.14245782242617092,-0.20778729494874937,-0.18067317096821495,0.010571428887223074,0.012821023461501789,-0.23661184754627035,0.19751994353983915,-0.07254326030175766,0.01251999675038287,0.0009517017353669199,-0.16666729337904043,-0.12825415874736446,0.12837328118482358,0.17055356940776453,0.2277277280109542,0.05311817319987306,-0.06335937729182219,-0.05094466486420775,0.23078790676152258,-0.19068109315807497,0.05194283675535914,-0.02786904292551573,0.10488303345191777,0.20138233238684838,0.12682273090165636,-0.10395326386114957,-0.013239216057142088,0.07390825352976566,0.09664145135794995,0.014969051503558229,-0.17411725825351249,-0.18495951790803908,0.08457597428219066,0.1512240666522677,1.0,0.04677606132663687,0.02922144191006167,0.027101408343206894,0.0691286523885968
Pos6_MinPartCharge,-0.005010394244460339,-0.04820266780287209,0.019424802043767998,-0.014667280562970699,0.020258311000539552,-0.05554726930310447,0.06686397128793371,0.11705998535686428,-0.047686420469444595,-0.029920700082388816,-0.010786102155761288,0.013827413947261438,-0.03757270252816466,0.19840914272852483,0.11445425590129298,0.040112335081690494,0.01242615773951928,0.09182237944450998,0.14131355553565195,0.12742087064991928,0.08050946330631295,-0.026761398435535988,-0.03228651532717524,0.20088946307548397,0.1876921523266023,-0.047532366811958486,0.019038637109892096,0.023583536245433395,-0.043768884883461756,-0.019354796541851436,-0.00738474579555413,0.0676825327383459,-0.005069678094136416,0.027065865947013018,-0.0544354183086036,-0.0051803696185575565,0.024543142655539224,0.01810353848984152,-0.011164203894646044,-0.19784788273770856,-0.19238648316002607,-0.15410406598269225,-0.002288870020448607,-0.019164099161052207,-0.13129820954062743,0.20567596228389834,0.01682501097585744,-0.001725325178228416,-0.005572244173988958,-0.24586784547046717,-0.11561061165537304,0.036272414251230706,0.16104836181899543,0.17526660926798673,0.06857955292286518,0.021031214592287507,0.02334192064688575,0.18777977001356017,-0.12346914779242521,0.08768402422407177,-0.029178839152238123,-0.009513699945566601,0.17777531791518214,0.13499854206518616,-0.086846068484799,-0.15161306861776644,0.029306831385825453,-0.44451440712010376,-0.8491292357612263,-0.2043050285165967,0.030826134705413254,-0.057134110146198534,-0.10828736625479811,0.04677606132663687,1.0,-0.1779178362564163,-0.13172623429665403,0.035624606557436655
Pos6_Chi0,-0.015196426885742888,0.01572836858302383,-0.00823103565116783,-0.11148111338227336,-0.22156471594267532,0.030521988457706557,-0.04641706521697251,0.007763282538749704,-0.09704543297760154,0.11829393761249778,0.0030895399581296894,-0.008207284151570389,-0.08727163864240664,0.07700666953521264,0.07161208585960761,-0.08349952973125434,-0.07727125921182496,0.03376597404551473,0.14816604937630645,-0.003683668228216839,0.06006481734798677,-0.01499484951684758,-0.024269138868521313,0.08917571408118175,0.07394416594611274,-0.039244886635826814,0.04365445564242356,0.13770444206759283,-0.12522309248016023,0.0006388009616401637,-0.04560656096466865,0.16778090318629338,-0.04918624550459308,-0.025150614341867647,-0.00028004103659261113,-0.01023009403897348,0.055593215077120076,0.03000400366675261,-0.04722493776998399,0.03139649418352616,0.06172862179539621,-0.0012560264013140384,-0.031215170538489035,-0.03814239079078881,0.03865271511578636,-0.000502978822287988,-0.033196667456131194,0.004107183601570987,0.010327034798732504,0.01952818506355455,0.04119394489154879,-0.037038182680399254,-0.08757356846578196,-0.04160815729362145,-0.17190029959707506,-0.12711311953879517,-0.12185458061380226,-0.06834507238296107,0.06925324776965874,-0.08165678631539729,0.02319259223514716,0.11567207136290718,-0.10367430730901407,-0.06952351435915373,0.13923171566874057,0.9892700374186746,0.5963762166869864,0.5391282580489454,0.18108680229305144,0.5787679222324152,0.5005806854170497,0.7095349035905183,0.6780034818844242,0.02922144191006167,-0.1779178362564163,1.0,0.9842744948456217,-0.13701319324475714
Pos6_Chi1,-0.011060627837375122,0.01798297722272164,0.019190775512949607,-0.0885073035929774,-0.18372801963001176,0.040963156425581106,-0.05675304541151319,0.022047084871466418,-0.08482182351400676,0.10701813490961119,0.008241574781432389,-0.006308983689534787,-0.1138850579055027,0.07297198459835448,0.08567208251233538,-0.10674148396872168,-0.10071807455066432,0.025356707231228973,0.15330922814269018,-0.00922807191036799,0.06097197088151224,-0.011328896016071389,-0.01902878501087615,0.08527182092046631,0.07027543227863035,-0.06083024616307249,0.04918653856394853,0.1615126870014586,-0.14451248267763772,-0.011116753867267785,-0.07670497812609457,0.1801119163882929,-0.04754224191826874,-0.008267178736587291,-0.005026865103922275,0.004976566511078163,0.06391614718896889,0.03675221421132187,-0.04361131473365236,-0.004891461168568843,0.02706123267435145,-0.03176554482979476,-0.032559023706926066,-0.04756857268251103,0.00782632857516896,0.03717455619194002,-0.03987332257698043,0.008232548569349336,0.014848729369927802,-0.023988407302693047,0.016580801387617153,-0.04623562484220741,-0.09467281883508172,-0.03237867473679318,-0.20046733479508844,-0.1682309939430333,-0.16074473402814987,-0.06261227873110235,0.058135677358451154,-0.087759651961888,0.03285316539904315,0.1494421064072729,-0.1079343725950116,-0.07722351148942244,0.13756961856436256,0.9834772334348664,0.5869289019482751,0.49165917412679205,0.11986218478800355,0.5654284789850821,0.4286469307602277,0.8060969734329559,0.7352052904504811,0.027101408343206894,-0.13172623429665403,0.9842744948456217,1.0,-0.1340923332273243
Pos6_isD,0.11388254158300898,0.06979582852187848,0.12248874368806635,0.3533136859231589,0.27114661970805143,0.05751760268305541,0.05379030759596385,0.042109088745938696,0.03223414776974474,-0.5116261135274783,0.1165490288262484,0.09657709908677514,-0.050478861314637184,-0.0468509713321575,-0.10323165027266515,0.10238137889116519,-0.01626504504192479,0.0868465114603146,-0.16148170407239656,0.06988596832417544,0.09330507195403419,0.09110028949272386,0.033332346382459514,-0.07707752279285668,-0.04825234014300396,-0.006020688516480941,-0.18056785786088259,-0.2309355535485141,0.002396401204151452,-0.01828369787842776,-0.02133031770749851,-0.31536828897797786,0.04183147252270602,-0.05867771423759578,0.041750934768158776,0.019685488565600855,-0.21968865611963911,-0.1431870146732551,0.22433143370829442,0.32028461685865717,0.16871931469536844,0.0059881438981384556,-0.007722378266581408,-0.009349208841418072,0.1378235064125225,-0.026772839796362163,0.38458795393759904,0.02793719910626562,0.014253174962816292,0.2844554849192214,0.33518986541991536,-0.004262125240432627,0.0935047620314461,0.07519068139263585,0.0925121713365752,0.00563555114200495,0.024036372162169417,0.05326369403005467,-0.01512966654945683,0.06475570451813185,0.02616506284900369,-0.018594755646555654,0.09402154635241007,0.08617639753068339,-0.0891799475777225,-0.1336904908625362,-0.06636004975194061,-0.053793295643113824,-0.03663274010795136,-0.07568655173322765,-0.14306483800123798,-0.048971792639665356,-0.0978146294216147,0.0691286523885968,0.035624606557436655,-0.13701319324475714,-0.1340923332273243,1.0
