Permeability,Sequence,ID,Pos1_MolWt,Pos1_LogP,Pos1_TPSA,Pos1_HBD,Pos1_HBA,Pos1_RotBonds,Pos1_RingCount,Pos1_AromaticRings,Pos1_MaxPartCharge,Pos1_MinPartCharge,Pos1_Chi0,Pos1_Chi1,Pos1_isD,Pos1_isNSub,Pos2_MolWt,Pos2_LogP,Pos2_TPSA,Pos2_HBD,Pos2_HBA,Pos2_RotBonds,Pos2_RingCount,Pos2_AromaticRings,Pos2_MaxPartCharge,Pos2_MinPartCharge,Pos2_Chi0,Pos2_Chi1,Pos2_isD,Pos2_isNSub,Pos3_MolWt,Pos3_LogP,Pos3_TPSA,Pos3_HBD,Pos3_HBA,Pos3_RotBonds,Pos3_RingCount,Pos3_AromaticRings,Pos3_MaxPartCharge,Pos3_MinPartCharge,Pos3_Chi0,Pos3_Chi1,Pos3_isD,Pos3_isNSub,Pos4_MolWt,Pos4_LogP,Pos4_TPSA,Pos4_HBD,Pos4_HBA,Pos4_RotBonds,Pos4_RingCount,Pos4_AromaticRings,Pos4_MaxPartCharge,Pos4_MinPartCharge,Pos4_Chi0,Pos4_Chi1,Pos4_isD,Pos4_isNSub,Pos5_MolWt,Pos5_LogP,Pos5_TPSA,Pos5_HBD,Pos5_HBA,Pos5_RotBonds,Pos5_RingCount,Pos5_AromaticRings,Pos5_MaxPartCharge,Pos5_MinPartCharge,Pos5_Chi0,Pos5_Chi1,Pos5_isD,Pos5_isNSub,Pos6_MolWt,Pos6_LogP,Pos6_TPSA,Pos6_HBD,Pos6_HBA,Pos6_RotBonds,Pos6_RingCount,Pos6_AromaticRings,Pos6_MaxPartCharge,Pos6_MinPartCharge,Pos6_Chi0,Pos6_Chi1,Pos6_isD,Pos6_isNSub
-4.88,L-Me_dL-meL-L-dP-meY,2328,131.175,0.4443999999999999,63.32000000000001,2.0,2.0,3.0,0.0,0.0,0.319977946620586,-0.4800863173262635,7.439157588755425,4.036581260209188,0,0,145.202,0.7051000000000001,49.33,2.0,2.0,4.0,0.0,0.0,0.3201916549570671,-0.4800807607084159,8.146264369941973,4.574586062669973,0,1,145.202,0.7051000000000001,49.33,2.0,2.0,4.0,0.0,0.0,0.3201916549570671,-0.4800807607084159,8.146264369941973,4.574586062669973,0,1,131.175,0.4443999999999999,63.32000000000001,2.0,2.0,3.0,0.0,0.0,0.319977946620586,-0.4800863173262635,7.439157588755425,4.036581260209188,0,0,115.13200000000002,-0.177,49.33,2.0,2.0,1.0,1.0,0.0,0.3201918797186009,-0.4800807667669501,5.983127663125442,3.8045304526403103,1,1,195.218,0.6072999999999997,69.56,3.0,3.0,4.0,1.0,1.0,0.320529435238948,-0.507966645175869,10.55204176387779,6.6302289553358005,0,1
-5.14,dA-meA-(N->O)Val-A-(N->O)Leu-Me_dF,953,89.09399999999998,-0.5817999999999999,63.32000000000001,2.0,2.0,1.0,0.0,0.0,0.3196779563386595,-0.4800942338470611,5.1547005383792515,2.6427344100918364,1,0,103.12099999999998,-0.3211000000000002,49.33,2.0,2.0,2.0,0.0,0.0,0.3198914670212205,-0.4800886827799933,5.8618073195657985,3.1807392125526213,0,1,118.13199999999998,0.0878999999999999,57.53,2.0,2.0,2.0,0.0,0.0,0.3322863176990024,-0.4793199344063082,6.732050807568877,3.5534180126147956,0,1,89.09399999999998,-0.5817999999999999,63.32000000000001,2.0,2.0,1.0,0.0,0.0,0.3196779563386595,-0.4800942338470611,5.1547005383792515,2.6427344100918364,0,0,132.159,0.478,57.53,2.0,2.0,3.0,0.0,0.0,0.3320261278511722,-0.4793275259409479,7.439157588755425,4.036581260209188,0,1,179.21899999999997,0.9017,49.33,2.0,2.0,4.0,1.0,1.0,0.3205294350898707,-0.4800721375139887,9.681798275874712,6.236382105218448,0,1
-5.19,dA-meA-(N->O)Val(3-OH)-A-(N->O)Leu-Me_dF,954,89.09399999999998,-0.5817999999999999,63.32000000000001,2.0,2.0,1.0,0.0,0.0,0.3196779563386595,-0.4800942338470611,5.1547005383792515,2.6427344100918364,1,0,103.12099999999998,-0.3211000000000002,49.33,2.0,2.0,2.0,0.0,0.0,0.3198914670212205,-0.4800886827799933,5.8618073195657985,3.1807392125526213,0,1,134.131,-0.7971999999999999,77.76,3.0,3.0,2.0,0.0,0.0,0.3350511092896458,-0.47924438681624,7.654700538379252,3.8540592754970233,0,1,89.09399999999998,-0.5817999999999999,63.32000000000001,2.0,2.0,1.0,0.0,0.0,0.3196779563386595,-0.4800942338470611,5.1547005383792515,2.6427344100918364,0,0,132.159,0.478,57.53,2.0,2.0,3.0,0.0,0.0,0.3320261278511722,-0.4793275259409479,7.439157588755425,4.036581260209188,0,1,179.21899999999997,0.9017,49.33,2.0,2.0,4.0,1.0,1.0,0.3205294350898707,-0.4800721375139887,9.681798275874712,6.236382105218448,0,1
-5.1,P-Sta-meL-meL-Sta-meL,967,115.13200000000002,-0.177,49.33,2.0,2.0,1.0,1.0,0.0,0.3201918797186009,-0.4800807667669501,5.983127663125442,3.8045304526403103,0,1,175.22799999999998,0.1953999999999996,83.55,3.0,3.0,5.0,0.0,0.0,0.3055348332715757,-0.481158663847603,9.7236146391316,5.43042811032654,0,1,145.202,0.7051000000000001,49.33,2.0,2.0,4.0,0.0,0.0,0.3201916549570671,-0.4800807607084159,8.146264369941973,4.574586062669973,0,1,145.202,0.7051000000000001,49.33,2.0,2.0,4.0,0.0,0.0,0.3201916549570671,-0.4800807607084159,8.146264369941973,4.574586062669973,0,1,175.22799999999998,0.1953999999999996,83.55,3.0,3.0,5.0,0.0,0.0,0.3055348332715757,-0.481158663847603,9.7236146391316,5.43042811032654,0,1,145.202,0.7051000000000001,49.33,2.0,2.0,4.0,0.0,0.0,0.3201916549570671,-0.4800807607084159,8.146264369941973,4.574586062669973,0,1
-4.92,"dP-Sta(3R,4R)-meL-meL-Sta-meL",968,115.13200000000002,-0.177,49.33,2.0,2.0,1.0,1.0,0.0,0.3201918797186009,-0.4800807667669501,5.983127663125442,3.8045304526403103,1,1,175.22799999999998,0.1953999999999996,83.55,3.0,3.0,5.0,0.0,0.0,0.3055348332715757,-0.481158663847603,9.7236146391316,5.43042811032654,0,1,145.202,0.7051000000000001,49.33,2.0,2.0,4.0,0.0,0.0,0.3201916549570671,-0.4800807607084159,8.146264369941973,4.574586062669973,0,1,145.202,0.7051000000000001,49.33,2.0,2.0,4.0,0.0,0.0,0.3201916549570671,-0.4800807607084159,8.146264369941973,4.574586062669973,0,1,175.22799999999998,0.1953999999999996,83.55,3.0,3.0,5.0,0.0,0.0,0.3055348332715757,-0.481158663847603,9.7236146391316,5.43042811032654,0,1,145.202,0.7051000000000001,49.33,2.0,2.0,4.0,0.0,0.0,0.3201916549570671,-0.4800807607084159,8.146264369941973,4.574586062669973,0,1
-5.15,dP-Sta-Me_dL-meL-Sta-meL,969,115.13200000000002,-0.177,49.33,2.0,2.0,1.0,1.0,0.0,0.3201918797186009,-0.4800807667669501,5.983127663125442,3.8045304526403103,1,1,175.22799999999998,0.1953999999999996,83.55,3.0,3.0,5.0,0.0,0.0,0.3055348332715757,-0.481158663847603,9.7236146391316,5.43042811032654,0,1,145.202,0.7051000000000001,49.33,2.0,2.0,4.0,0.0,0.0,0.3201916549570671,-0.4800807607084159,8.146264369941973,4.574586062669973,0,1,145.202,0.7051000000000001,49.33,2.0,2.0,4.0,0.0,0.0,0.3201916549570671,-0.4800807607084159,8.146264369941973,4.574586062669973,0,1,175.22799999999998,0.1953999999999996,83.55,3.0,3.0,5.0,0.0,0.0,0.3055348332715757,-0.481158663847603,9.7236146391316,5.43042811032654,0,1,145.202,0.7051000000000001,49.33,2.0,2.0,4.0,0.0,0.0,0.3201916549570671,-0.4800807607084159,8.146264369941973,4.574586062669973,0,1
-5.15,"dP-Sta-Me_dL-Me_dL-Sta(3R,4R)-Me_dL",975,115.13200000000002,-0.177,49.33,2.0,2.0,1.0,1.0,0.0,0.3201918797186009,-0.4800807667669501,5.983127663125442,3.8045304526403103,1,1,175.22799999999998,0.1953999999999996,83.55,3.0,3.0,5.0,0.0,0.0,0.3055348332715757,-0.481158663847603,9.7236146391316,5.43042811032654,0,1,145.202,0.7051000000000001,49.33,2.0,2.0,4.0,0.0,0.0,0.3201916549570671,-0.4800807607084159,8.146264369941973,4.574586062669973,0,1,145.202,0.7051000000000001,49.33,2.0,2.0,4.0,0.0,0.0,0.3201916549570671,-0.4800807607084159,8.146264369941973,4.574586062669973,0,1,175.22799999999998,0.1953999999999996,83.55,3.0,3.0,5.0,0.0,0.0,0.3055348332715757,-0.481158663847603,9.7236146391316,5.43042811032654,0,1,145.202,0.7051000000000001,49.33,2.0,2.0,4.0,0.0,0.0,0.3201916549570671,-0.4800807607084159,8.146264369941973,4.574586062669973,0,1
-4.96,"P-Mono29-meL-meL-Sta(3R,4R)-meL",977,115.13200000000002,-0.177,49.33,2.0,2.0,1.0,1.0,0.0,0.3201918797186009,-0.4800807667669501,5.983127663125442,3.8045304526403103,0,1,171.24,1.3907000000000005,63.32000000000001,2.0,2.0,4.0,0.0,0.0,0.3305009504134283,-0.4778890730862146,9.7236146391316,5.43042811032654,0,1,145.202,0.7051000000000001,49.33,2.0,2.0,4.0,0.0,0.0,0.3201916549570671,-0.4800807607084159,8.146264369941973,4.574586062669973,0,1,145.202,0.7051000000000001,49.33,2.0,2.0,4.0,0.0,0.0,0.3201916549570671,-0.4800807607084159,8.146264369941973,4.574586062669973,0,1,175.22799999999998,0.1953999999999996,83.55,3.0,3.0,5.0,0.0,0.0,0.3055348332715757,-0.481158663847603,9.7236146391316,5.43042811032654,0,1,145.202,0.7051000000000001,49.33,2.0,2.0,4.0,0.0,0.0,0.3201916549570671,-0.4800807607084159,8.146264369941973,4.574586062669973,0,1
-5.0,P-Mono29-Me_dL-Me_dL-Sta-Me_dL,979,115.13200000000002,-0.177,49.33,2.0,2.0,1.0,1.0,0.0,0.3201918797186009,-0.4800807667669501,5.983127663125442,3.8045304526403103,0,1,171.24,1.3907000000000005,63.32000000000001,2.0,2.0,4.0,0.0,0.0,0.3305009504134283,-0.4778890730862146,9.7236146391316,5.43042811032654,0,1,145.202,0.7051000000000001,49.33,2.0,2.0,4.0,0.0,0.0,0.3201916549570671,-0.4800807607084159,8.146264369941973,4.574586062669973,0,1,145.202,0.7051000000000001,49.33,2.0,2.0,4.0,0.0,0.0,0.3201916549570671,-0.4800807607084159,8.146264369941973,4.574586062669973,0,1,175.22799999999998,0.1953999999999996,83.55,3.0,3.0,5.0,0.0,0.0,0.3055348332715757,-0.481158663847603,9.7236146391316,5.43042811032654,0,1,145.202,0.7051000000000001,49.33,2.0,2.0,4.0,0.0,0.0,0.3201916549570671,-0.4800807607084159,8.146264369941973,4.574586062669973,0,1
-4.96,Mono14-A-meF-P-I-P,991,214.29,1.8872,76.21,2.0,4.0,4.0,1.0,1.0,0.3548736251523058,-0.4764873029799597,10.71517847069432,6.5577493102643665,0,1,89.09399999999998,-0.5817999999999999,63.32000000000001,2.0,2.0,1.0,0.0,0.0,0.3196779563386595,-0.4800942338470611,5.1547005383792515,2.6427344100918364,0,0,179.21899999999997,0.9017,49.33,2.0,2.0,4.0,1.0,1.0,0.3205294350898707,-0.4800721375139887,9.681798275874712,6.236382105218448,0,1,115.13200000000002,-0.177,49.33,2.0,2.0,1.0,1.0,0.0,0.3201918797186009,-0.4800807667669501,5.983127663125442,3.8045304526403103,0,1,131.175,0.4443999999999999,63.32000000000001,2.0,2.0,3.0,0.0,0.0,0.3202466808084985,-0.480078739285162,7.439157588755425,4.09142281507558,0,0,115.13200000000002,-0.177,49.33,2.0,2.0,1.0,1.0,0.0,0.3201918797186009,-0.4800807667669501,5.983127663125442,3.8045304526403103,0,1
-5.04,Mono14-A-meF-P-V-P,992,214.29,1.8872,76.21,2.0,4.0,4.0,1.0,1.0,0.3548736251523058,-0.4764873029799597,10.71517847069432,6.5577493102643665,0,1,89.09399999999998,-0.5817999999999999,63.32000000000001,2.0,2.0,1.0,0.0,0.0,0.3196779563386595,-0.4800942338470611,5.1547005383792515,2.6427344100918364,0,0,179.21899999999997,0.9017,49.33,2.0,2.0,4.0,1.0,1.0,0.3205294350898707,-0.4800721375139887,9.681798275874712,6.236382105218448,0,1,115.13200000000002,-0.177,49.33,2.0,2.0,1.0,1.0,0.0,0.3201918797186009,-0.4800807667669501,5.983127663125442,3.8045304526403103,0,1,117.14799999999998,0.0543,63.32000000000001,2.0,2.0,2.0,0.0,0.0,0.3202358658393586,-0.4800788702219206,6.732050807568877,3.5534180126147956,0,0,115.13200000000002,-0.177,49.33,2.0,2.0,1.0,1.0,0.0,0.3201918797186009,-0.4800807667669501,5.983127663125442,3.8045304526403103,0,1
-5.14,dP-dL-dL-L-dL-Y,2392,115.13200000000002,-0.177,49.33,2.0,2.0,1.0,1.0,0.0,0.3201918797186009,-0.4800807667669501,5.983127663125442,3.8045304526403103,1,1,131.175,0.4443999999999999,63.32000000000001,2.0,2.0,3.0,0.0,0.0,0.319977946620586,-0.4800863173262635,7.439157588755425,4.036581260209188,1,0,131.175,0.4443999999999999,63.32000000000001,2.0,2.0,3.0,0.0,0.0,0.319977946620586,-0.4800863173262635,7.439157588755425,4.036581260209188,1,0,131.175,0.4443999999999999,63.32000000000001,2.0,2.0,3.0,0.0,0.0,0.319977946620586,-0.4800863173262635,7.439157588755425,4.036581260209188,0,0,131.175,0.4443999999999999,63.32000000000001,2.0,2.0,3.0,0.0,0.0,0.319977946620586,-0.4800863173262635,7.439157588755425,4.036581260209188,1,0,181.19099999999997,0.3466,83.55,3.0,3.0,3.0,1.0,1.0,0.3203155017884959,-0.5079666451758841,9.844934982691242,6.092224152875014,0,0
-5.11,dP-dL-L-L-dL-Y,2393,115.13200000000002,-0.177,49.33,2.0,2.0,1.0,1.0,0.0,0.3201918797186009,-0.4800807667669501,5.983127663125442,3.8045304526403103,1,1,131.175,0.4443999999999999,63.32000000000001,2.0,2.0,3.0,0.0,0.0,0.319977946620586,-0.4800863173262635,7.439157588755425,4.036581260209188,1,0,131.175,0.4443999999999999,63.32000000000001,2.0,2.0,3.0,0.0,0.0,0.319977946620586,-0.4800863173262635,7.439157588755425,4.036581260209188,0,0,131.175,0.4443999999999999,63.32000000000001,2.0,2.0,3.0,0.0,0.0,0.319977946620586,-0.4800863173262635,7.439157588755425,4.036581260209188,0,0,131.175,0.4443999999999999,63.32000000000001,2.0,2.0,3.0,0.0,0.0,0.319977946620586,-0.4800863173262635,7.439157588755425,4.036581260209188,1,0,181.19099999999997,0.3466,83.55,3.0,3.0,3.0,1.0,1.0,0.3203155017884959,-0.5079666451758841,9.844934982691242,6.092224152875014,0,0
-5.17,L-dP-meL-L-dP-meY,1031,131.175,0.4443999999999999,63.32000000000001,2.0,2.0,3.0,0.0,0.0,0.319977946620586,-0.4800863173262635,7.439157588755425,4.036581260209188,0,0,115.13200000000002,-0.177,49.33,2.0,2.0,1.0,1.0,0.0,0.3201918797186009,-0.4800807667669501,5.983127663125442,3.8045304526403103,1,1,145.202,0.7051000000000001,49.33,2.0,2.0,4.0,0.0,0.0,0.3201916549570671,-0.4800807607084159,8.146264369941973,4.574586062669973,0,1,131.175,0.4443999999999999,63.32000000000001,2.0,2.0,3.0,0.0,0.0,0.319977946620586,-0.4800863173262635,7.439157588755425,4.036581260209188,0,0,115.13200000000002,-0.177,49.33,2.0,2.0,1.0,1.0,0.0,0.3201918797186009,-0.4800807667669501,5.983127663125442,3.8045304526403103,1,1,195.218,0.6072999999999997,69.56,3.0,3.0,4.0,1.0,1.0,0.320529435238948,-0.507966645175869,10.55204176387779,6.6302289553358005,0,1
-5.13,L-iBu_Gly-meL-L-dP-meY,1033,131.175,0.4443999999999999,63.32000000000001,2.0,2.0,3.0,0.0,0.0,0.319977946620586,-0.4800863173262635,7.439157588755425,4.036581260209188,0,0,131.17499999999998,0.3166,49.33,2.0,2.0,4.0,0.0,0.0,0.3169792397583407,-0.4802914820350396,7.276020881938894,4.125897657686229,0,1,145.202,0.7051000000000001,49.33,2.0,2.0,4.0,0.0,0.0,0.3201916549570671,-0.4800807607084159,8.146264369941973,4.574586062669973,0,1,131.175,0.4443999999999999,63.32000000000001,2.0,2.0,3.0,0.0,0.0,0.319977946620586,-0.4800863173262635,7.439157588755425,4.036581260209188,0,0,115.13200000000002,-0.177,49.33,2.0,2.0,1.0,1.0,0.0,0.3201918797186009,-0.4800807667669501,5.983127663125442,3.8045304526403103,1,1,195.218,0.6072999999999997,69.56,3.0,3.0,4.0,1.0,1.0,0.320529435238948,-0.507966645175869,10.55204176387779,6.6302289553358005,0,1
-5.2,L-Me_dL-meL-L-dP-Bn(4-OH)_Gly,1035,131.175,0.4443999999999999,63.32000000000001,2.0,2.0,3.0,0.0,0.0,0.319977946620586,-0.4800863173262635,7.439157588755425,4.036581260209188,0,0,145.202,0.7051000000000001,49.33,2.0,2.0,4.0,0.0,0.0,0.3201916549570671,-0.4800807607084159,8.146264369941973,4.574586062669973,0,1,145.202,0.7051000000000001,49.33,2.0,2.0,4.0,0.0,0.0,0.3201916549570671,-0.4800807607084159,8.146264369941973,4.574586062669973,0,1,131.175,0.4443999999999999,63.32000000000001,2.0,2.0,3.0,0.0,0.0,0.319977946620586,-0.4800863173262635,7.439157588755425,4.036581260209188,0,0,115.13200000000002,-0.177,49.33,2.0,2.0,1.0,1.0,0.0,0.3201918797186009,-0.4800807667669501,5.983127663125442,3.8045304526403103,1,1,181.191,0.5663999999999996,69.56,3.0,3.0,4.0,1.0,1.0,0.3169885914263712,-0.5079666315606819,9.681798275874712,6.1815405503520555,0,1
-5.14,L-iBu_Gly-meL-L-dP-Bn(4-OH)_Gly,1037,131.175,0.4443999999999999,63.32000000000001,2.0,2.0,3.0,0.0,0.0,0.319977946620586,-0.4800863173262635,7.439157588755425,4.036581260209188,0,0,131.17499999999998,0.3166,49.33,2.0,2.0,4.0,0.0,0.0,0.3169792397583407,-0.4802914820350396,7.276020881938894,4.125897657686229,0,1,145.202,0.7051000000000001,49.33,2.0,2.0,4.0,0.0,0.0,0.3201916549570671,-0.4800807607084159,8.146264369941973,4.574586062669973,0,1,131.175,0.4443999999999999,63.32000000000001,2.0,2.0,3.0,0.0,0.0,0.319977946620586,-0.4800863173262635,7.439157588755425,4.036581260209188,0,0,115.13200000000002,-0.177,49.33,2.0,2.0,1.0,1.0,0.0,0.3201918797186009,-0.4800807667669501,5.983127663125442,3.8045304526403103,1,1,181.191,0.5663999999999996,69.56,3.0,3.0,4.0,1.0,1.0,0.3169885914263712,-0.5079666315606819,9.681798275874712,6.1815405503520555,0,1
-5.09,L-Me_dL-meL-L-dP-Mono33,1043,131.175,0.4443999999999999,63.32000000000001,2.0,2.0,3.0,0.0,0.0,0.319977946620586,-0.4800863173262635,7.439157588755425,4.036581260209188,0,0,145.202,0.7051000000000001,49.33,2.0,2.0,4.0,0.0,0.0,0.3201916549570671,-0.4800807607084159,8.146264369941973,4.574586062669973,0,1,145.202,0.7051000000000001,49.33,2.0,2.0,4.0,0.0,0.0,0.3201916549570671,-0.4800807607084159,8.146264369941973,4.574586062669973,0,1,131.175,0.4443999999999999,63.32000000000001,2.0,2.0,3.0,0.0,0.0,0.319977946620586,-0.4800863173262635,7.439157588755425,4.036581260209188,0,0,115.13200000000002,-0.177,49.33,2.0,2.0,1.0,1.0,0.0,0.3201918797186009,-0.4800807667669501,5.983127663125442,3.8045304526403103,1,1,174.19999999999996,-1.0496999999999996,61.8,2.0,4.0,4.0,1.0,0.0,0.3170181554005871,-0.4802910207902977,8.811554787871634,5.787693700234704,0,1
-5.04,L-Me_dL-meL-L-dP-Mono34,1044,131.175,0.4443999999999999,63.32000000000001,2.0,2.0,3.0,0.0,0.0,0.319977946620586,-0.4800863173262635,7.439157588755425,4.036581260209188,0,0,145.202,0.7051000000000001,49.33,2.0,2.0,4.0,0.0,0.0,0.3201916549570671,-0.4800807607084159,8.146264369941973,4.574586062669973,0,1,145.202,0.7051000000000001,49.33,2.0,2.0,4.0,0.0,0.0,0.3201916549570671,-0.4800807607084159,8.146264369941973,4.574586062669973,0,1,131.175,0.4443999999999999,63.32000000000001,2.0,2.0,3.0,0.0,0.0,0.319977946620586,-0.4800863173262635,7.439157588755425,4.036581260209188,0,0,115.13200000000002,-0.177,49.33,2.0,2.0,1.0,1.0,0.0,0.3201918797186009,-0.4800807667669501,5.983127663125442,3.8045304526403103,1,1,175.228,0.4757,58.56,2.0,3.0,7.0,0.0,0.0,0.3169790828387624,-0.4802914829480814,9.397341225498538,5.625897657686229,0,1
-4.94,P-F-L-L-F-A,1133,115.13200000000002,-0.177,49.33,2.0,2.0,1.0,1.0,0.0,0.3201918797186009,-0.4800807667669501,5.983127663125442,3.8045304526403103,0,1,165.19199999999995,0.641,63.32000000000001,2.0,2.0,3.0,1.0,1.0,0.3203155016395601,-0.4800777002034423,8.974691494688164,5.698377302757663,0,0,131.175,0.4443999999999999,63.32000000000001,2.0,2.0,3.0,0.0,0.0,0.319977946620586,-0.4800863173262635,7.439157588755425,4.036581260209188,0,0,131.175,0.4443999999999999,63.32000000000001,2.0,2.0,3.0,0.0,0.0,0.319977946620586,-0.4800863173262635,7.439157588755425,4.036581260209188,0,0,165.19199999999995,0.641,63.32000000000001,2.0,2.0,3.0,1.0,1.0,0.3203155016395601,-0.4800777002034423,8.974691494688164,5.698377302757663,0,0,89.09399999999998,-0.5817999999999999,63.32000000000001,2.0,2.0,1.0,0.0,0.0,0.3196779563386595,-0.4800942338470611,5.1547005383792515,2.6427344100918364,0,0
-5.05,A-cHexCH2_Gly-meL-Nle-dP-Et_Gly,1571,89.09399999999998,-0.5817999999999999,63.32000000000001,2.0,2.0,1.0,0.0,0.0,0.3196779563386595,-0.4800942338470611,5.1547005383792515,2.6427344100918364,0,0,171.23999999999995,1.2408999999999997,49.33,2.0,2.0,4.0,1.0,0.0,0.3169792424723776,-0.4802914820278356,8.811554787871634,5.787693700234704,0,1,145.202,0.7051000000000001,49.33,2.0,2.0,4.0,0.0,0.0,0.3201916549570671,-0.4800807607084159,8.146264369941973,4.574586062669973,0,1,131.175,0.5884999999999998,63.32000000000001,2.0,2.0,4.0,0.0,0.0,0.3199672917286225,-0.4800864475936223,7.276020881938894,4.180739212552622,0,0,115.13200000000002,-0.177,49.33,2.0,2.0,1.0,1.0,0.0,0.3201918797186009,-0.4800807667669501,5.983127663125442,3.8045304526403103,1,1,103.12099999999998,-0.3194999999999999,49.33,2.0,2.0,3.0,0.0,0.0,0.316978901991468,-0.4802914839199868,5.698670612749268,3.270055610029662,0,1
-4.94,L-pentyl_Gly-meL-Nle-dP-Et_Gly,1141,131.175,0.4443999999999999,63.32000000000001,2.0,2.0,3.0,0.0,0.0,0.319977946620586,-0.4800863173262635,7.439157588755425,4.036581260209188,0,0,145.202,0.8507999999999998,49.33,2.0,2.0,6.0,0.0,0.0,0.3169790715243422,-0.4802914829781201,7.819990956308912,4.770055610029662,0,1,145.202,0.7051000000000001,49.33,2.0,2.0,4.0,0.0,0.0,0.3201916549570671,-0.4800807607084159,8.146264369941973,4.574586062669973,0,1,131.175,0.5884999999999998,63.32000000000001,2.0,2.0,4.0,0.0,0.0,0.3199672917286225,-0.4800864475936223,7.276020881938894,4.180739212552622,0,0,115.13200000000002,-0.177,49.33,2.0,2.0,1.0,1.0,0.0,0.3201918797186009,-0.4800807667669501,5.983127663125442,3.8045304526403103,1,1,103.12099999999998,-0.3194999999999999,49.33,2.0,2.0,3.0,0.0,0.0,0.316978901991468,-0.4802914839199868,5.698670612749268,3.270055610029662,0,1
-5.16,A-PhPr_Gly-meL-Nle-dP-Et_Gly,1142,89.09399999999998,-0.5817999999999999,63.32000000000001,2.0,2.0,1.0,0.0,0.0,0.3196779563386595,-0.4800942338470611,5.1547005383792515,2.6427344100918364,0,0,193.24600000000004,1.2934,49.33,2.0,2.0,6.0,1.0,1.0,0.3169790729744391,-0.4802914829742972,10.22576835024473,6.787693700234704,0,1,145.202,0.7051000000000001,49.33,2.0,2.0,4.0,0.0,0.0,0.3201916549570671,-0.4800807607084159,8.146264369941973,4.574586062669973,0,1,131.175,0.5884999999999998,63.32000000000001,2.0,2.0,4.0,0.0,0.0,0.3199672917286225,-0.4800864475936223,7.276020881938894,4.180739212552622,0,0,115.13200000000002,-0.177,49.33,2.0,2.0,1.0,1.0,0.0,0.3201918797186009,-0.4800807667669501,5.983127663125442,3.8045304526403103,1,1,103.12099999999998,-0.3194999999999999,49.33,2.0,2.0,3.0,0.0,0.0,0.316978901991468,-0.4802914839199868,5.698670612749268,3.270055610029662,0,1
-4.99,L-Bn_Gly-meL-Nle-dP-Et_Gly,1146,131.175,0.4443999999999999,63.32000000000001,2.0,2.0,3.0,0.0,0.0,0.319977946620586,-0.4800863173262635,7.439157588755425,4.036581260209188,0,0,165.192,0.8607999999999996,49.33,2.0,2.0,4.0,1.0,1.0,0.3169885914261252,-0.480291375186306,8.811554787871634,5.787693700234704,0,1,145.202,0.7051000000000001,49.33,2.0,2.0,4.0,0.0,0.0,0.3201916549570671,-0.4800807607084159,8.146264369941973,4.574586062669973,0,1,131.175,0.5884999999999998,63.32000000000001,2.0,2.0,4.0,0.0,0.0,0.3199672917286225,-0.4800864475936223,7.276020881938894,4.180739212552622,0,0,115.13200000000002,-0.177,49.33,2.0,2.0,1.0,1.0,0.0,0.3201918797186009,-0.4800807667669501,5.983127663125442,3.8045304526403103,1,1,103.12099999999998,-0.3194999999999999,49.33,2.0,2.0,3.0,0.0,0.0,0.316978901991468,-0.4802914839199868,5.698670612749268,3.270055610029662,0,1
-5.17,L-cHexCH2_Gly-meL-Nle-dP-Et_Gly,1148,131.175,0.4443999999999999,63.32000000000001,2.0,2.0,3.0,0.0,0.0,0.319977946620586,-0.4800863173262635,7.439157588755425,4.036581260209188,0,0,171.23999999999995,1.2408999999999997,49.33,2.0,2.0,4.0,1.0,0.0,0.3169792424723776,-0.4802914820278356,8.811554787871634,5.787693700234704,0,1,145.202,0.7051000000000001,49.33,2.0,2.0,4.0,0.0,0.0,0.3201916549570671,-0.4800807607084159,8.146264369941973,4.574586062669973,0,1,131.175,0.5884999999999998,63.32000000000001,2.0,2.0,4.0,0.0,0.0,0.3199672917286225,-0.4800864475936223,7.276020881938894,4.180739212552622,0,0,115.13200000000002,-0.177,49.33,2.0,2.0,1.0,1.0,0.0,0.3201918797186009,-0.4800807667669501,5.983127663125442,3.8045304526403103,1,1,103.12099999999998,-0.3194999999999999,49.33,2.0,2.0,3.0,0.0,0.0,0.316978901991468,-0.4802914839199868,5.698670612749268,3.270055610029662,0,1
-5.04,F-pentyl_Gly-meL-Nle-dP-Et_Gly,1574,165.19199999999995,0.641,63.32000000000001,2.0,2.0,3.0,1.0,1.0,0.3203155016395601,-0.4800777002034423,8.974691494688164,5.698377302757663,0,0,145.202,0.8507999999999998,49.33,2.0,2.0,6.0,0.0,0.0,0.3169790715243422,-0.4802914829781201,7.819990956308912,4.770055610029662,0,1,145.202,0.7051000000000001,49.33,2.0,2.0,4.0,0.0,0.0,0.3201916549570671,-0.4800807607084159,8.146264369941973,4.574586062669973,0,1,131.175,0.5884999999999998,63.32000000000001,2.0,2.0,4.0,0.0,0.0,0.3199672917286225,-0.4800864475936223,7.276020881938894,4.180739212552622,0,0,115.13200000000002,-0.177,49.33,2.0,2.0,1.0,1.0,0.0,0.3201918797186009,-0.4800807667669501,5.983127663125442,3.8045304526403103,1,1,103.12099999999998,-0.3194999999999999,49.33,2.0,2.0,3.0,0.0,0.0,0.316978901991468,-0.4802914839199868,5.698670612749268,3.270055610029662,0,1
-5.11,L-PhPr_Gly-meL-Nle-dP-Et_Gly,1152,131.175,0.4443999999999999,63.32000000000001,2.0,2.0,3.0,0.0,0.0,0.319977946620586,-0.4800863173262635,7.439157588755425,4.036581260209188,0,0,193.24600000000004,1.2934,49.33,2.0,2.0,6.0,1.0,1.0,0.3169790729744391,-0.4802914829742972,10.22576835024473,6.787693700234704,0,1,145.202,0.7051000000000001,49.33,2.0,2.0,4.0,0.0,0.0,0.3201916549570671,-0.4800807607084159,8.146264369941973,4.574586062669973,0,1,131.175,0.5884999999999998,63.32000000000001,2.0,2.0,4.0,0.0,0.0,0.3199672917286225,-0.4800864475936223,7.276020881938894,4.180739212552622,0,0,115.13200000000002,-0.177,49.33,2.0,2.0,1.0,1.0,0.0,0.3201918797186009,-0.4800807667669501,5.983127663125442,3.8045304526403103,1,1,103.12099999999998,-0.3194999999999999,49.33,2.0,2.0,3.0,0.0,0.0,0.316978901991468,-0.4802914839199868,5.698670612749268,3.270055610029662,0,1
-5.19,L-Mono39-meL-Nle-dP-Et_Gly,1153,131.175,0.4443999999999999,63.32000000000001,2.0,2.0,3.0,0.0,0.0,0.319977946620586,-0.4800863173262635,7.439157588755425,4.036581260209188,0,0,195.218,0.7395999999999998,58.56,2.0,3.0,6.0,1.0,1.0,0.3169811874078111,-0.4922746055563272,10.22576835024473,6.787693700234704,0,1,145.202,0.7051000000000001,49.33,2.0,2.0,4.0,0.0,0.0,0.3201916549570671,-0.4800807607084159,8.146264369941973,4.574586062669973,0,1,131.175,0.5884999999999998,63.32000000000001,2.0,2.0,4.0,0.0,0.0,0.3199672917286225,-0.4800864475936223,7.276020881938894,4.180739212552622,0,0,115.13200000000002,-0.177,49.33,2.0,2.0,1.0,1.0,0.0,0.3201918797186009,-0.4800807667669501,5.983127663125442,3.8045304526403103,1,1,103.12099999999998,-0.3194999999999999,49.33,2.0,2.0,3.0,0.0,0.0,0.316978901991468,-0.4802914839199868,5.698670612749268,3.270055610029662,0,1
-5.16,F-Bn_Gly-meL-Nle-dP-Et_Gly,1155,165.19199999999995,0.641,63.32000000000001,2.0,2.0,3.0,1.0,1.0,0.3203155016395601,-0.4800777002034423,8.974691494688164,5.698377302757663,0,0,165.192,0.8607999999999996,49.33,2.0,2.0,4.0,1.0,1.0,0.3169885914261252,-0.480291375186306,8.811554787871634,5.787693700234704,0,1,145.202,0.7051000000000001,49.33,2.0,2.0,4.0,0.0,0.0,0.3201916549570671,-0.4800807607084159,8.146264369941973,4.574586062669973,0,1,131.175,0.5884999999999998,63.32000000000001,2.0,2.0,4.0,0.0,0.0,0.3199672917286225,-0.4800864475936223,7.276020881938894,4.180739212552622,0,0,115.13200000000002,-0.177,49.33,2.0,2.0,1.0,1.0,0.0,0.3201918797186009,-0.4800807667669501,5.983127663125442,3.8045304526403103,1,1,103.12099999999998,-0.3194999999999999,49.33,2.0,2.0,3.0,0.0,0.0,0.316978901991468,-0.4802914839199868,5.698670612749268,3.270055610029662,0,1
-5.18,F-Mono38-meL-Nle-dP-Et_Gly,1578,165.19199999999995,0.641,63.32000000000001,2.0,2.0,3.0,1.0,1.0,0.3203155016395601,-0.4800777002034423,8.974691494688164,5.698377302757663,0,0,173.21199999999996,0.0871999999999999,58.56,2.0,3.0,4.0,1.0,0.0,0.3169792425591177,-0.4802914820277248,8.811554787871634,5.787693700234704,0,1,145.202,0.7051000000000001,49.33,2.0,2.0,4.0,0.0,0.0,0.3201916549570671,-0.4800807607084159,8.146264369941973,4.574586062669973,0,1,131.175,0.5884999999999998,63.32000000000001,2.0,2.0,4.0,0.0,0.0,0.3199672917286225,-0.4800864475936223,7.276020881938894,4.180739212552622,0,0,115.13200000000002,-0.177,49.33,2.0,2.0,1.0,1.0,0.0,0.3201918797186009,-0.4800807667669501,5.983127663125442,3.8045304526403103,1,1,103.12099999999998,-0.3194999999999999,49.33,2.0,2.0,3.0,0.0,0.0,0.316978901991468,-0.4802914839199868,5.698670612749268,3.270055610029662,0,1
-5.17,Nal-MeOEt_Gly-meL-Nle-dP-Et_Gly,1160,215.252,1.7942,63.32000000000001,2.0,2.0,3.0,2.0,2.0,0.3203155047502097,-0.4800777001952562,11.543605595440512,7.664703797946449,0,0,133.147,-0.6929999999999994,58.56,2.0,3.0,5.0,0.0,0.0,0.3169804927843041,-0.4802914750760152,7.112884175122364,4.270055610029662,0,1,145.202,0.7051000000000001,49.33,2.0,2.0,4.0,0.0,0.0,0.3201916549570671,-0.4800807607084159,8.146264369941973,4.574586062669973,0,1,131.175,0.5884999999999998,63.32000000000001,2.0,2.0,4.0,0.0,0.0,0.3199672917286225,-0.4800864475936223,7.276020881938894,4.180739212552622,0,0,115.13200000000002,-0.177,49.33,2.0,2.0,1.0,1.0,0.0,0.3201918797186009,-0.4800807667669501,5.983127663125442,3.8045304526403103,1,1,103.12099999999998,-0.3194999999999999,49.33,2.0,2.0,3.0,0.0,0.0,0.316978901991468,-0.4802914839199868,5.698670612749268,3.270055610029662,0,1
-5.05,A-pentyl_Gly-meL-Nle-dP-Pr_Gly,1175,89.09399999999998,-0.5817999999999999,63.32000000000001,2.0,2.0,1.0,0.0,0.0,0.3196779563386595,-0.4800942338470611,5.1547005383792515,2.6427344100918364,0,0,145.202,0.8507999999999998,49.33,2.0,2.0,6.0,0.0,0.0,0.3169790715243422,-0.4802914829781201,7.819990956308912,4.770055610029662,0,1,145.202,0.7051000000000001,49.33,2.0,2.0,4.0,0.0,0.0,0.3201916549570671,-0.4800807607084159,8.146264369941973,4.574586062669973,0,1,131.175,0.5884999999999998,63.32000000000001,2.0,2.0,4.0,0.0,0.0,0.3199672917286225,-0.4800864475936223,7.276020881938894,4.180739212552622,0,0,115.13200000000002,-0.177,49.33,2.0,2.0,1.0,1.0,0.0,0.3201918797186009,-0.4800807667669501,5.983127663125442,3.8045304526403103,1,1,117.14799999999998,0.0706,49.33,2.0,2.0,4.0,0.0,0.0,0.3169790701760173,-0.4802914829816985,6.405777393935816,3.770055610029662,0,1
-5.12,A-Bn_Gly-meL-Nle-dP-Pr_Gly,1176,89.09399999999998,-0.5817999999999999,63.32000000000001,2.0,2.0,1.0,0.0,0.0,0.3196779563386595,-0.4800942338470611,5.1547005383792515,2.6427344100918364,0,0,165.192,0.8607999999999996,49.33,2.0,2.0,4.0,1.0,1.0,0.3169885914261252,-0.480291375186306,8.811554787871634,5.787693700234704,0,1,145.202,0.7051000000000001,49.33,2.0,2.0,4.0,0.0,0.0,0.3201916549570671,-0.4800807607084159,8.146264369941973,4.574586062669973,0,1,131.175,0.5884999999999998,63.32000000000001,2.0,2.0,4.0,0.0,0.0,0.3199672917286225,-0.4800864475936223,7.276020881938894,4.180739212552622,0,0,115.13200000000002,-0.177,49.33,2.0,2.0,1.0,1.0,0.0,0.3201918797186009,-0.4800807667669501,5.983127663125442,3.8045304526403103,1,1,117.14799999999998,0.0706,49.33,2.0,2.0,4.0,0.0,0.0,0.3169790701760173,-0.4802914829816985,6.405777393935816,3.770055610029662,0,1
-4.93,A-cHexCH2_Gly-meL-Nle-dP-Pr_Gly,1177,89.09399999999998,-0.5817999999999999,63.32000000000001,2.0,2.0,1.0,0.0,0.0,0.3196779563386595,-0.4800942338470611,5.1547005383792515,2.6427344100918364,0,0,171.23999999999995,1.2408999999999997,49.33,2.0,2.0,4.0,1.0,0.0,0.3169792424723776,-0.4802914820278356,8.811554787871634,5.787693700234704,0,1,145.202,0.7051000000000001,49.33,2.0,2.0,4.0,0.0,0.0,0.3201916549570671,-0.4800807607084159,8.146264369941973,4.574586062669973,0,1,131.175,0.5884999999999998,63.32000000000001,2.0,2.0,4.0,0.0,0.0,0.3199672917286225,-0.4800864475936223,7.276020881938894,4.180739212552622,0,0,115.13200000000002,-0.177,49.33,2.0,2.0,1.0,1.0,0.0,0.3201918797186009,-0.4800807667669501,5.983127663125442,3.8045304526403103,1,1,117.14799999999998,0.0706,49.33,2.0,2.0,4.0,0.0,0.0,0.3169790701760173,-0.4802914829816985,6.405777393935816,3.770055610029662,0,1
-5.16,L-MeOEt_Gly-meL-Nle-dP-Pr_Gly,1179,131.175,0.4443999999999999,63.32000000000001,2.0,2.0,3.0,0.0,0.0,0.319977946620586,-0.4800863173262635,7.439157588755425,4.036581260209188,0,0,133.147,-0.6929999999999994,58.56,2.0,3.0,5.0,0.0,0.0,0.3169804927843041,-0.4802914750760152,7.112884175122364,4.270055610029662,0,1,145.202,0.7051000000000001,49.33,2.0,2.0,4.0,0.0,0.0,0.3201916549570671,-0.4800807607084159,8.146264369941973,4.574586062669973,0,1,131.175,0.5884999999999998,63.32000000000001,2.0,2.0,4.0,0.0,0.0,0.3199672917286225,-0.4800864475936223,7.276020881938894,4.180739212552622,0,0,115.13200000000002,-0.177,49.33,2.0,2.0,1.0,1.0,0.0,0.3201918797186009,-0.4800807667669501,5.983127663125442,3.8045304526403103,1,1,117.14799999999998,0.0706,49.33,2.0,2.0,4.0,0.0,0.0,0.3169790701760173,-0.4802914829816985,6.405777393935816,3.770055610029662,0,1
-4.96,A-PhPr_Gly-meL-Nle-dP-Pr_Gly,1182,89.09399999999998,-0.5817999999999999,63.32000000000001,2.0,2.0,1.0,0.0,0.0,0.3196779563386595,-0.4800942338470611,5.1547005383792515,2.6427344100918364,0,0,193.24600000000004,1.2934,49.33,2.0,2.0,6.0,1.0,1.0,0.3169790729744391,-0.4802914829742972,10.22576835024473,6.787693700234704,0,1,145.202,0.7051000000000001,49.33,2.0,2.0,4.0,0.0,0.0,0.3201916549570671,-0.4800807607084159,8.146264369941973,4.574586062669973,0,1,131.175,0.5884999999999998,63.32000000000001,2.0,2.0,4.0,0.0,0.0,0.3199672917286225,-0.4800864475936223,7.276020881938894,4.180739212552622,0,0,115.13200000000002,-0.177,49.33,2.0,2.0,1.0,1.0,0.0,0.3201918797186009,-0.4800807667669501,5.983127663125442,3.8045304526403103,1,1,117.14799999999998,0.0706,49.33,2.0,2.0,4.0,0.0,0.0,0.3169790701760173,-0.4802914829816985,6.405777393935816,3.770055610029662,0,1
-5.2,L-Bn_Gly-meL-Nle-dP-Pr_Gly,1186,131.175,0.4443999999999999,63.32000000000001,2.0,2.0,3.0,0.0,0.0,0.319977946620586,-0.4800863173262635,7.439157588755425,4.036581260209188,0,0,165.192,0.8607999999999996,49.33,2.0,2.0,4.0,1.0,1.0,0.3169885914261252,-0.480291375186306,8.811554787871634,5.787693700234704,0,1,145.202,0.7051000000000001,49.33,2.0,2.0,4.0,0.0,0.0,0.3201916549570671,-0.4800807607084159,8.146264369941973,4.574586062669973,0,1,131.175,0.5884999999999998,63.32000000000001,2.0,2.0,4.0,0.0,0.0,0.3199672917286225,-0.4800864475936223,7.276020881938894,4.180739212552622,0,0,115.13200000000002,-0.177,49.33,2.0,2.0,1.0,1.0,0.0,0.3201918797186009,-0.4800807667669501,5.983127663125442,3.8045304526403103,1,1,117.14799999999998,0.0706,49.33,2.0,2.0,4.0,0.0,0.0,0.3169790701760173,-0.4802914829816985,6.405777393935816,3.770055610029662,0,1
-5.12,F-MeOEt_Gly-meL-Nle-dP-Pr_Gly,1187,165.19199999999995,0.641,63.32000000000001,2.0,2.0,3.0,1.0,1.0,0.3203155016395601,-0.4800777002034423,8.974691494688164,5.698377302757663,0,0,133.147,-0.6929999999999994,58.56,2.0,3.0,5.0,0.0,0.0,0.3169804927843041,-0.4802914750760152,7.112884175122364,4.270055610029662,0,1,145.202,0.7051000000000001,49.33,2.0,2.0,4.0,0.0,0.0,0.3201916549570671,-0.4800807607084159,8.146264369941973,4.574586062669973,0,1,131.175,0.5884999999999998,63.32000000000001,2.0,2.0,4.0,0.0,0.0,0.3199672917286225,-0.4800864475936223,7.276020881938894,4.180739212552622,0,0,115.13200000000002,-0.177,49.33,2.0,2.0,1.0,1.0,0.0,0.3201918797186009,-0.4800807667669501,5.983127663125442,3.8045304526403103,1,1,117.14799999999998,0.0706,49.33,2.0,2.0,4.0,0.0,0.0,0.3169790701760173,-0.4802914829816985,6.405777393935816,3.770055610029662,0,1
-5.19,F-Mono38-meL-Nle-dP-Pr_Gly,1198,165.19199999999995,0.641,63.32000000000001,2.0,2.0,3.0,1.0,1.0,0.3203155016395601,-0.4800777002034423,8.974691494688164,5.698377302757663,0,0,173.21199999999996,0.0871999999999999,58.56,2.0,3.0,4.0,1.0,0.0,0.3169792425591177,-0.4802914820277248,8.811554787871634,5.787693700234704,0,1,145.202,0.7051000000000001,49.33,2.0,2.0,4.0,0.0,0.0,0.3201916549570671,-0.4800807607084159,8.146264369941973,4.574586062669973,0,1,131.175,0.5884999999999998,63.32000000000001,2.0,2.0,4.0,0.0,0.0,0.3199672917286225,-0.4800864475936223,7.276020881938894,4.180739212552622,0,0,115.13200000000002,-0.177,49.33,2.0,2.0,1.0,1.0,0.0,0.3201918797186009,-0.4800807667669501,5.983127663125442,3.8045304526403103,1,1,117.14799999999998,0.0706,49.33,2.0,2.0,4.0,0.0,0.0,0.3169790701760173,-0.4802914829816985,6.405777393935816,3.770055610029662,0,1
-4.9,A-pentyl_Gly-meL-Nle-dP-iBu_Gly,1215,89.09399999999998,-0.5817999999999999,63.32000000000001,2.0,2.0,1.0,0.0,0.0,0.3196779563386595,-0.4800942338470611,5.1547005383792515,2.6427344100918364,0,0,145.202,0.8507999999999998,49.33,2.0,2.0,6.0,0.0,0.0,0.3169790715243422,-0.4802914829781201,7.819990956308912,4.770055610029662,0,1,145.202,0.7051000000000001,49.33,2.0,2.0,4.0,0.0,0.0,0.3201916549570671,-0.4800807607084159,8.146264369941973,4.574586062669973,0,1,131.175,0.5884999999999998,63.32000000000001,2.0,2.0,4.0,0.0,0.0,0.3199672917286225,-0.4800864475936223,7.276020881938894,4.180739212552622,0,0,115.13200000000002,-0.177,49.33,2.0,2.0,1.0,1.0,0.0,0.3201918797186009,-0.4800807667669501,5.983127663125442,3.8045304526403103,1,1,131.17499999999998,0.3166,49.33,2.0,2.0,4.0,0.0,0.0,0.3169792397583407,-0.4802914820350396,7.276020881938894,4.125897657686229,0,1
-4.98,A-Bn_Gly-meL-Nle-dP-iBu_Gly,1216,89.09399999999998,-0.5817999999999999,63.32000000000001,2.0,2.0,1.0,0.0,0.0,0.3196779563386595,-0.4800942338470611,5.1547005383792515,2.6427344100918364,0,0,165.192,0.8607999999999996,49.33,2.0,2.0,4.0,1.0,1.0,0.3169885914261252,-0.480291375186306,8.811554787871634,5.787693700234704,0,1,145.202,0.7051000000000001,49.33,2.0,2.0,4.0,0.0,0.0,0.3201916549570671,-0.4800807607084159,8.146264369941973,4.574586062669973,0,1,131.175,0.5884999999999998,63.32000000000001,2.0,2.0,4.0,0.0,0.0,0.3199672917286225,-0.4800864475936223,7.276020881938894,4.180739212552622,0,0,115.13200000000002,-0.177,49.33,2.0,2.0,1.0,1.0,0.0,0.3201918797186009,-0.4800807667669501,5.983127663125442,3.8045304526403103,1,1,131.17499999999998,0.3166,49.33,2.0,2.0,4.0,0.0,0.0,0.3169792397583407,-0.4802914820350396,7.276020881938894,4.125897657686229,0,1
-4.96,A-cHexCH2_Gly-meL-Nle-dP-iBu_Gly,1217,89.09399999999998,-0.5817999999999999,63.32000000000001,2.0,2.0,1.0,0.0,0.0,0.3196779563386595,-0.4800942338470611,5.1547005383792515,2.6427344100918364,0,0,171.23999999999995,1.2408999999999997,49.33,2.0,2.0,4.0,1.0,0.0,0.3169792424723776,-0.4802914820278356,8.811554787871634,5.787693700234704,0,1,145.202,0.7051000000000001,49.33,2.0,2.0,4.0,0.0,0.0,0.3201916549570671,-0.4800807607084159,8.146264369941973,4.574586062669973,0,1,131.175,0.5884999999999998,63.32000000000001,2.0,2.0,4.0,0.0,0.0,0.3199672917286225,-0.4800864475936223,7.276020881938894,4.180739212552622,0,0,115.13200000000002,-0.177,49.33,2.0,2.0,1.0,1.0,0.0,0.3201918797186009,-0.4800807667669501,5.983127663125442,3.8045304526403103,1,1,131.17499999999998,0.3166,49.33,2.0,2.0,4.0,0.0,0.0,0.3169792397583407,-0.4802914820350396,7.276020881938894,4.125897657686229,0,1
-5.01,L-MeOEt_Gly-meL-Nle-dP-iBu_Gly,1219,131.175,0.4443999999999999,63.32000000000001,2.0,2.0,3.0,0.0,0.0,0.319977946620586,-0.4800863173262635,7.439157588755425,4.036581260209188,0,0,133.147,-0.6929999999999994,58.56,2.0,3.0,5.0,0.0,0.0,0.3169804927843041,-0.4802914750760152,7.112884175122364,4.270055610029662,0,1,145.202,0.7051000000000001,49.33,2.0,2.0,4.0,0.0,0.0,0.3201916549570671,-0.4800807607084159,8.146264369941973,4.574586062669973,0,1,131.175,0.5884999999999998,63.32000000000001,2.0,2.0,4.0,0.0,0.0,0.3199672917286225,-0.4800864475936223,7.276020881938894,4.180739212552622,0,0,115.13200000000002,-0.177,49.33,2.0,2.0,1.0,1.0,0.0,0.3201918797186009,-0.4800807667669501,5.983127663125442,3.8045304526403103,1,1,131.17499999999998,0.3166,49.33,2.0,2.0,4.0,0.0,0.0,0.3169792397583407,-0.4802914820350396,7.276020881938894,4.125897657686229,0,1
-4.96,A-PhPr_Gly-meL-Nle-dP-iBu_Gly,1222,89.09399999999998,-0.5817999999999999,63.32000000000001,2.0,2.0,1.0,0.0,0.0,0.3196779563386595,-0.4800942338470611,5.1547005383792515,2.6427344100918364,0,0,193.24600000000004,1.2934,49.33,2.0,2.0,6.0,1.0,1.0,0.3169790729744391,-0.4802914829742972,10.22576835024473,6.787693700234704,0,1,145.202,0.7051000000000001,49.33,2.0,2.0,4.0,0.0,0.0,0.3201916549570671,-0.4800807607084159,8.146264369941973,4.574586062669973,0,1,131.175,0.5884999999999998,63.32000000000001,2.0,2.0,4.0,0.0,0.0,0.3199672917286225,-0.4800864475936223,7.276020881938894,4.180739212552622,0,0,115.13200000000002,-0.177,49.33,2.0,2.0,1.0,1.0,0.0,0.3201918797186009,-0.4800807667669501,5.983127663125442,3.8045304526403103,1,1,131.17499999999998,0.3166,49.33,2.0,2.0,4.0,0.0,0.0,0.3169792397583407,-0.4802914820350396,7.276020881938894,4.125897657686229,0,1
-5.05,A-Mono39-meL-Nle-dP-iBu_Gly,1223,89.09399999999998,-0.5817999999999999,63.32000000000001,2.0,2.0,1.0,0.0,0.0,0.3196779563386595,-0.4800942338470611,5.1547005383792515,2.6427344100918364,0,0,195.218,0.7395999999999998,58.56,2.0,3.0,6.0,1.0,1.0,0.3169811874078111,-0.4922746055563272,10.22576835024473,6.787693700234704,0,1,145.202,0.7051000000000001,49.33,2.0,2.0,4.0,0.0,0.0,0.3201916549570671,-0.4800807607084159,8.146264369941973,4.574586062669973,0,1,131.175,0.5884999999999998,63.32000000000001,2.0,2.0,4.0,0.0,0.0,0.3199672917286225,-0.4800864475936223,7.276020881938894,4.180739212552622,0,0,115.13200000000002,-0.177,49.33,2.0,2.0,1.0,1.0,0.0,0.3201918797186009,-0.4800807667669501,5.983127663125442,3.8045304526403103,1,1,131.17499999999998,0.3166,49.33,2.0,2.0,4.0,0.0,0.0,0.3169792397583407,-0.4802914820350396,7.276020881938894,4.125897657686229,0,1
-5.06,F-MeOEt_Gly-meL-Nle-dP-iBu_Gly,1227,165.19199999999995,0.641,63.32000000000001,2.0,2.0,3.0,1.0,1.0,0.3203155016395601,-0.4800777002034423,8.974691494688164,5.698377302757663,0,0,133.147,-0.6929999999999994,58.56,2.0,3.0,5.0,0.0,0.0,0.3169804927843041,-0.4802914750760152,7.112884175122364,4.270055610029662,0,1,145.202,0.7051000000000001,49.33,2.0,2.0,4.0,0.0,0.0,0.3201916549570671,-0.4800807607084159,8.146264369941973,4.574586062669973,0,1,131.175,0.5884999999999998,63.32000000000001,2.0,2.0,4.0,0.0,0.0,0.3199672917286225,-0.4800864475936223,7.276020881938894,4.180739212552622,0,0,115.13200000000002,-0.177,49.33,2.0,2.0,1.0,1.0,0.0,0.3201918797186009,-0.4800807667669501,5.983127663125442,3.8045304526403103,1,1,131.17499999999998,0.3166,49.33,2.0,2.0,4.0,0.0,0.0,0.3169792397583407,-0.4802914820350396,7.276020881938894,4.125897657686229,0,1
-5.07,L-Mono38-meL-Nle-dP-iBu_Gly,1229,131.175,0.4443999999999999,63.32000000000001,2.0,2.0,3.0,0.0,0.0,0.319977946620586,-0.4800863173262635,7.439157588755425,4.036581260209188,0,0,173.21199999999996,0.0871999999999999,58.56,2.0,3.0,4.0,1.0,0.0,0.3169792425591177,-0.4802914820277248,8.811554787871634,5.787693700234704,0,1,145.202,0.7051000000000001,49.33,2.0,2.0,4.0,0.0,0.0,0.3201916549570671,-0.4800807607084159,8.146264369941973,4.574586062669973,0,1,131.175,0.5884999999999998,63.32000000000001,2.0,2.0,4.0,0.0,0.0,0.3199672917286225,-0.4800864475936223,7.276020881938894,4.180739212552622,0,0,115.13200000000002,-0.177,49.33,2.0,2.0,1.0,1.0,0.0,0.3201918797186009,-0.4800807667669501,5.983127663125442,3.8045304526403103,1,1,131.17499999999998,0.3166,49.33,2.0,2.0,4.0,0.0,0.0,0.3169792397583407,-0.4802914820350396,7.276020881938894,4.125897657686229,0,1
-5.07,F-Mono38-meL-Nle-dP-iBu_Gly,1238,165.19199999999995,0.641,63.32000000000001,2.0,2.0,3.0,1.0,1.0,0.3203155016395601,-0.4800777002034423,8.974691494688164,5.698377302757663,0,0,173.21199999999996,0.0871999999999999,58.56,2.0,3.0,4.0,1.0,0.0,0.3169792425591177,-0.4802914820277248,8.811554787871634,5.787693700234704,0,1,145.202,0.7051000000000001,49.33,2.0,2.0,4.0,0.0,0.0,0.3201916549570671,-0.4800807607084159,8.146264369941973,4.574586062669973,0,1,131.175,0.5884999999999998,63.32000000000001,2.0,2.0,4.0,0.0,0.0,0.3199672917286225,-0.4800864475936223,7.276020881938894,4.180739212552622,0,0,115.13200000000002,-0.177,49.33,2.0,2.0,1.0,1.0,0.0,0.3201918797186009,-0.4800807667669501,5.983127663125442,3.8045304526403103,1,1,131.17499999999998,0.3166,49.33,2.0,2.0,4.0,0.0,0.0,0.3169792397583407,-0.4802914820350396,7.276020881938894,4.125897657686229,0,1
-4.97,A-pentyl_Gly-meL-Nle-dP-Mono34,1573,89.09399999999998,-0.5817999999999999,63.32000000000001,2.0,2.0,1.0,0.0,0.0,0.3196779563386595,-0.4800942338470611,5.1547005383792515,2.6427344100918364,0,0,145.202,0.8507999999999998,49.33,2.0,2.0,6.0,0.0,0.0,0.3169790715243422,-0.4802914829781201,7.819990956308912,4.770055610029662,0,1,145.202,0.7051000000000001,49.33,2.0,2.0,4.0,0.0,0.0,0.3201916549570671,-0.4800807607084159,8.146264369941973,4.574586062669973,0,1,131.175,0.5884999999999998,63.32000000000001,2.0,2.0,4.0,0.0,0.0,0.3199672917286225,-0.4800864475936223,7.276020881938894,4.180739212552622,0,0,115.13200000000002,-0.177,49.33,2.0,2.0,1.0,1.0,0.0,0.3201918797186009,-0.4800807667669501,5.983127663125442,3.8045304526403103,1,1,175.228,0.4757,58.56,2.0,3.0,7.0,0.0,0.0,0.3169790828387624,-0.4802914829480814,9.397341225498538,5.625897657686229,0,1
-4.97,A-Bn_Gly-meL-Nle-dP-Mono34,1256,89.09399999999998,-0.5817999999999999,63.32000000000001,2.0,2.0,1.0,0.0,0.0,0.3196779563386595,-0.4800942338470611,5.1547005383792515,2.6427344100918364,0,0,165.192,0.8607999999999996,49.33,2.0,2.0,4.0,1.0,1.0,0.3169885914261252,-0.480291375186306,8.811554787871634,5.787693700234704,0,1,145.202,0.7051000000000001,49.33,2.0,2.0,4.0,0.0,0.0,0.3201916549570671,-0.4800807607084159,8.146264369941973,4.574586062669973,0,1,131.175,0.5884999999999998,63.32000000000001,2.0,2.0,4.0,0.0,0.0,0.3199672917286225,-0.4800864475936223,7.276020881938894,4.180739212552622,0,0,115.13200000000002,-0.177,49.33,2.0,2.0,1.0,1.0,0.0,0.3201918797186009,-0.4800807667669501,5.983127663125442,3.8045304526403103,1,1,175.228,0.4757,58.56,2.0,3.0,7.0,0.0,0.0,0.3169790828387624,-0.4802914829480814,9.397341225498538,5.625897657686229,0,1
-4.88,A-cHexCH2_Gly-meL-Nle-dP-Mono34,1575,89.09399999999998,-0.5817999999999999,63.32000000000001,2.0,2.0,1.0,0.0,0.0,0.3196779563386595,-0.4800942338470611,5.1547005383792515,2.6427344100918364,0,0,171.23999999999995,1.2408999999999997,49.33,2.0,2.0,4.0,1.0,0.0,0.3169792424723776,-0.4802914820278356,8.811554787871634,5.787693700234704,0,1,145.202,0.7051000000000001,49.33,2.0,2.0,4.0,0.0,0.0,0.3201916549570671,-0.4800807607084159,8.146264369941973,4.574586062669973,0,1,131.175,0.5884999999999998,63.32000000000001,2.0,2.0,4.0,0.0,0.0,0.3199672917286225,-0.4800864475936223,7.276020881938894,4.180739212552622,0,0,115.13200000000002,-0.177,49.33,2.0,2.0,1.0,1.0,0.0,0.3201918797186009,-0.4800807667669501,5.983127663125442,3.8045304526403103,1,1,175.228,0.4757,58.56,2.0,3.0,7.0,0.0,0.0,0.3169790828387624,-0.4802914829480814,9.397341225498538,5.625897657686229,0,1
-5.05,L-MeOEt_Gly-meL-Nle-dP-Mono34,1259,131.175,0.4443999999999999,63.32000000000001,2.0,2.0,3.0,0.0,0.0,0.319977946620586,-0.4800863173262635,7.439157588755425,4.036581260209188,0,0,133.147,-0.6929999999999994,58.56,2.0,3.0,5.0,0.0,0.0,0.3169804927843041,-0.4802914750760152,7.112884175122364,4.270055610029662,0,1,145.202,0.7051000000000001,49.33,2.0,2.0,4.0,0.0,0.0,0.3201916549570671,-0.4800807607084159,8.146264369941973,4.574586062669973,0,1,131.175,0.5884999999999998,63.32000000000001,2.0,2.0,4.0,0.0,0.0,0.3199672917286225,-0.4800864475936223,7.276020881938894,4.180739212552622,0,0,115.13200000000002,-0.177,49.33,2.0,2.0,1.0,1.0,0.0,0.3201918797186009,-0.4800807667669501,5.983127663125442,3.8045304526403103,1,1,175.228,0.4757,58.56,2.0,3.0,7.0,0.0,0.0,0.3169790828387624,-0.4802914829480814,9.397341225498538,5.625897657686229,0,1
-4.88,A-PhPr_Gly-meL-Nle-dP-Mono34,1262,89.09399999999998,-0.5817999999999999,63.32000000000001,2.0,2.0,1.0,0.0,0.0,0.3196779563386595,-0.4800942338470611,5.1547005383792515,2.6427344100918364,0,0,193.24600000000004,1.2934,49.33,2.0,2.0,6.0,1.0,1.0,0.3169790729744391,-0.4802914829742972,10.22576835024473,6.787693700234704,0,1,145.202,0.7051000000000001,49.33,2.0,2.0,4.0,0.0,0.0,0.3201916549570671,-0.4800807607084159,8.146264369941973,4.574586062669973,0,1,131.175,0.5884999999999998,63.32000000000001,2.0,2.0,4.0,0.0,0.0,0.3199672917286225,-0.4800864475936223,7.276020881938894,4.180739212552622,0,0,115.13200000000002,-0.177,49.33,2.0,2.0,1.0,1.0,0.0,0.3201918797186009,-0.4800807667669501,5.983127663125442,3.8045304526403103,1,1,175.228,0.4757,58.56,2.0,3.0,7.0,0.0,0.0,0.3169790828387624,-0.4802914829480814,9.397341225498538,5.625897657686229,0,1
-5.06,A-Mono39-meL-Nle-dP-Mono34,1263,89.09399999999998,-0.5817999999999999,63.32000000000001,2.0,2.0,1.0,0.0,0.0,0.3196779563386595,-0.4800942338470611,5.1547005383792515,2.6427344100918364,0,0,195.218,0.7395999999999998,58.56,2.0,3.0,6.0,1.0,1.0,0.3169811874078111,-0.4922746055563272,10.22576835024473,6.787693700234704,0,1,145.202,0.7051000000000001,49.33,2.0,2.0,4.0,0.0,0.0,0.3201916549570671,-0.4800807607084159,8.146264369941973,4.574586062669973,0,1,131.175,0.5884999999999998,63.32000000000001,2.0,2.0,4.0,0.0,0.0,0.3199672917286225,-0.4800864475936223,7.276020881938894,4.180739212552622,0,0,115.13200000000002,-0.177,49.33,2.0,2.0,1.0,1.0,0.0,0.3201918797186009,-0.4800807667669501,5.983127663125442,3.8045304526403103,1,1,175.228,0.4757,58.56,2.0,3.0,7.0,0.0,0.0,0.3169790828387624,-0.4802914829480814,9.397341225498538,5.625897657686229,0,1
-5.17,L-Bn_Gly-meL-Nle-dP-Mono34,1266,131.175,0.4443999999999999,63.32000000000001,2.0,2.0,3.0,0.0,0.0,0.319977946620586,-0.4800863173262635,7.439157588755425,4.036581260209188,0,0,165.192,0.8607999999999996,49.33,2.0,2.0,4.0,1.0,1.0,0.3169885914261252,-0.480291375186306,8.811554787871634,5.787693700234704,0,1,145.202,0.7051000000000001,49.33,2.0,2.0,4.0,0.0,0.0,0.3201916549570671,-0.4800807607084159,8.146264369941973,4.574586062669973,0,1,131.175,0.5884999999999998,63.32000000000001,2.0,2.0,4.0,0.0,0.0,0.3199672917286225,-0.4800864475936223,7.276020881938894,4.180739212552622,0,0,115.13200000000002,-0.177,49.33,2.0,2.0,1.0,1.0,0.0,0.3201918797186009,-0.4800807667669501,5.983127663125442,3.8045304526403103,1,1,175.228,0.4757,58.56,2.0,3.0,7.0,0.0,0.0,0.3169790828387624,-0.4802914829480814,9.397341225498538,5.625897657686229,0,1
-5.08,F-MeOEt_Gly-meL-Nle-dP-Mono34,1267,165.19199999999995,0.641,63.32000000000001,2.0,2.0,3.0,1.0,1.0,0.3203155016395601,-0.4800777002034423,8.974691494688164,5.698377302757663,0,0,133.147,-0.6929999999999994,58.56,2.0,3.0,5.0,0.0,0.0,0.3169804927843041,-0.4802914750760152,7.112884175122364,4.270055610029662,0,1,145.202,0.7051000000000001,49.33,2.0,2.0,4.0,0.0,0.0,0.3201916549570671,-0.4800807607084159,8.146264369941973,4.574586062669973,0,1,131.175,0.5884999999999998,63.32000000000001,2.0,2.0,4.0,0.0,0.0,0.3199672917286225,-0.4800864475936223,7.276020881938894,4.180739212552622,0,0,115.13200000000002,-0.177,49.33,2.0,2.0,1.0,1.0,0.0,0.3201918797186009,-0.4800807667669501,5.983127663125442,3.8045304526403103,1,1,175.228,0.4757,58.56,2.0,3.0,7.0,0.0,0.0,0.3169790828387624,-0.4802914829480814,9.397341225498538,5.625897657686229,0,1
-5.14,L-Mono38-meL-Nle-dP-Mono34,1269,131.175,0.4443999999999999,63.32000000000001,2.0,2.0,3.0,0.0,0.0,0.319977946620586,-0.4800863173262635,7.439157588755425,4.036581260209188,0,0,173.21199999999996,0.0871999999999999,58.56,2.0,3.0,4.0,1.0,0.0,0.3169792425591177,-0.4802914820277248,8.811554787871634,5.787693700234704,0,1,145.202,0.7051000000000001,49.33,2.0,2.0,4.0,0.0,0.0,0.3201916549570671,-0.4800807607084159,8.146264369941973,4.574586062669973,0,1,131.175,0.5884999999999998,63.32000000000001,2.0,2.0,4.0,0.0,0.0,0.3199672917286225,-0.4800864475936223,7.276020881938894,4.180739212552622,0,0,115.13200000000002,-0.177,49.33,2.0,2.0,1.0,1.0,0.0,0.3201918797186009,-0.4800807667669501,5.983127663125442,3.8045304526403103,1,1,175.228,0.4757,58.56,2.0,3.0,7.0,0.0,0.0,0.3169790828387624,-0.4802914829480814,9.397341225498538,5.625897657686229,0,1
-5.0,F-Mono38-meL-Nle-dP-Mono34,1584,165.19199999999995,0.641,63.32000000000001,2.0,2.0,3.0,1.0,1.0,0.3203155016395601,-0.4800777002034423,8.974691494688164,5.698377302757663,0,0,173.21199999999996,0.0871999999999999,58.56,2.0,3.0,4.0,1.0,0.0,0.3169792425591177,-0.4802914820277248,8.811554787871634,5.787693700234704,0,1,145.202,0.7051000000000001,49.33,2.0,2.0,4.0,0.0,0.0,0.3201916549570671,-0.4800807607084159,8.146264369941973,4.574586062669973,0,1,131.175,0.5884999999999998,63.32000000000001,2.0,2.0,4.0,0.0,0.0,0.3199672917286225,-0.4800864475936223,7.276020881938894,4.180739212552622,0,0,115.13200000000002,-0.177,49.33,2.0,2.0,1.0,1.0,0.0,0.3201918797186009,-0.4800807667669501,5.983127663125442,3.8045304526403103,1,1,175.228,0.4757,58.56,2.0,3.0,7.0,0.0,0.0,0.3169790828387624,-0.4802914829480814,9.397341225498538,5.625897657686229,0,1
-5.18,L-cHexCH2_Gly-meL-Nle-dP-Mono42,1308,131.175,0.4443999999999999,63.32000000000001,2.0,2.0,3.0,0.0,0.0,0.319977946620586,-0.4800863173262635,7.439157588755425,4.036581260209188,0,0,171.23999999999995,1.2408999999999997,49.33,2.0,2.0,4.0,1.0,0.0,0.3169792424723776,-0.4802914820278356,8.811554787871634,5.787693700234704,0,1,145.202,0.7051000000000001,49.33,2.0,2.0,4.0,0.0,0.0,0.3201916549570671,-0.4800807607084159,8.146264369941973,4.574586062669973,0,1,131.175,0.5884999999999998,63.32000000000001,2.0,2.0,4.0,0.0,0.0,0.3199672917286225,-0.4800864475936223,7.276020881938894,4.180739212552622,0,0,115.13200000000002,-0.177,49.33,2.0,2.0,1.0,1.0,0.0,0.3201918797186009,-0.4800807667669501,5.983127663125442,3.8045304526403103,1,1,188.22699999999995,-1.0071999999999994,61.8,2.0,4.0,5.0,1.0,0.0,0.3169798718990048,-0.4802914785198743,9.518661569058182,6.287693700234704,0,1
-5.19,A-MeOEt_Gly-meL-Nle-dP-Mono43,1374,89.09399999999998,-0.5817999999999999,63.32000000000001,2.0,2.0,1.0,0.0,0.0,0.3196779563386595,-0.4800942338470611,5.1547005383792515,2.6427344100918364,0,0,133.147,-0.6929999999999994,58.56,2.0,3.0,5.0,0.0,0.0,0.3169804927843041,-0.4802914750760152,7.112884175122364,4.270055610029662,0,1,145.202,0.7051000000000001,49.33,2.0,2.0,4.0,0.0,0.0,0.3201916549570671,-0.4800807607084159,8.146264369941973,4.574586062669973,0,1,131.175,0.5884999999999998,63.32000000000001,2.0,2.0,4.0,0.0,0.0,0.3199672917286225,-0.4800864475936223,7.276020881938894,4.180739212552622,0,0,115.13200000000002,-0.177,49.33,2.0,2.0,1.0,1.0,0.0,0.3201918797186009,-0.4800807667669501,5.983127663125442,3.8045304526403103,1,1,207.273,1.6834999999999998,49.33,2.0,2.0,7.0,1.0,1.0,0.3169790715298285,-0.4802914829781132,10.932875131431278,7.287693700234704,0,1
-4.91,A-pentyl_Gly-meL-Nle-dP-Mono1,1579,89.09399999999998,-0.5817999999999999,63.32000000000001,2.0,2.0,1.0,0.0,0.0,0.3196779563386595,-0.4800942338470611,5.1547005383792515,2.6427344100918364,0,0,145.202,0.8507999999999998,49.33,2.0,2.0,6.0,0.0,0.0,0.3169790715243422,-0.4802914829781201,7.819990956308912,4.770055610029662,0,1,145.202,0.7051000000000001,49.33,2.0,2.0,4.0,0.0,0.0,0.3201916549570671,-0.4800807607084159,8.146264369941973,4.574586062669973,0,1,131.175,0.5884999999999998,63.32000000000001,2.0,2.0,4.0,0.0,0.0,0.3199672917286225,-0.4800864475936223,7.276020881938894,4.180739212552622,0,0,115.13200000000002,-0.177,49.33,2.0,2.0,1.0,1.0,0.0,0.3201918797186009,-0.4800807667669501,5.983127663125442,3.8045304526403103,1,1,209.20099999999996,0.5894999999999995,67.79,2.0,4.0,4.0,2.0,1.0,0.316988591494396,-0.4802913751862192,10.673362107437434,7.2540201954234895,0,1
-5.11,A-Bn_Gly-meL-Nle-dP-Mono1,1416,89.09399999999998,-0.5817999999999999,63.32000000000001,2.0,2.0,1.0,0.0,0.0,0.3196779563386595,-0.4800942338470611,5.1547005383792515,2.6427344100918364,0,0,165.192,0.8607999999999996,49.33,2.0,2.0,4.0,1.0,1.0,0.3169885914261252,-0.480291375186306,8.811554787871634,5.787693700234704,0,1,145.202,0.7051000000000001,49.33,2.0,2.0,4.0,0.0,0.0,0.3201916549570671,-0.4800807607084159,8.146264369941973,4.574586062669973,0,1,131.175,0.5884999999999998,63.32000000000001,2.0,2.0,4.0,0.0,0.0,0.3199672917286225,-0.4800864475936223,7.276020881938894,4.180739212552622,0,0,115.13200000000002,-0.177,49.33,2.0,2.0,1.0,1.0,0.0,0.3201918797186009,-0.4800807667669501,5.983127663125442,3.8045304526403103,1,1,209.20099999999996,0.5894999999999995,67.79,2.0,4.0,4.0,2.0,1.0,0.316988591494396,-0.4802913751862192,10.673362107437434,7.2540201954234895,0,1
-5.12,A-cHexCH2_Gly-meL-Nle-dP-Mono1,1580,89.09399999999998,-0.5817999999999999,63.32000000000001,2.0,2.0,1.0,0.0,0.0,0.3196779563386595,-0.4800942338470611,5.1547005383792515,2.6427344100918364,0,0,171.23999999999995,1.2408999999999997,49.33,2.0,2.0,4.0,1.0,0.0,0.3169792424723776,-0.4802914820278356,8.811554787871634,5.787693700234704,0,1,145.202,0.7051000000000001,49.33,2.0,2.0,4.0,0.0,0.0,0.3201916549570671,-0.4800807607084159,8.146264369941973,4.574586062669973,0,1,131.175,0.5884999999999998,63.32000000000001,2.0,2.0,4.0,0.0,0.0,0.3199672917286225,-0.4800864475936223,7.276020881938894,4.180739212552622,0,0,115.13200000000002,-0.177,49.33,2.0,2.0,1.0,1.0,0.0,0.3201918797186009,-0.4800807667669501,5.983127663125442,3.8045304526403103,1,1,209.20099999999996,0.5894999999999995,67.79,2.0,4.0,4.0,2.0,1.0,0.316988591494396,-0.4802913751862192,10.673362107437434,7.2540201954234895,0,1
-5.04,L-MeOEt_Gly-meL-Nle-dP-Mono1,1419,131.175,0.4443999999999999,63.32000000000001,2.0,2.0,3.0,0.0,0.0,0.319977946620586,-0.4800863173262635,7.439157588755425,4.036581260209188,0,0,133.147,-0.6929999999999994,58.56,2.0,3.0,5.0,0.0,0.0,0.3169804927843041,-0.4802914750760152,7.112884175122364,4.270055610029662,0,1,145.202,0.7051000000000001,49.33,2.0,2.0,4.0,0.0,0.0,0.3201916549570671,-0.4800807607084159,8.146264369941973,4.574586062669973,0,1,131.175,0.5884999999999998,63.32000000000001,2.0,2.0,4.0,0.0,0.0,0.3199672917286225,-0.4800864475936223,7.276020881938894,4.180739212552622,0,0,115.13200000000002,-0.177,49.33,2.0,2.0,1.0,1.0,0.0,0.3201918797186009,-0.4800807667669501,5.983127663125442,3.8045304526403103,1,1,209.20099999999996,0.5894999999999995,67.79,2.0,4.0,4.0,2.0,1.0,0.316988591494396,-0.4802913751862192,10.673362107437434,7.2540201954234895,0,1
-5.02,L-Mono38-meL-Nle-dP-Mono1,1429,131.175,0.4443999999999999,63.32000000000001,2.0,2.0,3.0,0.0,0.0,0.319977946620586,-0.4800863173262635,7.439157588755425,4.036581260209188,0,0,173.21199999999996,0.0871999999999999,58.56,2.0,3.0,4.0,1.0,0.0,0.3169792425591177,-0.4802914820277248,8.811554787871634,5.787693700234704,0,1,145.202,0.7051000000000001,49.33,2.0,2.0,4.0,0.0,0.0,0.3201916549570671,-0.4800807607084159,8.146264369941973,4.574586062669973,0,1,131.175,0.5884999999999998,63.32000000000001,2.0,2.0,4.0,0.0,0.0,0.3199672917286225,-0.4800864475936223,7.276020881938894,4.180739212552622,0,0,115.13200000000002,-0.177,49.33,2.0,2.0,1.0,1.0,0.0,0.3201918797186009,-0.4800807667669501,5.983127663125442,3.8045304526403103,1,1,209.20099999999996,0.5894999999999995,67.79,2.0,4.0,4.0,2.0,1.0,0.316988591494396,-0.4802913751862192,10.673362107437434,7.2540201954234895,0,1
-5.19,F-Mono38-meL-Nle-dP-Mono1,1587,165.19199999999995,0.641,63.32000000000001,2.0,2.0,3.0,1.0,1.0,0.3203155016395601,-0.4800777002034423,8.974691494688164,5.698377302757663,0,0,173.21199999999996,0.0871999999999999,58.56,2.0,3.0,4.0,1.0,0.0,0.3169792425591177,-0.4802914820277248,8.811554787871634,5.787693700234704,0,1,145.202,0.7051000000000001,49.33,2.0,2.0,4.0,0.0,0.0,0.3201916549570671,-0.4800807607084159,8.146264369941973,4.574586062669973,0,1,131.175,0.5884999999999998,63.32000000000001,2.0,2.0,4.0,0.0,0.0,0.3199672917286225,-0.4800864475936223,7.276020881938894,4.180739212552622,0,0,115.13200000000002,-0.177,49.33,2.0,2.0,1.0,1.0,0.0,0.3201918797186009,-0.4800807667669501,5.983127663125442,3.8045304526403103,1,1,209.20099999999996,0.5894999999999995,67.79,2.0,4.0,4.0,2.0,1.0,0.316988591494396,-0.4802913751862192,10.673362107437434,7.2540201954234895,0,1
-5.0,A-pentyl_Gly-meL-Nle-dP-Mono44,1455,89.09399999999998,-0.5817999999999999,63.32000000000001,2.0,2.0,1.0,0.0,0.0,0.3196779563386595,-0.4800942338470611,5.1547005383792515,2.6427344100918364,0,0,145.202,0.8507999999999998,49.33,2.0,2.0,6.0,0.0,0.0,0.3169790715243422,-0.4802914829781201,7.819990956308912,4.770055610029662,0,1,145.202,0.7051000000000001,49.33,2.0,2.0,4.0,0.0,0.0,0.3201916549570671,-0.4800807607084159,8.146264369941973,4.574586062669973,0,1,131.175,0.5884999999999998,63.32000000000001,2.0,2.0,4.0,0.0,0.0,0.3199672917286225,-0.4800864475936223,7.276020881938894,4.180739212552622,0,0,115.13200000000002,-0.177,49.33,2.0,2.0,1.0,1.0,0.0,0.3201918797186009,-0.4800807667669501,5.983127663125442,3.8045304526403103,1,1,212.24899999999997,1.0473,75.36,2.0,4.0,6.0,1.0,1.0,0.3169895229545302,-0.4802913700962168,11.259148545064338,7.075387400469408,0,1
-5.1,A-Bn_Gly-meL-Nle-dP-Mono44,1456,89.09399999999998,-0.5817999999999999,63.32000000000001,2.0,2.0,1.0,0.0,0.0,0.3196779563386595,-0.4800942338470611,5.1547005383792515,2.6427344100918364,0,0,165.192,0.8607999999999996,49.33,2.0,2.0,4.0,1.0,1.0,0.3169885914261252,-0.480291375186306,8.811554787871634,5.787693700234704,0,1,145.202,0.7051000000000001,49.33,2.0,2.0,4.0,0.0,0.0,0.3201916549570671,-0.4800807607084159,8.146264369941973,4.574586062669973,0,1,131.175,0.5884999999999998,63.32000000000001,2.0,2.0,4.0,0.0,0.0,0.3199672917286225,-0.4800864475936223,7.276020881938894,4.180739212552622,0,0,115.13200000000002,-0.177,49.33,2.0,2.0,1.0,1.0,0.0,0.3201918797186009,-0.4800807667669501,5.983127663125442,3.8045304526403103,1,1,212.24899999999997,1.0473,75.36,2.0,4.0,6.0,1.0,1.0,0.3169895229545302,-0.4802913700962168,11.259148545064338,7.075387400469408,0,1
-5.11,L-MeOEt_Gly-meL-Nle-dP-Mono44,1459,131.175,0.4443999999999999,63.32000000000001,2.0,2.0,3.0,0.0,0.0,0.319977946620586,-0.4800863173262635,7.439157588755425,4.036581260209188,0,0,133.147,-0.6929999999999994,58.56,2.0,3.0,5.0,0.0,0.0,0.3169804927843041,-0.4802914750760152,7.112884175122364,4.270055610029662,0,1,145.202,0.7051000000000001,49.33,2.0,2.0,4.0,0.0,0.0,0.3201916549570671,-0.4800807607084159,8.146264369941973,4.574586062669973,0,1,131.175,0.5884999999999998,63.32000000000001,2.0,2.0,4.0,0.0,0.0,0.3199672917286225,-0.4800864475936223,7.276020881938894,4.180739212552622,0,0,115.13200000000002,-0.177,49.33,2.0,2.0,1.0,1.0,0.0,0.3201918797186009,-0.4800807667669501,5.983127663125442,3.8045304526403103,1,1,212.24899999999997,1.0473,75.36,2.0,4.0,6.0,1.0,1.0,0.3169895229545302,-0.4802913700962168,11.259148545064338,7.075387400469408,0,1
-5.05,L-Mono38-meL-Nle-dP-Mono44,1469,131.175,0.4443999999999999,63.32000000000001,2.0,2.0,3.0,0.0,0.0,0.319977946620586,-0.4800863173262635,7.439157588755425,4.036581260209188,0,0,173.21199999999996,0.0871999999999999,58.56,2.0,3.0,4.0,1.0,0.0,0.3169792425591177,-0.4802914820277248,8.811554787871634,5.787693700234704,0,1,145.202,0.7051000000000001,49.33,2.0,2.0,4.0,0.0,0.0,0.3201916549570671,-0.4800807607084159,8.146264369941973,4.574586062669973,0,1,131.175,0.5884999999999998,63.32000000000001,2.0,2.0,4.0,0.0,0.0,0.3199672917286225,-0.4800864475936223,7.276020881938894,4.180739212552622,0,0,115.13200000000002,-0.177,49.33,2.0,2.0,1.0,1.0,0.0,0.3201918797186009,-0.4800807667669501,5.983127663125442,3.8045304526403103,1,1,212.24899999999997,1.0473,75.36,2.0,4.0,6.0,1.0,1.0,0.3169895229545302,-0.4802913700962168,11.259148545064338,7.075387400469408,0,1
-5.16,L-3-pyridylethyl_Gly-meL-Nle-dP-Mono44,1471,131.175,0.4443999999999999,63.32000000000001,2.0,2.0,3.0,0.0,0.0,0.319977946620586,-0.4800863173262635,7.439157588755425,4.036581260209188,0,0,180.207,0.2982999999999993,62.22,2.0,3.0,5.0,1.0,1.0,0.3169792564348747,-0.4802914819651899,9.518661569058182,6.287693700234704,0,1,145.202,0.7051000000000001,49.33,2.0,2.0,4.0,0.0,0.0,0.3201916549570671,-0.4800807607084159,8.146264369941973,4.574586062669973,0,1,131.175,0.5884999999999998,63.32000000000001,2.0,2.0,4.0,0.0,0.0,0.3199672917286225,-0.4800864475936223,7.276020881938894,4.180739212552622,0,0,115.13200000000002,-0.177,49.33,2.0,2.0,1.0,1.0,0.0,0.3201918797186009,-0.4800807667669501,5.983127663125442,3.8045304526403103,1,1,212.24899999999997,1.0473,75.36,2.0,4.0,6.0,1.0,1.0,0.3169895229545302,-0.4802913700962168,11.259148545064338,7.075387400469408,0,1
-5.08,A-pentyl_Gly-meL-Nle-dP-Mono45,1495,89.09399999999998,-0.5817999999999999,63.32000000000001,2.0,2.0,1.0,0.0,0.0,0.3196779563386595,-0.4800942338470611,5.1547005383792515,2.6427344100918364,0,0,145.202,0.8507999999999998,49.33,2.0,2.0,6.0,0.0,0.0,0.3169790715243422,-0.4802914829781201,7.819990956308912,4.770055610029662,0,1,145.202,0.7051000000000001,49.33,2.0,2.0,4.0,0.0,0.0,0.3201916549570671,-0.4800807607084159,8.146264369941973,4.574586062669973,0,1,131.175,0.5884999999999998,63.32000000000001,2.0,2.0,4.0,0.0,0.0,0.3199672917286225,-0.4800864475936223,7.276020881938894,4.180739212552622,0,0,115.13200000000002,-0.177,49.33,2.0,2.0,1.0,1.0,0.0,0.3201918797186009,-0.4800807667669501,5.983127663125442,3.8045304526403103,1,1,245.282,1.1055999999999997,67.15,2.0,4.0,6.0,2.0,2.0,0.3169885927893009,-0.4802913751827497,12.794682450997078,8.754020195423491,0,1
-4.98,A-cHexCH2_Gly-meL-Nle-dP-Mono45,1497,89.09399999999998,-0.5817999999999999,63.32000000000001,2.0,2.0,1.0,0.0,0.0,0.3196779563386595,-0.4800942338470611,5.1547005383792515,2.6427344100918364,0,0,171.23999999999995,1.2408999999999997,49.33,2.0,2.0,4.0,1.0,0.0,0.3169792424723776,-0.4802914820278356,8.811554787871634,5.787693700234704,0,1,145.202,0.7051000000000001,49.33,2.0,2.0,4.0,0.0,0.0,0.3201916549570671,-0.4800807607084159,8.146264369941973,4.574586062669973,0,1,131.175,0.5884999999999998,63.32000000000001,2.0,2.0,4.0,0.0,0.0,0.3199672917286225,-0.4800864475936223,7.276020881938894,4.180739212552622,0,0,115.13200000000002,-0.177,49.33,2.0,2.0,1.0,1.0,0.0,0.3201918797186009,-0.4800807667669501,5.983127663125442,3.8045304526403103,1,1,245.282,1.1055999999999997,67.15,2.0,4.0,6.0,2.0,2.0,0.3169885927893009,-0.4802913751827497,12.794682450997078,8.754020195423491,0,1
-5.08,A-PhPr_Gly-meL-Nle-dP-Mono45,1502,89.09399999999998,-0.5817999999999999,63.32000000000001,2.0,2.0,1.0,0.0,0.0,0.3196779563386595,-0.4800942338470611,5.1547005383792515,2.6427344100918364,0,0,193.24600000000004,1.2934,49.33,2.0,2.0,6.0,1.0,1.0,0.3169790729744391,-0.4802914829742972,10.22576835024473,6.787693700234704,0,1,145.202,0.7051000000000001,49.33,2.0,2.0,4.0,0.0,0.0,0.3201916549570671,-0.4800807607084159,8.146264369941973,4.574586062669973,0,1,131.175,0.5884999999999998,63.32000000000001,2.0,2.0,4.0,0.0,0.0,0.3199672917286225,-0.4800864475936223,7.276020881938894,4.180739212552622,0,0,115.13200000000002,-0.177,49.33,2.0,2.0,1.0,1.0,0.0,0.3201918797186009,-0.4800807667669501,5.983127663125442,3.8045304526403103,1,1,245.282,1.1055999999999997,67.15,2.0,4.0,6.0,2.0,2.0,0.3169885927893009,-0.4802913751827497,12.794682450997078,8.754020195423491,0,1
-5.15,A-cHexCH2_Gly-meL-Nle-P-Et_Gly,1535,89.09399999999998,-0.5817999999999999,63.32000000000001,2.0,2.0,1.0,0.0,0.0,0.3196779563386595,-0.4800942338470611,5.1547005383792515,2.6427344100918364,0,0,171.23999999999995,1.2408999999999997,49.33,2.0,2.0,4.0,1.0,0.0,0.3169792424723776,-0.4802914820278356,8.811554787871634,5.787693700234704,0,1,145.202,0.7051000000000001,49.33,2.0,2.0,4.0,0.0,0.0,0.3201916549570671,-0.4800807607084159,8.146264369941973,4.574586062669973,0,1,131.175,0.5884999999999998,63.32000000000001,2.0,2.0,4.0,0.0,0.0,0.3199672917286225,-0.4800864475936223,7.276020881938894,4.180739212552622,0,0,115.13200000000002,-0.177,49.33,2.0,2.0,1.0,1.0,0.0,0.3201918797186009,-0.4800807667669501,5.983127663125442,3.8045304526403103,0,1,103.12099999999998,-0.3194999999999999,49.33,2.0,2.0,3.0,0.0,0.0,0.316978901991468,-0.4802914839199868,5.698670612749268,3.270055610029662,0,1
-4.99,A-pentyl_Gly-meL-Nle-P-Mono34,1537,89.09399999999998,-0.5817999999999999,63.32000000000001,2.0,2.0,1.0,0.0,0.0,0.3196779563386595,-0.4800942338470611,5.1547005383792515,2.6427344100918364,0,0,145.202,0.8507999999999998,49.33,2.0,2.0,6.0,0.0,0.0,0.3169790715243422,-0.4802914829781201,7.819990956308912,4.770055610029662,0,1,145.202,0.7051000000000001,49.33,2.0,2.0,4.0,0.0,0.0,0.3201916549570671,-0.4800807607084159,8.146264369941973,4.574586062669973,0,1,131.175,0.5884999999999998,63.32000000000001,2.0,2.0,4.0,0.0,0.0,0.3199672917286225,-0.4800864475936223,7.276020881938894,4.180739212552622,0,0,115.13200000000002,-0.177,49.33,2.0,2.0,1.0,1.0,0.0,0.3201918797186009,-0.4800807667669501,5.983127663125442,3.8045304526403103,0,1,175.228,0.4757,58.56,2.0,3.0,7.0,0.0,0.0,0.3169790828387624,-0.4802914829480814,9.397341225498538,5.625897657686229,0,1
-4.89,F-pentyl_Gly-meL-Nle-P-Et_Gly,1538,165.19199999999995,0.641,63.32000000000001,2.0,2.0,3.0,1.0,1.0,0.3203155016395601,-0.4800777002034423,8.974691494688164,5.698377302757663,0,0,145.202,0.8507999999999998,49.33,2.0,2.0,6.0,0.0,0.0,0.3169790715243422,-0.4802914829781201,7.819990956308912,4.770055610029662,0,1,145.202,0.7051000000000001,49.33,2.0,2.0,4.0,0.0,0.0,0.3201916549570671,-0.4800807607084159,8.146264369941973,4.574586062669973,0,1,131.175,0.5884999999999998,63.32000000000001,2.0,2.0,4.0,0.0,0.0,0.3199672917286225,-0.4800864475936223,7.276020881938894,4.180739212552622,0,0,115.13200000000002,-0.177,49.33,2.0,2.0,1.0,1.0,0.0,0.3201918797186009,-0.4800807667669501,5.983127663125442,3.8045304526403103,0,1,103.12099999999998,-0.3194999999999999,49.33,2.0,2.0,3.0,0.0,0.0,0.316978901991468,-0.4802914839199868,5.698670612749268,3.270055610029662,0,1
-4.83,A-cHexCH2_Gly-meL-Nle-P-Mono34,1539,89.09399999999998,-0.5817999999999999,63.32000000000001,2.0,2.0,1.0,0.0,0.0,0.3196779563386595,-0.4800942338470611,5.1547005383792515,2.6427344100918364,0,0,171.23999999999995,1.2408999999999997,49.33,2.0,2.0,4.0,1.0,0.0,0.3169792424723776,-0.4802914820278356,8.811554787871634,5.787693700234704,0,1,145.202,0.7051000000000001,49.33,2.0,2.0,4.0,0.0,0.0,0.3201916549570671,-0.4800807607084159,8.146264369941973,4.574586062669973,0,1,131.175,0.5884999999999998,63.32000000000001,2.0,2.0,4.0,0.0,0.0,0.3199672917286225,-0.4800864475936223,7.276020881938894,4.180739212552622,0,0,115.13200000000002,-0.177,49.33,2.0,2.0,1.0,1.0,0.0,0.3201918797186009,-0.4800807667669501,5.983127663125442,3.8045304526403103,0,1,175.228,0.4757,58.56,2.0,3.0,7.0,0.0,0.0,0.3169790828387624,-0.4802914829480814,9.397341225498538,5.625897657686229,0,1
-5.07,F-cHexCH2_Gly-meL-Nle-P-Et_Gly,1541,165.19199999999995,0.641,63.32000000000001,2.0,2.0,3.0,1.0,1.0,0.3203155016395601,-0.4800777002034423,8.974691494688164,5.698377302757663,0,0,171.23999999999995,1.2408999999999997,49.33,2.0,2.0,4.0,1.0,0.0,0.3169792424723776,-0.4802914820278356,8.811554787871634,5.787693700234704,0,1,145.202,0.7051000000000001,49.33,2.0,2.0,4.0,0.0,0.0,0.3201916549570671,-0.4800807607084159,8.146264369941973,4.574586062669973,0,1,131.175,0.5884999999999998,63.32000000000001,2.0,2.0,4.0,0.0,0.0,0.3199672917286225,-0.4800864475936223,7.276020881938894,4.180739212552622,0,0,115.13200000000002,-0.177,49.33,2.0,2.0,1.0,1.0,0.0,0.3201918797186009,-0.4800807667669501,5.983127663125442,3.8045304526403103,0,1,103.12099999999998,-0.3194999999999999,49.33,2.0,2.0,3.0,0.0,0.0,0.316978901991468,-0.4802914839199868,5.698670612749268,3.270055610029662,0,1
-4.89,A-pentyl_Gly-meL-Nle-P-Mono1,1543,89.09399999999998,-0.5817999999999999,63.32000000000001,2.0,2.0,1.0,0.0,0.0,0.3196779563386595,-0.4800942338470611,5.1547005383792515,2.6427344100918364,0,0,145.202,0.8507999999999998,49.33,2.0,2.0,6.0,0.0,0.0,0.3169790715243422,-0.4802914829781201,7.819990956308912,4.770055610029662,0,1,145.202,0.7051000000000001,49.33,2.0,2.0,4.0,0.0,0.0,0.3201916549570671,-0.4800807607084159,8.146264369941973,4.574586062669973,0,1,131.175,0.5884999999999998,63.32000000000001,2.0,2.0,4.0,0.0,0.0,0.3199672917286225,-0.4800864475936223,7.276020881938894,4.180739212552622,0,0,115.13200000000002,-0.177,49.33,2.0,2.0,1.0,1.0,0.0,0.3201918797186009,-0.4800807667669501,5.983127663125442,3.8045304526403103,0,1,209.20099999999996,0.5894999999999995,67.79,2.0,4.0,4.0,2.0,1.0,0.316988591494396,-0.4802913751862192,10.673362107437434,7.2540201954234895,0,1
-4.93,A-cHexCH2_Gly-meL-Nle-P-Mono1,1544,89.09399999999998,-0.5817999999999999,63.32000000000001,2.0,2.0,1.0,0.0,0.0,0.3196779563386595,-0.4800942338470611,5.1547005383792515,2.6427344100918364,0,0,171.23999999999995,1.2408999999999997,49.33,2.0,2.0,4.0,1.0,0.0,0.3169792424723776,-0.4802914820278356,8.811554787871634,5.787693700234704,0,1,145.202,0.7051000000000001,49.33,2.0,2.0,4.0,0.0,0.0,0.3201916549570671,-0.4800807607084159,8.146264369941973,4.574586062669973,0,1,131.175,0.5884999999999998,63.32000000000001,2.0,2.0,4.0,0.0,0.0,0.3199672917286225,-0.4800864475936223,7.276020881938894,4.180739212552622,0,0,115.13200000000002,-0.177,49.33,2.0,2.0,1.0,1.0,0.0,0.3201918797186009,-0.4800807667669501,5.983127663125442,3.8045304526403103,0,1,209.20099999999996,0.5894999999999995,67.79,2.0,4.0,4.0,2.0,1.0,0.316988591494396,-0.4802913751862192,10.673362107437434,7.2540201954234895,0,1
-5.08,F-pentyl_Gly-meL-Nle-P-Mono34,1546,165.19199999999995,0.641,63.32000000000001,2.0,2.0,3.0,1.0,1.0,0.3203155016395601,-0.4800777002034423,8.974691494688164,5.698377302757663,0,0,145.202,0.8507999999999998,49.33,2.0,2.0,6.0,0.0,0.0,0.3169790715243422,-0.4802914829781201,7.819990956308912,4.770055610029662,0,1,145.202,0.7051000000000001,49.33,2.0,2.0,4.0,0.0,0.0,0.3201916549570671,-0.4800807607084159,8.146264369941973,4.574586062669973,0,1,131.175,0.5884999999999998,63.32000000000001,2.0,2.0,4.0,0.0,0.0,0.3199672917286225,-0.4800864475936223,7.276020881938894,4.180739212552622,0,0,115.13200000000002,-0.177,49.33,2.0,2.0,1.0,1.0,0.0,0.3201918797186009,-0.4800807667669501,5.983127663125442,3.8045304526403103,0,1,175.228,0.4757,58.56,2.0,3.0,7.0,0.0,0.0,0.3169790828387624,-0.4802914829480814,9.397341225498538,5.625897657686229,0,1
-5.07,F-Mono38-meL-Nle-P-Mono34,1548,165.19199999999995,0.641,63.32000000000001,2.0,2.0,3.0,1.0,1.0,0.3203155016395601,-0.4800777002034423,8.974691494688164,5.698377302757663,0,0,173.21199999999996,0.0871999999999999,58.56,2.0,3.0,4.0,1.0,0.0,0.3169792425591177,-0.4802914820277248,8.811554787871634,5.787693700234704,0,1,145.202,0.7051000000000001,49.33,2.0,2.0,4.0,0.0,0.0,0.3201916549570671,-0.4800807607084159,8.146264369941973,4.574586062669973,0,1,131.175,0.5884999999999998,63.32000000000001,2.0,2.0,4.0,0.0,0.0,0.3199672917286225,-0.4800864475936223,7.276020881938894,4.180739212552622,0,0,115.13200000000002,-0.177,49.33,2.0,2.0,1.0,1.0,0.0,0.3201918797186009,-0.4800807667669501,5.983127663125442,3.8045304526403103,0,1,175.228,0.4757,58.56,2.0,3.0,7.0,0.0,0.0,0.3169790828387624,-0.4802914829480814,9.397341225498538,5.625897657686229,0,1
-5.03,F-Mono38-meL-Nle-P-Mono1,1551,165.19199999999995,0.641,63.32000000000001,2.0,2.0,3.0,1.0,1.0,0.3203155016395601,-0.4800777002034423,8.974691494688164,5.698377302757663,0,0,173.21199999999996,0.0871999999999999,58.56,2.0,3.0,4.0,1.0,0.0,0.3169792425591177,-0.4802914820277248,8.811554787871634,5.787693700234704,0,1,145.202,0.7051000000000001,49.33,2.0,2.0,4.0,0.0,0.0,0.3201916549570671,-0.4800807607084159,8.146264369941973,4.574586062669973,0,1,131.175,0.5884999999999998,63.32000000000001,2.0,2.0,4.0,0.0,0.0,0.3199672917286225,-0.4800864475936223,7.276020881938894,4.180739212552622,0,0,115.13200000000002,-0.177,49.33,2.0,2.0,1.0,1.0,0.0,0.3201918797186009,-0.4800807667669501,5.983127663125442,3.8045304526403103,0,1,209.20099999999996,0.5894999999999995,67.79,2.0,4.0,4.0,2.0,1.0,0.316988591494396,-0.4802913751862192,10.673362107437434,7.2540201954234895,0,1
-5.0,F-cHexCH2_Gly-L-Nle-P-Et_Gly,1559,165.19199999999995,0.641,63.32000000000001,2.0,2.0,3.0,1.0,1.0,0.3203155016395601,-0.4800777002034423,8.974691494688164,5.698377302757663,0,0,171.23999999999995,1.2408999999999997,49.33,2.0,2.0,4.0,1.0,0.0,0.3169792424723776,-0.4802914820278356,8.811554787871634,5.787693700234704,0,1,131.175,0.4443999999999999,63.32000000000001,2.0,2.0,3.0,0.0,0.0,0.319977946620586,-0.4800863173262635,7.439157588755425,4.036581260209188,0,0,131.175,0.5884999999999998,63.32000000000001,2.0,2.0,4.0,0.0,0.0,0.3199672917286225,-0.4800864475936223,7.276020881938894,4.180739212552622,0,0,115.13200000000002,-0.177,49.33,2.0,2.0,1.0,1.0,0.0,0.3201918797186009,-0.4800807667669501,5.983127663125442,3.8045304526403103,0,1,103.12099999999998,-0.3194999999999999,49.33,2.0,2.0,3.0,0.0,0.0,0.316978901991468,-0.4802914839199868,5.698670612749268,3.270055610029662,0,1
-5.19,A-cHexCH2_Gly-L-Nle-P-Mono1,1562,89.09399999999998,-0.5817999999999999,63.32000000000001,2.0,2.0,1.0,0.0,0.0,0.3196779563386595,-0.4800942338470611,5.1547005383792515,2.6427344100918364,0,0,171.23999999999995,1.2408999999999997,49.33,2.0,2.0,4.0,1.0,0.0,0.3169792424723776,-0.4802914820278356,8.811554787871634,5.787693700234704,0,1,131.175,0.4443999999999999,63.32000000000001,2.0,2.0,3.0,0.0,0.0,0.319977946620586,-0.4800863173262635,7.439157588755425,4.036581260209188,0,0,131.175,0.5884999999999998,63.32000000000001,2.0,2.0,4.0,0.0,0.0,0.3199672917286225,-0.4800864475936223,7.276020881938894,4.180739212552622,0,0,115.13200000000002,-0.177,49.33,2.0,2.0,1.0,1.0,0.0,0.3201918797186009,-0.4800807667669501,5.983127663125442,3.8045304526403103,0,1,209.20099999999996,0.5894999999999995,67.79,2.0,4.0,4.0,2.0,1.0,0.316988591494396,-0.4802913751862192,10.673362107437434,7.2540201954234895,0,1
-4.92,F-pentyl_Gly-L-Nle-P-Mono34,1564,165.19199999999995,0.641,63.32000000000001,2.0,2.0,3.0,1.0,1.0,0.3203155016395601,-0.4800777002034423,8.974691494688164,5.698377302757663,0,0,145.202,0.8507999999999998,49.33,2.0,2.0,6.0,0.0,0.0,0.3169790715243422,-0.4802914829781201,7.819990956308912,4.770055610029662,0,1,131.175,0.4443999999999999,63.32000000000001,2.0,2.0,3.0,0.0,0.0,0.319977946620586,-0.4800863173262635,7.439157588755425,4.036581260209188,0,0,131.175,0.5884999999999998,63.32000000000001,2.0,2.0,4.0,0.0,0.0,0.3199672917286225,-0.4800864475936223,7.276020881938894,4.180739212552622,0,0,115.13200000000002,-0.177,49.33,2.0,2.0,1.0,1.0,0.0,0.3201918797186009,-0.4800807667669501,5.983127663125442,3.8045304526403103,0,1,175.228,0.4757,58.56,2.0,3.0,7.0,0.0,0.0,0.3169790828387624,-0.4802914829480814,9.397341225498538,5.625897657686229,0,1
-4.87,F-cHexCH2_Gly-L-Nle-P-Mono34,1565,165.19199999999995,0.641,63.32000000000001,2.0,2.0,3.0,1.0,1.0,0.3203155016395601,-0.4800777002034423,8.974691494688164,5.698377302757663,0,0,171.23999999999995,1.2408999999999997,49.33,2.0,2.0,4.0,1.0,0.0,0.3169792424723776,-0.4802914820278356,8.811554787871634,5.787693700234704,0,1,131.175,0.4443999999999999,63.32000000000001,2.0,2.0,3.0,0.0,0.0,0.319977946620586,-0.4800863173262635,7.439157588755425,4.036581260209188,0,0,131.175,0.5884999999999998,63.32000000000001,2.0,2.0,4.0,0.0,0.0,0.3199672917286225,-0.4800864475936223,7.276020881938894,4.180739212552622,0,0,115.13200000000002,-0.177,49.33,2.0,2.0,1.0,1.0,0.0,0.3201918797186009,-0.4800807667669501,5.983127663125442,3.8045304526403103,0,1,175.228,0.4757,58.56,2.0,3.0,7.0,0.0,0.0,0.3169790828387624,-0.4802914829480814,9.397341225498538,5.625897657686229,0,1
-5.09,F-pentyl_Gly-L-Nle-P-Mono1,1567,165.19199999999995,0.641,63.32000000000001,2.0,2.0,3.0,1.0,1.0,0.3203155016395601,-0.4800777002034423,8.974691494688164,5.698377302757663,0,0,145.202,0.8507999999999998,49.33,2.0,2.0,6.0,0.0,0.0,0.3169790715243422,-0.4802914829781201,7.819990956308912,4.770055610029662,0,1,131.175,0.4443999999999999,63.32000000000001,2.0,2.0,3.0,0.0,0.0,0.319977946620586,-0.4800863173262635,7.439157588755425,4.036581260209188,0,0,131.175,0.5884999999999998,63.32000000000001,2.0,2.0,4.0,0.0,0.0,0.3199672917286225,-0.4800864475936223,7.276020881938894,4.180739212552622,0,0,115.13200000000002,-0.177,49.33,2.0,2.0,1.0,1.0,0.0,0.3201918797186009,-0.4800807667669501,5.983127663125442,3.8045304526403103,0,1,209.20099999999996,0.5894999999999995,67.79,2.0,4.0,4.0,2.0,1.0,0.316988591494396,-0.4802913751862192,10.673362107437434,7.2540201954234895,0,1
-5.13,F-pentyl_Gly-L-Nle-dP-Et_Gly,1592,165.19199999999995,0.641,63.32000000000001,2.0,2.0,3.0,1.0,1.0,0.3203155016395601,-0.4800777002034423,8.974691494688164,5.698377302757663,0,0,145.202,0.8507999999999998,49.33,2.0,2.0,6.0,0.0,0.0,0.3169790715243422,-0.4802914829781201,7.819990956308912,4.770055610029662,0,1,131.175,0.4443999999999999,63.32000000000001,2.0,2.0,3.0,0.0,0.0,0.319977946620586,-0.4800863173262635,7.439157588755425,4.036581260209188,0,0,131.175,0.5884999999999998,63.32000000000001,2.0,2.0,4.0,0.0,0.0,0.3199672917286225,-0.4800864475936223,7.276020881938894,4.180739212552622,0,0,115.13200000000002,-0.177,49.33,2.0,2.0,1.0,1.0,0.0,0.3201918797186009,-0.4800807667669501,5.983127663125442,3.8045304526403103,1,1,103.12099999999998,-0.3194999999999999,49.33,2.0,2.0,3.0,0.0,0.0,0.316978901991468,-0.4802914839199868,5.698670612749268,3.270055610029662,0,1
-4.96,F-cHexCH2_Gly-L-Nle-dP-Et_Gly,1595,165.19199999999995,0.641,63.32000000000001,2.0,2.0,3.0,1.0,1.0,0.3203155016395601,-0.4800777002034423,8.974691494688164,5.698377302757663,0,0,171.23999999999995,1.2408999999999997,49.33,2.0,2.0,4.0,1.0,0.0,0.3169792424723776,-0.4802914820278356,8.811554787871634,5.787693700234704,0,1,131.175,0.4443999999999999,63.32000000000001,2.0,2.0,3.0,0.0,0.0,0.319977946620586,-0.4800863173262635,7.439157588755425,4.036581260209188,0,0,131.175,0.5884999999999998,63.32000000000001,2.0,2.0,4.0,0.0,0.0,0.3199672917286225,-0.4800864475936223,7.276020881938894,4.180739212552622,0,0,115.13200000000002,-0.177,49.33,2.0,2.0,1.0,1.0,0.0,0.3201918797186009,-0.4800807667669501,5.983127663125442,3.8045304526403103,1,1,103.12099999999998,-0.3194999999999999,49.33,2.0,2.0,3.0,0.0,0.0,0.316978901991468,-0.4802914839199868,5.698670612749268,3.270055610029662,0,1
-5.1,A-cHexCH2_Gly-L-Nle-dP-Mono1,1598,89.09399999999998,-0.5817999999999999,63.32000000000001,2.0,2.0,1.0,0.0,0.0,0.3196779563386595,-0.4800942338470611,5.1547005383792515,2.6427344100918364,0,0,171.23999999999995,1.2408999999999997,49.33,2.0,2.0,4.0,1.0,0.0,0.3169792424723776,-0.4802914820278356,8.811554787871634,5.787693700234704,0,1,131.175,0.4443999999999999,63.32000000000001,2.0,2.0,3.0,0.0,0.0,0.319977946620586,-0.4800863173262635,7.439157588755425,4.036581260209188,0,0,131.175,0.5884999999999998,63.32000000000001,2.0,2.0,4.0,0.0,0.0,0.3199672917286225,-0.4800864475936223,7.276020881938894,4.180739212552622,0,0,115.13200000000002,-0.177,49.33,2.0,2.0,1.0,1.0,0.0,0.3201918797186009,-0.4800807667669501,5.983127663125442,3.8045304526403103,1,1,209.20099999999996,0.5894999999999995,67.79,2.0,4.0,4.0,2.0,1.0,0.316988591494396,-0.4802913751862192,10.673362107437434,7.2540201954234895,0,1
-4.95,F-pentyl_Gly-L-Nle-dP-Mono34,1600,165.19199999999995,0.641,63.32000000000001,2.0,2.0,3.0,1.0,1.0,0.3203155016395601,-0.4800777002034423,8.974691494688164,5.698377302757663,0,0,145.202,0.8507999999999998,49.33,2.0,2.0,6.0,0.0,0.0,0.3169790715243422,-0.4802914829781201,7.819990956308912,4.770055610029662,0,1,131.175,0.4443999999999999,63.32000000000001,2.0,2.0,3.0,0.0,0.0,0.319977946620586,-0.4800863173262635,7.439157588755425,4.036581260209188,0,0,131.175,0.5884999999999998,63.32000000000001,2.0,2.0,4.0,0.0,0.0,0.3199672917286225,-0.4800864475936223,7.276020881938894,4.180739212552622,0,0,115.13200000000002,-0.177,49.33,2.0,2.0,1.0,1.0,0.0,0.3201918797186009,-0.4800807667669501,5.983127663125442,3.8045304526403103,1,1,175.228,0.4757,58.56,2.0,3.0,7.0,0.0,0.0,0.3169790828387624,-0.4802914829480814,9.397341225498538,5.625897657686229,0,1
-5.03,F-cHexCH2_Gly-L-Nle-dP-Mono34,1601,165.19199999999995,0.641,63.32000000000001,2.0,2.0,3.0,1.0,1.0,0.3203155016395601,-0.4800777002034423,8.974691494688164,5.698377302757663,0,0,171.23999999999995,1.2408999999999997,49.33,2.0,2.0,4.0,1.0,0.0,0.3169792424723776,-0.4802914820278356,8.811554787871634,5.787693700234704,0,1,131.175,0.4443999999999999,63.32000000000001,2.0,2.0,3.0,0.0,0.0,0.319977946620586,-0.4800863173262635,7.439157588755425,4.036581260209188,0,0,131.175,0.5884999999999998,63.32000000000001,2.0,2.0,4.0,0.0,0.0,0.3199672917286225,-0.4800864475936223,7.276020881938894,4.180739212552622,0,0,115.13200000000002,-0.177,49.33,2.0,2.0,1.0,1.0,0.0,0.3201918797186009,-0.4800807667669501,5.983127663125442,3.8045304526403103,1,1,175.228,0.4757,58.56,2.0,3.0,7.0,0.0,0.0,0.3169790828387624,-0.4802914829480814,9.397341225498538,5.625897657686229,0,1
-5.1,F-Mono38-L-Nle-dP-Mono1,1605,165.19199999999995,0.641,63.32000000000001,2.0,2.0,3.0,1.0,1.0,0.3203155016395601,-0.4800777002034423,8.974691494688164,5.698377302757663,0,0,173.21199999999996,0.0871999999999999,58.56,2.0,3.0,4.0,1.0,0.0,0.3169792425591177,-0.4802914820277248,8.811554787871634,5.787693700234704,0,1,131.175,0.4443999999999999,63.32000000000001,2.0,2.0,3.0,0.0,0.0,0.319977946620586,-0.4800863173262635,7.439157588755425,4.036581260209188,0,0,131.175,0.5884999999999998,63.32000000000001,2.0,2.0,4.0,0.0,0.0,0.3199672917286225,-0.4800864475936223,7.276020881938894,4.180739212552622,0,0,115.13200000000002,-0.177,49.33,2.0,2.0,1.0,1.0,0.0,0.3201918797186009,-0.4800807667669501,5.983127663125442,3.8045304526403103,1,1,209.20099999999996,0.5894999999999995,67.79,2.0,4.0,4.0,2.0,1.0,0.316988591494396,-0.4802913751862192,10.673362107437434,7.2540201954234895,0,1
-4.97,dA-cHexCH2_Gly-meL-Nle-P-Mono34,1611,89.09399999999998,-0.5817999999999999,63.32000000000001,2.0,2.0,1.0,0.0,0.0,0.3196779563386595,-0.4800942338470611,5.1547005383792515,2.6427344100918364,1,0,171.23999999999995,1.2408999999999997,49.33,2.0,2.0,4.0,1.0,0.0,0.3169792424723776,-0.4802914820278356,8.811554787871634,5.787693700234704,0,1,145.202,0.7051000000000001,49.33,2.0,2.0,4.0,0.0,0.0,0.3201916549570671,-0.4800807607084159,8.146264369941973,4.574586062669973,0,1,131.175,0.5884999999999998,63.32000000000001,2.0,2.0,4.0,0.0,0.0,0.3199672917286225,-0.4800864475936223,7.276020881938894,4.180739212552622,0,0,115.13200000000002,-0.177,49.33,2.0,2.0,1.0,1.0,0.0,0.3201918797186009,-0.4800807667669501,5.983127663125442,3.8045304526403103,0,1,175.228,0.4757,58.56,2.0,3.0,7.0,0.0,0.0,0.3169790828387624,-0.4802914829480814,9.397341225498538,5.625897657686229,0,1
-5.1,dF-cHexCH2_Gly-meL-Nle-P-Et_Gly,1613,165.19199999999995,0.641,63.32000000000001,2.0,2.0,3.0,1.0,1.0,0.3203155016395601,-0.4800777002034423,8.974691494688164,5.698377302757663,1,0,171.23999999999995,1.2408999999999997,49.33,2.0,2.0,4.0,1.0,0.0,0.3169792424723776,-0.4802914820278356,8.811554787871634,5.787693700234704,0,1,145.202,0.7051000000000001,49.33,2.0,2.0,4.0,0.0,0.0,0.3201916549570671,-0.4800807607084159,8.146264369941973,4.574586062669973,0,1,131.175,0.5884999999999998,63.32000000000001,2.0,2.0,4.0,0.0,0.0,0.3199672917286225,-0.4800864475936223,7.276020881938894,4.180739212552622,0,0,115.13200000000002,-0.177,49.33,2.0,2.0,1.0,1.0,0.0,0.3201918797186009,-0.4800807667669501,5.983127663125442,3.8045304526403103,0,1,103.12099999999998,-0.3194999999999999,49.33,2.0,2.0,3.0,0.0,0.0,0.316978901991468,-0.4802914839199868,5.698670612749268,3.270055610029662,0,1
-5.14,dA-pentyl_Gly-meL-Nle-P-Mono1,1615,89.09399999999998,-0.5817999999999999,63.32000000000001,2.0,2.0,1.0,0.0,0.0,0.3196779563386595,-0.4800942338470611,5.1547005383792515,2.6427344100918364,1,0,145.202,0.8507999999999998,49.33,2.0,2.0,6.0,0.0,0.0,0.3169790715243422,-0.4802914829781201,7.819990956308912,4.770055610029662,0,1,145.202,0.7051000000000001,49.33,2.0,2.0,4.0,0.0,0.0,0.3201916549570671,-0.4800807607084159,8.146264369941973,4.574586062669973,0,1,131.175,0.5884999999999998,63.32000000000001,2.0,2.0,4.0,0.0,0.0,0.3199672917286225,-0.4800864475936223,7.276020881938894,4.180739212552622,0,0,115.13200000000002,-0.177,49.33,2.0,2.0,1.0,1.0,0.0,0.3201918797186009,-0.4800807667669501,5.983127663125442,3.8045304526403103,0,1,209.20099999999996,0.5894999999999995,67.79,2.0,4.0,4.0,2.0,1.0,0.316988591494396,-0.4802913751862192,10.673362107437434,7.2540201954234895,0,1
-5.09,dA-cHexCH2_Gly-meL-Nle-P-Mono1,1616,89.09399999999998,-0.5817999999999999,63.32000000000001,2.0,2.0,1.0,0.0,0.0,0.3196779563386595,-0.4800942338470611,5.1547005383792515,2.6427344100918364,1,0,171.23999999999995,1.2408999999999997,49.33,2.0,2.0,4.0,1.0,0.0,0.3169792424723776,-0.4802914820278356,8.811554787871634,5.787693700234704,0,1,145.202,0.7051000000000001,49.33,2.0,2.0,4.0,0.0,0.0,0.3201916549570671,-0.4800807607084159,8.146264369941973,4.574586062669973,0,1,131.175,0.5884999999999998,63.32000000000001,2.0,2.0,4.0,0.0,0.0,0.3199672917286225,-0.4800864475936223,7.276020881938894,4.180739212552622,0,0,115.13200000000002,-0.177,49.33,2.0,2.0,1.0,1.0,0.0,0.3201918797186009,-0.4800807667669501,5.983127663125442,3.8045304526403103,0,1,209.20099999999996,0.5894999999999995,67.79,2.0,4.0,4.0,2.0,1.0,0.316988591494396,-0.4802913751862192,10.673362107437434,7.2540201954234895,0,1
-5.09,dF-pentyl_Gly-meL-Nle-P-Mono34,1618,165.19199999999995,0.641,63.32000000000001,2.0,2.0,3.0,1.0,1.0,0.3203155016395601,-0.4800777002034423,8.974691494688164,5.698377302757663,1,0,145.202,0.8507999999999998,49.33,2.0,2.0,6.0,0.0,0.0,0.3169790715243422,-0.4802914829781201,7.819990956308912,4.770055610029662,0,1,145.202,0.7051000000000001,49.33,2.0,2.0,4.0,0.0,0.0,0.3201916549570671,-0.4800807607084159,8.146264369941973,4.574586062669973,0,1,131.175,0.5884999999999998,63.32000000000001,2.0,2.0,4.0,0.0,0.0,0.3199672917286225,-0.4800864475936223,7.276020881938894,4.180739212552622,0,0,115.13200000000002,-0.177,49.33,2.0,2.0,1.0,1.0,0.0,0.3201918797186009,-0.4800807667669501,5.983127663125442,3.8045304526403103,0,1,175.228,0.4757,58.56,2.0,3.0,7.0,0.0,0.0,0.3169790828387624,-0.4802914829480814,9.397341225498538,5.625897657686229,0,1
-5.1,dF-cHexCH2_Gly-meL-Nle-P-Mono34,1619,165.19199999999995,0.641,63.32000000000001,2.0,2.0,3.0,1.0,1.0,0.3203155016395601,-0.4800777002034423,8.974691494688164,5.698377302757663,1,0,171.23999999999995,1.2408999999999997,49.33,2.0,2.0,4.0,1.0,0.0,0.3169792424723776,-0.4802914820278356,8.811554787871634,5.787693700234704,0,1,145.202,0.7051000000000001,49.33,2.0,2.0,4.0,0.0,0.0,0.3201916549570671,-0.4800807607084159,8.146264369941973,4.574586062669973,0,1,131.175,0.5884999999999998,63.32000000000001,2.0,2.0,4.0,0.0,0.0,0.3199672917286225,-0.4800864475936223,7.276020881938894,4.180739212552622,0,0,115.13200000000002,-0.177,49.33,2.0,2.0,1.0,1.0,0.0,0.3201918797186009,-0.4800807667669501,5.983127663125442,3.8045304526403103,0,1,175.228,0.4757,58.56,2.0,3.0,7.0,0.0,0.0,0.3169790828387624,-0.4802914829480814,9.397341225498538,5.625897657686229,0,1
-5.14,dF-cHexCH2_Gly-L-Nle-P-Mono34,1637,165.19199999999995,0.641,63.32000000000001,2.0,2.0,3.0,1.0,1.0,0.3203155016395601,-0.4800777002034423,8.974691494688164,5.698377302757663,1,0,171.23999999999995,1.2408999999999997,49.33,2.0,2.0,4.0,1.0,0.0,0.3169792424723776,-0.4802914820278356,8.811554787871634,5.787693700234704,0,1,131.175,0.4443999999999999,63.32000000000001,2.0,2.0,3.0,0.0,0.0,0.319977946620586,-0.4800863173262635,7.439157588755425,4.036581260209188,0,0,131.175,0.5884999999999998,63.32000000000001,2.0,2.0,4.0,0.0,0.0,0.3199672917286225,-0.4800864475936223,7.276020881938894,4.180739212552622,0,0,115.13200000000002,-0.177,49.33,2.0,2.0,1.0,1.0,0.0,0.3201918797186009,-0.4800807667669501,5.983127663125442,3.8045304526403103,0,1,175.228,0.4757,58.56,2.0,3.0,7.0,0.0,0.0,0.3169790828387624,-0.4802914829480814,9.397341225498538,5.625897657686229,0,1
-5.16,dF-cHexCH2_Gly-meL-Nle-dP-Et_Gly,1649,165.19199999999995,0.641,63.32000000000001,2.0,2.0,3.0,1.0,1.0,0.3203155016395601,-0.4800777002034423,8.974691494688164,5.698377302757663,1,0,171.23999999999995,1.2408999999999997,49.33,2.0,2.0,4.0,1.0,0.0,0.3169792424723776,-0.4802914820278356,8.811554787871634,5.787693700234704,0,1,145.202,0.7051000000000001,49.33,2.0,2.0,4.0,0.0,0.0,0.3201916549570671,-0.4800807607084159,8.146264369941973,4.574586062669973,0,1,131.175,0.5884999999999998,63.32000000000001,2.0,2.0,4.0,0.0,0.0,0.3199672917286225,-0.4800864475936223,7.276020881938894,4.180739212552622,0,0,115.13200000000002,-0.177,49.33,2.0,2.0,1.0,1.0,0.0,0.3201918797186009,-0.4800807667669501,5.983127663125442,3.8045304526403103,1,1,103.12099999999998,-0.3194999999999999,49.33,2.0,2.0,3.0,0.0,0.0,0.316978901991468,-0.4802914839199868,5.698670612749268,3.270055610029662,0,1
-5.16,dF-pentyl_Gly-meL-Nle-dP-Mono34,1654,165.19199999999995,0.641,63.32000000000001,2.0,2.0,3.0,1.0,1.0,0.3203155016395601,-0.4800777002034423,8.974691494688164,5.698377302757663,1,0,145.202,0.8507999999999998,49.33,2.0,2.0,6.0,0.0,0.0,0.3169790715243422,-0.4802914829781201,7.819990956308912,4.770055610029662,0,1,145.202,0.7051000000000001,49.33,2.0,2.0,4.0,0.0,0.0,0.3201916549570671,-0.4800807607084159,8.146264369941973,4.574586062669973,0,1,131.175,0.5884999999999998,63.32000000000001,2.0,2.0,4.0,0.0,0.0,0.3199672917286225,-0.4800864475936223,7.276020881938894,4.180739212552622,0,0,115.13200000000002,-0.177,49.33,2.0,2.0,1.0,1.0,0.0,0.3201918797186009,-0.4800807667669501,5.983127663125442,3.8045304526403103,1,1,175.228,0.4757,58.56,2.0,3.0,7.0,0.0,0.0,0.3169790828387624,-0.4802914829480814,9.397341225498538,5.625897657686229,0,1
-5.15,dF-cHexCH2_Gly-meL-Nle-dP-Mono34,1655,165.19199999999995,0.641,63.32000000000001,2.0,2.0,3.0,1.0,1.0,0.3203155016395601,-0.4800777002034423,8.974691494688164,5.698377302757663,1,0,171.23999999999995,1.2408999999999997,49.33,2.0,2.0,4.0,1.0,0.0,0.3169792424723776,-0.4802914820278356,8.811554787871634,5.787693700234704,0,1,145.202,0.7051000000000001,49.33,2.0,2.0,4.0,0.0,0.0,0.3201916549570671,-0.4800807607084159,8.146264369941973,4.574586062669973,0,1,131.175,0.5884999999999998,63.32000000000001,2.0,2.0,4.0,0.0,0.0,0.3199672917286225,-0.4800864475936223,7.276020881938894,4.180739212552622,0,0,115.13200000000002,-0.177,49.33,2.0,2.0,1.0,1.0,0.0,0.3201918797186009,-0.4800807667669501,5.983127663125442,3.8045304526403103,1,1,175.228,0.4757,58.56,2.0,3.0,7.0,0.0,0.0,0.3169790828387624,-0.4802914829480814,9.397341225498538,5.625897657686229,0,1
-5.19,dF-pentyl_Gly-L-Nle-dP-Mono34,1672,165.19199999999995,0.641,63.32000000000001,2.0,2.0,3.0,1.0,1.0,0.3203155016395601,-0.4800777002034423,8.974691494688164,5.698377302757663,1,0,145.202,0.8507999999999998,49.33,2.0,2.0,6.0,0.0,0.0,0.3169790715243422,-0.4802914829781201,7.819990956308912,4.770055610029662,0,1,131.175,0.4443999999999999,63.32000000000001,2.0,2.0,3.0,0.0,0.0,0.319977946620586,-0.4800863173262635,7.439157588755425,4.036581260209188,0,0,131.175,0.5884999999999998,63.32000000000001,2.0,2.0,4.0,0.0,0.0,0.3199672917286225,-0.4800864475936223,7.276020881938894,4.180739212552622,0,0,115.13200000000002,-0.177,49.33,2.0,2.0,1.0,1.0,0.0,0.3201918797186009,-0.4800807667669501,5.983127663125442,3.8045304526403103,1,1,175.228,0.4757,58.56,2.0,3.0,7.0,0.0,0.0,0.3169790828387624,-0.4802914829480814,9.397341225498538,5.625897657686229,0,1
-5.01,A-cHexCH2_Gly-Me_dL-Nle-P-Et_Gly,1679,89.09399999999998,-0.5817999999999999,63.32000000000001,2.0,2.0,1.0,0.0,0.0,0.3196779563386595,-0.4800942338470611,5.1547005383792515,2.6427344100918364,0,0,171.23999999999995,1.2408999999999997,49.33,2.0,2.0,4.0,1.0,0.0,0.3169792424723776,-0.4802914820278356,8.811554787871634,5.787693700234704,0,1,145.202,0.7051000000000001,49.33,2.0,2.0,4.0,0.0,0.0,0.3201916549570671,-0.4800807607084159,8.146264369941973,4.574586062669973,0,1,131.175,0.5884999999999998,63.32000000000001,2.0,2.0,4.0,0.0,0.0,0.3199672917286225,-0.4800864475936223,7.276020881938894,4.180739212552622,0,0,115.13200000000002,-0.177,49.33,2.0,2.0,1.0,1.0,0.0,0.3201918797186009,-0.4800807667669501,5.983127663125442,3.8045304526403103,0,1,103.12099999999998,-0.3194999999999999,49.33,2.0,2.0,3.0,0.0,0.0,0.316978901991468,-0.4802914839199868,5.698670612749268,3.270055610029662,0,1
-4.91,A-pentyl_Gly-Me_dL-Nle-P-Mono34,1681,89.09399999999998,-0.5817999999999999,63.32000000000001,2.0,2.0,1.0,0.0,0.0,0.3196779563386595,-0.4800942338470611,5.1547005383792515,2.6427344100918364,0,0,145.202,0.8507999999999998,49.33,2.0,2.0,6.0,0.0,0.0,0.3169790715243422,-0.4802914829781201,7.819990956308912,4.770055610029662,0,1,145.202,0.7051000000000001,49.33,2.0,2.0,4.0,0.0,0.0,0.3201916549570671,-0.4800807607084159,8.146264369941973,4.574586062669973,0,1,131.175,0.5884999999999998,63.32000000000001,2.0,2.0,4.0,0.0,0.0,0.3199672917286225,-0.4800864475936223,7.276020881938894,4.180739212552622,0,0,115.13200000000002,-0.177,49.33,2.0,2.0,1.0,1.0,0.0,0.3201918797186009,-0.4800807667669501,5.983127663125442,3.8045304526403103,0,1,175.228,0.4757,58.56,2.0,3.0,7.0,0.0,0.0,0.3169790828387624,-0.4802914829480814,9.397341225498538,5.625897657686229,0,1
-4.85,F-pentyl_Gly-Me_dL-Nle-P-Et_Gly,1682,165.19199999999995,0.641,63.32000000000001,2.0,2.0,3.0,1.0,1.0,0.3203155016395601,-0.4800777002034423,8.974691494688164,5.698377302757663,0,0,145.202,0.8507999999999998,49.33,2.0,2.0,6.0,0.0,0.0,0.3169790715243422,-0.4802914829781201,7.819990956308912,4.770055610029662,0,1,145.202,0.7051000000000001,49.33,2.0,2.0,4.0,0.0,0.0,0.3201916549570671,-0.4800807607084159,8.146264369941973,4.574586062669973,0,1,131.175,0.5884999999999998,63.32000000000001,2.0,2.0,4.0,0.0,0.0,0.3199672917286225,-0.4800864475936223,7.276020881938894,4.180739212552622,0,0,115.13200000000002,-0.177,49.33,2.0,2.0,1.0,1.0,0.0,0.3201918797186009,-0.4800807667669501,5.983127663125442,3.8045304526403103,0,1,103.12099999999998,-0.3194999999999999,49.33,2.0,2.0,3.0,0.0,0.0,0.316978901991468,-0.4802914839199868,5.698670612749268,3.270055610029662,0,1
-4.83,A-cHexCH2_Gly-Me_dL-Nle-P-Mono34,1683,89.09399999999998,-0.5817999999999999,63.32000000000001,2.0,2.0,1.0,0.0,0.0,0.3196779563386595,-0.4800942338470611,5.1547005383792515,2.6427344100918364,0,0,171.23999999999995,1.2408999999999997,49.33,2.0,2.0,4.0,1.0,0.0,0.3169792424723776,-0.4802914820278356,8.811554787871634,5.787693700234704,0,1,145.202,0.7051000000000001,49.33,2.0,2.0,4.0,0.0,0.0,0.3201916549570671,-0.4800807607084159,8.146264369941973,4.574586062669973,0,1,131.175,0.5884999999999998,63.32000000000001,2.0,2.0,4.0,0.0,0.0,0.3199672917286225,-0.4800864475936223,7.276020881938894,4.180739212552622,0,0,115.13200000000002,-0.177,49.33,2.0,2.0,1.0,1.0,0.0,0.3201918797186009,-0.4800807667669501,5.983127663125442,3.8045304526403103,0,1,175.228,0.4757,58.56,2.0,3.0,7.0,0.0,0.0,0.3169790828387624,-0.4802914829480814,9.397341225498538,5.625897657686229,0,1
-5.01,F-cHexCH2_Gly-Me_dL-Nle-P-Et_Gly,1685,165.19199999999995,0.641,63.32000000000001,2.0,2.0,3.0,1.0,1.0,0.3203155016395601,-0.4800777002034423,8.974691494688164,5.698377302757663,0,0,171.23999999999995,1.2408999999999997,49.33,2.0,2.0,4.0,1.0,0.0,0.3169792424723776,-0.4802914820278356,8.811554787871634,5.787693700234704,0,1,145.202,0.7051000000000001,49.33,2.0,2.0,4.0,0.0,0.0,0.3201916549570671,-0.4800807607084159,8.146264369941973,4.574586062669973,0,1,131.175,0.5884999999999998,63.32000000000001,2.0,2.0,4.0,0.0,0.0,0.3199672917286225,-0.4800864475936223,7.276020881938894,4.180739212552622,0,0,115.13200000000002,-0.177,49.33,2.0,2.0,1.0,1.0,0.0,0.3201918797186009,-0.4800807667669501,5.983127663125442,3.8045304526403103,0,1,103.12099999999998,-0.3194999999999999,49.33,2.0,2.0,3.0,0.0,0.0,0.316978901991468,-0.4802914839199868,5.698670612749268,3.270055610029662,0,1
-4.84,A-pentyl_Gly-Me_dL-Nle-P-Mono1,1687,89.09399999999998,-0.5817999999999999,63.32000000000001,2.0,2.0,1.0,0.0,0.0,0.3196779563386595,-0.4800942338470611,5.1547005383792515,2.6427344100918364,0,0,145.202,0.8507999999999998,49.33,2.0,2.0,6.0,0.0,0.0,0.3169790715243422,-0.4802914829781201,7.819990956308912,4.770055610029662,0,1,145.202,0.7051000000000001,49.33,2.0,2.0,4.0,0.0,0.0,0.3201916549570671,-0.4800807607084159,8.146264369941973,4.574586062669973,0,1,131.175,0.5884999999999998,63.32000000000001,2.0,2.0,4.0,0.0,0.0,0.3199672917286225,-0.4800864475936223,7.276020881938894,4.180739212552622,0,0,115.13200000000002,-0.177,49.33,2.0,2.0,1.0,1.0,0.0,0.3201918797186009,-0.4800807667669501,5.983127663125442,3.8045304526403103,0,1,209.20099999999996,0.5894999999999995,67.79,2.0,4.0,4.0,2.0,1.0,0.316988591494396,-0.4802913751862192,10.673362107437434,7.2540201954234895,0,1
-4.99,A-cHexCH2_Gly-Me_dL-Nle-P-Mono1,1688,89.09399999999998,-0.5817999999999999,63.32000000000001,2.0,2.0,1.0,0.0,0.0,0.3196779563386595,-0.4800942338470611,5.1547005383792515,2.6427344100918364,0,0,171.23999999999995,1.2408999999999997,49.33,2.0,2.0,4.0,1.0,0.0,0.3169792424723776,-0.4802914820278356,8.811554787871634,5.787693700234704,0,1,145.202,0.7051000000000001,49.33,2.0,2.0,4.0,0.0,0.0,0.3201916549570671,-0.4800807607084159,8.146264369941973,4.574586062669973,0,1,131.175,0.5884999999999998,63.32000000000001,2.0,2.0,4.0,0.0,0.0,0.3199672917286225,-0.4800864475936223,7.276020881938894,4.180739212552622,0,0,115.13200000000002,-0.177,49.33,2.0,2.0,1.0,1.0,0.0,0.3201918797186009,-0.4800807667669501,5.983127663125442,3.8045304526403103,0,1,209.20099999999996,0.5894999999999995,67.79,2.0,4.0,4.0,2.0,1.0,0.316988591494396,-0.4802913751862192,10.673362107437434,7.2540201954234895,0,1
-5.08,F-pentyl_Gly-Me_dL-Nle-P-Mono34,1690,165.19199999999995,0.641,63.32000000000001,2.0,2.0,3.0,1.0,1.0,0.3203155016395601,-0.4800777002034423,8.974691494688164,5.698377302757663,0,0,145.202,0.8507999999999998,49.33,2.0,2.0,6.0,0.0,0.0,0.3169790715243422,-0.4802914829781201,7.819990956308912,4.770055610029662,0,1,145.202,0.7051000000000001,49.33,2.0,2.0,4.0,0.0,0.0,0.3201916549570671,-0.4800807607084159,8.146264369941973,4.574586062669973,0,1,131.175,0.5884999999999998,63.32000000000001,2.0,2.0,4.0,0.0,0.0,0.3199672917286225,-0.4800864475936223,7.276020881938894,4.180739212552622,0,0,115.13200000000002,-0.177,49.33,2.0,2.0,1.0,1.0,0.0,0.3201918797186009,-0.4800807667669501,5.983127663125442,3.8045304526403103,0,1,175.228,0.4757,58.56,2.0,3.0,7.0,0.0,0.0,0.3169790828387624,-0.4802914829480814,9.397341225498538,5.625897657686229,0,1
-5.08,F-Mono38-Me_dL-Nle-P-Mono34,1692,165.19199999999995,0.641,63.32000000000001,2.0,2.0,3.0,1.0,1.0,0.3203155016395601,-0.4800777002034423,8.974691494688164,5.698377302757663,0,0,173.21199999999996,0.0871999999999999,58.56,2.0,3.0,4.0,1.0,0.0,0.3169792425591177,-0.4802914820277248,8.811554787871634,5.787693700234704,0,1,145.202,0.7051000000000001,49.33,2.0,2.0,4.0,0.0,0.0,0.3201916549570671,-0.4800807607084159,8.146264369941973,4.574586062669973,0,1,131.175,0.5884999999999998,63.32000000000001,2.0,2.0,4.0,0.0,0.0,0.3199672917286225,-0.4800864475936223,7.276020881938894,4.180739212552622,0,0,115.13200000000002,-0.177,49.33,2.0,2.0,1.0,1.0,0.0,0.3201918797186009,-0.4800807667669501,5.983127663125442,3.8045304526403103,0,1,175.228,0.4757,58.56,2.0,3.0,7.0,0.0,0.0,0.3169790828387624,-0.4802914829480814,9.397341225498538,5.625897657686229,0,1
-5.0,F-Mono38-Me_dL-Nle-P-Mono1,1695,165.19199999999995,0.641,63.32000000000001,2.0,2.0,3.0,1.0,1.0,0.3203155016395601,-0.4800777002034423,8.974691494688164,5.698377302757663,0,0,173.21199999999996,0.0871999999999999,58.56,2.0,3.0,4.0,1.0,0.0,0.3169792425591177,-0.4802914820277248,8.811554787871634,5.787693700234704,0,1,145.202,0.7051000000000001,49.33,2.0,2.0,4.0,0.0,0.0,0.3201916549570671,-0.4800807607084159,8.146264369941973,4.574586062669973,0,1,131.175,0.5884999999999998,63.32000000000001,2.0,2.0,4.0,0.0,0.0,0.3199672917286225,-0.4800864475936223,7.276020881938894,4.180739212552622,0,0,115.13200000000002,-0.177,49.33,2.0,2.0,1.0,1.0,0.0,0.3201918797186009,-0.4800807667669501,5.983127663125442,3.8045304526403103,0,1,209.20099999999996,0.5894999999999995,67.79,2.0,4.0,4.0,2.0,1.0,0.316988591494396,-0.4802913751862192,10.673362107437434,7.2540201954234895,0,1
-5.05,F-pentyl_Gly-dL-Nle-P-Et_Gly,1700,165.19199999999995,0.641,63.32000000000001,2.0,2.0,3.0,1.0,1.0,0.3203155016395601,-0.4800777002034423,8.974691494688164,5.698377302757663,0,0,145.202,0.8507999999999998,49.33,2.0,2.0,6.0,0.0,0.0,0.3169790715243422,-0.4802914829781201,7.819990956308912,4.770055610029662,0,1,131.175,0.4443999999999999,63.32000000000001,2.0,2.0,3.0,0.0,0.0,0.319977946620586,-0.4800863173262635,7.439157588755425,4.036581260209188,1,0,131.175,0.5884999999999998,63.32000000000001,2.0,2.0,4.0,0.0,0.0,0.3199672917286225,-0.4800864475936223,7.276020881938894,4.180739212552622,0,0,115.13200000000002,-0.177,49.33,2.0,2.0,1.0,1.0,0.0,0.3201918797186009,-0.4800807667669501,5.983127663125442,3.8045304526403103,0,1,103.12099999999998,-0.3194999999999999,49.33,2.0,2.0,3.0,0.0,0.0,0.316978901991468,-0.4802914839199868,5.698670612749268,3.270055610029662,0,1
-4.96,F-cHexCH2_Gly-dL-Nle-P-Et_Gly,1703,165.19199999999995,0.641,63.32000000000001,2.0,2.0,3.0,1.0,1.0,0.3203155016395601,-0.4800777002034423,8.974691494688164,5.698377302757663,0,0,171.23999999999995,1.2408999999999997,49.33,2.0,2.0,4.0,1.0,0.0,0.3169792424723776,-0.4802914820278356,8.811554787871634,5.787693700234704,0,1,131.175,0.4443999999999999,63.32000000000001,2.0,2.0,3.0,0.0,0.0,0.319977946620586,-0.4800863173262635,7.439157588755425,4.036581260209188,1,0,131.175,0.5884999999999998,63.32000000000001,2.0,2.0,4.0,0.0,0.0,0.3199672917286225,-0.4800864475936223,7.276020881938894,4.180739212552622,0,0,115.13200000000002,-0.177,49.33,2.0,2.0,1.0,1.0,0.0,0.3201918797186009,-0.4800807667669501,5.983127663125442,3.8045304526403103,0,1,103.12099999999998,-0.3194999999999999,49.33,2.0,2.0,3.0,0.0,0.0,0.316978901991468,-0.4802914839199868,5.698670612749268,3.270055610029662,0,1
-5.07,A-pentyl_Gly-dL-Nle-P-Mono1,1705,89.09399999999998,-0.5817999999999999,63.32000000000001,2.0,2.0,1.0,0.0,0.0,0.3196779563386595,-0.4800942338470611,5.1547005383792515,2.6427344100918364,0,0,145.202,0.8507999999999998,49.33,2.0,2.0,6.0,0.0,0.0,0.3169790715243422,-0.4802914829781201,7.819990956308912,4.770055610029662,0,1,131.175,0.4443999999999999,63.32000000000001,2.0,2.0,3.0,0.0,0.0,0.319977946620586,-0.4800863173262635,7.439157588755425,4.036581260209188,1,0,131.175,0.5884999999999998,63.32000000000001,2.0,2.0,4.0,0.0,0.0,0.3199672917286225,-0.4800864475936223,7.276020881938894,4.180739212552622,0,0,115.13200000000002,-0.177,49.33,2.0,2.0,1.0,1.0,0.0,0.3201918797186009,-0.4800807667669501,5.983127663125442,3.8045304526403103,0,1,209.20099999999996,0.5894999999999995,67.79,2.0,4.0,4.0,2.0,1.0,0.316988591494396,-0.4802913751862192,10.673362107437434,7.2540201954234895,0,1
-5.01,A-cHexCH2_Gly-dL-Nle-P-Mono1,1706,89.09399999999998,-0.5817999999999999,63.32000000000001,2.0,2.0,1.0,0.0,0.0,0.3196779563386595,-0.4800942338470611,5.1547005383792515,2.6427344100918364,0,0,171.23999999999995,1.2408999999999997,49.33,2.0,2.0,4.0,1.0,0.0,0.3169792424723776,-0.4802914820278356,8.811554787871634,5.787693700234704,0,1,131.175,0.4443999999999999,63.32000000000001,2.0,2.0,3.0,0.0,0.0,0.319977946620586,-0.4800863173262635,7.439157588755425,4.036581260209188,1,0,131.175,0.5884999999999998,63.32000000000001,2.0,2.0,4.0,0.0,0.0,0.3199672917286225,-0.4800864475936223,7.276020881938894,4.180739212552622,0,0,115.13200000000002,-0.177,49.33,2.0,2.0,1.0,1.0,0.0,0.3201918797186009,-0.4800807667669501,5.983127663125442,3.8045304526403103,0,1,209.20099999999996,0.5894999999999995,67.79,2.0,4.0,4.0,2.0,1.0,0.316988591494396,-0.4802913751862192,10.673362107437434,7.2540201954234895,0,1
-4.94,F-pentyl_Gly-dL-Nle-P-Mono34,1708,165.19199999999995,0.641,63.32000000000001,2.0,2.0,3.0,1.0,1.0,0.3203155016395601,-0.4800777002034423,8.974691494688164,5.698377302757663,0,0,145.202,0.8507999999999998,49.33,2.0,2.0,6.0,0.0,0.0,0.3169790715243422,-0.4802914829781201,7.819990956308912,4.770055610029662,0,1,131.175,0.4443999999999999,63.32000000000001,2.0,2.0,3.0,0.0,0.0,0.319977946620586,-0.4800863173262635,7.439157588755425,4.036581260209188,1,0,131.175,0.5884999999999998,63.32000000000001,2.0,2.0,4.0,0.0,0.0,0.3199672917286225,-0.4800864475936223,7.276020881938894,4.180739212552622,0,0,115.13200000000002,-0.177,49.33,2.0,2.0,1.0,1.0,0.0,0.3201918797186009,-0.4800807667669501,5.983127663125442,3.8045304526403103,0,1,175.228,0.4757,58.56,2.0,3.0,7.0,0.0,0.0,0.3169790828387624,-0.4802914829480814,9.397341225498538,5.625897657686229,0,1
-5.02,F-cHexCH2_Gly-dL-Nle-P-Mono34,1709,165.19199999999995,0.641,63.32000000000001,2.0,2.0,3.0,1.0,1.0,0.3203155016395601,-0.4800777002034423,8.974691494688164,5.698377302757663,0,0,171.23999999999995,1.2408999999999997,49.33,2.0,2.0,4.0,1.0,0.0,0.3169792424723776,-0.4802914820278356,8.811554787871634,5.787693700234704,0,1,131.175,0.4443999999999999,63.32000000000001,2.0,2.0,3.0,0.0,0.0,0.319977946620586,-0.4800863173262635,7.439157588755425,4.036581260209188,1,0,131.175,0.5884999999999998,63.32000000000001,2.0,2.0,4.0,0.0,0.0,0.3199672917286225,-0.4800864475936223,7.276020881938894,4.180739212552622,0,0,115.13200000000002,-0.177,49.33,2.0,2.0,1.0,1.0,0.0,0.3201918797186009,-0.4800807667669501,5.983127663125442,3.8045304526403103,0,1,175.228,0.4757,58.56,2.0,3.0,7.0,0.0,0.0,0.3169790828387624,-0.4802914829480814,9.397341225498538,5.625897657686229,0,1
-5.15,F-Mono38-dL-Nle-P-Mono1,1713,165.19199999999995,0.641,63.32000000000001,2.0,2.0,3.0,1.0,1.0,0.3203155016395601,-0.4800777002034423,8.974691494688164,5.698377302757663,0,0,173.21199999999996,0.0871999999999999,58.56,2.0,3.0,4.0,1.0,0.0,0.3169792425591177,-0.4802914820277248,8.811554787871634,5.787693700234704,0,1,131.175,0.4443999999999999,63.32000000000001,2.0,2.0,3.0,0.0,0.0,0.319977946620586,-0.4800863173262635,7.439157588755425,4.036581260209188,1,0,131.175,0.5884999999999998,63.32000000000001,2.0,2.0,4.0,0.0,0.0,0.3199672917286225,-0.4800864475936223,7.276020881938894,4.180739212552622,0,0,115.13200000000002,-0.177,49.33,2.0,2.0,1.0,1.0,0.0,0.3201918797186009,-0.4800807667669501,5.983127663125442,3.8045304526403103,0,1,209.20099999999996,0.5894999999999995,67.79,2.0,4.0,4.0,2.0,1.0,0.316988591494396,-0.4802913751862192,10.673362107437434,7.2540201954234895,0,1
-5.13,A-pentyl_Gly-Me_dL-Nle-dP-Et_Gly,1714,89.09399999999998,-0.5817999999999999,63.32000000000001,2.0,2.0,1.0,0.0,0.0,0.3196779563386595,-0.4800942338470611,5.1547005383792515,2.6427344100918364,0,0,145.202,0.8507999999999998,49.33,2.0,2.0,6.0,0.0,0.0,0.3169790715243422,-0.4802914829781201,7.819990956308912,4.770055610029662,0,1,145.202,0.7051000000000001,49.33,2.0,2.0,4.0,0.0,0.0,0.3201916549570671,-0.4800807607084159,8.146264369941973,4.574586062669973,0,1,131.175,0.5884999999999998,63.32000000000001,2.0,2.0,4.0,0.0,0.0,0.3199672917286225,-0.4800864475936223,7.276020881938894,4.180739212552622,0,0,115.13200000000002,-0.177,49.33,2.0,2.0,1.0,1.0,0.0,0.3201918797186009,-0.4800807667669501,5.983127663125442,3.8045304526403103,1,1,103.12099999999998,-0.3194999999999999,49.33,2.0,2.0,3.0,0.0,0.0,0.316978901991468,-0.4802914839199868,5.698670612749268,3.270055610029662,0,1
-4.91,A-cHexCH2_Gly-Me_dL-Nle-dP-Et_Gly,1715,89.09399999999998,-0.5817999999999999,63.32000000000001,2.0,2.0,1.0,0.0,0.0,0.3196779563386595,-0.4800942338470611,5.1547005383792515,2.6427344100918364,0,0,171.23999999999995,1.2408999999999997,49.33,2.0,2.0,4.0,1.0,0.0,0.3169792424723776,-0.4802914820278356,8.811554787871634,5.787693700234704,0,1,145.202,0.7051000000000001,49.33,2.0,2.0,4.0,0.0,0.0,0.3201916549570671,-0.4800807607084159,8.146264369941973,4.574586062669973,0,1,131.175,0.5884999999999998,63.32000000000001,2.0,2.0,4.0,0.0,0.0,0.3199672917286225,-0.4800864475936223,7.276020881938894,4.180739212552622,0,0,115.13200000000002,-0.177,49.33,2.0,2.0,1.0,1.0,0.0,0.3201918797186009,-0.4800807667669501,5.983127663125442,3.8045304526403103,1,1,103.12099999999998,-0.3194999999999999,49.33,2.0,2.0,3.0,0.0,0.0,0.316978901991468,-0.4802914839199868,5.698670612749268,3.270055610029662,0,1
-4.85,A-pentyl_Gly-Me_dL-Nle-dP-Mono34,1717,89.09399999999998,-0.5817999999999999,63.32000000000001,2.0,2.0,1.0,0.0,0.0,0.3196779563386595,-0.4800942338470611,5.1547005383792515,2.6427344100918364,0,0,145.202,0.8507999999999998,49.33,2.0,2.0,6.0,0.0,0.0,0.3169790715243422,-0.4802914829781201,7.819990956308912,4.770055610029662,0,1,145.202,0.7051000000000001,49.33,2.0,2.0,4.0,0.0,0.0,0.3201916549570671,-0.4800807607084159,8.146264369941973,4.574586062669973,0,1,131.175,0.5884999999999998,63.32000000000001,2.0,2.0,4.0,0.0,0.0,0.3199672917286225,-0.4800864475936223,7.276020881938894,4.180739212552622,0,0,115.13200000000002,-0.177,49.33,2.0,2.0,1.0,1.0,0.0,0.3201918797186009,-0.4800807667669501,5.983127663125442,3.8045304526403103,1,1,175.228,0.4757,58.56,2.0,3.0,7.0,0.0,0.0,0.3169790828387624,-0.4802914829480814,9.397341225498538,5.625897657686229,0,1
-5.11,F-pentyl_Gly-Me_dL-Nle-dP-Et_Gly,1718,165.19199999999995,0.641,63.32000000000001,2.0,2.0,3.0,1.0,1.0,0.3203155016395601,-0.4800777002034423,8.974691494688164,5.698377302757663,0,0,145.202,0.8507999999999998,49.33,2.0,2.0,6.0,0.0,0.0,0.3169790715243422,-0.4802914829781201,7.819990956308912,4.770055610029662,0,1,145.202,0.7051000000000001,49.33,2.0,2.0,4.0,0.0,0.0,0.3201916549570671,-0.4800807607084159,8.146264369941973,4.574586062669973,0,1,131.175,0.5884999999999998,63.32000000000001,2.0,2.0,4.0,0.0,0.0,0.3199672917286225,-0.4800864475936223,7.276020881938894,4.180739212552622,0,0,115.13200000000002,-0.177,49.33,2.0,2.0,1.0,1.0,0.0,0.3201918797186009,-0.4800807667669501,5.983127663125442,3.8045304526403103,1,1,103.12099999999998,-0.3194999999999999,49.33,2.0,2.0,3.0,0.0,0.0,0.316978901991468,-0.4802914839199868,5.698670612749268,3.270055610029662,0,1
-4.86,A-cHexCH2_Gly-Me_dL-Nle-dP-Mono34,1719,89.09399999999998,-0.5817999999999999,63.32000000000001,2.0,2.0,1.0,0.0,0.0,0.3196779563386595,-0.4800942338470611,5.1547005383792515,2.6427344100918364,0,0,171.23999999999995,1.2408999999999997,49.33,2.0,2.0,4.0,1.0,0.0,0.3169792424723776,-0.4802914820278356,8.811554787871634,5.787693700234704,0,1,145.202,0.7051000000000001,49.33,2.0,2.0,4.0,0.0,0.0,0.3201916549570671,-0.4800807607084159,8.146264369941973,4.574586062669973,0,1,131.175,0.5884999999999998,63.32000000000001,2.0,2.0,4.0,0.0,0.0,0.3199672917286225,-0.4800864475936223,7.276020881938894,4.180739212552622,0,0,115.13200000000002,-0.177,49.33,2.0,2.0,1.0,1.0,0.0,0.3201918797186009,-0.4800807667669501,5.983127663125442,3.8045304526403103,1,1,175.228,0.4757,58.56,2.0,3.0,7.0,0.0,0.0,0.3169790828387624,-0.4802914829480814,9.397341225498538,5.625897657686229,0,1
-5.17,F-Mono38-Me_dL-Nle-dP-Et_Gly,1722,165.19199999999995,0.641,63.32000000000001,2.0,2.0,3.0,1.0,1.0,0.3203155016395601,-0.4800777002034423,8.974691494688164,5.698377302757663,0,0,173.21199999999996,0.0871999999999999,58.56,2.0,3.0,4.0,1.0,0.0,0.3169792425591177,-0.4802914820277248,8.811554787871634,5.787693700234704,0,1,145.202,0.7051000000000001,49.33,2.0,2.0,4.0,0.0,0.0,0.3201916549570671,-0.4800807607084159,8.146264369941973,4.574586062669973,0,1,131.175,0.5884999999999998,63.32000000000001,2.0,2.0,4.0,0.0,0.0,0.3199672917286225,-0.4800864475936223,7.276020881938894,4.180739212552622,0,0,115.13200000000002,-0.177,49.33,2.0,2.0,1.0,1.0,0.0,0.3201918797186009,-0.4800807667669501,5.983127663125442,3.8045304526403103,1,1,103.12099999999998,-0.3194999999999999,49.33,2.0,2.0,3.0,0.0,0.0,0.316978901991468,-0.4802914839199868,5.698670612749268,3.270055610029662,0,1
-4.98,A-pentyl_Gly-Me_dL-Nle-dP-Mono1,1723,89.09399999999998,-0.5817999999999999,63.32000000000001,2.0,2.0,1.0,0.0,0.0,0.3196779563386595,-0.4800942338470611,5.1547005383792515,2.6427344100918364,0,0,145.202,0.8507999999999998,49.33,2.0,2.0,6.0,0.0,0.0,0.3169790715243422,-0.4802914829781201,7.819990956308912,4.770055610029662,0,1,145.202,0.7051000000000001,49.33,2.0,2.0,4.0,0.0,0.0,0.3201916549570671,-0.4800807607084159,8.146264369941973,4.574586062669973,0,1,131.175,0.5884999999999998,63.32000000000001,2.0,2.0,4.0,0.0,0.0,0.3199672917286225,-0.4800864475936223,7.276020881938894,4.180739212552622,0,0,115.13200000000002,-0.177,49.33,2.0,2.0,1.0,1.0,0.0,0.3201918797186009,-0.4800807667669501,5.983127663125442,3.8045304526403103,1,1,209.20099999999996,0.5894999999999995,67.79,2.0,4.0,4.0,2.0,1.0,0.316988591494396,-0.4802913751862192,10.673362107437434,7.2540201954234895,0,1
-5.17,A-cHexCH2_Gly-Me_dL-Nle-dP-Mono1,1724,89.09399999999998,-0.5817999999999999,63.32000000000001,2.0,2.0,1.0,0.0,0.0,0.3196779563386595,-0.4800942338470611,5.1547005383792515,2.6427344100918364,0,0,171.23999999999995,1.2408999999999997,49.33,2.0,2.0,4.0,1.0,0.0,0.3169792424723776,-0.4802914820278356,8.811554787871634,5.787693700234704,0,1,145.202,0.7051000000000001,49.33,2.0,2.0,4.0,0.0,0.0,0.3201916549570671,-0.4800807607084159,8.146264369941973,4.574586062669973,0,1,131.175,0.5884999999999998,63.32000000000001,2.0,2.0,4.0,0.0,0.0,0.3199672917286225,-0.4800864475936223,7.276020881938894,4.180739212552622,0,0,115.13200000000002,-0.177,49.33,2.0,2.0,1.0,1.0,0.0,0.3201918797186009,-0.4800807667669501,5.983127663125442,3.8045304526403103,1,1,209.20099999999996,0.5894999999999995,67.79,2.0,4.0,4.0,2.0,1.0,0.316988591494396,-0.4802913751862192,10.673362107437434,7.2540201954234895,0,1
-5.03,F-Mono38-Me_dL-Nle-dP-Mono34,1728,165.19199999999995,0.641,63.32000000000001,2.0,2.0,3.0,1.0,1.0,0.3203155016395601,-0.4800777002034423,8.974691494688164,5.698377302757663,0,0,173.21199999999996,0.0871999999999999,58.56,2.0,3.0,4.0,1.0,0.0,0.3169792425591177,-0.4802914820277248,8.811554787871634,5.787693700234704,0,1,145.202,0.7051000000000001,49.33,2.0,2.0,4.0,0.0,0.0,0.3201916549570671,-0.4800807607084159,8.146264369941973,4.574586062669973,0,1,131.175,0.5884999999999998,63.32000000000001,2.0,2.0,4.0,0.0,0.0,0.3199672917286225,-0.4800864475936223,7.276020881938894,4.180739212552622,0,0,115.13200000000002,-0.177,49.33,2.0,2.0,1.0,1.0,0.0,0.3201918797186009,-0.4800807667669501,5.983127663125442,3.8045304526403103,1,1,175.228,0.4757,58.56,2.0,3.0,7.0,0.0,0.0,0.3169790828387624,-0.4802914829480814,9.397341225498538,5.625897657686229,0,1
-4.81,F-pentyl_Gly-dL-Nle-dP-Et_Gly,1736,165.19199999999995,0.641,63.32000000000001,2.0,2.0,3.0,1.0,1.0,0.3203155016395601,-0.4800777002034423,8.974691494688164,5.698377302757663,0,0,145.202,0.8507999999999998,49.33,2.0,2.0,6.0,0.0,0.0,0.3169790715243422,-0.4802914829781201,7.819990956308912,4.770055610029662,0,1,131.175,0.4443999999999999,63.32000000000001,2.0,2.0,3.0,0.0,0.0,0.319977946620586,-0.4800863173262635,7.439157588755425,4.036581260209188,1,0,131.175,0.5884999999999998,63.32000000000001,2.0,2.0,4.0,0.0,0.0,0.3199672917286225,-0.4800864475936223,7.276020881938894,4.180739212552622,0,0,115.13200000000002,-0.177,49.33,2.0,2.0,1.0,1.0,0.0,0.3201918797186009,-0.4800807667669501,5.983127663125442,3.8045304526403103,1,1,103.12099999999998,-0.3194999999999999,49.33,2.0,2.0,3.0,0.0,0.0,0.316978901991468,-0.4802914839199868,5.698670612749268,3.270055610029662,0,1
-5.02,A-cHexCH2_Gly-dL-Nle-dP-Mono34,1737,89.09399999999998,-0.5817999999999999,63.32000000000001,2.0,2.0,1.0,0.0,0.0,0.3196779563386595,-0.4800942338470611,5.1547005383792515,2.6427344100918364,0,0,171.23999999999995,1.2408999999999997,49.33,2.0,2.0,4.0,1.0,0.0,0.3169792424723776,-0.4802914820278356,8.811554787871634,5.787693700234704,0,1,131.175,0.4443999999999999,63.32000000000001,2.0,2.0,3.0,0.0,0.0,0.319977946620586,-0.4800863173262635,7.439157588755425,4.036581260209188,1,0,131.175,0.5884999999999998,63.32000000000001,2.0,2.0,4.0,0.0,0.0,0.3199672917286225,-0.4800864475936223,7.276020881938894,4.180739212552622,0,0,115.13200000000002,-0.177,49.33,2.0,2.0,1.0,1.0,0.0,0.3201918797186009,-0.4800807667669501,5.983127663125442,3.8045304526403103,1,1,175.228,0.4757,58.56,2.0,3.0,7.0,0.0,0.0,0.3169790828387624,-0.4802914829480814,9.397341225498538,5.625897657686229,0,1
-4.99,A-pentyl_Gly-dL-Nle-dP-Mono1,1741,89.09399999999998,-0.5817999999999999,63.32000000000001,2.0,2.0,1.0,0.0,0.0,0.3196779563386595,-0.4800942338470611,5.1547005383792515,2.6427344100918364,0,0,145.202,0.8507999999999998,49.33,2.0,2.0,6.0,0.0,0.0,0.3169790715243422,-0.4802914829781201,7.819990956308912,4.770055610029662,0,1,131.175,0.4443999999999999,63.32000000000001,2.0,2.0,3.0,0.0,0.0,0.319977946620586,-0.4800863173262635,7.439157588755425,4.036581260209188,1,0,131.175,0.5884999999999998,63.32000000000001,2.0,2.0,4.0,0.0,0.0,0.3199672917286225,-0.4800864475936223,7.276020881938894,4.180739212552622,0,0,115.13200000000002,-0.177,49.33,2.0,2.0,1.0,1.0,0.0,0.3201918797186009,-0.4800807667669501,5.983127663125442,3.8045304526403103,1,1,209.20099999999996,0.5894999999999995,67.79,2.0,4.0,4.0,2.0,1.0,0.316988591494396,-0.4802913751862192,10.673362107437434,7.2540201954234895,0,1
-4.9,A-cHexCH2_Gly-dL-Nle-dP-Mono1,1742,89.09399999999998,-0.5817999999999999,63.32000000000001,2.0,2.0,1.0,0.0,0.0,0.3196779563386595,-0.4800942338470611,5.1547005383792515,2.6427344100918364,0,0,171.23999999999995,1.2408999999999997,49.33,2.0,2.0,4.0,1.0,0.0,0.3169792424723776,-0.4802914820278356,8.811554787871634,5.787693700234704,0,1,131.175,0.4443999999999999,63.32000000000001,2.0,2.0,3.0,0.0,0.0,0.319977946620586,-0.4800863173262635,7.439157588755425,4.036581260209188,1,0,131.175,0.5884999999999998,63.32000000000001,2.0,2.0,4.0,0.0,0.0,0.3199672917286225,-0.4800864475936223,7.276020881938894,4.180739212552622,0,0,115.13200000000002,-0.177,49.33,2.0,2.0,1.0,1.0,0.0,0.3201918797186009,-0.4800807667669501,5.983127663125442,3.8045304526403103,1,1,209.20099999999996,0.5894999999999995,67.79,2.0,4.0,4.0,2.0,1.0,0.316988591494396,-0.4802913751862192,10.673362107437434,7.2540201954234895,0,1
-4.81,F-pentyl_Gly-dL-Nle-dP-Mono34,1744,165.19199999999995,0.641,63.32000000000001,2.0,2.0,3.0,1.0,1.0,0.3203155016395601,-0.4800777002034423,8.974691494688164,5.698377302757663,0,0,145.202,0.8507999999999998,49.33,2.0,2.0,6.0,0.0,0.0,0.3169790715243422,-0.4802914829781201,7.819990956308912,4.770055610029662,0,1,131.175,0.4443999999999999,63.32000000000001,2.0,2.0,3.0,0.0,0.0,0.319977946620586,-0.4800863173262635,7.439157588755425,4.036581260209188,1,0,131.175,0.5884999999999998,63.32000000000001,2.0,2.0,4.0,0.0,0.0,0.3199672917286225,-0.4800864475936223,7.276020881938894,4.180739212552622,0,0,115.13200000000002,-0.177,49.33,2.0,2.0,1.0,1.0,0.0,0.3201918797186009,-0.4800807667669501,5.983127663125442,3.8045304526403103,1,1,175.228,0.4757,58.56,2.0,3.0,7.0,0.0,0.0,0.3169790828387624,-0.4802914829480814,9.397341225498538,5.625897657686229,0,1
-4.97,F-cHexCH2_Gly-dL-Nle-dP-Mono34,1745,165.19199999999995,0.641,63.32000000000001,2.0,2.0,3.0,1.0,1.0,0.3203155016395601,-0.4800777002034423,8.974691494688164,5.698377302757663,0,0,171.23999999999995,1.2408999999999997,49.33,2.0,2.0,4.0,1.0,0.0,0.3169792424723776,-0.4802914820278356,8.811554787871634,5.787693700234704,0,1,131.175,0.4443999999999999,63.32000000000001,2.0,2.0,3.0,0.0,0.0,0.319977946620586,-0.4800863173262635,7.439157588755425,4.036581260209188,1,0,131.175,0.5884999999999998,63.32000000000001,2.0,2.0,4.0,0.0,0.0,0.3199672917286225,-0.4800864475936223,7.276020881938894,4.180739212552622,0,0,115.13200000000002,-0.177,49.33,2.0,2.0,1.0,1.0,0.0,0.3201918797186009,-0.4800807667669501,5.983127663125442,3.8045304526403103,1,1,175.228,0.4757,58.56,2.0,3.0,7.0,0.0,0.0,0.3169790828387624,-0.4802914829480814,9.397341225498538,5.625897657686229,0,1
-5.06,F-Mono38-dL-Nle-dP-Mono1,1749,165.19199999999995,0.641,63.32000000000001,2.0,2.0,3.0,1.0,1.0,0.3203155016395601,-0.4800777002034423,8.974691494688164,5.698377302757663,0,0,173.21199999999996,0.0871999999999999,58.56,2.0,3.0,4.0,1.0,0.0,0.3169792425591177,-0.4802914820277248,8.811554787871634,5.787693700234704,0,1,131.175,0.4443999999999999,63.32000000000001,2.0,2.0,3.0,0.0,0.0,0.319977946620586,-0.4800863173262635,7.439157588755425,4.036581260209188,1,0,131.175,0.5884999999999998,63.32000000000001,2.0,2.0,4.0,0.0,0.0,0.3199672917286225,-0.4800864475936223,7.276020881938894,4.180739212552622,0,0,115.13200000000002,-0.177,49.33,2.0,2.0,1.0,1.0,0.0,0.3201918797186009,-0.4800807667669501,5.983127663125442,3.8045304526403103,1,1,209.20099999999996,0.5894999999999995,67.79,2.0,4.0,4.0,2.0,1.0,0.316988591494396,-0.4802913751862192,10.673362107437434,7.2540201954234895,0,1
-4.96,dF-pentyl_Gly-Me_dL-Nle-P-Et_Gly,1754,165.19199999999995,0.641,63.32000000000001,2.0,2.0,3.0,1.0,1.0,0.3203155016395601,-0.4800777002034423,8.974691494688164,5.698377302757663,1,0,145.202,0.8507999999999998,49.33,2.0,2.0,6.0,0.0,0.0,0.3169790715243422,-0.4802914829781201,7.819990956308912,4.770055610029662,0,1,145.202,0.7051000000000001,49.33,2.0,2.0,4.0,0.0,0.0,0.3201916549570671,-0.4800807607084159,8.146264369941973,4.574586062669973,0,1,131.175,0.5884999999999998,63.32000000000001,2.0,2.0,4.0,0.0,0.0,0.3199672917286225,-0.4800864475936223,7.276020881938894,4.180739212552622,0,0,115.13200000000002,-0.177,49.33,2.0,2.0,1.0,1.0,0.0,0.3201918797186009,-0.4800807667669501,5.983127663125442,3.8045304526403103,0,1,103.12099999999998,-0.3194999999999999,49.33,2.0,2.0,3.0,0.0,0.0,0.316978901991468,-0.4802914839199868,5.698670612749268,3.270055610029662,0,1
-4.9,dF-cHexCH2_Gly-Me_dL-Nle-P-Et_Gly,1757,165.19199999999995,0.641,63.32000000000001,2.0,2.0,3.0,1.0,1.0,0.3203155016395601,-0.4800777002034423,8.974691494688164,5.698377302757663,1,0,171.23999999999995,1.2408999999999997,49.33,2.0,2.0,4.0,1.0,0.0,0.3169792424723776,-0.4802914820278356,8.811554787871634,5.787693700234704,0,1,145.202,0.7051000000000001,49.33,2.0,2.0,4.0,0.0,0.0,0.3201916549570671,-0.4800807607084159,8.146264369941973,4.574586062669973,0,1,131.175,0.5884999999999998,63.32000000000001,2.0,2.0,4.0,0.0,0.0,0.3199672917286225,-0.4800864475936223,7.276020881938894,4.180739212552622,0,0,115.13200000000002,-0.177,49.33,2.0,2.0,1.0,1.0,0.0,0.3201918797186009,-0.4800807667669501,5.983127663125442,3.8045304526403103,0,1,103.12099999999998,-0.3194999999999999,49.33,2.0,2.0,3.0,0.0,0.0,0.316978901991468,-0.4802914839199868,5.698670612749268,3.270055610029662,0,1
-5.1,dA-cHexCH2_Gly-Me_dL-Nle-P-Mono1,1760,89.09399999999998,-0.5817999999999999,63.32000000000001,2.0,2.0,1.0,0.0,0.0,0.3196779563386595,-0.4800942338470611,5.1547005383792515,2.6427344100918364,1,0,171.23999999999995,1.2408999999999997,49.33,2.0,2.0,4.0,1.0,0.0,0.3169792424723776,-0.4802914820278356,8.811554787871634,5.787693700234704,0,1,145.202,0.7051000000000001,49.33,2.0,2.0,4.0,0.0,0.0,0.3201916549570671,-0.4800807607084159,8.146264369941973,4.574586062669973,0,1,131.175,0.5884999999999998,63.32000000000001,2.0,2.0,4.0,0.0,0.0,0.3199672917286225,-0.4800864475936223,7.276020881938894,4.180739212552622,0,0,115.13200000000002,-0.177,49.33,2.0,2.0,1.0,1.0,0.0,0.3201918797186009,-0.4800807667669501,5.983127663125442,3.8045304526403103,0,1,209.20099999999996,0.5894999999999995,67.79,2.0,4.0,4.0,2.0,1.0,0.316988591494396,-0.4802913751862192,10.673362107437434,7.2540201954234895,0,1
-4.86,dF-pentyl_Gly-Me_dL-Nle-P-Mono34,1762,165.19199999999995,0.641,63.32000000000001,2.0,2.0,3.0,1.0,1.0,0.3203155016395601,-0.4800777002034423,8.974691494688164,5.698377302757663,1,0,145.202,0.8507999999999998,49.33,2.0,2.0,6.0,0.0,0.0,0.3169790715243422,-0.4802914829781201,7.819990956308912,4.770055610029662,0,1,145.202,0.7051000000000001,49.33,2.0,2.0,4.0,0.0,0.0,0.3201916549570671,-0.4800807607084159,8.146264369941973,4.574586062669973,0,1,131.175,0.5884999999999998,63.32000000000001,2.0,2.0,4.0,0.0,0.0,0.3199672917286225,-0.4800864475936223,7.276020881938894,4.180739212552622,0,0,115.13200000000002,-0.177,49.33,2.0,2.0,1.0,1.0,0.0,0.3201918797186009,-0.4800807667669501,5.983127663125442,3.8045304526403103,0,1,175.228,0.4757,58.56,2.0,3.0,7.0,0.0,0.0,0.3169790828387624,-0.4802914829480814,9.397341225498538,5.625897657686229,0,1
-5.01,dF-cHexCH2_Gly-Me_dL-Nle-P-Mono34,1763,165.19199999999995,0.641,63.32000000000001,2.0,2.0,3.0,1.0,1.0,0.3203155016395601,-0.4800777002034423,8.974691494688164,5.698377302757663,1,0,171.23999999999995,1.2408999999999997,49.33,2.0,2.0,4.0,1.0,0.0,0.3169792424723776,-0.4802914820278356,8.811554787871634,5.787693700234704,0,1,145.202,0.7051000000000001,49.33,2.0,2.0,4.0,0.0,0.0,0.3201916549570671,-0.4800807607084159,8.146264369941973,4.574586062669973,0,1,131.175,0.5884999999999998,63.32000000000001,2.0,2.0,4.0,0.0,0.0,0.3199672917286225,-0.4800864475936223,7.276020881938894,4.180739212552622,0,0,115.13200000000002,-0.177,49.33,2.0,2.0,1.0,1.0,0.0,0.3201918797186009,-0.4800807667669501,5.983127663125442,3.8045304526403103,0,1,175.228,0.4757,58.56,2.0,3.0,7.0,0.0,0.0,0.3169790828387624,-0.4802914829480814,9.397341225498538,5.625897657686229,0,1
-5.04,dF-cHexCH2_Gly-dL-Nle-P-Et_Gly,1775,165.19199999999995,0.641,63.32000000000001,2.0,2.0,3.0,1.0,1.0,0.3203155016395601,-0.4800777002034423,8.974691494688164,5.698377302757663,1,0,171.23999999999995,1.2408999999999997,49.33,2.0,2.0,4.0,1.0,0.0,0.3169792424723776,-0.4802914820278356,8.811554787871634,5.787693700234704,0,1,131.175,0.4443999999999999,63.32000000000001,2.0,2.0,3.0,0.0,0.0,0.319977946620586,-0.4800863173262635,7.439157588755425,4.036581260209188,1,0,131.175,0.5884999999999998,63.32000000000001,2.0,2.0,4.0,0.0,0.0,0.3199672917286225,-0.4800864475936223,7.276020881938894,4.180739212552622,0,0,115.13200000000002,-0.177,49.33,2.0,2.0,1.0,1.0,0.0,0.3201918797186009,-0.4800807667669501,5.983127663125442,3.8045304526403103,0,1,103.12099999999998,-0.3194999999999999,49.33,2.0,2.0,3.0,0.0,0.0,0.316978901991468,-0.4802914839199868,5.698670612749268,3.270055610029662,0,1
-4.93,dF-pentyl_Gly-dL-Nle-P-Mono34,1780,165.19199999999995,0.641,63.32000000000001,2.0,2.0,3.0,1.0,1.0,0.3203155016395601,-0.4800777002034423,8.974691494688164,5.698377302757663,1,0,145.202,0.8507999999999998,49.33,2.0,2.0,6.0,0.0,0.0,0.3169790715243422,-0.4802914829781201,7.819990956308912,4.770055610029662,0,1,131.175,0.4443999999999999,63.32000000000001,2.0,2.0,3.0,0.0,0.0,0.319977946620586,-0.4800863173262635,7.439157588755425,4.036581260209188,1,0,131.175,0.5884999999999998,63.32000000000001,2.0,2.0,4.0,0.0,0.0,0.3199672917286225,-0.4800864475936223,7.276020881938894,4.180739212552622,0,0,115.13200000000002,-0.177,49.33,2.0,2.0,1.0,1.0,0.0,0.3201918797186009,-0.4800807667669501,5.983127663125442,3.8045304526403103,0,1,175.228,0.4757,58.56,2.0,3.0,7.0,0.0,0.0,0.3169790828387624,-0.4802914829480814,9.397341225498538,5.625897657686229,0,1
-4.87,dF-cHexCH2_Gly-dL-Nle-P-Mono34,1781,165.19199999999995,0.641,63.32000000000001,2.0,2.0,3.0,1.0,1.0,0.3203155016395601,-0.4800777002034423,8.974691494688164,5.698377302757663,1,0,171.23999999999995,1.2408999999999997,49.33,2.0,2.0,4.0,1.0,0.0,0.3169792424723776,-0.4802914820278356,8.811554787871634,5.787693700234704,0,1,131.175,0.4443999999999999,63.32000000000001,2.0,2.0,3.0,0.0,0.0,0.319977946620586,-0.4800863173262635,7.439157588755425,4.036581260209188,1,0,131.175,0.5884999999999998,63.32000000000001,2.0,2.0,4.0,0.0,0.0,0.3199672917286225,-0.4800864475936223,7.276020881938894,4.180739212552622,0,0,115.13200000000002,-0.177,49.33,2.0,2.0,1.0,1.0,0.0,0.3201918797186009,-0.4800807667669501,5.983127663125442,3.8045304526403103,0,1,175.228,0.4757,58.56,2.0,3.0,7.0,0.0,0.0,0.3169790828387624,-0.4802914829480814,9.397341225498538,5.625897657686229,0,1
-5.12,dF-pentyl_Gly-dL-Nle-P-Mono1,1783,165.19199999999995,0.641,63.32000000000001,2.0,2.0,3.0,1.0,1.0,0.3203155016395601,-0.4800777002034423,8.974691494688164,5.698377302757663,1,0,145.202,0.8507999999999998,49.33,2.0,2.0,6.0,0.0,0.0,0.3169790715243422,-0.4802914829781201,7.819990956308912,4.770055610029662,0,1,131.175,0.4443999999999999,63.32000000000001,2.0,2.0,3.0,0.0,0.0,0.319977946620586,-0.4800863173262635,7.439157588755425,4.036581260209188,1,0,131.175,0.5884999999999998,63.32000000000001,2.0,2.0,4.0,0.0,0.0,0.3199672917286225,-0.4800864475936223,7.276020881938894,4.180739212552622,0,0,115.13200000000002,-0.177,49.33,2.0,2.0,1.0,1.0,0.0,0.3201918797186009,-0.4800807667669501,5.983127663125442,3.8045304526403103,0,1,209.20099999999996,0.5894999999999995,67.79,2.0,4.0,4.0,2.0,1.0,0.316988591494396,-0.4802913751862192,10.673362107437434,7.2540201954234895,0,1
-5.01,dF-pentyl_Gly-Me_dL-Nle-dP-Et_Gly,1790,165.19199999999995,0.641,63.32000000000001,2.0,2.0,3.0,1.0,1.0,0.3203155016395601,-0.4800777002034423,8.974691494688164,5.698377302757663,1,0,145.202,0.8507999999999998,49.33,2.0,2.0,6.0,0.0,0.0,0.3169790715243422,-0.4802914829781201,7.819990956308912,4.770055610029662,0,1,145.202,0.7051000000000001,49.33,2.0,2.0,4.0,0.0,0.0,0.3201916549570671,-0.4800807607084159,8.146264369941973,4.574586062669973,0,1,131.175,0.5884999999999998,63.32000000000001,2.0,2.0,4.0,0.0,0.0,0.3199672917286225,-0.4800864475936223,7.276020881938894,4.180739212552622,0,0,115.13200000000002,-0.177,49.33,2.0,2.0,1.0,1.0,0.0,0.3201918797186009,-0.4800807667669501,5.983127663125442,3.8045304526403103,1,1,103.12099999999998,-0.3194999999999999,49.33,2.0,2.0,3.0,0.0,0.0,0.316978901991468,-0.4802914839199868,5.698670612749268,3.270055610029662,0,1
-5.09,dA-cHexCH2_Gly-Me_dL-Nle-dP-Mono34,1791,89.09399999999998,-0.5817999999999999,63.32000000000001,2.0,2.0,1.0,0.0,0.0,0.3196779563386595,-0.4800942338470611,5.1547005383792515,2.6427344100918364,1,0,171.23999999999995,1.2408999999999997,49.33,2.0,2.0,4.0,1.0,0.0,0.3169792424723776,-0.4802914820278356,8.811554787871634,5.787693700234704,0,1,145.202,0.7051000000000001,49.33,2.0,2.0,4.0,0.0,0.0,0.3201916549570671,-0.4800807607084159,8.146264369941973,4.574586062669973,0,1,131.175,0.5884999999999998,63.32000000000001,2.0,2.0,4.0,0.0,0.0,0.3199672917286225,-0.4800864475936223,7.276020881938894,4.180739212552622,0,0,115.13200000000002,-0.177,49.33,2.0,2.0,1.0,1.0,0.0,0.3201918797186009,-0.4800807667669501,5.983127663125442,3.8045304526403103,1,1,175.228,0.4757,58.56,2.0,3.0,7.0,0.0,0.0,0.3169790828387624,-0.4802914829480814,9.397341225498538,5.625897657686229,0,1
-5.08,dF-cHexCH2_Gly-Me_dL-Nle-dP-Et_Gly,1793,165.19199999999995,0.641,63.32000000000001,2.0,2.0,3.0,1.0,1.0,0.3203155016395601,-0.4800777002034423,8.974691494688164,5.698377302757663,1,0,171.23999999999995,1.2408999999999997,49.33,2.0,2.0,4.0,1.0,0.0,0.3169792424723776,-0.4802914820278356,8.811554787871634,5.787693700234704,0,1,145.202,0.7051000000000001,49.33,2.0,2.0,4.0,0.0,0.0,0.3201916549570671,-0.4800807607084159,8.146264369941973,4.574586062669973,0,1,131.175,0.5884999999999998,63.32000000000001,2.0,2.0,4.0,0.0,0.0,0.3199672917286225,-0.4800864475936223,7.276020881938894,4.180739212552622,0,0,115.13200000000002,-0.177,49.33,2.0,2.0,1.0,1.0,0.0,0.3201918797186009,-0.4800807667669501,5.983127663125442,3.8045304526403103,1,1,103.12099999999998,-0.3194999999999999,49.33,2.0,2.0,3.0,0.0,0.0,0.316978901991468,-0.4802914839199868,5.698670612749268,3.270055610029662,0,1
-5.1,dA-pentyl_Gly-Me_dL-Nle-dP-Mono1,1795,89.09399999999998,-0.5817999999999999,63.32000000000001,2.0,2.0,1.0,0.0,0.0,0.3196779563386595,-0.4800942338470611,5.1547005383792515,2.6427344100918364,1,0,145.202,0.8507999999999998,49.33,2.0,2.0,6.0,0.0,0.0,0.3169790715243422,-0.4802914829781201,7.819990956308912,4.770055610029662,0,1,145.202,0.7051000000000001,49.33,2.0,2.0,4.0,0.0,0.0,0.3201916549570671,-0.4800807607084159,8.146264369941973,4.574586062669973,0,1,131.175,0.5884999999999998,63.32000000000001,2.0,2.0,4.0,0.0,0.0,0.3199672917286225,-0.4800864475936223,7.276020881938894,4.180739212552622,0,0,115.13200000000002,-0.177,49.33,2.0,2.0,1.0,1.0,0.0,0.3201918797186009,-0.4800807667669501,5.983127663125442,3.8045304526403103,1,1,209.20099999999996,0.5894999999999995,67.79,2.0,4.0,4.0,2.0,1.0,0.316988591494396,-0.4802913751862192,10.673362107437434,7.2540201954234895,0,1
-5.13,dA-cHexCH2_Gly-Me_dL-Nle-dP-Mono1,1796,89.09399999999998,-0.5817999999999999,63.32000000000001,2.0,2.0,1.0,0.0,0.0,0.3196779563386595,-0.4800942338470611,5.1547005383792515,2.6427344100918364,1,0,171.23999999999995,1.2408999999999997,49.33,2.0,2.0,4.0,1.0,0.0,0.3169792424723776,-0.4802914820278356,8.811554787871634,5.787693700234704,0,1,145.202,0.7051000000000001,49.33,2.0,2.0,4.0,0.0,0.0,0.3201916549570671,-0.4800807607084159,8.146264369941973,4.574586062669973,0,1,131.175,0.5884999999999998,63.32000000000001,2.0,2.0,4.0,0.0,0.0,0.3199672917286225,-0.4800864475936223,7.276020881938894,4.180739212552622,0,0,115.13200000000002,-0.177,49.33,2.0,2.0,1.0,1.0,0.0,0.3201918797186009,-0.4800807667669501,5.983127663125442,3.8045304526403103,1,1,209.20099999999996,0.5894999999999995,67.79,2.0,4.0,4.0,2.0,1.0,0.316988591494396,-0.4802913751862192,10.673362107437434,7.2540201954234895,0,1
-5.03,dF-cHexCH2_Gly-dL-Nle-dP-Et_Gly,1811,165.19199999999995,0.641,63.32000000000001,2.0,2.0,3.0,1.0,1.0,0.3203155016395601,-0.4800777002034423,8.974691494688164,5.698377302757663,1,0,171.23999999999995,1.2408999999999997,49.33,2.0,2.0,4.0,1.0,0.0,0.3169792424723776,-0.4802914820278356,8.811554787871634,5.787693700234704,0,1,131.175,0.4443999999999999,63.32000000000001,2.0,2.0,3.0,0.0,0.0,0.319977946620586,-0.4800863173262635,7.439157588755425,4.036581260209188,1,0,131.175,0.5884999999999998,63.32000000000001,2.0,2.0,4.0,0.0,0.0,0.3199672917286225,-0.4800864475936223,7.276020881938894,4.180739212552622,0,0,115.13200000000002,-0.177,49.33,2.0,2.0,1.0,1.0,0.0,0.3201918797186009,-0.4800807667669501,5.983127663125442,3.8045304526403103,1,1,103.12099999999998,-0.3194999999999999,49.33,2.0,2.0,3.0,0.0,0.0,0.316978901991468,-0.4802914839199868,5.698670612749268,3.270055610029662,0,1
-5.19,dA-cHexCH2_Gly-dL-Nle-dP-Mono1,1814,89.09399999999998,-0.5817999999999999,63.32000000000001,2.0,2.0,1.0,0.0,0.0,0.3196779563386595,-0.4800942338470611,5.1547005383792515,2.6427344100918364,1,0,171.23999999999995,1.2408999999999997,49.33,2.0,2.0,4.0,1.0,0.0,0.3169792424723776,-0.4802914820278356,8.811554787871634,5.787693700234704,0,1,131.175,0.4443999999999999,63.32000000000001,2.0,2.0,3.0,0.0,0.0,0.319977946620586,-0.4800863173262635,7.439157588755425,4.036581260209188,1,0,131.175,0.5884999999999998,63.32000000000001,2.0,2.0,4.0,0.0,0.0,0.3199672917286225,-0.4800864475936223,7.276020881938894,4.180739212552622,0,0,115.13200000000002,-0.177,49.33,2.0,2.0,1.0,1.0,0.0,0.3201918797186009,-0.4800807667669501,5.983127663125442,3.8045304526403103,1,1,209.20099999999996,0.5894999999999995,67.79,2.0,4.0,4.0,2.0,1.0,0.316988591494396,-0.4802913751862192,10.673362107437434,7.2540201954234895,0,1
-5.03,dF-pentyl_Gly-dL-Nle-dP-Mono34,1816,165.19199999999995,0.641,63.32000000000001,2.0,2.0,3.0,1.0,1.0,0.3203155016395601,-0.4800777002034423,8.974691494688164,5.698377302757663,1,0,145.202,0.8507999999999998,49.33,2.0,2.0,6.0,0.0,0.0,0.3169790715243422,-0.4802914829781201,7.819990956308912,4.770055610029662,0,1,131.175,0.4443999999999999,63.32000000000001,2.0,2.0,3.0,0.0,0.0,0.319977946620586,-0.4800863173262635,7.439157588755425,4.036581260209188,1,0,131.175,0.5884999999999998,63.32000000000001,2.0,2.0,4.0,0.0,0.0,0.3199672917286225,-0.4800864475936223,7.276020881938894,4.180739212552622,0,0,115.13200000000002,-0.177,49.33,2.0,2.0,1.0,1.0,0.0,0.3201918797186009,-0.4800807667669501,5.983127663125442,3.8045304526403103,1,1,175.228,0.4757,58.56,2.0,3.0,7.0,0.0,0.0,0.3169790828387624,-0.4802914829480814,9.397341225498538,5.625897657686229,0,1
-5.16,dF-cHexCH2_Gly-dL-Nle-dP-Mono34,1817,165.19199999999995,0.641,63.32000000000001,2.0,2.0,3.0,1.0,1.0,0.3203155016395601,-0.4800777002034423,8.974691494688164,5.698377302757663,1,0,171.23999999999995,1.2408999999999997,49.33,2.0,2.0,4.0,1.0,0.0,0.3169792424723776,-0.4802914820278356,8.811554787871634,5.787693700234704,0,1,131.175,0.4443999999999999,63.32000000000001,2.0,2.0,3.0,0.0,0.0,0.319977946620586,-0.4800863173262635,7.439157588755425,4.036581260209188,1,0,131.175,0.5884999999999998,63.32000000000001,2.0,2.0,4.0,0.0,0.0,0.3199672917286225,-0.4800864475936223,7.276020881938894,4.180739212552622,0,0,115.13200000000002,-0.177,49.33,2.0,2.0,1.0,1.0,0.0,0.3201918797186009,-0.4800807667669501,5.983127663125442,3.8045304526403103,1,1,175.228,0.4757,58.56,2.0,3.0,7.0,0.0,0.0,0.3169790828387624,-0.4802914829480814,9.397341225498538,5.625897657686229,0,1
-5.1,L-dF-dP-L-dL-L,1844,131.175,0.4443999999999999,63.32000000000001,2.0,2.0,3.0,0.0,0.0,0.319977946620586,-0.4800863173262635,7.439157588755425,4.036581260209188,0,0,165.19199999999995,0.641,63.32000000000001,2.0,2.0,3.0,1.0,1.0,0.3203155016395601,-0.4800777002034423,8.974691494688164,5.698377302757663,1,0,115.13200000000002,-0.177,49.33,2.0,2.0,1.0,1.0,0.0,0.3201918797186009,-0.4800807667669501,5.983127663125442,3.8045304526403103,1,1,131.175,0.4443999999999999,63.32000000000001,2.0,2.0,3.0,0.0,0.0,0.319977946620586,-0.4800863173262635,7.439157588755425,4.036581260209188,0,0,131.175,0.4443999999999999,63.32000000000001,2.0,2.0,3.0,0.0,0.0,0.319977946620586,-0.4800863173262635,7.439157588755425,4.036581260209188,1,0,131.175,0.4443999999999999,63.32000000000001,2.0,2.0,3.0,0.0,0.0,0.319977946620586,-0.4800863173262635,7.439157588755425,4.036581260209188,0,0
-4.96,L-dF-dP-F-dL-L,1845,131.175,0.4443999999999999,63.32000000000001,2.0,2.0,3.0,0.0,0.0,0.319977946620586,-0.4800863173262635,7.439157588755425,4.036581260209188,0,0,165.19199999999995,0.641,63.32000000000001,2.0,2.0,3.0,1.0,1.0,0.3203155016395601,-0.4800777002034423,8.974691494688164,5.698377302757663,1,0,115.13200000000002,-0.177,49.33,2.0,2.0,1.0,1.0,0.0,0.3201918797186009,-0.4800807667669501,5.983127663125442,3.8045304526403103,1,1,165.19199999999995,0.641,63.32000000000001,2.0,2.0,3.0,1.0,1.0,0.3203155016395601,-0.4800777002034423,8.974691494688164,5.698377302757663,0,0,131.175,0.4443999999999999,63.32000000000001,2.0,2.0,3.0,0.0,0.0,0.319977946620586,-0.4800863173262635,7.439157588755425,4.036581260209188,1,0,131.175,0.4443999999999999,63.32000000000001,2.0,2.0,3.0,0.0,0.0,0.319977946620586,-0.4800863173262635,7.439157588755425,4.036581260209188,0,0
-4.82,L-F-dP-L-L-I,1846,131.175,0.4443999999999999,63.32000000000001,2.0,2.0,3.0,0.0,0.0,0.319977946620586,-0.4800863173262635,7.439157588755425,4.036581260209188,0,0,165.19199999999995,0.641,63.32000000000001,2.0,2.0,3.0,1.0,1.0,0.3203155016395601,-0.4800777002034423,8.974691494688164,5.698377302757663,0,0,115.13200000000002,-0.177,49.33,2.0,2.0,1.0,1.0,0.0,0.3201918797186009,-0.4800807667669501,5.983127663125442,3.8045304526403103,1,1,131.175,0.4443999999999999,63.32000000000001,2.0,2.0,3.0,0.0,0.0,0.319977946620586,-0.4800863173262635,7.439157588755425,4.036581260209188,0,0,131.175,0.4443999999999999,63.32000000000001,2.0,2.0,3.0,0.0,0.0,0.319977946620586,-0.4800863173262635,7.439157588755425,4.036581260209188,0,0,131.175,0.4443999999999999,63.32000000000001,2.0,2.0,3.0,0.0,0.0,0.3202466808084985,-0.480078739285162,7.439157588755425,4.09142281507558,0,0
-5.18,Ala(tBu)-Tza-dP-PhPr_Gly-F-dF,1854,145.202,0.8344999999999998,63.32000000000001,2.0,2.0,2.0,0.0,0.0,0.319988862071153,-0.4800861849351184,8.3618073195658,4.327185821959347,0,0,172.209,0.0974999999999998,76.21,2.0,4.0,3.0,1.0,1.0,0.3203772201582404,-0.4800769727880105,8.267584713501616,5.198377302757663,0,0,115.13200000000002,-0.177,49.33,2.0,2.0,1.0,1.0,0.0,0.3201918797186009,-0.4800807667669501,5.983127663125442,3.8045304526403103,1,1,193.24600000000004,1.2934,49.33,2.0,2.0,6.0,1.0,1.0,0.3169790729744391,-0.4802914829742972,10.22576835024473,6.787693700234704,0,1,165.19199999999995,0.641,63.32000000000001,2.0,2.0,3.0,1.0,1.0,0.3203155016395601,-0.4800777002034423,8.974691494688164,5.698377302757663,0,0,165.19199999999995,0.641,63.32000000000001,2.0,2.0,3.0,1.0,1.0,0.3203155016395601,-0.4800777002034423,8.974691494688164,5.698377302757663,1,0
-5.12,Ala(tBu)-Tza-dP-Mono48-Phe(4-F)-dF,1856,145.202,0.8344999999999998,63.32000000000001,2.0,2.0,2.0,0.0,0.0,0.319988862071153,-0.4800861849351184,8.3618073195658,4.327185821959347,0,0,172.209,0.0974999999999998,76.21,2.0,4.0,3.0,1.0,1.0,0.3203772201582404,-0.4800769727880105,8.267584713501616,5.198377302757663,0,0,115.13200000000002,-0.177,49.33,2.0,2.0,1.0,1.0,0.0,0.3201918797186009,-0.4800807667669501,5.983127663125442,3.8045304526403103,1,1,229.226,1.5716,49.33,2.0,2.0,6.0,1.0,1.0,0.3169790729745335,-0.4802914829742972,11.966255326250886,7.592224152875015,0,1,183.182,0.7801,63.32000000000001,2.0,2.0,3.0,1.0,1.0,0.3203155017512004,-0.4800777002033001,9.844934982691242,6.092224152875014,0,0,165.19199999999995,0.641,63.32000000000001,2.0,2.0,3.0,1.0,1.0,0.3203155016395601,-0.4800777002034423,8.974691494688164,5.698377302757663,1,0
-5.08,Ala(tBu)-Tza-dP-Mono48-Ala(tBu)-dF,1858,145.202,0.8344999999999998,63.32000000000001,2.0,2.0,2.0,0.0,0.0,0.319988862071153,-0.4800861849351184,8.3618073195658,4.327185821959347,0,0,172.209,0.0974999999999998,76.21,2.0,4.0,3.0,1.0,1.0,0.3203772201582404,-0.4800769727880105,8.267584713501616,5.198377302757663,0,0,115.13200000000002,-0.177,49.33,2.0,2.0,1.0,1.0,0.0,0.3201918797186009,-0.4800807667669501,5.983127663125442,3.8045304526403103,1,1,229.226,1.5716,49.33,2.0,2.0,6.0,1.0,1.0,0.3169790729745335,-0.4802914829742972,11.966255326250886,7.592224152875015,0,1,145.202,0.8344999999999998,63.32000000000001,2.0,2.0,2.0,0.0,0.0,0.319988862071153,-0.4800861849351184,8.3618073195658,4.327185821959347,0,0,165.19199999999995,0.641,63.32000000000001,2.0,2.0,3.0,1.0,1.0,0.3203155016395601,-0.4800777002034423,8.974691494688164,5.698377302757663,1,0
-4.85,L-Me_dNva-meA-L-dP-meA,2305,131.175,0.4443999999999999,63.32000000000001,2.0,2.0,3.0,0.0,0.0,0.319977946620586,-0.4800863173262635,7.439157588755425,4.036581260209188,0,0,131.17499999999998,0.4591,49.33,2.0,2.0,4.0,0.0,0.0,0.3201808063477845,-0.4800808921257269,7.276020881938894,4.218744015013407,0,1,103.12099999999998,-0.3211000000000002,49.33,2.0,2.0,2.0,0.0,0.0,0.3198914670212205,-0.4800886827799933,5.8618073195657985,3.1807392125526213,0,1,131.175,0.4443999999999999,63.32000000000001,2.0,2.0,3.0,0.0,0.0,0.319977946620586,-0.4800863173262635,7.439157588755425,4.036581260209188,0,0,115.13200000000002,-0.177,49.33,2.0,2.0,1.0,1.0,0.0,0.3201918797186009,-0.4800807667669501,5.983127663125442,3.8045304526403103,1,1,103.12099999999998,-0.3211000000000002,49.33,2.0,2.0,2.0,0.0,0.0,0.3198914670212205,-0.4800886827799933,5.8618073195657985,3.1807392125526213,0,1
-4.9,L-Me_dAbu-meL-L-dP-Me_Cha,2314,131.175,0.4443999999999999,63.32000000000001,2.0,2.0,3.0,0.0,0.0,0.319977946620586,-0.4800863173262635,7.439157588755425,4.036581260209188,0,0,117.14799999999998,0.0689999999999996,49.33,2.0,2.0,3.0,0.0,0.0,0.3201700336631756,-0.48008102245464,6.568914100752346,3.718744015013406,0,1,145.202,0.7051000000000001,49.33,2.0,2.0,4.0,0.0,0.0,0.3201916549570671,-0.4800807607084159,8.146264369941973,4.574586062669973,0,1,131.175,0.4443999999999999,63.32000000000001,2.0,2.0,3.0,0.0,0.0,0.319977946620586,-0.4800863173262635,7.439157588755425,4.036581260209188,0,0,115.13200000000002,-0.177,49.33,2.0,2.0,1.0,1.0,0.0,0.3201918797186009,-0.4800807667669501,5.983127663125442,3.8045304526403103,1,1,185.267,1.6294,49.33,2.0,2.0,4.0,1.0,0.0,0.3201920306123771,-0.480080758611902,9.681798275874712,6.236382105218448,0,1
-4.92,L-Me_dA-meL-L-dP-meY,2325,131.175,0.4443999999999999,63.32000000000001,2.0,2.0,3.0,0.0,0.0,0.319977946620586,-0.4800863173262635,7.439157588755425,4.036581260209188,0,0,103.12099999999998,-0.3211000000000002,49.33,2.0,2.0,2.0,0.0,0.0,0.3198914670212205,-0.4800886827799933,5.8618073195657985,3.1807392125526213,0,1,145.202,0.7051000000000001,49.33,2.0,2.0,4.0,0.0,0.0,0.3201916549570671,-0.4800807607084159,8.146264369941973,4.574586062669973,0,1,131.175,0.4443999999999999,63.32000000000001,2.0,2.0,3.0,0.0,0.0,0.319977946620586,-0.4800863173262635,7.439157588755425,4.036581260209188,0,0,115.13200000000002,-0.177,49.33,2.0,2.0,1.0,1.0,0.0,0.3201918797186009,-0.4800807667669501,5.983127663125442,3.8045304526403103,1,1,195.218,0.6072999999999997,69.56,3.0,3.0,4.0,1.0,1.0,0.320529435238948,-0.507966645175869,10.55204176387779,6.6302289553358005,0,1
-5.19,L-Me_dL-meA-L-dP-meY,2326,131.175,0.4443999999999999,63.32000000000001,2.0,2.0,3.0,0.0,0.0,0.319977946620586,-0.4800863173262635,7.439157588755425,4.036581260209188,0,0,145.202,0.7051000000000001,49.33,2.0,2.0,4.0,0.0,0.0,0.3201916549570671,-0.4800807607084159,8.146264369941973,4.574586062669973,0,1,103.12099999999998,-0.3211000000000002,49.33,2.0,2.0,2.0,0.0,0.0,0.3198914670212205,-0.4800886827799933,5.8618073195657985,3.1807392125526213,0,1,131.175,0.4443999999999999,63.32000000000001,2.0,2.0,3.0,0.0,0.0,0.319977946620586,-0.4800863173262635,7.439157588755425,4.036581260209188,0,0,115.13200000000002,-0.177,49.33,2.0,2.0,1.0,1.0,0.0,0.3201918797186009,-0.4800807667669501,5.983127663125442,3.8045304526403103,1,1,195.218,0.6072999999999997,69.56,3.0,3.0,4.0,1.0,1.0,0.320529435238948,-0.507966645175869,10.55204176387779,6.6302289553358005,0,1
-5.16,L-Me_dF-meL-L-dP-meY,2329,131.175,0.4443999999999999,63.32000000000001,2.0,2.0,3.0,0.0,0.0,0.319977946620586,-0.4800863173262635,7.439157588755425,4.036581260209188,0,0,179.21899999999997,0.9017,49.33,2.0,2.0,4.0,1.0,1.0,0.3205294350898707,-0.4800721375139887,9.681798275874712,6.236382105218448,0,1,145.202,0.7051000000000001,49.33,2.0,2.0,4.0,0.0,0.0,0.3201916549570671,-0.4800807607084159,8.146264369941973,4.574586062669973,0,1,131.175,0.4443999999999999,63.32000000000001,2.0,2.0,3.0,0.0,0.0,0.319977946620586,-0.4800863173262635,7.439157588755425,4.036581260209188,0,0,115.13200000000002,-0.177,49.33,2.0,2.0,1.0,1.0,0.0,0.3201918797186009,-0.4800807667669501,5.983127663125442,3.8045304526403103,1,1,195.218,0.6072999999999997,69.56,3.0,3.0,4.0,1.0,1.0,0.320529435238948,-0.507966645175869,10.55204176387779,6.6302289553358005,0,1
-5.12,L-dL-Abu-L-dP-F,2337,131.175,0.4443999999999999,63.32000000000001,2.0,2.0,3.0,0.0,0.0,0.319977946620586,-0.4800863173262635,7.439157588755425,4.036581260209188,0,0,131.175,0.4443999999999999,63.32000000000001,2.0,2.0,3.0,0.0,0.0,0.319977946620586,-0.4800863173262635,7.439157588755425,4.036581260209188,1,0,103.12099999999998,-0.1916999999999999,63.32000000000001,2.0,2.0,2.0,0.0,0.0,0.3199563426610468,-0.4800865788465548,5.8618073195657985,3.1807392125526213,0,0,131.175,0.4443999999999999,63.32000000000001,2.0,2.0,3.0,0.0,0.0,0.319977946620586,-0.4800863173262635,7.439157588755425,4.036581260209188,0,0,115.13200000000002,-0.177,49.33,2.0,2.0,1.0,1.0,0.0,0.3201918797186009,-0.4800807667669501,5.983127663125442,3.8045304526403103,1,1,165.19199999999995,0.641,63.32000000000001,2.0,2.0,3.0,1.0,1.0,0.3203155016395601,-0.4800777002034423,8.974691494688164,5.698377302757663,0,0
-5.06,L-dL-L-L-dP-F,2338,131.175,0.4443999999999999,63.32000000000001,2.0,2.0,3.0,0.0,0.0,0.319977946620586,-0.4800863173262635,7.439157588755425,4.036581260209188,0,0,131.175,0.4443999999999999,63.32000000000001,2.0,2.0,3.0,0.0,0.0,0.319977946620586,-0.4800863173262635,7.439157588755425,4.036581260209188,1,0,131.175,0.4443999999999999,63.32000000000001,2.0,2.0,3.0,0.0,0.0,0.319977946620586,-0.4800863173262635,7.439157588755425,4.036581260209188,0,0,131.175,0.4443999999999999,63.32000000000001,2.0,2.0,3.0,0.0,0.0,0.319977946620586,-0.4800863173262635,7.439157588755425,4.036581260209188,0,0,115.13200000000002,-0.177,49.33,2.0,2.0,1.0,1.0,0.0,0.3201918797186009,-0.4800807667669501,5.983127663125442,3.8045304526403103,1,1,165.19199999999995,0.641,63.32000000000001,2.0,2.0,3.0,1.0,1.0,0.3203155016395601,-0.4800777002034423,8.974691494688164,5.698377302757663,0,0
-5.02,L-dL-Cha-L-dP-F,2340,131.175,0.4443999999999999,63.32000000000001,2.0,2.0,3.0,0.0,0.0,0.319977946620586,-0.4800863173262635,7.439157588755425,4.036581260209188,0,0,131.175,0.4443999999999999,63.32000000000001,2.0,2.0,3.0,0.0,0.0,0.319977946620586,-0.4800863173262635,7.439157588755425,4.036581260209188,1,0,171.24,1.3687,63.32000000000001,2.0,2.0,3.0,1.0,0.0,0.3199783219410209,-0.4800863152317521,8.974691494688164,5.698377302757663,0,0,131.175,0.4443999999999999,63.32000000000001,2.0,2.0,3.0,0.0,0.0,0.319977946620586,-0.4800863173262635,7.439157588755425,4.036581260209188,0,0,115.13200000000002,-0.177,49.33,2.0,2.0,1.0,1.0,0.0,0.3201918797186009,-0.4800807667669501,5.983127663125442,3.8045304526403103,1,1,165.19199999999995,0.641,63.32000000000001,2.0,2.0,3.0,1.0,1.0,0.3203155016395601,-0.4800777002034423,8.974691494688164,5.698377302757663,0,0
-4.9,L-Me_dL-meL-L-Me_dA-meF,2363,131.175,0.4443999999999999,63.32000000000001,2.0,2.0,3.0,0.0,0.0,0.319977946620586,-0.4800863173262635,7.439157588755425,4.036581260209188,0,0,145.202,0.7051000000000001,49.33,2.0,2.0,4.0,0.0,0.0,0.3201916549570671,-0.4800807607084159,8.146264369941973,4.574586062669973,0,1,145.202,0.7051000000000001,49.33,2.0,2.0,4.0,0.0,0.0,0.3201916549570671,-0.4800807607084159,8.146264369941973,4.574586062669973,0,1,131.175,0.4443999999999999,63.32000000000001,2.0,2.0,3.0,0.0,0.0,0.319977946620586,-0.4800863173262635,7.439157588755425,4.036581260209188,0,0,103.12099999999998,-0.3211000000000002,49.33,2.0,2.0,2.0,0.0,0.0,0.3198914670212205,-0.4800886827799933,5.8618073195657985,3.1807392125526213,0,1,179.21899999999997,0.9017,49.33,2.0,2.0,4.0,1.0,1.0,0.3205294350898707,-0.4800721375139887,9.681798275874712,6.236382105218448,0,1
-5.03,bHph-dL-L-dP-dL-F,2517,179.219,1.0310999999999997,63.32000000000001,2.0,2.0,4.0,1.0,1.0,0.3044293792840294,-0.4811872335599088,9.681798275874712,6.1815405503520555,0,1,131.175,0.4443999999999999,63.32000000000001,2.0,2.0,3.0,0.0,0.0,0.319977946620586,-0.4800863173262635,7.439157588755425,4.036581260209188,1,0,131.175,0.4443999999999999,63.32000000000001,2.0,2.0,3.0,0.0,0.0,0.319977946620586,-0.4800863173262635,7.439157588755425,4.036581260209188,0,0,115.13200000000002,-0.177,49.33,2.0,2.0,1.0,1.0,0.0,0.3201918797186009,-0.4800807667669501,5.983127663125442,3.8045304526403103,1,1,131.175,0.4443999999999999,63.32000000000001,2.0,2.0,3.0,0.0,0.0,0.319977946620586,-0.4800863173262635,7.439157588755425,4.036581260209188,1,0,165.19199999999995,0.641,63.32000000000001,2.0,2.0,3.0,1.0,1.0,0.3203155016395601,-0.4800777002034423,8.974691494688164,5.698377302757663,0,0
-4.8,bHph-dL-L-dP-L-F,2519,179.219,1.0310999999999997,63.32000000000001,2.0,2.0,4.0,1.0,1.0,0.3044293792840294,-0.4811872335599088,9.681798275874712,6.1815405503520555,0,1,131.175,0.4443999999999999,63.32000000000001,2.0,2.0,3.0,0.0,0.0,0.319977946620586,-0.4800863173262635,7.439157588755425,4.036581260209188,1,0,131.175,0.4443999999999999,63.32000000000001,2.0,2.0,3.0,0.0,0.0,0.319977946620586,-0.4800863173262635,7.439157588755425,4.036581260209188,0,0,115.13200000000002,-0.177,49.33,2.0,2.0,1.0,1.0,0.0,0.3201918797186009,-0.4800807667669501,5.983127663125442,3.8045304526403103,1,1,131.175,0.4443999999999999,63.32000000000001,2.0,2.0,3.0,0.0,0.0,0.319977946620586,-0.4800863173262635,7.439157588755425,4.036581260209188,0,0,165.19199999999995,0.641,63.32000000000001,2.0,2.0,3.0,1.0,1.0,0.3203155016395601,-0.4800777002034423,8.974691494688164,5.698377302757663,0,0
-4.85,bHph-L-L-dP-dL-F,2520,179.219,1.0310999999999997,63.32000000000001,2.0,2.0,4.0,1.0,1.0,0.3044293792840294,-0.4811872335599088,9.681798275874712,6.1815405503520555,0,1,131.175,0.4443999999999999,63.32000000000001,2.0,2.0,3.0,0.0,0.0,0.319977946620586,-0.4800863173262635,7.439157588755425,4.036581260209188,0,0,131.175,0.4443999999999999,63.32000000000001,2.0,2.0,3.0,0.0,0.0,0.319977946620586,-0.4800863173262635,7.439157588755425,4.036581260209188,0,0,115.13200000000002,-0.177,49.33,2.0,2.0,1.0,1.0,0.0,0.3201918797186009,-0.4800807667669501,5.983127663125442,3.8045304526403103,1,1,131.175,0.4443999999999999,63.32000000000001,2.0,2.0,3.0,0.0,0.0,0.319977946620586,-0.4800863173262635,7.439157588755425,4.036581260209188,1,0,165.19199999999995,0.641,63.32000000000001,2.0,2.0,3.0,1.0,1.0,0.3203155016395601,-0.4800777002034423,8.974691494688164,5.698377302757663,0,0
-5.14,bHph-L-L-dP-L-F,2521,179.219,1.0310999999999997,63.32000000000001,2.0,2.0,4.0,1.0,1.0,0.3044293792840294,-0.4811872335599088,9.681798275874712,6.1815405503520555,0,1,131.175,0.4443999999999999,63.32000000000001,2.0,2.0,3.0,0.0,0.0,0.319977946620586,-0.4800863173262635,7.439157588755425,4.036581260209188,0,0,131.175,0.4443999999999999,63.32000000000001,2.0,2.0,3.0,0.0,0.0,0.319977946620586,-0.4800863173262635,7.439157588755425,4.036581260209188,0,0,115.13200000000002,-0.177,49.33,2.0,2.0,1.0,1.0,0.0,0.3201918797186009,-0.4800807667669501,5.983127663125442,3.8045304526403103,1,1,131.175,0.4443999999999999,63.32000000000001,2.0,2.0,3.0,0.0,0.0,0.319977946620586,-0.4800863173262635,7.439157588755425,4.036581260209188,0,0,165.19199999999995,0.641,63.32000000000001,2.0,2.0,3.0,1.0,1.0,0.3203155016395601,-0.4800777002034423,8.974691494688164,5.698377302757663,0,0
-5.12,bHph-dL-Me_dL-dP-dL-F,2522,179.219,1.0310999999999997,63.32000000000001,2.0,2.0,4.0,1.0,1.0,0.3044293792840294,-0.4811872335599088,9.681798275874712,6.1815405503520555,0,1,131.175,0.4443999999999999,63.32000000000001,2.0,2.0,3.0,0.0,0.0,0.319977946620586,-0.4800863173262635,7.439157588755425,4.036581260209188,1,0,145.202,0.7051000000000001,49.33,2.0,2.0,4.0,0.0,0.0,0.3201916549570671,-0.4800807607084159,8.146264369941973,4.574586062669973,0,1,115.13200000000002,-0.177,49.33,2.0,2.0,1.0,1.0,0.0,0.3201918797186009,-0.4800807667669501,5.983127663125442,3.8045304526403103,1,1,131.175,0.4443999999999999,63.32000000000001,2.0,2.0,3.0,0.0,0.0,0.319977946620586,-0.4800863173262635,7.439157588755425,4.036581260209188,1,0,165.19199999999995,0.641,63.32000000000001,2.0,2.0,3.0,1.0,1.0,0.3203155016395601,-0.4800777002034423,8.974691494688164,5.698377302757663,0,0
-5.07,bHph-L-dL-dP-Me_dL-F,2528,179.219,1.0310999999999997,63.32000000000001,2.0,2.0,4.0,1.0,1.0,0.3044293792840294,-0.4811872335599088,9.681798275874712,6.1815405503520555,0,1,131.175,0.4443999999999999,63.32000000000001,2.0,2.0,3.0,0.0,0.0,0.319977946620586,-0.4800863173262635,7.439157588755425,4.036581260209188,0,0,131.175,0.4443999999999999,63.32000000000001,2.0,2.0,3.0,0.0,0.0,0.319977946620586,-0.4800863173262635,7.439157588755425,4.036581260209188,1,0,115.13200000000002,-0.177,49.33,2.0,2.0,1.0,1.0,0.0,0.3201918797186009,-0.4800807667669501,5.983127663125442,3.8045304526403103,1,1,145.202,0.7051000000000001,49.33,2.0,2.0,4.0,0.0,0.0,0.3201916549570671,-0.4800807607084159,8.146264369941973,4.574586062669973,0,1,165.19199999999995,0.641,63.32000000000001,2.0,2.0,3.0,1.0,1.0,0.3203155016395601,-0.4800777002034423,8.974691494688164,5.698377302757663,0,0
-5.17,bHph-Me_dL-L-dP-dL-F,2530,179.219,1.0310999999999997,63.32000000000001,2.0,2.0,4.0,1.0,1.0,0.3044293792840294,-0.4811872335599088,9.681798275874712,6.1815405503520555,0,1,145.202,0.7051000000000001,49.33,2.0,2.0,4.0,0.0,0.0,0.3201916549570671,-0.4800807607084159,8.146264369941973,4.574586062669973,0,1,131.175,0.4443999999999999,63.32000000000001,2.0,2.0,3.0,0.0,0.0,0.319977946620586,-0.4800863173262635,7.439157588755425,4.036581260209188,0,0,115.13200000000002,-0.177,49.33,2.0,2.0,1.0,1.0,0.0,0.3201918797186009,-0.4800807667669501,5.983127663125442,3.8045304526403103,1,1,131.175,0.4443999999999999,63.32000000000001,2.0,2.0,3.0,0.0,0.0,0.319977946620586,-0.4800863173262635,7.439157588755425,4.036581260209188,1,0,165.19199999999995,0.641,63.32000000000001,2.0,2.0,3.0,1.0,1.0,0.3203155016395601,-0.4800777002034423,8.974691494688164,5.698377302757663,0,0
-5.12,bHph-dL-L-dP-meL-F,2534,179.219,1.0310999999999997,63.32000000000001,2.0,2.0,4.0,1.0,1.0,0.3044293792840294,-0.4811872335599088,9.681798275874712,6.1815405503520555,0,1,131.175,0.4443999999999999,63.32000000000001,2.0,2.0,3.0,0.0,0.0,0.319977946620586,-0.4800863173262635,7.439157588755425,4.036581260209188,1,0,131.175,0.4443999999999999,63.32000000000001,2.0,2.0,3.0,0.0,0.0,0.319977946620586,-0.4800863173262635,7.439157588755425,4.036581260209188,0,0,115.13200000000002,-0.177,49.33,2.0,2.0,1.0,1.0,0.0,0.3201918797186009,-0.4800807667669501,5.983127663125442,3.8045304526403103,1,1,145.202,0.7051000000000001,49.33,2.0,2.0,4.0,0.0,0.0,0.3201916549570671,-0.4800807607084159,8.146264369941973,4.574586062669973,0,1,165.19199999999995,0.641,63.32000000000001,2.0,2.0,3.0,1.0,1.0,0.3203155016395601,-0.4800777002034423,8.974691494688164,5.698377302757663,0,0
-5.18,bHph-L-meL-dP-L-F,2536,179.219,1.0310999999999997,63.32000000000001,2.0,2.0,4.0,1.0,1.0,0.3044293792840294,-0.4811872335599088,9.681798275874712,6.1815405503520555,0,1,131.175,0.4443999999999999,63.32000000000001,2.0,2.0,3.0,0.0,0.0,0.319977946620586,-0.4800863173262635,7.439157588755425,4.036581260209188,0,0,145.202,0.7051000000000001,49.33,2.0,2.0,4.0,0.0,0.0,0.3201916549570671,-0.4800807607084159,8.146264369941973,4.574586062669973,0,1,115.13200000000002,-0.177,49.33,2.0,2.0,1.0,1.0,0.0,0.3201918797186009,-0.4800807667669501,5.983127663125442,3.8045304526403103,1,1,131.175,0.4443999999999999,63.32000000000001,2.0,2.0,3.0,0.0,0.0,0.319977946620586,-0.4800863173262635,7.439157588755425,4.036581260209188,0,0,165.19199999999995,0.641,63.32000000000001,2.0,2.0,3.0,1.0,1.0,0.3203155016395601,-0.4800777002034423,8.974691494688164,5.698377302757663,0,0
-5.09,bHph-Me_dL-dL-dP-Me_dL-F,2538,179.219,1.0310999999999997,63.32000000000001,2.0,2.0,4.0,1.0,1.0,0.3044293792840294,-0.4811872335599088,9.681798275874712,6.1815405503520555,0,1,145.202,0.7051000000000001,49.33,2.0,2.0,4.0,0.0,0.0,0.3201916549570671,-0.4800807607084159,8.146264369941973,4.574586062669973,0,1,131.175,0.4443999999999999,63.32000000000001,2.0,2.0,3.0,0.0,0.0,0.319977946620586,-0.4800863173262635,7.439157588755425,4.036581260209188,1,0,115.13200000000002,-0.177,49.33,2.0,2.0,1.0,1.0,0.0,0.3201918797186009,-0.4800807667669501,5.983127663125442,3.8045304526403103,1,1,145.202,0.7051000000000001,49.33,2.0,2.0,4.0,0.0,0.0,0.3201916549570671,-0.4800807607084159,8.146264369941973,4.574586062669973,0,1,165.19199999999995,0.641,63.32000000000001,2.0,2.0,3.0,1.0,1.0,0.3203155016395601,-0.4800777002034423,8.974691494688164,5.698377302757663,0,0
-5.1,bHph-dL-Me_dL-dP-meL-F,2539,179.219,1.0310999999999997,63.32000000000001,2.0,2.0,4.0,1.0,1.0,0.3044293792840294,-0.4811872335599088,9.681798275874712,6.1815405503520555,0,1,131.175,0.4443999999999999,63.32000000000001,2.0,2.0,3.0,0.0,0.0,0.319977946620586,-0.4800863173262635,7.439157588755425,4.036581260209188,1,0,145.202,0.7051000000000001,49.33,2.0,2.0,4.0,0.0,0.0,0.3201916549570671,-0.4800807607084159,8.146264369941973,4.574586062669973,0,1,115.13200000000002,-0.177,49.33,2.0,2.0,1.0,1.0,0.0,0.3201918797186009,-0.4800807667669501,5.983127663125442,3.8045304526403103,1,1,145.202,0.7051000000000001,49.33,2.0,2.0,4.0,0.0,0.0,0.3201916549570671,-0.4800807607084159,8.146264369941973,4.574586062669973,0,1,165.19199999999995,0.641,63.32000000000001,2.0,2.0,3.0,1.0,1.0,0.3203155016395601,-0.4800777002034423,8.974691494688164,5.698377302757663,0,0
-5.0,bHph-meL-dL-dP-Me_dL-F,2541,179.219,1.0310999999999997,63.32000000000001,2.0,2.0,4.0,1.0,1.0,0.3044293792840294,-0.4811872335599088,9.681798275874712,6.1815405503520555,0,1,145.202,0.7051000000000001,49.33,2.0,2.0,4.0,0.0,0.0,0.3201916549570671,-0.4800807607084159,8.146264369941973,4.574586062669973,0,1,131.175,0.4443999999999999,63.32000000000001,2.0,2.0,3.0,0.0,0.0,0.319977946620586,-0.4800863173262635,7.439157588755425,4.036581260209188,1,0,115.13200000000002,-0.177,49.33,2.0,2.0,1.0,1.0,0.0,0.3201918797186009,-0.4800807667669501,5.983127663125442,3.8045304526403103,1,1,145.202,0.7051000000000001,49.33,2.0,2.0,4.0,0.0,0.0,0.3201916549570671,-0.4800807607084159,8.146264369941973,4.574586062669973,0,1,165.19199999999995,0.641,63.32000000000001,2.0,2.0,3.0,1.0,1.0,0.3203155016395601,-0.4800777002034423,8.974691494688164,5.698377302757663,0,0
-5.11,bHph-Me_dL-dL-dP-meL-F,2543,179.219,1.0310999999999997,63.32000000000001,2.0,2.0,4.0,1.0,1.0,0.3044293792840294,-0.4811872335599088,9.681798275874712,6.1815405503520555,0,1,145.202,0.7051000000000001,49.33,2.0,2.0,4.0,0.0,0.0,0.3201916549570671,-0.4800807607084159,8.146264369941973,4.574586062669973,0,1,131.175,0.4443999999999999,63.32000000000001,2.0,2.0,3.0,0.0,0.0,0.319977946620586,-0.4800863173262635,7.439157588755425,4.036581260209188,1,0,115.13200000000002,-0.177,49.33,2.0,2.0,1.0,1.0,0.0,0.3201918797186009,-0.4800807667669501,5.983127663125442,3.8045304526403103,1,1,145.202,0.7051000000000001,49.33,2.0,2.0,4.0,0.0,0.0,0.3201916549570671,-0.4800807607084159,8.146264369941973,4.574586062669973,0,1,165.19199999999995,0.641,63.32000000000001,2.0,2.0,3.0,1.0,1.0,0.3203155016395601,-0.4800777002034423,8.974691494688164,5.698377302757663,0,0
-5.09,bHph-L-meL-dP-meL-F,2555,179.219,1.0310999999999997,63.32000000000001,2.0,2.0,4.0,1.0,1.0,0.3044293792840294,-0.4811872335599088,9.681798275874712,6.1815405503520555,0,1,131.175,0.4443999999999999,63.32000000000001,2.0,2.0,3.0,0.0,0.0,0.319977946620586,-0.4800863173262635,7.439157588755425,4.036581260209188,0,0,145.202,0.7051000000000001,49.33,2.0,2.0,4.0,0.0,0.0,0.3201916549570671,-0.4800807607084159,8.146264369941973,4.574586062669973,0,1,115.13200000000002,-0.177,49.33,2.0,2.0,1.0,1.0,0.0,0.3201918797186009,-0.4800807667669501,5.983127663125442,3.8045304526403103,1,1,145.202,0.7051000000000001,49.33,2.0,2.0,4.0,0.0,0.0,0.3201916549570671,-0.4800807607084159,8.146264369941973,4.574586062669973,0,1,165.19199999999995,0.641,63.32000000000001,2.0,2.0,3.0,1.0,1.0,0.3203155016395601,-0.4800777002034423,8.974691494688164,5.698377302757663,0,0
-4.97,bHph-L-bHph-dP-dL-F,2567,179.219,1.0310999999999997,63.32000000000001,2.0,2.0,4.0,1.0,1.0,0.3044293792840294,-0.4811872335599088,9.681798275874712,6.1815405503520555,0,1,131.175,0.4443999999999999,63.32000000000001,2.0,2.0,3.0,0.0,0.0,0.319977946620586,-0.4800863173262635,7.439157588755425,4.036581260209188,0,0,179.219,1.0310999999999997,63.32000000000001,2.0,2.0,4.0,1.0,1.0,0.3044293792840294,-0.4811872335599088,9.681798275874712,6.1815405503520555,0,1,115.13200000000002,-0.177,49.33,2.0,2.0,1.0,1.0,0.0,0.3201918797186009,-0.4800807667669501,5.983127663125442,3.8045304526403103,1,1,131.175,0.4443999999999999,63.32000000000001,2.0,2.0,3.0,0.0,0.0,0.319977946620586,-0.4800863173262635,7.439157588755425,4.036581260209188,1,0,165.19199999999995,0.641,63.32000000000001,2.0,2.0,3.0,1.0,1.0,0.3203155016395601,-0.4800777002034423,8.974691494688164,5.698377302757663,0,0
-5.01,bHph-dL-bHph-dP-L-F,2569,179.219,1.0310999999999997,63.32000000000001,2.0,2.0,4.0,1.0,1.0,0.3044293792840294,-0.4811872335599088,9.681798275874712,6.1815405503520555,0,1,131.175,0.4443999999999999,63.32000000000001,2.0,2.0,3.0,0.0,0.0,0.319977946620586,-0.4800863173262635,7.439157588755425,4.036581260209188,1,0,179.219,1.0310999999999997,63.32000000000001,2.0,2.0,4.0,1.0,1.0,0.3044293792840294,-0.4811872335599088,9.681798275874712,6.1815405503520555,0,1,115.13200000000002,-0.177,49.33,2.0,2.0,1.0,1.0,0.0,0.3201918797186009,-0.4800807667669501,5.983127663125442,3.8045304526403103,1,1,131.175,0.4443999999999999,63.32000000000001,2.0,2.0,3.0,0.0,0.0,0.319977946620586,-0.4800863173262635,7.439157588755425,4.036581260209188,0,0,165.19199999999995,0.641,63.32000000000001,2.0,2.0,3.0,1.0,1.0,0.3203155016395601,-0.4800777002034423,8.974691494688164,5.698377302757663,0,0
-5.13,bHph-dL-meL-dP-Bn_Gly-F,2571,179.219,1.0310999999999997,63.32000000000001,2.0,2.0,4.0,1.0,1.0,0.3044293792840294,-0.4811872335599088,9.681798275874712,6.1815405503520555,0,1,131.175,0.4443999999999999,63.32000000000001,2.0,2.0,3.0,0.0,0.0,0.319977946620586,-0.4800863173262635,7.439157588755425,4.036581260209188,1,0,145.202,0.7051000000000001,49.33,2.0,2.0,4.0,0.0,0.0,0.3201916549570671,-0.4800807607084159,8.146264369941973,4.574586062669973,0,1,115.13200000000002,-0.177,49.33,2.0,2.0,1.0,1.0,0.0,0.3201918797186009,-0.4800807667669501,5.983127663125442,3.8045304526403103,1,1,165.192,0.8607999999999996,49.33,2.0,2.0,4.0,1.0,1.0,0.3169885914261252,-0.480291375186306,8.811554787871634,5.787693700234704,0,1,165.19199999999995,0.641,63.32000000000001,2.0,2.0,3.0,1.0,1.0,0.3203155016395601,-0.4800777002034423,8.974691494688164,5.698377302757663,0,0
-4.99,bHph-meL-bHph-dP-Me_dL-F,2586,179.219,1.0310999999999997,63.32000000000001,2.0,2.0,4.0,1.0,1.0,0.3044293792840294,-0.4811872335599088,9.681798275874712,6.1815405503520555,0,1,145.202,0.7051000000000001,49.33,2.0,2.0,4.0,0.0,0.0,0.3201916549570671,-0.4800807607084159,8.146264369941973,4.574586062669973,0,1,179.219,1.0310999999999997,63.32000000000001,2.0,2.0,4.0,1.0,1.0,0.3044293792840294,-0.4811872335599088,9.681798275874712,6.1815405503520555,0,1,115.13200000000002,-0.177,49.33,2.0,2.0,1.0,1.0,0.0,0.3201918797186009,-0.4800807667669501,5.983127663125442,3.8045304526403103,1,1,145.202,0.7051000000000001,49.33,2.0,2.0,4.0,0.0,0.0,0.3201916549570671,-0.4800807607084159,8.146264369941973,4.574586062669973,0,1,165.19199999999995,0.641,63.32000000000001,2.0,2.0,3.0,1.0,1.0,0.3203155016395601,-0.4800777002034423,8.974691494688164,5.698377302757663,0,0
-4.84,bHph-L-dL-P-L-F,2599,179.219,1.0310999999999997,63.32000000000001,2.0,2.0,4.0,1.0,1.0,0.3044293792840294,-0.4811872335599088,9.681798275874712,6.1815405503520555,0,1,131.175,0.4443999999999999,63.32000000000001,2.0,2.0,3.0,0.0,0.0,0.319977946620586,-0.4800863173262635,7.439157588755425,4.036581260209188,0,0,131.175,0.4443999999999999,63.32000000000001,2.0,2.0,3.0,0.0,0.0,0.319977946620586,-0.4800863173262635,7.439157588755425,4.036581260209188,1,0,115.13200000000002,-0.177,49.33,2.0,2.0,1.0,1.0,0.0,0.3201918797186009,-0.4800807667669501,5.983127663125442,3.8045304526403103,0,1,131.175,0.4443999999999999,63.32000000000001,2.0,2.0,3.0,0.0,0.0,0.319977946620586,-0.4800863173262635,7.439157588755425,4.036581260209188,0,0,165.19199999999995,0.641,63.32000000000001,2.0,2.0,3.0,1.0,1.0,0.3203155016395601,-0.4800777002034423,8.974691494688164,5.698377302757663,0,0
-5.19,bHph-Me_dL-dL-P-dL-F,2603,179.219,1.0310999999999997,63.32000000000001,2.0,2.0,4.0,1.0,1.0,0.3044293792840294,-0.4811872335599088,9.681798275874712,6.1815405503520555,0,1,145.202,0.7051000000000001,49.33,2.0,2.0,4.0,0.0,0.0,0.3201916549570671,-0.4800807607084159,8.146264369941973,4.574586062669973,0,1,131.175,0.4443999999999999,63.32000000000001,2.0,2.0,3.0,0.0,0.0,0.319977946620586,-0.4800863173262635,7.439157588755425,4.036581260209188,1,0,115.13200000000002,-0.177,49.33,2.0,2.0,1.0,1.0,0.0,0.3201918797186009,-0.4800807667669501,5.983127663125442,3.8045304526403103,0,1,131.175,0.4443999999999999,63.32000000000001,2.0,2.0,3.0,0.0,0.0,0.319977946620586,-0.4800863173262635,7.439157588755425,4.036581260209188,1,0,165.19199999999995,0.641,63.32000000000001,2.0,2.0,3.0,1.0,1.0,0.3203155016395601,-0.4800777002034423,8.974691494688164,5.698377302757663,0,0
-5.13,bHph-dL-dL-P-meL-F,2605,179.219,1.0310999999999997,63.32000000000001,2.0,2.0,4.0,1.0,1.0,0.3044293792840294,-0.4811872335599088,9.681798275874712,6.1815405503520555,0,1,131.175,0.4443999999999999,63.32000000000001,2.0,2.0,3.0,0.0,0.0,0.319977946620586,-0.4800863173262635,7.439157588755425,4.036581260209188,1,0,131.175,0.4443999999999999,63.32000000000001,2.0,2.0,3.0,0.0,0.0,0.319977946620586,-0.4800863173262635,7.439157588755425,4.036581260209188,1,0,115.13200000000002,-0.177,49.33,2.0,2.0,1.0,1.0,0.0,0.3201918797186009,-0.4800807667669501,5.983127663125442,3.8045304526403103,0,1,145.202,0.7051000000000001,49.33,2.0,2.0,4.0,0.0,0.0,0.3201916549570671,-0.4800807607084159,8.146264369941973,4.574586062669973,0,1,165.19199999999995,0.641,63.32000000000001,2.0,2.0,3.0,1.0,1.0,0.3203155016395601,-0.4800777002034423,8.974691494688164,5.698377302757663,0,0
-4.97,bHph-L-dL-P-Me_dL-F,2608,179.219,1.0310999999999997,63.32000000000001,2.0,2.0,4.0,1.0,1.0,0.3044293792840294,-0.4811872335599088,9.681798275874712,6.1815405503520555,0,1,131.175,0.4443999999999999,63.32000000000001,2.0,2.0,3.0,0.0,0.0,0.319977946620586,-0.4800863173262635,7.439157588755425,4.036581260209188,0,0,131.175,0.4443999999999999,63.32000000000001,2.0,2.0,3.0,0.0,0.0,0.319977946620586,-0.4800863173262635,7.439157588755425,4.036581260209188,1,0,115.13200000000002,-0.177,49.33,2.0,2.0,1.0,1.0,0.0,0.3201918797186009,-0.4800807667669501,5.983127663125442,3.8045304526403103,0,1,145.202,0.7051000000000001,49.33,2.0,2.0,4.0,0.0,0.0,0.3201916549570671,-0.4800807607084159,8.146264369941973,4.574586062669973,0,1,165.19199999999995,0.641,63.32000000000001,2.0,2.0,3.0,1.0,1.0,0.3203155016395601,-0.4800777002034423,8.974691494688164,5.698377302757663,0,0
-5.16,bHph-L-Me_dL-P-L-F,2613,179.219,1.0310999999999997,63.32000000000001,2.0,2.0,4.0,1.0,1.0,0.3044293792840294,-0.4811872335599088,9.681798275874712,6.1815405503520555,0,1,131.175,0.4443999999999999,63.32000000000001,2.0,2.0,3.0,0.0,0.0,0.319977946620586,-0.4800863173262635,7.439157588755425,4.036581260209188,0,0,145.202,0.7051000000000001,49.33,2.0,2.0,4.0,0.0,0.0,0.3201916549570671,-0.4800807607084159,8.146264369941973,4.574586062669973,0,1,115.13200000000002,-0.177,49.33,2.0,2.0,1.0,1.0,0.0,0.3201918797186009,-0.4800807667669501,5.983127663125442,3.8045304526403103,0,1,131.175,0.4443999999999999,63.32000000000001,2.0,2.0,3.0,0.0,0.0,0.319977946620586,-0.4800863173262635,7.439157588755425,4.036581260209188,0,0,165.19199999999995,0.641,63.32000000000001,2.0,2.0,3.0,1.0,1.0,0.3203155016395601,-0.4800777002034423,8.974691494688164,5.698377302757663,0,0
-5.05,bHph-L-dL-P-meL-F,2614,179.219,1.0310999999999997,63.32000000000001,2.0,2.0,4.0,1.0,1.0,0.3044293792840294,-0.4811872335599088,9.681798275874712,6.1815405503520555,0,1,131.175,0.4443999999999999,63.32000000000001,2.0,2.0,3.0,0.0,0.0,0.319977946620586,-0.4800863173262635,7.439157588755425,4.036581260209188,0,0,131.175,0.4443999999999999,63.32000000000001,2.0,2.0,3.0,0.0,0.0,0.319977946620586,-0.4800863173262635,7.439157588755425,4.036581260209188,1,0,115.13200000000002,-0.177,49.33,2.0,2.0,1.0,1.0,0.0,0.3201918797186009,-0.4800807667669501,5.983127663125442,3.8045304526403103,0,1,145.202,0.7051000000000001,49.33,2.0,2.0,4.0,0.0,0.0,0.3201916549570671,-0.4800807607084159,8.146264369941973,4.574586062669973,0,1,165.19199999999995,0.641,63.32000000000001,2.0,2.0,3.0,1.0,1.0,0.3203155016395601,-0.4800777002034423,8.974691494688164,5.698377302757663,0,0
-5.13,bHph-dL-Me_dL-P-Me_dL-F,2620,179.219,1.0310999999999997,63.32000000000001,2.0,2.0,4.0,1.0,1.0,0.3044293792840294,-0.4811872335599088,9.681798275874712,6.1815405503520555,0,1,131.175,0.4443999999999999,63.32000000000001,2.0,2.0,3.0,0.0,0.0,0.319977946620586,-0.4800863173262635,7.439157588755425,4.036581260209188,1,0,145.202,0.7051000000000001,49.33,2.0,2.0,4.0,0.0,0.0,0.3201916549570671,-0.4800807607084159,8.146264369941973,4.574586062669973,0,1,115.13200000000002,-0.177,49.33,2.0,2.0,1.0,1.0,0.0,0.3201918797186009,-0.4800807667669501,5.983127663125442,3.8045304526403103,0,1,145.202,0.7051000000000001,49.33,2.0,2.0,4.0,0.0,0.0,0.3201916549570671,-0.4800807607084159,8.146264369941973,4.574586062669973,0,1,165.19199999999995,0.641,63.32000000000001,2.0,2.0,3.0,1.0,1.0,0.3203155016395601,-0.4800777002034423,8.974691494688164,5.698377302757663,0,0
-5.11,bHph-Me_dL-dL-P-Me_dL-F,2622,179.219,1.0310999999999997,63.32000000000001,2.0,2.0,4.0,1.0,1.0,0.3044293792840294,-0.4811872335599088,9.681798275874712,6.1815405503520555,0,1,145.202,0.7051000000000001,49.33,2.0,2.0,4.0,0.0,0.0,0.3201916549570671,-0.4800807607084159,8.146264369941973,4.574586062669973,0,1,131.175,0.4443999999999999,63.32000000000001,2.0,2.0,3.0,0.0,0.0,0.319977946620586,-0.4800863173262635,7.439157588755425,4.036581260209188,1,0,115.13200000000002,-0.177,49.33,2.0,2.0,1.0,1.0,0.0,0.3201918797186009,-0.4800807667669501,5.983127663125442,3.8045304526403103,0,1,145.202,0.7051000000000001,49.33,2.0,2.0,4.0,0.0,0.0,0.3201916549570671,-0.4800807607084159,8.146264369941973,4.574586062669973,0,1,165.19199999999995,0.641,63.32000000000001,2.0,2.0,3.0,1.0,1.0,0.3203155016395601,-0.4800777002034423,8.974691494688164,5.698377302757663,0,0
-5.16,bHph-meL-dL-P-Me_dL-F,2625,179.219,1.0310999999999997,63.32000000000001,2.0,2.0,4.0,1.0,1.0,0.3044293792840294,-0.4811872335599088,9.681798275874712,6.1815405503520555,0,1,145.202,0.7051000000000001,49.33,2.0,2.0,4.0,0.0,0.0,0.3201916549570671,-0.4800807607084159,8.146264369941973,4.574586062669973,0,1,131.175,0.4443999999999999,63.32000000000001,2.0,2.0,3.0,0.0,0.0,0.319977946620586,-0.4800863173262635,7.439157588755425,4.036581260209188,1,0,115.13200000000002,-0.177,49.33,2.0,2.0,1.0,1.0,0.0,0.3201918797186009,-0.4800807667669501,5.983127663125442,3.8045304526403103,0,1,145.202,0.7051000000000001,49.33,2.0,2.0,4.0,0.0,0.0,0.3201916549570671,-0.4800807607084159,8.146264369941973,4.574586062669973,0,1,165.19199999999995,0.641,63.32000000000001,2.0,2.0,3.0,1.0,1.0,0.3203155016395601,-0.4800777002034423,8.974691494688164,5.698377302757663,0,0
-5.11,bHph-Me_dL-dL-P-meL-F,2626,179.219,1.0310999999999997,63.32000000000001,2.0,2.0,4.0,1.0,1.0,0.3044293792840294,-0.4811872335599088,9.681798275874712,6.1815405503520555,0,1,145.202,0.7051000000000001,49.33,2.0,2.0,4.0,0.0,0.0,0.3201916549570671,-0.4800807607084159,8.146264369941973,4.574586062669973,0,1,131.175,0.4443999999999999,63.32000000000001,2.0,2.0,3.0,0.0,0.0,0.319977946620586,-0.4800863173262635,7.439157588755425,4.036581260209188,1,0,115.13200000000002,-0.177,49.33,2.0,2.0,1.0,1.0,0.0,0.3201918797186009,-0.4800807667669501,5.983127663125442,3.8045304526403103,0,1,145.202,0.7051000000000001,49.33,2.0,2.0,4.0,0.0,0.0,0.3201916549570671,-0.4800807607084159,8.146264369941973,4.574586062669973,0,1,165.19199999999995,0.641,63.32000000000001,2.0,2.0,3.0,1.0,1.0,0.3203155016395601,-0.4800777002034423,8.974691494688164,5.698377302757663,0,0
-5.19,bHph-L-Me_dL-P-Me_dL-F,2627,179.219,1.0310999999999997,63.32000000000001,2.0,2.0,4.0,1.0,1.0,0.3044293792840294,-0.4811872335599088,9.681798275874712,6.1815405503520555,0,1,131.175,0.4443999999999999,63.32000000000001,2.0,2.0,3.0,0.0,0.0,0.319977946620586,-0.4800863173262635,7.439157588755425,4.036581260209188,0,0,145.202,0.7051000000000001,49.33,2.0,2.0,4.0,0.0,0.0,0.3201916549570671,-0.4800807607084159,8.146264369941973,4.574586062669973,0,1,115.13200000000002,-0.177,49.33,2.0,2.0,1.0,1.0,0.0,0.3201918797186009,-0.4800807667669501,5.983127663125442,3.8045304526403103,0,1,145.202,0.7051000000000001,49.33,2.0,2.0,4.0,0.0,0.0,0.3201916549570671,-0.4800807607084159,8.146264369941973,4.574586062669973,0,1,165.19199999999995,0.641,63.32000000000001,2.0,2.0,3.0,1.0,1.0,0.3203155016395601,-0.4800777002034423,8.974691494688164,5.698377302757663,0,0
-5.02,bHph-dL-meL-P-meL-F,2632,179.219,1.0310999999999997,63.32000000000001,2.0,2.0,4.0,1.0,1.0,0.3044293792840294,-0.4811872335599088,9.681798275874712,6.1815405503520555,0,1,131.175,0.4443999999999999,63.32000000000001,2.0,2.0,3.0,0.0,0.0,0.319977946620586,-0.4800863173262635,7.439157588755425,4.036581260209188,1,0,145.202,0.7051000000000001,49.33,2.0,2.0,4.0,0.0,0.0,0.3201916549570671,-0.4800807607084159,8.146264369941973,4.574586062669973,0,1,115.13200000000002,-0.177,49.33,2.0,2.0,1.0,1.0,0.0,0.3201918797186009,-0.4800807667669501,5.983127663125442,3.8045304526403103,0,1,145.202,0.7051000000000001,49.33,2.0,2.0,4.0,0.0,0.0,0.3201916549570671,-0.4800807607084159,8.146264369941973,4.574586062669973,0,1,165.19199999999995,0.641,63.32000000000001,2.0,2.0,3.0,1.0,1.0,0.3203155016395601,-0.4800777002034423,8.974691494688164,5.698377302757663,0,0
-5.1,bHph-Me_dL-L-P-meL-F,2634,179.219,1.0310999999999997,63.32000000000001,2.0,2.0,4.0,1.0,1.0,0.3044293792840294,-0.4811872335599088,9.681798275874712,6.1815405503520555,0,1,145.202,0.7051000000000001,49.33,2.0,2.0,4.0,0.0,0.0,0.3201916549570671,-0.4800807607084159,8.146264369941973,4.574586062669973,0,1,131.175,0.4443999999999999,63.32000000000001,2.0,2.0,3.0,0.0,0.0,0.319977946620586,-0.4800863173262635,7.439157588755425,4.036581260209188,0,0,115.13200000000002,-0.177,49.33,2.0,2.0,1.0,1.0,0.0,0.3201918797186009,-0.4800807667669501,5.983127663125442,3.8045304526403103,0,1,145.202,0.7051000000000001,49.33,2.0,2.0,4.0,0.0,0.0,0.3201916549570671,-0.4800807607084159,8.146264369941973,4.574586062669973,0,1,165.19199999999995,0.641,63.32000000000001,2.0,2.0,3.0,1.0,1.0,0.3203155016395601,-0.4800777002034423,8.974691494688164,5.698377302757663,0,0
-5.14,bHph-L-meL-P-meL-F,2639,179.219,1.0310999999999997,63.32000000000001,2.0,2.0,4.0,1.0,1.0,0.3044293792840294,-0.4811872335599088,9.681798275874712,6.1815405503520555,0,1,131.175,0.4443999999999999,63.32000000000001,2.0,2.0,3.0,0.0,0.0,0.319977946620586,-0.4800863173262635,7.439157588755425,4.036581260209188,0,0,145.202,0.7051000000000001,49.33,2.0,2.0,4.0,0.0,0.0,0.3201916549570671,-0.4800807607084159,8.146264369941973,4.574586062669973,0,1,115.13200000000002,-0.177,49.33,2.0,2.0,1.0,1.0,0.0,0.3201918797186009,-0.4800807667669501,5.983127663125442,3.8045304526403103,0,1,145.202,0.7051000000000001,49.33,2.0,2.0,4.0,0.0,0.0,0.3201916549570671,-0.4800807607084159,8.146264369941973,4.574586062669973,0,1,165.19199999999995,0.641,63.32000000000001,2.0,2.0,3.0,1.0,1.0,0.3203155016395601,-0.4800777002034423,8.974691494688164,5.698377302757663,0,0
-5.18,bHph-meL-L-P-meL-F,2640,179.219,1.0310999999999997,63.32000000000001,2.0,2.0,4.0,1.0,1.0,0.3044293792840294,-0.4811872335599088,9.681798275874712,6.1815405503520555,0,1,145.202,0.7051000000000001,49.33,2.0,2.0,4.0,0.0,0.0,0.3201916549570671,-0.4800807607084159,8.146264369941973,4.574586062669973,0,1,131.175,0.4443999999999999,63.32000000000001,2.0,2.0,3.0,0.0,0.0,0.319977946620586,-0.4800863173262635,7.439157588755425,4.036581260209188,0,0,115.13200000000002,-0.177,49.33,2.0,2.0,1.0,1.0,0.0,0.3201918797186009,-0.4800807667669501,5.983127663125442,3.8045304526403103,0,1,145.202,0.7051000000000001,49.33,2.0,2.0,4.0,0.0,0.0,0.3201916549570671,-0.4800807607084159,8.146264369941973,4.574586062669973,0,1,165.19199999999995,0.641,63.32000000000001,2.0,2.0,3.0,1.0,1.0,0.3203155016395601,-0.4800777002034423,8.974691494688164,5.698377302757663,0,0
-5.16,bHph-Me_dL-Me_dL-P-Me_dL-F,2644,179.219,1.0310999999999997,63.32000000000001,2.0,2.0,4.0,1.0,1.0,0.3044293792840294,-0.4811872335599088,9.681798275874712,6.1815405503520555,0,1,145.202,0.7051000000000001,49.33,2.0,2.0,4.0,0.0,0.0,0.3201916549570671,-0.4800807607084159,8.146264369941973,4.574586062669973,0,1,145.202,0.7051000000000001,49.33,2.0,2.0,4.0,0.0,0.0,0.3201916549570671,-0.4800807607084159,8.146264369941973,4.574586062669973,0,1,115.13200000000002,-0.177,49.33,2.0,2.0,1.0,1.0,0.0,0.3201918797186009,-0.4800807667669501,5.983127663125442,3.8045304526403103,0,1,145.202,0.7051000000000001,49.33,2.0,2.0,4.0,0.0,0.0,0.3201916549570671,-0.4800807607084159,8.146264369941973,4.574586062669973,0,1,165.19199999999995,0.641,63.32000000000001,2.0,2.0,3.0,1.0,1.0,0.3203155016395601,-0.4800777002034423,8.974691494688164,5.698377302757663,0,0
-5.19,bHph-Me_dL-meL-P-meL-F,2650,179.219,1.0310999999999997,63.32000000000001,2.0,2.0,4.0,1.0,1.0,0.3044293792840294,-0.4811872335599088,9.681798275874712,6.1815405503520555,0,1,145.202,0.7051000000000001,49.33,2.0,2.0,4.0,0.0,0.0,0.3201916549570671,-0.4800807607084159,8.146264369941973,4.574586062669973,0,1,145.202,0.7051000000000001,49.33,2.0,2.0,4.0,0.0,0.0,0.3201916549570671,-0.4800807607084159,8.146264369941973,4.574586062669973,0,1,115.13200000000002,-0.177,49.33,2.0,2.0,1.0,1.0,0.0,0.3201918797186009,-0.4800807667669501,5.983127663125442,3.8045304526403103,0,1,145.202,0.7051000000000001,49.33,2.0,2.0,4.0,0.0,0.0,0.3201916549570671,-0.4800807607084159,8.146264369941973,4.574586062669973,0,1,165.19199999999995,0.641,63.32000000000001,2.0,2.0,3.0,1.0,1.0,0.3203155016395601,-0.4800777002034423,8.974691494688164,5.698377302757663,0,0
-4.93,Pr_Gly-dL-dL-dP-dL-F,2691,117.14799999999998,0.0706,49.33,2.0,2.0,4.0,0.0,0.0,0.3169790701760173,-0.4802914829816985,6.405777393935816,3.770055610029662,0,1,131.175,0.4443999999999999,63.32000000000001,2.0,2.0,3.0,0.0,0.0,0.319977946620586,-0.4800863173262635,7.439157588755425,4.036581260209188,1,0,131.175,0.4443999999999999,63.32000000000001,2.0,2.0,3.0,0.0,0.0,0.319977946620586,-0.4800863173262635,7.439157588755425,4.036581260209188,1,0,115.13200000000002,-0.177,49.33,2.0,2.0,1.0,1.0,0.0,0.3201918797186009,-0.4800807667669501,5.983127663125442,3.8045304526403103,1,1,131.175,0.4443999999999999,63.32000000000001,2.0,2.0,3.0,0.0,0.0,0.319977946620586,-0.4800863173262635,7.439157588755425,4.036581260209188,1,0,165.19199999999995,0.641,63.32000000000001,2.0,2.0,3.0,1.0,1.0,0.3203155016395601,-0.4800777002034423,8.974691494688164,5.698377302757663,0,0
-5.18,Pr_Gly-dL-L-dP-dL-F,2694,117.14799999999998,0.0706,49.33,2.0,2.0,4.0,0.0,0.0,0.3169790701760173,-0.4802914829816985,6.405777393935816,3.770055610029662,0,1,131.175,0.4443999999999999,63.32000000000001,2.0,2.0,3.0,0.0,0.0,0.319977946620586,-0.4800863173262635,7.439157588755425,4.036581260209188,1,0,131.175,0.4443999999999999,63.32000000000001,2.0,2.0,3.0,0.0,0.0,0.319977946620586,-0.4800863173262635,7.439157588755425,4.036581260209188,0,0,115.13200000000002,-0.177,49.33,2.0,2.0,1.0,1.0,0.0,0.3201918797186009,-0.4800807667669501,5.983127663125442,3.8045304526403103,1,1,131.175,0.4443999999999999,63.32000000000001,2.0,2.0,3.0,0.0,0.0,0.319977946620586,-0.4800863173262635,7.439157588755425,4.036581260209188,1,0,165.19199999999995,0.641,63.32000000000001,2.0,2.0,3.0,1.0,1.0,0.3203155016395601,-0.4800777002034423,8.974691494688164,5.698377302757663,0,0
-5.07,Pr_Gly-L-dL-dP-Me_dL-F,2699,117.14799999999998,0.0706,49.33,2.0,2.0,4.0,0.0,0.0,0.3169790701760173,-0.4802914829816985,6.405777393935816,3.770055610029662,0,1,131.175,0.4443999999999999,63.32000000000001,2.0,2.0,3.0,0.0,0.0,0.319977946620586,-0.4800863173262635,7.439157588755425,4.036581260209188,0,0,131.175,0.4443999999999999,63.32000000000001,2.0,2.0,3.0,0.0,0.0,0.319977946620586,-0.4800863173262635,7.439157588755425,4.036581260209188,1,0,115.13200000000002,-0.177,49.33,2.0,2.0,1.0,1.0,0.0,0.3201918797186009,-0.4800807667669501,5.983127663125442,3.8045304526403103,1,1,145.202,0.7051000000000001,49.33,2.0,2.0,4.0,0.0,0.0,0.3201916549570671,-0.4800807607084159,8.146264369941973,4.574586062669973,0,1,165.19199999999995,0.641,63.32000000000001,2.0,2.0,3.0,1.0,1.0,0.3203155016395601,-0.4800777002034423,8.974691494688164,5.698377302757663,0,0
-5.19,Pr_Gly-meL-dL-dP-dL-F,2703,117.14799999999998,0.0706,49.33,2.0,2.0,4.0,0.0,0.0,0.3169790701760173,-0.4802914829816985,6.405777393935816,3.770055610029662,0,1,145.202,0.7051000000000001,49.33,2.0,2.0,4.0,0.0,0.0,0.3201916549570671,-0.4800807607084159,8.146264369941973,4.574586062669973,0,1,131.175,0.4443999999999999,63.32000000000001,2.0,2.0,3.0,0.0,0.0,0.319977946620586,-0.4800863173262635,7.439157588755425,4.036581260209188,1,0,115.13200000000002,-0.177,49.33,2.0,2.0,1.0,1.0,0.0,0.3201918797186009,-0.4800807667669501,5.983127663125442,3.8045304526403103,1,1,131.175,0.4443999999999999,63.32000000000001,2.0,2.0,3.0,0.0,0.0,0.319977946620586,-0.4800863173262635,7.439157588755425,4.036581260209188,1,0,165.19199999999995,0.641,63.32000000000001,2.0,2.0,3.0,1.0,1.0,0.3203155016395601,-0.4800777002034423,8.974691494688164,5.698377302757663,0,0
-5.02,Pr_Gly-dL-meL-dP-dL-F,2705,117.14799999999998,0.0706,49.33,2.0,2.0,4.0,0.0,0.0,0.3169790701760173,-0.4802914829816985,6.405777393935816,3.770055610029662,0,1,131.175,0.4443999999999999,63.32000000000001,2.0,2.0,3.0,0.0,0.0,0.319977946620586,-0.4800863173262635,7.439157588755425,4.036581260209188,1,0,145.202,0.7051000000000001,49.33,2.0,2.0,4.0,0.0,0.0,0.3201916549570671,-0.4800807607084159,8.146264369941973,4.574586062669973,0,1,115.13200000000002,-0.177,49.33,2.0,2.0,1.0,1.0,0.0,0.3201918797186009,-0.4800807667669501,5.983127663125442,3.8045304526403103,1,1,131.175,0.4443999999999999,63.32000000000001,2.0,2.0,3.0,0.0,0.0,0.319977946620586,-0.4800863173262635,7.439157588755425,4.036581260209188,1,0,165.19199999999995,0.641,63.32000000000001,2.0,2.0,3.0,1.0,1.0,0.3203155016395601,-0.4800777002034423,8.974691494688164,5.698377302757663,0,0
-5.15,Pr_Gly-L-L-dP-Me_dL-F,2709,117.14799999999998,0.0706,49.33,2.0,2.0,4.0,0.0,0.0,0.3169790701760173,-0.4802914829816985,6.405777393935816,3.770055610029662,0,1,131.175,0.4443999999999999,63.32000000000001,2.0,2.0,3.0,0.0,0.0,0.319977946620586,-0.4800863173262635,7.439157588755425,4.036581260209188,0,0,131.175,0.4443999999999999,63.32000000000001,2.0,2.0,3.0,0.0,0.0,0.319977946620586,-0.4800863173262635,7.439157588755425,4.036581260209188,0,0,115.13200000000002,-0.177,49.33,2.0,2.0,1.0,1.0,0.0,0.3201918797186009,-0.4800807667669501,5.983127663125442,3.8045304526403103,1,1,145.202,0.7051000000000001,49.33,2.0,2.0,4.0,0.0,0.0,0.3201916549570671,-0.4800807607084159,8.146264369941973,4.574586062669973,0,1,165.19199999999995,0.641,63.32000000000001,2.0,2.0,3.0,1.0,1.0,0.3203155016395601,-0.4800777002034423,8.974691494688164,5.698377302757663,0,0
-5.0,Pr_Gly-meL-L-dP-dL-F,2710,117.14799999999998,0.0706,49.33,2.0,2.0,4.0,0.0,0.0,0.3169790701760173,-0.4802914829816985,6.405777393935816,3.770055610029662,0,1,145.202,0.7051000000000001,49.33,2.0,2.0,4.0,0.0,0.0,0.3201916549570671,-0.4800807607084159,8.146264369941973,4.574586062669973,0,1,131.175,0.4443999999999999,63.32000000000001,2.0,2.0,3.0,0.0,0.0,0.319977946620586,-0.4800863173262635,7.439157588755425,4.036581260209188,0,0,115.13200000000002,-0.177,49.33,2.0,2.0,1.0,1.0,0.0,0.3201918797186009,-0.4800807667669501,5.983127663125442,3.8045304526403103,1,1,131.175,0.4443999999999999,63.32000000000001,2.0,2.0,3.0,0.0,0.0,0.319977946620586,-0.4800863173262635,7.439157588755425,4.036581260209188,1,0,165.19199999999995,0.641,63.32000000000001,2.0,2.0,3.0,1.0,1.0,0.3203155016395601,-0.4800777002034423,8.974691494688164,5.698377302757663,0,0
-4.8,Pr_Gly-dL-L-dP-meL-F,2711,117.14799999999998,0.0706,49.33,2.0,2.0,4.0,0.0,0.0,0.3169790701760173,-0.4802914829816985,6.405777393935816,3.770055610029662,0,1,131.175,0.4443999999999999,63.32000000000001,2.0,2.0,3.0,0.0,0.0,0.319977946620586,-0.4800863173262635,7.439157588755425,4.036581260209188,1,0,131.175,0.4443999999999999,63.32000000000001,2.0,2.0,3.0,0.0,0.0,0.319977946620586,-0.4800863173262635,7.439157588755425,4.036581260209188,0,0,115.13200000000002,-0.177,49.33,2.0,2.0,1.0,1.0,0.0,0.3201918797186009,-0.4800807667669501,5.983127663125442,3.8045304526403103,1,1,145.202,0.7051000000000001,49.33,2.0,2.0,4.0,0.0,0.0,0.3201916549570671,-0.4800807607084159,8.146264369941973,4.574586062669973,0,1,165.19199999999995,0.641,63.32000000000001,2.0,2.0,3.0,1.0,1.0,0.3203155016395601,-0.4800777002034423,8.974691494688164,5.698377302757663,0,0
-5.16,Pr_Gly-L-L-dP-meL-F,2713,117.14799999999998,0.0706,49.33,2.0,2.0,4.0,0.0,0.0,0.3169790701760173,-0.4802914829816985,6.405777393935816,3.770055610029662,0,1,131.175,0.4443999999999999,63.32000000000001,2.0,2.0,3.0,0.0,0.0,0.319977946620586,-0.4800863173262635,7.439157588755425,4.036581260209188,0,0,131.175,0.4443999999999999,63.32000000000001,2.0,2.0,3.0,0.0,0.0,0.319977946620586,-0.4800863173262635,7.439157588755425,4.036581260209188,0,0,115.13200000000002,-0.177,49.33,2.0,2.0,1.0,1.0,0.0,0.3201918797186009,-0.4800807667669501,5.983127663125442,3.8045304526403103,1,1,145.202,0.7051000000000001,49.33,2.0,2.0,4.0,0.0,0.0,0.3201916549570671,-0.4800807607084159,8.146264369941973,4.574586062669973,0,1,165.19199999999995,0.641,63.32000000000001,2.0,2.0,3.0,1.0,1.0,0.3203155016395601,-0.4800777002034423,8.974691494688164,5.698377302757663,0,0
-5.1,Pr_Gly-Me_dL-dL-dP-Me_dL-F,2714,117.14799999999998,0.0706,49.33,2.0,2.0,4.0,0.0,0.0,0.3169790701760173,-0.4802914829816985,6.405777393935816,3.770055610029662,0,1,145.202,0.7051000000000001,49.33,2.0,2.0,4.0,0.0,0.0,0.3201916549570671,-0.4800807607084159,8.146264369941973,4.574586062669973,0,1,131.175,0.4443999999999999,63.32000000000001,2.0,2.0,3.0,0.0,0.0,0.319977946620586,-0.4800863173262635,7.439157588755425,4.036581260209188,1,0,115.13200000000002,-0.177,49.33,2.0,2.0,1.0,1.0,0.0,0.3201918797186009,-0.4800807667669501,5.983127663125442,3.8045304526403103,1,1,145.202,0.7051000000000001,49.33,2.0,2.0,4.0,0.0,0.0,0.3201916549570671,-0.4800807607084159,8.146264369941973,4.574586062669973,0,1,165.19199999999995,0.641,63.32000000000001,2.0,2.0,3.0,1.0,1.0,0.3203155016395601,-0.4800777002034423,8.974691494688164,5.698377302757663,0,0
-5.16,Pr_Gly-meL-dL-dP-Me_dL-F,2715,117.14799999999998,0.0706,49.33,2.0,2.0,4.0,0.0,0.0,0.3169790701760173,-0.4802914829816985,6.405777393935816,3.770055610029662,0,1,145.202,0.7051000000000001,49.33,2.0,2.0,4.0,0.0,0.0,0.3201916549570671,-0.4800807607084159,8.146264369941973,4.574586062669973,0,1,131.175,0.4443999999999999,63.32000000000001,2.0,2.0,3.0,0.0,0.0,0.319977946620586,-0.4800863173262635,7.439157588755425,4.036581260209188,1,0,115.13200000000002,-0.177,49.33,2.0,2.0,1.0,1.0,0.0,0.3201918797186009,-0.4800807667669501,5.983127663125442,3.8045304526403103,1,1,145.202,0.7051000000000001,49.33,2.0,2.0,4.0,0.0,0.0,0.3201916549570671,-0.4800807607084159,8.146264369941973,4.574586062669973,0,1,165.19199999999995,0.641,63.32000000000001,2.0,2.0,3.0,1.0,1.0,0.3203155016395601,-0.4800777002034423,8.974691494688164,5.698377302757663,0,0
-5.05,Pr_Gly-meL-Me_dL-dP-dL-F,2716,117.14799999999998,0.0706,49.33,2.0,2.0,4.0,0.0,0.0,0.3169790701760173,-0.4802914829816985,6.405777393935816,3.770055610029662,0,1,145.202,0.7051000000000001,49.33,2.0,2.0,4.0,0.0,0.0,0.3201916549570671,-0.4800807607084159,8.146264369941973,4.574586062669973,0,1,145.202,0.7051000000000001,49.33,2.0,2.0,4.0,0.0,0.0,0.3201916549570671,-0.4800807607084159,8.146264369941973,4.574586062669973,0,1,115.13200000000002,-0.177,49.33,2.0,2.0,1.0,1.0,0.0,0.3201918797186009,-0.4800807667669501,5.983127663125442,3.8045304526403103,1,1,131.175,0.4443999999999999,63.32000000000001,2.0,2.0,3.0,0.0,0.0,0.319977946620586,-0.4800863173262635,7.439157588755425,4.036581260209188,1,0,165.19199999999995,0.641,63.32000000000001,2.0,2.0,3.0,1.0,1.0,0.3203155016395601,-0.4800777002034423,8.974691494688164,5.698377302757663,0,0
-5.04,Pr_Gly-Me_dL-meL-dP-dL-F,2717,117.14799999999998,0.0706,49.33,2.0,2.0,4.0,0.0,0.0,0.3169790701760173,-0.4802914829816985,6.405777393935816,3.770055610029662,0,1,145.202,0.7051000000000001,49.33,2.0,2.0,4.0,0.0,0.0,0.3201916549570671,-0.4800807607084159,8.146264369941973,4.574586062669973,0,1,145.202,0.7051000000000001,49.33,2.0,2.0,4.0,0.0,0.0,0.3201916549570671,-0.4800807607084159,8.146264369941973,4.574586062669973,0,1,115.13200000000002,-0.177,49.33,2.0,2.0,1.0,1.0,0.0,0.3201918797186009,-0.4800807667669501,5.983127663125442,3.8045304526403103,1,1,131.175,0.4443999999999999,63.32000000000001,2.0,2.0,3.0,0.0,0.0,0.319977946620586,-0.4800863173262635,7.439157588755425,4.036581260209188,1,0,165.19199999999995,0.641,63.32000000000001,2.0,2.0,3.0,1.0,1.0,0.3203155016395601,-0.4800777002034423,8.974691494688164,5.698377302757663,0,0
-4.89,Pr_Gly-Me_dL-dL-dP-meL-F,2718,117.14799999999998,0.0706,49.33,2.0,2.0,4.0,0.0,0.0,0.3169790701760173,-0.4802914829816985,6.405777393935816,3.770055610029662,0,1,145.202,0.7051000000000001,49.33,2.0,2.0,4.0,0.0,0.0,0.3201916549570671,-0.4800807607084159,8.146264369941973,4.574586062669973,0,1,131.175,0.4443999999999999,63.32000000000001,2.0,2.0,3.0,0.0,0.0,0.319977946620586,-0.4800863173262635,7.439157588755425,4.036581260209188,1,0,115.13200000000002,-0.177,49.33,2.0,2.0,1.0,1.0,0.0,0.3201918797186009,-0.4800807667669501,5.983127663125442,3.8045304526403103,1,1,145.202,0.7051000000000001,49.33,2.0,2.0,4.0,0.0,0.0,0.3201916549570671,-0.4800807607084159,8.146264369941973,4.574586062669973,0,1,165.19199999999995,0.641,63.32000000000001,2.0,2.0,3.0,1.0,1.0,0.3203155016395601,-0.4800777002034423,8.974691494688164,5.698377302757663,0,0
-4.96,Pr_Gly-Me_dL-L-dP-Me_dL-F,2719,117.14799999999998,0.0706,49.33,2.0,2.0,4.0,0.0,0.0,0.3169790701760173,-0.4802914829816985,6.405777393935816,3.770055610029662,0,1,145.202,0.7051000000000001,49.33,2.0,2.0,4.0,0.0,0.0,0.3201916549570671,-0.4800807607084159,8.146264369941973,4.574586062669973,0,1,131.175,0.4443999999999999,63.32000000000001,2.0,2.0,3.0,0.0,0.0,0.319977946620586,-0.4800863173262635,7.439157588755425,4.036581260209188,0,0,115.13200000000002,-0.177,49.33,2.0,2.0,1.0,1.0,0.0,0.3201918797186009,-0.4800807667669501,5.983127663125442,3.8045304526403103,1,1,145.202,0.7051000000000001,49.33,2.0,2.0,4.0,0.0,0.0,0.3201916549570671,-0.4800807607084159,8.146264369941973,4.574586062669973,0,1,165.19199999999995,0.641,63.32000000000001,2.0,2.0,3.0,1.0,1.0,0.3203155016395601,-0.4800777002034423,8.974691494688164,5.698377302757663,0,0
-5.01,Pr_Gly-Me_dL-meL-dP-L-F,2724,117.14799999999998,0.0706,49.33,2.0,2.0,4.0,0.0,0.0,0.3169790701760173,-0.4802914829816985,6.405777393935816,3.770055610029662,0,1,145.202,0.7051000000000001,49.33,2.0,2.0,4.0,0.0,0.0,0.3201916549570671,-0.4800807607084159,8.146264369941973,4.574586062669973,0,1,145.202,0.7051000000000001,49.33,2.0,2.0,4.0,0.0,0.0,0.3201916549570671,-0.4800807607084159,8.146264369941973,4.574586062669973,0,1,115.13200000000002,-0.177,49.33,2.0,2.0,1.0,1.0,0.0,0.3201918797186009,-0.4800807667669501,5.983127663125442,3.8045304526403103,1,1,131.175,0.4443999999999999,63.32000000000001,2.0,2.0,3.0,0.0,0.0,0.319977946620586,-0.4800863173262635,7.439157588755425,4.036581260209188,0,0,165.19199999999995,0.641,63.32000000000001,2.0,2.0,3.0,1.0,1.0,0.3203155016395601,-0.4800777002034423,8.974691494688164,5.698377302757663,0,0
-4.86,Pr_Gly-L-meL-dP-Me_dL-F,2725,117.14799999999998,0.0706,49.33,2.0,2.0,4.0,0.0,0.0,0.3169790701760173,-0.4802914829816985,6.405777393935816,3.770055610029662,0,1,131.175,0.4443999999999999,63.32000000000001,2.0,2.0,3.0,0.0,0.0,0.319977946620586,-0.4800863173262635,7.439157588755425,4.036581260209188,0,0,145.202,0.7051000000000001,49.33,2.0,2.0,4.0,0.0,0.0,0.3201916549570671,-0.4800807607084159,8.146264369941973,4.574586062669973,0,1,115.13200000000002,-0.177,49.33,2.0,2.0,1.0,1.0,0.0,0.3201918797186009,-0.4800807667669501,5.983127663125442,3.8045304526403103,1,1,145.202,0.7051000000000001,49.33,2.0,2.0,4.0,0.0,0.0,0.3201916549570671,-0.4800807607084159,8.146264369941973,4.574586062669973,0,1,165.19199999999995,0.641,63.32000000000001,2.0,2.0,3.0,1.0,1.0,0.3203155016395601,-0.4800777002034423,8.974691494688164,5.698377302757663,0,0
-4.83,Pr_Gly-meL-dL-dP-meL-F,2726,117.14799999999998,0.0706,49.33,2.0,2.0,4.0,0.0,0.0,0.3169790701760173,-0.4802914829816985,6.405777393935816,3.770055610029662,0,1,145.202,0.7051000000000001,49.33,2.0,2.0,4.0,0.0,0.0,0.3201916549570671,-0.4800807607084159,8.146264369941973,4.574586062669973,0,1,131.175,0.4443999999999999,63.32000000000001,2.0,2.0,3.0,0.0,0.0,0.319977946620586,-0.4800863173262635,7.439157588755425,4.036581260209188,1,0,115.13200000000002,-0.177,49.33,2.0,2.0,1.0,1.0,0.0,0.3201918797186009,-0.4800807667669501,5.983127663125442,3.8045304526403103,1,1,145.202,0.7051000000000001,49.33,2.0,2.0,4.0,0.0,0.0,0.3201916549570671,-0.4800807607084159,8.146264369941973,4.574586062669973,0,1,165.19199999999995,0.641,63.32000000000001,2.0,2.0,3.0,1.0,1.0,0.3203155016395601,-0.4800777002034423,8.974691494688164,5.698377302757663,0,0
-4.98,Pr_Gly-meL-L-dP-Me_dL-F,2727,117.14799999999998,0.0706,49.33,2.0,2.0,4.0,0.0,0.0,0.3169790701760173,-0.4802914829816985,6.405777393935816,3.770055610029662,0,1,145.202,0.7051000000000001,49.33,2.0,2.0,4.0,0.0,0.0,0.3201916549570671,-0.4800807607084159,8.146264369941973,4.574586062669973,0,1,131.175,0.4443999999999999,63.32000000000001,2.0,2.0,3.0,0.0,0.0,0.319977946620586,-0.4800863173262635,7.439157588755425,4.036581260209188,0,0,115.13200000000002,-0.177,49.33,2.0,2.0,1.0,1.0,0.0,0.3201918797186009,-0.4800807667669501,5.983127663125442,3.8045304526403103,1,1,145.202,0.7051000000000001,49.33,2.0,2.0,4.0,0.0,0.0,0.3201916549570671,-0.4800807607084159,8.146264369941973,4.574586062669973,0,1,165.19199999999995,0.641,63.32000000000001,2.0,2.0,3.0,1.0,1.0,0.3203155016395601,-0.4800777002034423,8.974691494688164,5.698377302757663,0,0
-5.05,Pr_Gly-Me_dL-L-dP-meL-F,2728,117.14799999999998,0.0706,49.33,2.0,2.0,4.0,0.0,0.0,0.3169790701760173,-0.4802914829816985,6.405777393935816,3.770055610029662,0,1,145.202,0.7051000000000001,49.33,2.0,2.0,4.0,0.0,0.0,0.3201916549570671,-0.4800807607084159,8.146264369941973,4.574586062669973,0,1,131.175,0.4443999999999999,63.32000000000001,2.0,2.0,3.0,0.0,0.0,0.319977946620586,-0.4800863173262635,7.439157588755425,4.036581260209188,0,0,115.13200000000002,-0.177,49.33,2.0,2.0,1.0,1.0,0.0,0.3201918797186009,-0.4800807667669501,5.983127663125442,3.8045304526403103,1,1,145.202,0.7051000000000001,49.33,2.0,2.0,4.0,0.0,0.0,0.3201916549570671,-0.4800807607084159,8.146264369941973,4.574586062669973,0,1,165.19199999999995,0.641,63.32000000000001,2.0,2.0,3.0,1.0,1.0,0.3203155016395601,-0.4800777002034423,8.974691494688164,5.698377302757663,0,0
-5.01,Pr_Gly-dL-L-dP-Bn_Gly-F,2731,117.14799999999998,0.0706,49.33,2.0,2.0,4.0,0.0,0.0,0.3169790701760173,-0.4802914829816985,6.405777393935816,3.770055610029662,0,1,131.175,0.4443999999999999,63.32000000000001,2.0,2.0,3.0,0.0,0.0,0.319977946620586,-0.4800863173262635,7.439157588755425,4.036581260209188,1,0,131.175,0.4443999999999999,63.32000000000001,2.0,2.0,3.0,0.0,0.0,0.319977946620586,-0.4800863173262635,7.439157588755425,4.036581260209188,0,0,115.13200000000002,-0.177,49.33,2.0,2.0,1.0,1.0,0.0,0.3201918797186009,-0.4800807667669501,5.983127663125442,3.8045304526403103,1,1,165.192,0.8607999999999996,49.33,2.0,2.0,4.0,1.0,1.0,0.3169885914261252,-0.480291375186306,8.811554787871634,5.787693700234704,0,1,165.19199999999995,0.641,63.32000000000001,2.0,2.0,3.0,1.0,1.0,0.3203155016395601,-0.4800777002034423,8.974691494688164,5.698377302757663,0,0
-5.01,Pr_Gly-L-meL-dP-meL-F,2732,117.14799999999998,0.0706,49.33,2.0,2.0,4.0,0.0,0.0,0.3169790701760173,-0.4802914829816985,6.405777393935816,3.770055610029662,0,1,131.175,0.4443999999999999,63.32000000000001,2.0,2.0,3.0,0.0,0.0,0.319977946620586,-0.4800863173262635,7.439157588755425,4.036581260209188,0,0,145.202,0.7051000000000001,49.33,2.0,2.0,4.0,0.0,0.0,0.3201916549570671,-0.4800807607084159,8.146264369941973,4.574586062669973,0,1,115.13200000000002,-0.177,49.33,2.0,2.0,1.0,1.0,0.0,0.3201918797186009,-0.4800807667669501,5.983127663125442,3.8045304526403103,1,1,145.202,0.7051000000000001,49.33,2.0,2.0,4.0,0.0,0.0,0.3201916549570671,-0.4800807607084159,8.146264369941973,4.574586062669973,0,1,165.19199999999995,0.641,63.32000000000001,2.0,2.0,3.0,1.0,1.0,0.3203155016395601,-0.4800777002034423,8.974691494688164,5.698377302757663,0,0
-4.96,Pr_Gly-meL-L-dP-meL-F,2733,117.14799999999998,0.0706,49.33,2.0,2.0,4.0,0.0,0.0,0.3169790701760173,-0.4802914829816985,6.405777393935816,3.770055610029662,0,1,145.202,0.7051000000000001,49.33,2.0,2.0,4.0,0.0,0.0,0.3201916549570671,-0.4800807607084159,8.146264369941973,4.574586062669973,0,1,131.175,0.4443999999999999,63.32000000000001,2.0,2.0,3.0,0.0,0.0,0.319977946620586,-0.4800863173262635,7.439157588755425,4.036581260209188,0,0,115.13200000000002,-0.177,49.33,2.0,2.0,1.0,1.0,0.0,0.3201918797186009,-0.4800807667669501,5.983127663125442,3.8045304526403103,1,1,145.202,0.7051000000000001,49.33,2.0,2.0,4.0,0.0,0.0,0.3201916549570671,-0.4800807607084159,8.146264369941973,4.574586062669973,0,1,165.19199999999995,0.641,63.32000000000001,2.0,2.0,3.0,1.0,1.0,0.3203155016395601,-0.4800777002034423,8.974691494688164,5.698377302757663,0,0
-5.13,Pr_Gly-meL-Me_dL-dP-Me_dL-F,2738,117.14799999999998,0.0706,49.33,2.0,2.0,4.0,0.0,0.0,0.3169790701760173,-0.4802914829816985,6.405777393935816,3.770055610029662,0,1,145.202,0.7051000000000001,49.33,2.0,2.0,4.0,0.0,0.0,0.3201916549570671,-0.4800807607084159,8.146264369941973,4.574586062669973,0,1,145.202,0.7051000000000001,49.33,2.0,2.0,4.0,0.0,0.0,0.3201916549570671,-0.4800807607084159,8.146264369941973,4.574586062669973,0,1,115.13200000000002,-0.177,49.33,2.0,2.0,1.0,1.0,0.0,0.3201918797186009,-0.4800807667669501,5.983127663125442,3.8045304526403103,1,1,145.202,0.7051000000000001,49.33,2.0,2.0,4.0,0.0,0.0,0.3201916549570671,-0.4800807607084159,8.146264369941973,4.574586062669973,0,1,165.19199999999995,0.641,63.32000000000001,2.0,2.0,3.0,1.0,1.0,0.3203155016395601,-0.4800777002034423,8.974691494688164,5.698377302757663,0,0
-5.09,Pr_Gly-Me_dL-meL-dP-Me_dL-F,2739,117.14799999999998,0.0706,49.33,2.0,2.0,4.0,0.0,0.0,0.3169790701760173,-0.4802914829816985,6.405777393935816,3.770055610029662,0,1,145.202,0.7051000000000001,49.33,2.0,2.0,4.0,0.0,0.0,0.3201916549570671,-0.4800807607084159,8.146264369941973,4.574586062669973,0,1,145.202,0.7051000000000001,49.33,2.0,2.0,4.0,0.0,0.0,0.3201916549570671,-0.4800807607084159,8.146264369941973,4.574586062669973,0,1,115.13200000000002,-0.177,49.33,2.0,2.0,1.0,1.0,0.0,0.3201918797186009,-0.4800807667669501,5.983127663125442,3.8045304526403103,1,1,145.202,0.7051000000000001,49.33,2.0,2.0,4.0,0.0,0.0,0.3201916549570671,-0.4800807607084159,8.146264369941973,4.574586062669973,0,1,165.19199999999995,0.641,63.32000000000001,2.0,2.0,3.0,1.0,1.0,0.3203155016395601,-0.4800777002034423,8.974691494688164,5.698377302757663,0,0
-4.87,Pr_Gly-meL-Me_dL-dP-meL-F,2742,117.14799999999998,0.0706,49.33,2.0,2.0,4.0,0.0,0.0,0.3169790701760173,-0.4802914829816985,6.405777393935816,3.770055610029662,0,1,145.202,0.7051000000000001,49.33,2.0,2.0,4.0,0.0,0.0,0.3201916549570671,-0.4800807607084159,8.146264369941973,4.574586062669973,0,1,145.202,0.7051000000000001,49.33,2.0,2.0,4.0,0.0,0.0,0.3201916549570671,-0.4800807607084159,8.146264369941973,4.574586062669973,0,1,115.13200000000002,-0.177,49.33,2.0,2.0,1.0,1.0,0.0,0.3201918797186009,-0.4800807667669501,5.983127663125442,3.8045304526403103,1,1,145.202,0.7051000000000001,49.33,2.0,2.0,4.0,0.0,0.0,0.3201916549570671,-0.4800807607084159,8.146264369941973,4.574586062669973,0,1,165.19199999999995,0.641,63.32000000000001,2.0,2.0,3.0,1.0,1.0,0.3203155016395601,-0.4800777002034423,8.974691494688164,5.698377302757663,0,0
-5.08,Pr_Gly-Me_dL-meL-dP-meL-F,2743,117.14799999999998,0.0706,49.33,2.0,2.0,4.0,0.0,0.0,0.3169790701760173,-0.4802914829816985,6.405777393935816,3.770055610029662,0,1,145.202,0.7051000000000001,49.33,2.0,2.0,4.0,0.0,0.0,0.3201916549570671,-0.4800807607084159,8.146264369941973,4.574586062669973,0,1,145.202,0.7051000000000001,49.33,2.0,2.0,4.0,0.0,0.0,0.3201916549570671,-0.4800807607084159,8.146264369941973,4.574586062669973,0,1,115.13200000000002,-0.177,49.33,2.0,2.0,1.0,1.0,0.0,0.3201918797186009,-0.4800807667669501,5.983127663125442,3.8045304526403103,1,1,145.202,0.7051000000000001,49.33,2.0,2.0,4.0,0.0,0.0,0.3201916549570671,-0.4800807607084159,8.146264369941973,4.574586062669973,0,1,165.19199999999995,0.641,63.32000000000001,2.0,2.0,3.0,1.0,1.0,0.3203155016395601,-0.4800777002034423,8.974691494688164,5.698377302757663,0,0
-5.13,Pr_Gly-L-Me_dL-dP-Bn_Gly-F,2747,117.14799999999998,0.0706,49.33,2.0,2.0,4.0,0.0,0.0,0.3169790701760173,-0.4802914829816985,6.405777393935816,3.770055610029662,0,1,131.175,0.4443999999999999,63.32000000000001,2.0,2.0,3.0,0.0,0.0,0.319977946620586,-0.4800863173262635,7.439157588755425,4.036581260209188,0,0,145.202,0.7051000000000001,49.33,2.0,2.0,4.0,0.0,0.0,0.3201916549570671,-0.4800807607084159,8.146264369941973,4.574586062669973,0,1,115.13200000000002,-0.177,49.33,2.0,2.0,1.0,1.0,0.0,0.3201918797186009,-0.4800807667669501,5.983127663125442,3.8045304526403103,1,1,165.192,0.8607999999999996,49.33,2.0,2.0,4.0,1.0,1.0,0.3169885914261252,-0.480291375186306,8.811554787871634,5.787693700234704,0,1,165.19199999999995,0.641,63.32000000000001,2.0,2.0,3.0,1.0,1.0,0.3203155016395601,-0.4800777002034423,8.974691494688164,5.698377302757663,0,0
-5.13,Pr_Gly-meL-Bn_Gly-dP-dL-F,2748,117.14799999999998,0.0706,49.33,2.0,2.0,4.0,0.0,0.0,0.3169790701760173,-0.4802914829816985,6.405777393935816,3.770055610029662,0,1,145.202,0.7051000000000001,49.33,2.0,2.0,4.0,0.0,0.0,0.3201916549570671,-0.4800807607084159,8.146264369941973,4.574586062669973,0,1,165.192,0.8607999999999996,49.33,2.0,2.0,4.0,1.0,1.0,0.3169885914261252,-0.480291375186306,8.811554787871634,5.787693700234704,0,1,115.13200000000002,-0.177,49.33,2.0,2.0,1.0,1.0,0.0,0.3201918797186009,-0.4800807667669501,5.983127663125442,3.8045304526403103,1,1,131.175,0.4443999999999999,63.32000000000001,2.0,2.0,3.0,0.0,0.0,0.319977946620586,-0.4800863173262635,7.439157588755425,4.036581260209188,1,0,165.19199999999995,0.641,63.32000000000001,2.0,2.0,3.0,1.0,1.0,0.3203155016395601,-0.4800777002034423,8.974691494688164,5.698377302757663,0,0
-5.04,Pr_Gly-dL-Bn_Gly-dP-meL-F,2749,117.14799999999998,0.0706,49.33,2.0,2.0,4.0,0.0,0.0,0.3169790701760173,-0.4802914829816985,6.405777393935816,3.770055610029662,0,1,131.175,0.4443999999999999,63.32000000000001,2.0,2.0,3.0,0.0,0.0,0.319977946620586,-0.4800863173262635,7.439157588755425,4.036581260209188,1,0,165.192,0.8607999999999996,49.33,2.0,2.0,4.0,1.0,1.0,0.3169885914261252,-0.480291375186306,8.811554787871634,5.787693700234704,0,1,115.13200000000002,-0.177,49.33,2.0,2.0,1.0,1.0,0.0,0.3201918797186009,-0.4800807667669501,5.983127663125442,3.8045304526403103,1,1,145.202,0.7051000000000001,49.33,2.0,2.0,4.0,0.0,0.0,0.3201916549570671,-0.4800807607084159,8.146264369941973,4.574586062669973,0,1,165.19199999999995,0.641,63.32000000000001,2.0,2.0,3.0,1.0,1.0,0.3203155016395601,-0.4800777002034423,8.974691494688164,5.698377302757663,0,0
-5.13,Pr_Gly-L-meL-dP-Bn_Gly-F,2750,117.14799999999998,0.0706,49.33,2.0,2.0,4.0,0.0,0.0,0.3169790701760173,-0.4802914829816985,6.405777393935816,3.770055610029662,0,1,131.175,0.4443999999999999,63.32000000000001,2.0,2.0,3.0,0.0,0.0,0.319977946620586,-0.4800863173262635,7.439157588755425,4.036581260209188,0,0,145.202,0.7051000000000001,49.33,2.0,2.0,4.0,0.0,0.0,0.3201916549570671,-0.4800807607084159,8.146264369941973,4.574586062669973,0,1,115.13200000000002,-0.177,49.33,2.0,2.0,1.0,1.0,0.0,0.3201918797186009,-0.4800807667669501,5.983127663125442,3.8045304526403103,1,1,165.192,0.8607999999999996,49.33,2.0,2.0,4.0,1.0,1.0,0.3169885914261252,-0.480291375186306,8.811554787871634,5.787693700234704,0,1,165.19199999999995,0.641,63.32000000000001,2.0,2.0,3.0,1.0,1.0,0.3203155016395601,-0.4800777002034423,8.974691494688164,5.698377302757663,0,0
-5.1,Pr_Gly-meL-Me_dL-dP-Bn_Gly-F,2757,117.14799999999998,0.0706,49.33,2.0,2.0,4.0,0.0,0.0,0.3169790701760173,-0.4802914829816985,6.405777393935816,3.770055610029662,0,1,145.202,0.7051000000000001,49.33,2.0,2.0,4.0,0.0,0.0,0.3201916549570671,-0.4800807607084159,8.146264369941973,4.574586062669973,0,1,145.202,0.7051000000000001,49.33,2.0,2.0,4.0,0.0,0.0,0.3201916549570671,-0.4800807607084159,8.146264369941973,4.574586062669973,0,1,115.13200000000002,-0.177,49.33,2.0,2.0,1.0,1.0,0.0,0.3201918797186009,-0.4800807667669501,5.983127663125442,3.8045304526403103,1,1,165.192,0.8607999999999996,49.33,2.0,2.0,4.0,1.0,1.0,0.3169885914261252,-0.480291375186306,8.811554787871634,5.787693700234704,0,1,165.19199999999995,0.641,63.32000000000001,2.0,2.0,3.0,1.0,1.0,0.3203155016395601,-0.4800777002034423,8.974691494688164,5.698377302757663,0,0
-5.15,Pr_Gly-Me_dL-meL-dP-Bn_Gly-F,2759,117.14799999999998,0.0706,49.33,2.0,2.0,4.0,0.0,0.0,0.3169790701760173,-0.4802914829816985,6.405777393935816,3.770055610029662,0,1,145.202,0.7051000000000001,49.33,2.0,2.0,4.0,0.0,0.0,0.3201916549570671,-0.4800807607084159,8.146264369941973,4.574586062669973,0,1,145.202,0.7051000000000001,49.33,2.0,2.0,4.0,0.0,0.0,0.3201916549570671,-0.4800807607084159,8.146264369941973,4.574586062669973,0,1,115.13200000000002,-0.177,49.33,2.0,2.0,1.0,1.0,0.0,0.3201918797186009,-0.4800807667669501,5.983127663125442,3.8045304526403103,1,1,165.192,0.8607999999999996,49.33,2.0,2.0,4.0,1.0,1.0,0.3169885914261252,-0.480291375186306,8.811554787871634,5.787693700234704,0,1,165.19199999999995,0.641,63.32000000000001,2.0,2.0,3.0,1.0,1.0,0.3203155016395601,-0.4800777002034423,8.974691494688164,5.698377302757663,0,0
-5.19,Pr_Gly-meL-meL-dP-Bn_Gly-F,2760,117.14799999999998,0.0706,49.33,2.0,2.0,4.0,0.0,0.0,0.3169790701760173,-0.4802914829816985,6.405777393935816,3.770055610029662,0,1,145.202,0.7051000000000001,49.33,2.0,2.0,4.0,0.0,0.0,0.3201916549570671,-0.4800807607084159,8.146264369941973,4.574586062669973,0,1,145.202,0.7051000000000001,49.33,2.0,2.0,4.0,0.0,0.0,0.3201916549570671,-0.4800807607084159,8.146264369941973,4.574586062669973,0,1,115.13200000000002,-0.177,49.33,2.0,2.0,1.0,1.0,0.0,0.3201918797186009,-0.4800807667669501,5.983127663125442,3.8045304526403103,1,1,165.192,0.8607999999999996,49.33,2.0,2.0,4.0,1.0,1.0,0.3169885914261252,-0.480291375186306,8.811554787871634,5.787693700234704,0,1,165.19199999999995,0.641,63.32000000000001,2.0,2.0,3.0,1.0,1.0,0.3203155016395601,-0.4800777002034423,8.974691494688164,5.698377302757663,0,0
-5.15,Pr_Gly-meL-Bn_Gly-dP-meL-F,2761,117.14799999999998,0.0706,49.33,2.0,2.0,4.0,0.0,0.0,0.3169790701760173,-0.4802914829816985,6.405777393935816,3.770055610029662,0,1,145.202,0.7051000000000001,49.33,2.0,2.0,4.0,0.0,0.0,0.3201916549570671,-0.4800807607084159,8.146264369941973,4.574586062669973,0,1,165.192,0.8607999999999996,49.33,2.0,2.0,4.0,1.0,1.0,0.3169885914261252,-0.480291375186306,8.811554787871634,5.787693700234704,0,1,115.13200000000002,-0.177,49.33,2.0,2.0,1.0,1.0,0.0,0.3201918797186009,-0.4800807667669501,5.983127663125442,3.8045304526403103,1,1,145.202,0.7051000000000001,49.33,2.0,2.0,4.0,0.0,0.0,0.3201916549570671,-0.4800807607084159,8.146264369941973,4.574586062669973,0,1,165.19199999999995,0.641,63.32000000000001,2.0,2.0,3.0,1.0,1.0,0.3203155016395601,-0.4800777002034423,8.974691494688164,5.698377302757663,0,0
-5.18,Pr_Gly-L-Bn_Gly-dP-Bn_Gly-F,2762,117.14799999999998,0.0706,49.33,2.0,2.0,4.0,0.0,0.0,0.3169790701760173,-0.4802914829816985,6.405777393935816,3.770055610029662,0,1,131.175,0.4443999999999999,63.32000000000001,2.0,2.0,3.0,0.0,0.0,0.319977946620586,-0.4800863173262635,7.439157588755425,4.036581260209188,0,0,165.192,0.8607999999999996,49.33,2.0,2.0,4.0,1.0,1.0,0.3169885914261252,-0.480291375186306,8.811554787871634,5.787693700234704,0,1,115.13200000000002,-0.177,49.33,2.0,2.0,1.0,1.0,0.0,0.3201918797186009,-0.4800807667669501,5.983127663125442,3.8045304526403103,1,1,165.192,0.8607999999999996,49.33,2.0,2.0,4.0,1.0,1.0,0.3169885914261252,-0.480291375186306,8.811554787871634,5.787693700234704,0,1,165.19199999999995,0.641,63.32000000000001,2.0,2.0,3.0,1.0,1.0,0.3203155016395601,-0.4800777002034423,8.974691494688164,5.698377302757663,0,0
-5.19,Pr_Gly-dL-bHph-dP-Bn_Gly-F,2765,117.14799999999998,0.0706,49.33,2.0,2.0,4.0,0.0,0.0,0.3169790701760173,-0.4802914829816985,6.405777393935816,3.770055610029662,0,1,131.175,0.4443999999999999,63.32000000000001,2.0,2.0,3.0,0.0,0.0,0.319977946620586,-0.4800863173262635,7.439157588755425,4.036581260209188,1,0,179.219,1.0310999999999997,63.32000000000001,2.0,2.0,4.0,1.0,1.0,0.3044293792840294,-0.4811872335599088,9.681798275874712,6.1815405503520555,0,1,115.13200000000002,-0.177,49.33,2.0,2.0,1.0,1.0,0.0,0.3201918797186009,-0.4800807667669501,5.983127663125442,3.8045304526403103,1,1,165.192,0.8607999999999996,49.33,2.0,2.0,4.0,1.0,1.0,0.3169885914261252,-0.480291375186306,8.811554787871634,5.787693700234704,0,1,165.19199999999995,0.641,63.32000000000001,2.0,2.0,3.0,1.0,1.0,0.3203155016395601,-0.4800777002034423,8.974691494688164,5.698377302757663,0,0
-5.08,Pr_Gly-dL-dL-P-L-F,2770,117.14799999999998,0.0706,49.33,2.0,2.0,4.0,0.0,0.0,0.3169790701760173,-0.4802914829816985,6.405777393935816,3.770055610029662,0,1,131.175,0.4443999999999999,63.32000000000001,2.0,2.0,3.0,0.0,0.0,0.319977946620586,-0.4800863173262635,7.439157588755425,4.036581260209188,1,0,131.175,0.4443999999999999,63.32000000000001,2.0,2.0,3.0,0.0,0.0,0.319977946620586,-0.4800863173262635,7.439157588755425,4.036581260209188,1,0,115.13200000000002,-0.177,49.33,2.0,2.0,1.0,1.0,0.0,0.3201918797186009,-0.4800807667669501,5.983127663125442,3.8045304526403103,0,1,131.175,0.4443999999999999,63.32000000000001,2.0,2.0,3.0,0.0,0.0,0.319977946620586,-0.4800863173262635,7.439157588755425,4.036581260209188,0,0,165.19199999999995,0.641,63.32000000000001,2.0,2.0,3.0,1.0,1.0,0.3203155016395601,-0.4800777002034423,8.974691494688164,5.698377302757663,0,0
-4.94,Pr_Gly-dL-L-P-L-F,2774,117.14799999999998,0.0706,49.33,2.0,2.0,4.0,0.0,0.0,0.3169790701760173,-0.4802914829816985,6.405777393935816,3.770055610029662,0,1,131.175,0.4443999999999999,63.32000000000001,2.0,2.0,3.0,0.0,0.0,0.319977946620586,-0.4800863173262635,7.439157588755425,4.036581260209188,1,0,131.175,0.4443999999999999,63.32000000000001,2.0,2.0,3.0,0.0,0.0,0.319977946620586,-0.4800863173262635,7.439157588755425,4.036581260209188,0,0,115.13200000000002,-0.177,49.33,2.0,2.0,1.0,1.0,0.0,0.3201918797186009,-0.4800807667669501,5.983127663125442,3.8045304526403103,0,1,131.175,0.4443999999999999,63.32000000000001,2.0,2.0,3.0,0.0,0.0,0.319977946620586,-0.4800863173262635,7.439157588755425,4.036581260209188,0,0,165.19199999999995,0.641,63.32000000000001,2.0,2.0,3.0,1.0,1.0,0.3203155016395601,-0.4800777002034423,8.974691494688164,5.698377302757663,0,0
-4.89,Pr_Gly-Me_dL-dL-P-dL-F,2776,117.14799999999998,0.0706,49.33,2.0,2.0,4.0,0.0,0.0,0.3169790701760173,-0.4802914829816985,6.405777393935816,3.770055610029662,0,1,145.202,0.7051000000000001,49.33,2.0,2.0,4.0,0.0,0.0,0.3201916549570671,-0.4800807607084159,8.146264369941973,4.574586062669973,0,1,131.175,0.4443999999999999,63.32000000000001,2.0,2.0,3.0,0.0,0.0,0.319977946620586,-0.4800863173262635,7.439157588755425,4.036581260209188,1,0,115.13200000000002,-0.177,49.33,2.0,2.0,1.0,1.0,0.0,0.3201918797186009,-0.4800807667669501,5.983127663125442,3.8045304526403103,0,1,131.175,0.4443999999999999,63.32000000000001,2.0,2.0,3.0,0.0,0.0,0.319977946620586,-0.4800863173262635,7.439157588755425,4.036581260209188,1,0,165.19199999999995,0.641,63.32000000000001,2.0,2.0,3.0,1.0,1.0,0.3203155016395601,-0.4800777002034423,8.974691494688164,5.698377302757663,0,0
-4.96,Pr_Gly-dL-Me_dL-P-dL-F,2777,117.14799999999998,0.0706,49.33,2.0,2.0,4.0,0.0,0.0,0.3169790701760173,-0.4802914829816985,6.405777393935816,3.770055610029662,0,1,131.175,0.4443999999999999,63.32000000000001,2.0,2.0,3.0,0.0,0.0,0.319977946620586,-0.4800863173262635,7.439157588755425,4.036581260209188,1,0,145.202,0.7051000000000001,49.33,2.0,2.0,4.0,0.0,0.0,0.3201916549570671,-0.4800807607084159,8.146264369941973,4.574586062669973,0,1,115.13200000000002,-0.177,49.33,2.0,2.0,1.0,1.0,0.0,0.3201918797186009,-0.4800807667669501,5.983127663125442,3.8045304526403103,0,1,131.175,0.4443999999999999,63.32000000000001,2.0,2.0,3.0,0.0,0.0,0.319977946620586,-0.4800863173262635,7.439157588755425,4.036581260209188,1,0,165.19199999999995,0.641,63.32000000000001,2.0,2.0,3.0,1.0,1.0,0.3203155016395601,-0.4800777002034423,8.974691494688164,5.698377302757663,0,0
-4.93,Pr_Gly-L-dL-P-Me_dL-F,2778,117.14799999999998,0.0706,49.33,2.0,2.0,4.0,0.0,0.0,0.3169790701760173,-0.4802914829816985,6.405777393935816,3.770055610029662,0,1,131.175,0.4443999999999999,63.32000000000001,2.0,2.0,3.0,0.0,0.0,0.319977946620586,-0.4800863173262635,7.439157588755425,4.036581260209188,0,0,131.175,0.4443999999999999,63.32000000000001,2.0,2.0,3.0,0.0,0.0,0.319977946620586,-0.4800863173262635,7.439157588755425,4.036581260209188,1,0,115.13200000000002,-0.177,49.33,2.0,2.0,1.0,1.0,0.0,0.3201918797186009,-0.4800807667669501,5.983127663125442,3.8045304526403103,0,1,145.202,0.7051000000000001,49.33,2.0,2.0,4.0,0.0,0.0,0.3201916549570671,-0.4800807607084159,8.146264369941973,4.574586062669973,0,1,165.19199999999995,0.641,63.32000000000001,2.0,2.0,3.0,1.0,1.0,0.3203155016395601,-0.4800777002034423,8.974691494688164,5.698377302757663,0,0
-4.92,Pr_Gly-Me_dL-L-P-dL-F,2779,117.14799999999998,0.0706,49.33,2.0,2.0,4.0,0.0,0.0,0.3169790701760173,-0.4802914829816985,6.405777393935816,3.770055610029662,0,1,145.202,0.7051000000000001,49.33,2.0,2.0,4.0,0.0,0.0,0.3201916549570671,-0.4800807607084159,8.146264369941973,4.574586062669973,0,1,131.175,0.4443999999999999,63.32000000000001,2.0,2.0,3.0,0.0,0.0,0.319977946620586,-0.4800863173262635,7.439157588755425,4.036581260209188,0,0,115.13200000000002,-0.177,49.33,2.0,2.0,1.0,1.0,0.0,0.3201918797186009,-0.4800807667669501,5.983127663125442,3.8045304526403103,0,1,131.175,0.4443999999999999,63.32000000000001,2.0,2.0,3.0,0.0,0.0,0.319977946620586,-0.4800863173262635,7.439157588755425,4.036581260209188,1,0,165.19199999999995,0.641,63.32000000000001,2.0,2.0,3.0,1.0,1.0,0.3203155016395601,-0.4800777002034423,8.974691494688164,5.698377302757663,0,0
-5.0,Pr_Gly-dL-L-P-meL-F,2781,117.14799999999998,0.0706,49.33,2.0,2.0,4.0,0.0,0.0,0.3169790701760173,-0.4802914829816985,6.405777393935816,3.770055610029662,0,1,131.175,0.4443999999999999,63.32000000000001,2.0,2.0,3.0,0.0,0.0,0.319977946620586,-0.4800863173262635,7.439157588755425,4.036581260209188,1,0,131.175,0.4443999999999999,63.32000000000001,2.0,2.0,3.0,0.0,0.0,0.319977946620586,-0.4800863173262635,7.439157588755425,4.036581260209188,0,0,115.13200000000002,-0.177,49.33,2.0,2.0,1.0,1.0,0.0,0.3201918797186009,-0.4800807667669501,5.983127663125442,3.8045304526403103,0,1,145.202,0.7051000000000001,49.33,2.0,2.0,4.0,0.0,0.0,0.3201916549570671,-0.4800807607084159,8.146264369941973,4.574586062669973,0,1,165.19199999999995,0.641,63.32000000000001,2.0,2.0,3.0,1.0,1.0,0.3203155016395601,-0.4800777002034423,8.974691494688164,5.698377302757663,0,0
-5.2,Pr_Gly-L-Me_dL-P-L-F,2782,117.14799999999998,0.0706,49.33,2.0,2.0,4.0,0.0,0.0,0.3169790701760173,-0.4802914829816985,6.405777393935816,3.770055610029662,0,1,131.175,0.4443999999999999,63.32000000000001,2.0,2.0,3.0,0.0,0.0,0.319977946620586,-0.4800863173262635,7.439157588755425,4.036581260209188,0,0,145.202,0.7051000000000001,49.33,2.0,2.0,4.0,0.0,0.0,0.3201916549570671,-0.4800807607084159,8.146264369941973,4.574586062669973,0,1,115.13200000000002,-0.177,49.33,2.0,2.0,1.0,1.0,0.0,0.3201918797186009,-0.4800807667669501,5.983127663125442,3.8045304526403103,0,1,131.175,0.4443999999999999,63.32000000000001,2.0,2.0,3.0,0.0,0.0,0.319977946620586,-0.4800863173262635,7.439157588755425,4.036581260209188,0,0,165.19199999999995,0.641,63.32000000000001,2.0,2.0,3.0,1.0,1.0,0.3203155016395601,-0.4800777002034423,8.974691494688164,5.698377302757663,0,0
-4.99,Pr_Gly-L-L-P-Me_dL-F,2783,117.14799999999998,0.0706,49.33,2.0,2.0,4.0,0.0,0.0,0.3169790701760173,-0.4802914829816985,6.405777393935816,3.770055610029662,0,1,131.175,0.4443999999999999,63.32000000000001,2.0,2.0,3.0,0.0,0.0,0.319977946620586,-0.4800863173262635,7.439157588755425,4.036581260209188,0,0,131.175,0.4443999999999999,63.32000000000001,2.0,2.0,3.0,0.0,0.0,0.319977946620586,-0.4800863173262635,7.439157588755425,4.036581260209188,0,0,115.13200000000002,-0.177,49.33,2.0,2.0,1.0,1.0,0.0,0.3201918797186009,-0.4800807667669501,5.983127663125442,3.8045304526403103,0,1,145.202,0.7051000000000001,49.33,2.0,2.0,4.0,0.0,0.0,0.3201916549570671,-0.4800807607084159,8.146264369941973,4.574586062669973,0,1,165.19199999999995,0.641,63.32000000000001,2.0,2.0,3.0,1.0,1.0,0.3203155016395601,-0.4800777002034423,8.974691494688164,5.698377302757663,0,0
-4.93,Pr_Gly-meL-L-P-dL-F,2784,117.14799999999998,0.0706,49.33,2.0,2.0,4.0,0.0,0.0,0.3169790701760173,-0.4802914829816985,6.405777393935816,3.770055610029662,0,1,145.202,0.7051000000000001,49.33,2.0,2.0,4.0,0.0,0.0,0.3201916549570671,-0.4800807607084159,8.146264369941973,4.574586062669973,0,1,131.175,0.4443999999999999,63.32000000000001,2.0,2.0,3.0,0.0,0.0,0.319977946620586,-0.4800863173262635,7.439157588755425,4.036581260209188,0,0,115.13200000000002,-0.177,49.33,2.0,2.0,1.0,1.0,0.0,0.3201918797186009,-0.4800807667669501,5.983127663125442,3.8045304526403103,0,1,131.175,0.4443999999999999,63.32000000000001,2.0,2.0,3.0,0.0,0.0,0.319977946620586,-0.4800863173262635,7.439157588755425,4.036581260209188,1,0,165.19199999999995,0.641,63.32000000000001,2.0,2.0,3.0,1.0,1.0,0.3203155016395601,-0.4800777002034423,8.974691494688164,5.698377302757663,0,0
-5.03,Pr_Gly-L-L-P-meL-F,2785,117.14799999999998,0.0706,49.33,2.0,2.0,4.0,0.0,0.0,0.3169790701760173,-0.4802914829816985,6.405777393935816,3.770055610029662,0,1,131.175,0.4443999999999999,63.32000000000001,2.0,2.0,3.0,0.0,0.0,0.319977946620586,-0.4800863173262635,7.439157588755425,4.036581260209188,0,0,131.175,0.4443999999999999,63.32000000000001,2.0,2.0,3.0,0.0,0.0,0.319977946620586,-0.4800863173262635,7.439157588755425,4.036581260209188,0,0,115.13200000000002,-0.177,49.33,2.0,2.0,1.0,1.0,0.0,0.3201918797186009,-0.4800807667669501,5.983127663125442,3.8045304526403103,0,1,145.202,0.7051000000000001,49.33,2.0,2.0,4.0,0.0,0.0,0.3201916549570671,-0.4800807607084159,8.146264369941973,4.574586062669973,0,1,165.19199999999995,0.641,63.32000000000001,2.0,2.0,3.0,1.0,1.0,0.3203155016395601,-0.4800777002034423,8.974691494688164,5.698377302757663,0,0
-4.83,Pr_Gly-dL-Me_dL-P-Me_dL-F,2787,117.14799999999998,0.0706,49.33,2.0,2.0,4.0,0.0,0.0,0.3169790701760173,-0.4802914829816985,6.405777393935816,3.770055610029662,0,1,131.175,0.4443999999999999,63.32000000000001,2.0,2.0,3.0,0.0,0.0,0.319977946620586,-0.4800863173262635,7.439157588755425,4.036581260209188,1,0,145.202,0.7051000000000001,49.33,2.0,2.0,4.0,0.0,0.0,0.3201916549570671,-0.4800807607084159,8.146264369941973,4.574586062669973,0,1,115.13200000000002,-0.177,49.33,2.0,2.0,1.0,1.0,0.0,0.3201918797186009,-0.4800807667669501,5.983127663125442,3.8045304526403103,0,1,145.202,0.7051000000000001,49.33,2.0,2.0,4.0,0.0,0.0,0.3201916549570671,-0.4800807607084159,8.146264369941973,4.574586062669973,0,1,165.19199999999995,0.641,63.32000000000001,2.0,2.0,3.0,1.0,1.0,0.3203155016395601,-0.4800777002034423,8.974691494688164,5.698377302757663,0,0
-4.82,Pr_Gly-Me_dL-dL-P-Me_dL-F,2788,117.14799999999998,0.0706,49.33,2.0,2.0,4.0,0.0,0.0,0.3169790701760173,-0.4802914829816985,6.405777393935816,3.770055610029662,0,1,145.202,0.7051000000000001,49.33,2.0,2.0,4.0,0.0,0.0,0.3201916549570671,-0.4800807607084159,8.146264369941973,4.574586062669973,0,1,131.175,0.4443999999999999,63.32000000000001,2.0,2.0,3.0,0.0,0.0,0.319977946620586,-0.4800863173262635,7.439157588755425,4.036581260209188,1,0,115.13200000000002,-0.177,49.33,2.0,2.0,1.0,1.0,0.0,0.3201918797186009,-0.4800807667669501,5.983127663125442,3.8045304526403103,0,1,145.202,0.7051000000000001,49.33,2.0,2.0,4.0,0.0,0.0,0.3201916549570671,-0.4800807607084159,8.146264369941973,4.574586062669973,0,1,165.19199999999995,0.641,63.32000000000001,2.0,2.0,3.0,1.0,1.0,0.3203155016395601,-0.4800777002034423,8.974691494688164,5.698377302757663,0,0
-4.8,Pr_Gly-Me_dL-Me_dL-P-dL-F,2789,117.14799999999998,0.0706,49.33,2.0,2.0,4.0,0.0,0.0,0.3169790701760173,-0.4802914829816985,6.405777393935816,3.770055610029662,0,1,145.202,0.7051000000000001,49.33,2.0,2.0,4.0,0.0,0.0,0.3201916549570671,-0.4800807607084159,8.146264369941973,4.574586062669973,0,1,145.202,0.7051000000000001,49.33,2.0,2.0,4.0,0.0,0.0,0.3201916549570671,-0.4800807607084159,8.146264369941973,4.574586062669973,0,1,115.13200000000002,-0.177,49.33,2.0,2.0,1.0,1.0,0.0,0.3201918797186009,-0.4800807667669501,5.983127663125442,3.8045304526403103,0,1,131.175,0.4443999999999999,63.32000000000001,2.0,2.0,3.0,0.0,0.0,0.319977946620586,-0.4800863173262635,7.439157588755425,4.036581260209188,1,0,165.19199999999995,0.641,63.32000000000001,2.0,2.0,3.0,1.0,1.0,0.3203155016395601,-0.4800777002034423,8.974691494688164,5.698377302757663,0,0
-4.92,Pr_Gly-dL-meL-P-Me_dL-F,2791,117.14799999999998,0.0706,49.33,2.0,2.0,4.0,0.0,0.0,0.3169790701760173,-0.4802914829816985,6.405777393935816,3.770055610029662,0,1,131.175,0.4443999999999999,63.32000000000001,2.0,2.0,3.0,0.0,0.0,0.319977946620586,-0.4800863173262635,7.439157588755425,4.036581260209188,1,0,145.202,0.7051000000000001,49.33,2.0,2.0,4.0,0.0,0.0,0.3201916549570671,-0.4800807607084159,8.146264369941973,4.574586062669973,0,1,115.13200000000002,-0.177,49.33,2.0,2.0,1.0,1.0,0.0,0.3201918797186009,-0.4800807667669501,5.983127663125442,3.8045304526403103,0,1,145.202,0.7051000000000001,49.33,2.0,2.0,4.0,0.0,0.0,0.3201916549570671,-0.4800807607084159,8.146264369941973,4.574586062669973,0,1,165.19199999999995,0.641,63.32000000000001,2.0,2.0,3.0,1.0,1.0,0.3203155016395601,-0.4800777002034423,8.974691494688164,5.698377302757663,0,0
-4.82,Pr_Gly-meL-dL-P-Me_dL-F,2792,117.14799999999998,0.0706,49.33,2.0,2.0,4.0,0.0,0.0,0.3169790701760173,-0.4802914829816985,6.405777393935816,3.770055610029662,0,1,145.202,0.7051000000000001,49.33,2.0,2.0,4.0,0.0,0.0,0.3201916549570671,-0.4800807607084159,8.146264369941973,4.574586062669973,0,1,131.175,0.4443999999999999,63.32000000000001,2.0,2.0,3.0,0.0,0.0,0.319977946620586,-0.4800863173262635,7.439157588755425,4.036581260209188,1,0,115.13200000000002,-0.177,49.33,2.0,2.0,1.0,1.0,0.0,0.3201918797186009,-0.4800807667669501,5.983127663125442,3.8045304526403103,0,1,145.202,0.7051000000000001,49.33,2.0,2.0,4.0,0.0,0.0,0.3201916549570671,-0.4800807607084159,8.146264369941973,4.574586062669973,0,1,165.19199999999995,0.641,63.32000000000001,2.0,2.0,3.0,1.0,1.0,0.3203155016395601,-0.4800777002034423,8.974691494688164,5.698377302757663,0,0
-4.82,Pr_Gly-Me_dL-L-P-Me_dL-F,2794,117.14799999999998,0.0706,49.33,2.0,2.0,4.0,0.0,0.0,0.3169790701760173,-0.4802914829816985,6.405777393935816,3.770055610029662,0,1,145.202,0.7051000000000001,49.33,2.0,2.0,4.0,0.0,0.0,0.3201916549570671,-0.4800807607084159,8.146264369941973,4.574586062669973,0,1,131.175,0.4443999999999999,63.32000000000001,2.0,2.0,3.0,0.0,0.0,0.319977946620586,-0.4800863173262635,7.439157588755425,4.036581260209188,0,0,115.13200000000002,-0.177,49.33,2.0,2.0,1.0,1.0,0.0,0.3201918797186009,-0.4800807667669501,5.983127663125442,3.8045304526403103,0,1,145.202,0.7051000000000001,49.33,2.0,2.0,4.0,0.0,0.0,0.3201916549570671,-0.4800807607084159,8.146264369941973,4.574586062669973,0,1,165.19199999999995,0.641,63.32000000000001,2.0,2.0,3.0,1.0,1.0,0.3203155016395601,-0.4800777002034423,8.974691494688164,5.698377302757663,0,0
-4.8,Pr_Gly-meL-L-P-Me_dL-F,2800,117.14799999999998,0.0706,49.33,2.0,2.0,4.0,0.0,0.0,0.3169790701760173,-0.4802914829816985,6.405777393935816,3.770055610029662,0,1,145.202,0.7051000000000001,49.33,2.0,2.0,4.0,0.0,0.0,0.3201916549570671,-0.4800807607084159,8.146264369941973,4.574586062669973,0,1,131.175,0.4443999999999999,63.32000000000001,2.0,2.0,3.0,0.0,0.0,0.319977946620586,-0.4800863173262635,7.439157588755425,4.036581260209188,0,0,115.13200000000002,-0.177,49.33,2.0,2.0,1.0,1.0,0.0,0.3201918797186009,-0.4800807667669501,5.983127663125442,3.8045304526403103,0,1,145.202,0.7051000000000001,49.33,2.0,2.0,4.0,0.0,0.0,0.3201916549570671,-0.4800807607084159,8.146264369941973,4.574586062669973,0,1,165.19199999999995,0.641,63.32000000000001,2.0,2.0,3.0,1.0,1.0,0.3203155016395601,-0.4800777002034423,8.974691494688164,5.698377302757663,0,0
-4.82,Pr_Gly-meL-L-P-meL-F,2805,117.14799999999998,0.0706,49.33,2.0,2.0,4.0,0.0,0.0,0.3169790701760173,-0.4802914829816985,6.405777393935816,3.770055610029662,0,1,145.202,0.7051000000000001,49.33,2.0,2.0,4.0,0.0,0.0,0.3201916549570671,-0.4800807607084159,8.146264369941973,4.574586062669973,0,1,131.175,0.4443999999999999,63.32000000000001,2.0,2.0,3.0,0.0,0.0,0.319977946620586,-0.4800863173262635,7.439157588755425,4.036581260209188,0,0,115.13200000000002,-0.177,49.33,2.0,2.0,1.0,1.0,0.0,0.3201918797186009,-0.4800807667669501,5.983127663125442,3.8045304526403103,0,1,145.202,0.7051000000000001,49.33,2.0,2.0,4.0,0.0,0.0,0.3201916549570671,-0.4800807607084159,8.146264369941973,4.574586062669973,0,1,165.19199999999995,0.641,63.32000000000001,2.0,2.0,3.0,1.0,1.0,0.3203155016395601,-0.4800777002034423,8.974691494688164,5.698377302757663,0,0
-4.84,Pr_Gly-Me_dL-Me_dL-P-Me_dL-F,2807,117.14799999999998,0.0706,49.33,2.0,2.0,4.0,0.0,0.0,0.3169790701760173,-0.4802914829816985,6.405777393935816,3.770055610029662,0,1,145.202,0.7051000000000001,49.33,2.0,2.0,4.0,0.0,0.0,0.3201916549570671,-0.4800807607084159,8.146264369941973,4.574586062669973,0,1,145.202,0.7051000000000001,49.33,2.0,2.0,4.0,0.0,0.0,0.3201916549570671,-0.4800807607084159,8.146264369941973,4.574586062669973,0,1,115.13200000000002,-0.177,49.33,2.0,2.0,1.0,1.0,0.0,0.3201918797186009,-0.4800807667669501,5.983127663125442,3.8045304526403103,0,1,145.202,0.7051000000000001,49.33,2.0,2.0,4.0,0.0,0.0,0.3201916549570671,-0.4800807607084159,8.146264369941973,4.574586062669973,0,1,165.19199999999995,0.641,63.32000000000001,2.0,2.0,3.0,1.0,1.0,0.3203155016395601,-0.4800777002034423,8.974691494688164,5.698377302757663,0,0
-4.82,Pr_Gly-Me_dL-meL-P-Me_dL-F,2808,117.14799999999998,0.0706,49.33,2.0,2.0,4.0,0.0,0.0,0.3169790701760173,-0.4802914829816985,6.405777393935816,3.770055610029662,0,1,145.202,0.7051000000000001,49.33,2.0,2.0,4.0,0.0,0.0,0.3201916549570671,-0.4800807607084159,8.146264369941973,4.574586062669973,0,1,145.202,0.7051000000000001,49.33,2.0,2.0,4.0,0.0,0.0,0.3201916549570671,-0.4800807607084159,8.146264369941973,4.574586062669973,0,1,115.13200000000002,-0.177,49.33,2.0,2.0,1.0,1.0,0.0,0.3201918797186009,-0.4800807667669501,5.983127663125442,3.8045304526403103,0,1,145.202,0.7051000000000001,49.33,2.0,2.0,4.0,0.0,0.0,0.3201916549570671,-0.4800807607084159,8.146264369941973,4.574586062669973,0,1,165.19199999999995,0.641,63.32000000000001,2.0,2.0,3.0,1.0,1.0,0.3203155016395601,-0.4800777002034423,8.974691494688164,5.698377302757663,0,0
-4.83,Pr_Gly-meL-Me_dL-P-meL-F,2814,117.14799999999998,0.0706,49.33,2.0,2.0,4.0,0.0,0.0,0.3169790701760173,-0.4802914829816985,6.405777393935816,3.770055610029662,0,1,145.202,0.7051000000000001,49.33,2.0,2.0,4.0,0.0,0.0,0.3201916549570671,-0.4800807607084159,8.146264369941973,4.574586062669973,0,1,145.202,0.7051000000000001,49.33,2.0,2.0,4.0,0.0,0.0,0.3201916549570671,-0.4800807607084159,8.146264369941973,4.574586062669973,0,1,115.13200000000002,-0.177,49.33,2.0,2.0,1.0,1.0,0.0,0.3201918797186009,-0.4800807667669501,5.983127663125442,3.8045304526403103,0,1,145.202,0.7051000000000001,49.33,2.0,2.0,4.0,0.0,0.0,0.3201916549570671,-0.4800807607084159,8.146264369941973,4.574586062669973,0,1,165.19199999999995,0.641,63.32000000000001,2.0,2.0,3.0,1.0,1.0,0.3203155016395601,-0.4800777002034423,8.974691494688164,5.698377302757663,0,0
-4.88,Pr_Gly-dL-Bn_Gly-P-meL-F,2817,117.14799999999998,0.0706,49.33,2.0,2.0,4.0,0.0,0.0,0.3169790701760173,-0.4802914829816985,6.405777393935816,3.770055610029662,0,1,131.175,0.4443999999999999,63.32000000000001,2.0,2.0,3.0,0.0,0.0,0.319977946620586,-0.4800863173262635,7.439157588755425,4.036581260209188,1,0,165.192,0.8607999999999996,49.33,2.0,2.0,4.0,1.0,1.0,0.3169885914261252,-0.480291375186306,8.811554787871634,5.787693700234704,0,1,115.13200000000002,-0.177,49.33,2.0,2.0,1.0,1.0,0.0,0.3201918797186009,-0.4800807667669501,5.983127663125442,3.8045304526403103,0,1,145.202,0.7051000000000001,49.33,2.0,2.0,4.0,0.0,0.0,0.3201916549570671,-0.4800807607084159,8.146264369941973,4.574586062669973,0,1,165.19199999999995,0.641,63.32000000000001,2.0,2.0,3.0,1.0,1.0,0.3203155016395601,-0.4800777002034423,8.974691494688164,5.698377302757663,0,0
-4.83,Pr_Gly-L-Bn_Gly-P-Me_dL-F,2818,117.14799999999998,0.0706,49.33,2.0,2.0,4.0,0.0,0.0,0.3169790701760173,-0.4802914829816985,6.405777393935816,3.770055610029662,0,1,131.175,0.4443999999999999,63.32000000000001,2.0,2.0,3.0,0.0,0.0,0.319977946620586,-0.4800863173262635,7.439157588755425,4.036581260209188,0,0,165.192,0.8607999999999996,49.33,2.0,2.0,4.0,1.0,1.0,0.3169885914261252,-0.480291375186306,8.811554787871634,5.787693700234704,0,1,115.13200000000002,-0.177,49.33,2.0,2.0,1.0,1.0,0.0,0.3201918797186009,-0.4800807667669501,5.983127663125442,3.8045304526403103,0,1,145.202,0.7051000000000001,49.33,2.0,2.0,4.0,0.0,0.0,0.3201916549570671,-0.4800807607084159,8.146264369941973,4.574586062669973,0,1,165.19199999999995,0.641,63.32000000000001,2.0,2.0,3.0,1.0,1.0,0.3203155016395601,-0.4800777002034423,8.974691494688164,5.698377302757663,0,0
-4.98,Pr_Gly-L-Me_dL-P-Bn_Gly-F,2819,117.14799999999998,0.0706,49.33,2.0,2.0,4.0,0.0,0.0,0.3169790701760173,-0.4802914829816985,6.405777393935816,3.770055610029662,0,1,131.175,0.4443999999999999,63.32000000000001,2.0,2.0,3.0,0.0,0.0,0.319977946620586,-0.4800863173262635,7.439157588755425,4.036581260209188,0,0,145.202,0.7051000000000001,49.33,2.0,2.0,4.0,0.0,0.0,0.3201916549570671,-0.4800807607084159,8.146264369941973,4.574586062669973,0,1,115.13200000000002,-0.177,49.33,2.0,2.0,1.0,1.0,0.0,0.3201918797186009,-0.4800807667669501,5.983127663125442,3.8045304526403103,0,1,165.192,0.8607999999999996,49.33,2.0,2.0,4.0,1.0,1.0,0.3169885914261252,-0.480291375186306,8.811554787871634,5.787693700234704,0,1,165.19199999999995,0.641,63.32000000000001,2.0,2.0,3.0,1.0,1.0,0.3203155016395601,-0.4800777002034423,8.974691494688164,5.698377302757663,0,0
-5.08,Pr_Gly-dL-meL-P-Bn_Gly-F,2820,117.14799999999998,0.0706,49.33,2.0,2.0,4.0,0.0,0.0,0.3169790701760173,-0.4802914829816985,6.405777393935816,3.770055610029662,0,1,131.175,0.4443999999999999,63.32000000000001,2.0,2.0,3.0,0.0,0.0,0.319977946620586,-0.4800863173262635,7.439157588755425,4.036581260209188,1,0,145.202,0.7051000000000001,49.33,2.0,2.0,4.0,0.0,0.0,0.3201916549570671,-0.4800807607084159,8.146264369941973,4.574586062669973,0,1,115.13200000000002,-0.177,49.33,2.0,2.0,1.0,1.0,0.0,0.3201918797186009,-0.4800807667669501,5.983127663125442,3.8045304526403103,0,1,165.192,0.8607999999999996,49.33,2.0,2.0,4.0,1.0,1.0,0.3169885914261252,-0.480291375186306,8.811554787871634,5.787693700234704,0,1,165.19199999999995,0.641,63.32000000000001,2.0,2.0,3.0,1.0,1.0,0.3203155016395601,-0.4800777002034423,8.974691494688164,5.698377302757663,0,0
-4.99,Pr_Gly-L-meL-P-Bn_Gly-F,2822,117.14799999999998,0.0706,49.33,2.0,2.0,4.0,0.0,0.0,0.3169790701760173,-0.4802914829816985,6.405777393935816,3.770055610029662,0,1,131.175,0.4443999999999999,63.32000000000001,2.0,2.0,3.0,0.0,0.0,0.319977946620586,-0.4800863173262635,7.439157588755425,4.036581260209188,0,0,145.202,0.7051000000000001,49.33,2.0,2.0,4.0,0.0,0.0,0.3201916549570671,-0.4800807607084159,8.146264369941973,4.574586062669973,0,1,115.13200000000002,-0.177,49.33,2.0,2.0,1.0,1.0,0.0,0.3201918797186009,-0.4800807667669501,5.983127663125442,3.8045304526403103,0,1,165.192,0.8607999999999996,49.33,2.0,2.0,4.0,1.0,1.0,0.3169885914261252,-0.480291375186306,8.811554787871634,5.787693700234704,0,1,165.19199999999995,0.641,63.32000000000001,2.0,2.0,3.0,1.0,1.0,0.3203155016395601,-0.4800777002034423,8.974691494688164,5.698377302757663,0,0
-4.87,Pr_Gly-L-Bn_Gly-P-meL-F,2823,117.14799999999998,0.0706,49.33,2.0,2.0,4.0,0.0,0.0,0.3169790701760173,-0.4802914829816985,6.405777393935816,3.770055610029662,0,1,131.175,0.4443999999999999,63.32000000000001,2.0,2.0,3.0,0.0,0.0,0.319977946620586,-0.4800863173262635,7.439157588755425,4.036581260209188,0,0,165.192,0.8607999999999996,49.33,2.0,2.0,4.0,1.0,1.0,0.3169885914261252,-0.480291375186306,8.811554787871634,5.787693700234704,0,1,115.13200000000002,-0.177,49.33,2.0,2.0,1.0,1.0,0.0,0.3201918797186009,-0.4800807667669501,5.983127663125442,3.8045304526403103,0,1,145.202,0.7051000000000001,49.33,2.0,2.0,4.0,0.0,0.0,0.3201916549570671,-0.4800807607084159,8.146264369941973,4.574586062669973,0,1,165.19199999999995,0.641,63.32000000000001,2.0,2.0,3.0,1.0,1.0,0.3203155016395601,-0.4800777002034423,8.974691494688164,5.698377302757663,0,0
-4.95,Pr_Gly-meL-L-P-Bn_Gly-F,2824,117.14799999999998,0.0706,49.33,2.0,2.0,4.0,0.0,0.0,0.3169790701760173,-0.4802914829816985,6.405777393935816,3.770055610029662,0,1,145.202,0.7051000000000001,49.33,2.0,2.0,4.0,0.0,0.0,0.3201916549570671,-0.4800807607084159,8.146264369941973,4.574586062669973,0,1,131.175,0.4443999999999999,63.32000000000001,2.0,2.0,3.0,0.0,0.0,0.319977946620586,-0.4800863173262635,7.439157588755425,4.036581260209188,0,0,115.13200000000002,-0.177,49.33,2.0,2.0,1.0,1.0,0.0,0.3201918797186009,-0.4800807667669501,5.983127663125442,3.8045304526403103,0,1,165.192,0.8607999999999996,49.33,2.0,2.0,4.0,1.0,1.0,0.3169885914261252,-0.480291375186306,8.811554787871634,5.787693700234704,0,1,165.19199999999995,0.641,63.32000000000001,2.0,2.0,3.0,1.0,1.0,0.3203155016395601,-0.4800777002034423,8.974691494688164,5.698377302757663,0,0
-5.02,Pr_Gly-Me_dL-Bn_Gly-P-Me_dL-F,2826,117.14799999999998,0.0706,49.33,2.0,2.0,4.0,0.0,0.0,0.3169790701760173,-0.4802914829816985,6.405777393935816,3.770055610029662,0,1,145.202,0.7051000000000001,49.33,2.0,2.0,4.0,0.0,0.0,0.3201916549570671,-0.4800807607084159,8.146264369941973,4.574586062669973,0,1,165.192,0.8607999999999996,49.33,2.0,2.0,4.0,1.0,1.0,0.3169885914261252,-0.480291375186306,8.811554787871634,5.787693700234704,0,1,115.13200000000002,-0.177,49.33,2.0,2.0,1.0,1.0,0.0,0.3201918797186009,-0.4800807667669501,5.983127663125442,3.8045304526403103,0,1,145.202,0.7051000000000001,49.33,2.0,2.0,4.0,0.0,0.0,0.3201916549570671,-0.4800807607084159,8.146264369941973,4.574586062669973,0,1,165.19199999999995,0.641,63.32000000000001,2.0,2.0,3.0,1.0,1.0,0.3203155016395601,-0.4800777002034423,8.974691494688164,5.698377302757663,0,0
-5.14,Pr_Gly-Me_dL-Bn_Gly-P-meL-F,2828,117.14799999999998,0.0706,49.33,2.0,2.0,4.0,0.0,0.0,0.3169790701760173,-0.4802914829816985,6.405777393935816,3.770055610029662,0,1,145.202,0.7051000000000001,49.33,2.0,2.0,4.0,0.0,0.0,0.3201916549570671,-0.4800807607084159,8.146264369941973,4.574586062669973,0,1,165.192,0.8607999999999996,49.33,2.0,2.0,4.0,1.0,1.0,0.3169885914261252,-0.480291375186306,8.811554787871634,5.787693700234704,0,1,115.13200000000002,-0.177,49.33,2.0,2.0,1.0,1.0,0.0,0.3201918797186009,-0.4800807667669501,5.983127663125442,3.8045304526403103,0,1,145.202,0.7051000000000001,49.33,2.0,2.0,4.0,0.0,0.0,0.3201916549570671,-0.4800807607084159,8.146264369941973,4.574586062669973,0,1,165.19199999999995,0.641,63.32000000000001,2.0,2.0,3.0,1.0,1.0,0.3203155016395601,-0.4800777002034423,8.974691494688164,5.698377302757663,0,0
-4.97,Pr_Gly-Me_dL-meL-P-Bn_Gly-F,2829,117.14799999999998,0.0706,49.33,2.0,2.0,4.0,0.0,0.0,0.3169790701760173,-0.4802914829816985,6.405777393935816,3.770055610029662,0,1,145.202,0.7051000000000001,49.33,2.0,2.0,4.0,0.0,0.0,0.3201916549570671,-0.4800807607084159,8.146264369941973,4.574586062669973,0,1,145.202,0.7051000000000001,49.33,2.0,2.0,4.0,0.0,0.0,0.3201916549570671,-0.4800807607084159,8.146264369941973,4.574586062669973,0,1,115.13200000000002,-0.177,49.33,2.0,2.0,1.0,1.0,0.0,0.3201918797186009,-0.4800807667669501,5.983127663125442,3.8045304526403103,0,1,165.192,0.8607999999999996,49.33,2.0,2.0,4.0,1.0,1.0,0.3169885914261252,-0.480291375186306,8.811554787871634,5.787693700234704,0,1,165.19199999999995,0.641,63.32000000000001,2.0,2.0,3.0,1.0,1.0,0.3203155016395601,-0.4800777002034423,8.974691494688164,5.698377302757663,0,0
-5.09,Pr_Gly-meL-Me_dL-P-Bn_Gly-F,2830,117.14799999999998,0.0706,49.33,2.0,2.0,4.0,0.0,0.0,0.3169790701760173,-0.4802914829816985,6.405777393935816,3.770055610029662,0,1,145.202,0.7051000000000001,49.33,2.0,2.0,4.0,0.0,0.0,0.3201916549570671,-0.4800807607084159,8.146264369941973,4.574586062669973,0,1,145.202,0.7051000000000001,49.33,2.0,2.0,4.0,0.0,0.0,0.3201916549570671,-0.4800807607084159,8.146264369941973,4.574586062669973,0,1,115.13200000000002,-0.177,49.33,2.0,2.0,1.0,1.0,0.0,0.3201918797186009,-0.4800807667669501,5.983127663125442,3.8045304526403103,0,1,165.192,0.8607999999999996,49.33,2.0,2.0,4.0,1.0,1.0,0.3169885914261252,-0.480291375186306,8.811554787871634,5.787693700234704,0,1,165.19199999999995,0.641,63.32000000000001,2.0,2.0,3.0,1.0,1.0,0.3203155016395601,-0.4800777002034423,8.974691494688164,5.698377302757663,0,0
-4.93,Pr_Gly-meL-Bn_Gly-P-meL-F,2832,117.14799999999998,0.0706,49.33,2.0,2.0,4.0,0.0,0.0,0.3169790701760173,-0.4802914829816985,6.405777393935816,3.770055610029662,0,1,145.202,0.7051000000000001,49.33,2.0,2.0,4.0,0.0,0.0,0.3201916549570671,-0.4800807607084159,8.146264369941973,4.574586062669973,0,1,165.192,0.8607999999999996,49.33,2.0,2.0,4.0,1.0,1.0,0.3169885914261252,-0.480291375186306,8.811554787871634,5.787693700234704,0,1,115.13200000000002,-0.177,49.33,2.0,2.0,1.0,1.0,0.0,0.3201918797186009,-0.4800807667669501,5.983127663125442,3.8045304526403103,0,1,145.202,0.7051000000000001,49.33,2.0,2.0,4.0,0.0,0.0,0.3201916549570671,-0.4800807607084159,8.146264369941973,4.574586062669973,0,1,165.19199999999995,0.641,63.32000000000001,2.0,2.0,3.0,1.0,1.0,0.3203155016395601,-0.4800777002034423,8.974691494688164,5.698377302757663,0,0
-4.88,Pr_Gly-meL-meL-P-Bn_Gly-F,2833,117.14799999999998,0.0706,49.33,2.0,2.0,4.0,0.0,0.0,0.3169790701760173,-0.4802914829816985,6.405777393935816,3.770055610029662,0,1,145.202,0.7051000000000001,49.33,2.0,2.0,4.0,0.0,0.0,0.3201916549570671,-0.4800807607084159,8.146264369941973,4.574586062669973,0,1,145.202,0.7051000000000001,49.33,2.0,2.0,4.0,0.0,0.0,0.3201916549570671,-0.4800807607084159,8.146264369941973,4.574586062669973,0,1,115.13200000000002,-0.177,49.33,2.0,2.0,1.0,1.0,0.0,0.3201918797186009,-0.4800807667669501,5.983127663125442,3.8045304526403103,0,1,165.192,0.8607999999999996,49.33,2.0,2.0,4.0,1.0,1.0,0.3169885914261252,-0.480291375186306,8.811554787871634,5.787693700234704,0,1,165.19199999999995,0.641,63.32000000000001,2.0,2.0,3.0,1.0,1.0,0.3203155016395601,-0.4800777002034423,8.974691494688164,5.698377302757663,0,0
-4.9,A-Me_dL-L-P-Me_dL-F,2870,89.09399999999998,-0.5817999999999999,63.32000000000001,2.0,2.0,1.0,0.0,0.0,0.3196779563386595,-0.4800942338470611,5.1547005383792515,2.6427344100918364,0,0,145.202,0.7051000000000001,49.33,2.0,2.0,4.0,0.0,0.0,0.3201916549570671,-0.4800807607084159,8.146264369941973,4.574586062669973,0,1,131.175,0.4443999999999999,63.32000000000001,2.0,2.0,3.0,0.0,0.0,0.319977946620586,-0.4800863173262635,7.439157588755425,4.036581260209188,0,0,115.13200000000002,-0.177,49.33,2.0,2.0,1.0,1.0,0.0,0.3201918797186009,-0.4800807667669501,5.983127663125442,3.8045304526403103,0,1,145.202,0.7051000000000001,49.33,2.0,2.0,4.0,0.0,0.0,0.3201916549570671,-0.4800807607084159,8.146264369941973,4.574586062669973,0,1,165.19199999999995,0.641,63.32000000000001,2.0,2.0,3.0,1.0,1.0,0.3203155016395601,-0.4800777002034423,8.974691494688164,5.698377302757663,0,0
-5.0,A-Me_dL-L-P-meL-F,2877,89.09399999999998,-0.5817999999999999,63.32000000000001,2.0,2.0,1.0,0.0,0.0,0.3196779563386595,-0.4800942338470611,5.1547005383792515,2.6427344100918364,0,0,145.202,0.7051000000000001,49.33,2.0,2.0,4.0,0.0,0.0,0.3201916549570671,-0.4800807607084159,8.146264369941973,4.574586062669973,0,1,131.175,0.4443999999999999,63.32000000000001,2.0,2.0,3.0,0.0,0.0,0.319977946620586,-0.4800863173262635,7.439157588755425,4.036581260209188,0,0,115.13200000000002,-0.177,49.33,2.0,2.0,1.0,1.0,0.0,0.3201918797186009,-0.4800807667669501,5.983127663125442,3.8045304526403103,0,1,145.202,0.7051000000000001,49.33,2.0,2.0,4.0,0.0,0.0,0.3201916549570671,-0.4800807607084159,8.146264369941973,4.574586062669973,0,1,165.19199999999995,0.641,63.32000000000001,2.0,2.0,3.0,1.0,1.0,0.3203155016395601,-0.4800777002034423,8.974691494688164,5.698377302757663,0,0
-5.07,A-meL-Me_dL-P-Me_dL-F,2886,89.09399999999998,-0.5817999999999999,63.32000000000001,2.0,2.0,1.0,0.0,0.0,0.3196779563386595,-0.4800942338470611,5.1547005383792515,2.6427344100918364,0,0,145.202,0.7051000000000001,49.33,2.0,2.0,4.0,0.0,0.0,0.3201916549570671,-0.4800807607084159,8.146264369941973,4.574586062669973,0,1,145.202,0.7051000000000001,49.33,2.0,2.0,4.0,0.0,0.0,0.3201916549570671,-0.4800807607084159,8.146264369941973,4.574586062669973,0,1,115.13200000000002,-0.177,49.33,2.0,2.0,1.0,1.0,0.0,0.3201918797186009,-0.4800807667669501,5.983127663125442,3.8045304526403103,0,1,145.202,0.7051000000000001,49.33,2.0,2.0,4.0,0.0,0.0,0.3201916549570671,-0.4800807607084159,8.146264369941973,4.574586062669973,0,1,165.19199999999995,0.641,63.32000000000001,2.0,2.0,3.0,1.0,1.0,0.3203155016395601,-0.4800777002034423,8.974691494688164,5.698377302757663,0,0
-4.88,A-Me_dL-meL-P-Me_dL-F,2887,89.09399999999998,-0.5817999999999999,63.32000000000001,2.0,2.0,1.0,0.0,0.0,0.3196779563386595,-0.4800942338470611,5.1547005383792515,2.6427344100918364,0,0,145.202,0.7051000000000001,49.33,2.0,2.0,4.0,0.0,0.0,0.3201916549570671,-0.4800807607084159,8.146264369941973,4.574586062669973,0,1,145.202,0.7051000000000001,49.33,2.0,2.0,4.0,0.0,0.0,0.3201916549570671,-0.4800807607084159,8.146264369941973,4.574586062669973,0,1,115.13200000000002,-0.177,49.33,2.0,2.0,1.0,1.0,0.0,0.3201918797186009,-0.4800807667669501,5.983127663125442,3.8045304526403103,0,1,145.202,0.7051000000000001,49.33,2.0,2.0,4.0,0.0,0.0,0.3201916549570671,-0.4800807607084159,8.146264369941973,4.574586062669973,0,1,165.19199999999995,0.641,63.32000000000001,2.0,2.0,3.0,1.0,1.0,0.3203155016395601,-0.4800777002034423,8.974691494688164,5.698377302757663,0,0
-5.16,A-Me_dL-Me_dL-P-meL-F,2888,89.09399999999998,-0.5817999999999999,63.32000000000001,2.0,2.0,1.0,0.0,0.0,0.3196779563386595,-0.4800942338470611,5.1547005383792515,2.6427344100918364,0,0,145.202,0.7051000000000001,49.33,2.0,2.0,4.0,0.0,0.0,0.3201916549570671,-0.4800807607084159,8.146264369941973,4.574586062669973,0,1,145.202,0.7051000000000001,49.33,2.0,2.0,4.0,0.0,0.0,0.3201916549570671,-0.4800807607084159,8.146264369941973,4.574586062669973,0,1,115.13200000000002,-0.177,49.33,2.0,2.0,1.0,1.0,0.0,0.3201918797186009,-0.4800807667669501,5.983127663125442,3.8045304526403103,0,1,145.202,0.7051000000000001,49.33,2.0,2.0,4.0,0.0,0.0,0.3201916549570671,-0.4800807607084159,8.146264369941973,4.574586062669973,0,1,165.19199999999995,0.641,63.32000000000001,2.0,2.0,3.0,1.0,1.0,0.3203155016395601,-0.4800777002034423,8.974691494688164,5.698377302757663,0,0
-5.14,A-meL-Me_dL-P-meL-F,2894,89.09399999999998,-0.5817999999999999,63.32000000000001,2.0,2.0,1.0,0.0,0.0,0.3196779563386595,-0.4800942338470611,5.1547005383792515,2.6427344100918364,0,0,145.202,0.7051000000000001,49.33,2.0,2.0,4.0,0.0,0.0,0.3201916549570671,-0.4800807607084159,8.146264369941973,4.574586062669973,0,1,145.202,0.7051000000000001,49.33,2.0,2.0,4.0,0.0,0.0,0.3201916549570671,-0.4800807607084159,8.146264369941973,4.574586062669973,0,1,115.13200000000002,-0.177,49.33,2.0,2.0,1.0,1.0,0.0,0.3201918797186009,-0.4800807667669501,5.983127663125442,3.8045304526403103,0,1,145.202,0.7051000000000001,49.33,2.0,2.0,4.0,0.0,0.0,0.3201916549570671,-0.4800807607084159,8.146264369941973,4.574586062669973,0,1,165.19199999999995,0.641,63.32000000000001,2.0,2.0,3.0,1.0,1.0,0.3203155016395601,-0.4800777002034423,8.974691494688164,5.698377302757663,0,0
-5.0,A-Me_dL-meL-P-meL-F,2895,89.09399999999998,-0.5817999999999999,63.32000000000001,2.0,2.0,1.0,0.0,0.0,0.3196779563386595,-0.4800942338470611,5.1547005383792515,2.6427344100918364,0,0,145.202,0.7051000000000001,49.33,2.0,2.0,4.0,0.0,0.0,0.3201916549570671,-0.4800807607084159,8.146264369941973,4.574586062669973,0,1,145.202,0.7051000000000001,49.33,2.0,2.0,4.0,0.0,0.0,0.3201916549570671,-0.4800807607084159,8.146264369941973,4.574586062669973,0,1,115.13200000000002,-0.177,49.33,2.0,2.0,1.0,1.0,0.0,0.3201918797186009,-0.4800807667669501,5.983127663125442,3.8045304526403103,0,1,145.202,0.7051000000000001,49.33,2.0,2.0,4.0,0.0,0.0,0.3201916549570671,-0.4800807607084159,8.146264369941973,4.574586062669973,0,1,165.19199999999995,0.641,63.32000000000001,2.0,2.0,3.0,1.0,1.0,0.3203155016395601,-0.4800777002034423,8.974691494688164,5.698377302757663,0,0
-5.12,A-meL-dL-P-Bn_Gly-F,2903,89.09399999999998,-0.5817999999999999,63.32000000000001,2.0,2.0,1.0,0.0,0.0,0.3196779563386595,-0.4800942338470611,5.1547005383792515,2.6427344100918364,0,0,145.202,0.7051000000000001,49.33,2.0,2.0,4.0,0.0,0.0,0.3201916549570671,-0.4800807607084159,8.146264369941973,4.574586062669973,0,1,131.175,0.4443999999999999,63.32000000000001,2.0,2.0,3.0,0.0,0.0,0.319977946620586,-0.4800863173262635,7.439157588755425,4.036581260209188,1,0,115.13200000000002,-0.177,49.33,2.0,2.0,1.0,1.0,0.0,0.3201918797186009,-0.4800807667669501,5.983127663125442,3.8045304526403103,0,1,165.192,0.8607999999999996,49.33,2.0,2.0,4.0,1.0,1.0,0.3169885914261252,-0.480291375186306,8.811554787871634,5.787693700234704,0,1,165.19199999999995,0.641,63.32000000000001,2.0,2.0,3.0,1.0,1.0,0.3203155016395601,-0.4800777002034423,8.974691494688164,5.698377302757663,0,0
-5.2,A-meL-Bn_Gly-P-Me_dL-F,2916,89.09399999999998,-0.5817999999999999,63.32000000000001,2.0,2.0,1.0,0.0,0.0,0.3196779563386595,-0.4800942338470611,5.1547005383792515,2.6427344100918364,0,0,145.202,0.7051000000000001,49.33,2.0,2.0,4.0,0.0,0.0,0.3201916549570671,-0.4800807607084159,8.146264369941973,4.574586062669973,0,1,165.192,0.8607999999999996,49.33,2.0,2.0,4.0,1.0,1.0,0.3169885914261252,-0.480291375186306,8.811554787871634,5.787693700234704,0,1,115.13200000000002,-0.177,49.33,2.0,2.0,1.0,1.0,0.0,0.3201918797186009,-0.4800807667669501,5.983127663125442,3.8045304526403103,0,1,145.202,0.7051000000000001,49.33,2.0,2.0,4.0,0.0,0.0,0.3201916549570671,-0.4800807607084159,8.146264369941973,4.574586062669973,0,1,165.19199999999995,0.641,63.32000000000001,2.0,2.0,3.0,1.0,1.0,0.3203155016395601,-0.4800777002034423,8.974691494688164,5.698377302757663,0,0
-5.18,dA-Me_dL-Me_dL-P-dL-F,2956,89.09399999999998,-0.5817999999999999,63.32000000000001,2.0,2.0,1.0,0.0,0.0,0.3196779563386595,-0.4800942338470611,5.1547005383792515,2.6427344100918364,1,0,145.202,0.7051000000000001,49.33,2.0,2.0,4.0,0.0,0.0,0.3201916549570671,-0.4800807607084159,8.146264369941973,4.574586062669973,0,1,145.202,0.7051000000000001,49.33,2.0,2.0,4.0,0.0,0.0,0.3201916549570671,-0.4800807607084159,8.146264369941973,4.574586062669973,0,1,115.13200000000002,-0.177,49.33,2.0,2.0,1.0,1.0,0.0,0.3201918797186009,-0.4800807667669501,5.983127663125442,3.8045304526403103,0,1,131.175,0.4443999999999999,63.32000000000001,2.0,2.0,3.0,0.0,0.0,0.319977946620586,-0.4800863173262635,7.439157588755425,4.036581260209188,1,0,165.19199999999995,0.641,63.32000000000001,2.0,2.0,3.0,1.0,1.0,0.3203155016395601,-0.4800777002034423,8.974691494688164,5.698377302757663,0,0
-5.14,dA-meL-Me_dL-P-dL-F,2961,89.09399999999998,-0.5817999999999999,63.32000000000001,2.0,2.0,1.0,0.0,0.0,0.3196779563386595,-0.4800942338470611,5.1547005383792515,2.6427344100918364,1,0,145.202,0.7051000000000001,49.33,2.0,2.0,4.0,0.0,0.0,0.3201916549570671,-0.4800807607084159,8.146264369941973,4.574586062669973,0,1,145.202,0.7051000000000001,49.33,2.0,2.0,4.0,0.0,0.0,0.3201916549570671,-0.4800807607084159,8.146264369941973,4.574586062669973,0,1,115.13200000000002,-0.177,49.33,2.0,2.0,1.0,1.0,0.0,0.3201918797186009,-0.4800807667669501,5.983127663125442,3.8045304526403103,0,1,131.175,0.4443999999999999,63.32000000000001,2.0,2.0,3.0,0.0,0.0,0.319977946620586,-0.4800863173262635,7.439157588755425,4.036581260209188,1,0,165.19199999999995,0.641,63.32000000000001,2.0,2.0,3.0,1.0,1.0,0.3203155016395601,-0.4800777002034423,8.974691494688164,5.698377302757663,0,0
-5.16,dA-meL-dL-P-Me_dL-F,2962,89.09399999999998,-0.5817999999999999,63.32000000000001,2.0,2.0,1.0,0.0,0.0,0.3196779563386595,-0.4800942338470611,5.1547005383792515,2.6427344100918364,1,0,145.202,0.7051000000000001,49.33,2.0,2.0,4.0,0.0,0.0,0.3201916549570671,-0.4800807607084159,8.146264369941973,4.574586062669973,0,1,131.175,0.4443999999999999,63.32000000000001,2.0,2.0,3.0,0.0,0.0,0.319977946620586,-0.4800863173262635,7.439157588755425,4.036581260209188,1,0,115.13200000000002,-0.177,49.33,2.0,2.0,1.0,1.0,0.0,0.3201918797186009,-0.4800807667669501,5.983127663125442,3.8045304526403103,0,1,145.202,0.7051000000000001,49.33,2.0,2.0,4.0,0.0,0.0,0.3201916549570671,-0.4800807607084159,8.146264369941973,4.574586062669973,0,1,165.19199999999995,0.641,63.32000000000001,2.0,2.0,3.0,1.0,1.0,0.3203155016395601,-0.4800777002034423,8.974691494688164,5.698377302757663,0,0
-5.2,dA-Me_dL-Me_dL-P-Me_dL-F,2980,89.09399999999998,-0.5817999999999999,63.32000000000001,2.0,2.0,1.0,0.0,0.0,0.3196779563386595,-0.4800942338470611,5.1547005383792515,2.6427344100918364,1,0,145.202,0.7051000000000001,49.33,2.0,2.0,4.0,0.0,0.0,0.3201916549570671,-0.4800807607084159,8.146264369941973,4.574586062669973,0,1,145.202,0.7051000000000001,49.33,2.0,2.0,4.0,0.0,0.0,0.3201916549570671,-0.4800807607084159,8.146264369941973,4.574586062669973,0,1,115.13200000000002,-0.177,49.33,2.0,2.0,1.0,1.0,0.0,0.3201918797186009,-0.4800807667669501,5.983127663125442,3.8045304526403103,0,1,145.202,0.7051000000000001,49.33,2.0,2.0,4.0,0.0,0.0,0.3201916549570671,-0.4800807607084159,8.146264369941973,4.574586062669973,0,1,165.19199999999995,0.641,63.32000000000001,2.0,2.0,3.0,1.0,1.0,0.3203155016395601,-0.4800777002034423,8.974691494688164,5.698377302757663,0,0
-5.19,dA-meL-meL-P-Me_dL-F,2988,89.09399999999998,-0.5817999999999999,63.32000000000001,2.0,2.0,1.0,0.0,0.0,0.3196779563386595,-0.4800942338470611,5.1547005383792515,2.6427344100918364,1,0,145.202,0.7051000000000001,49.33,2.0,2.0,4.0,0.0,0.0,0.3201916549570671,-0.4800807607084159,8.146264369941973,4.574586062669973,0,1,145.202,0.7051000000000001,49.33,2.0,2.0,4.0,0.0,0.0,0.3201916549570671,-0.4800807607084159,8.146264369941973,4.574586062669973,0,1,115.13200000000002,-0.177,49.33,2.0,2.0,1.0,1.0,0.0,0.3201918797186009,-0.4800807667669501,5.983127663125442,3.8045304526403103,0,1,145.202,0.7051000000000001,49.33,2.0,2.0,4.0,0.0,0.0,0.3201916549570671,-0.4800807607084159,8.146264369941973,4.574586062669973,0,1,165.19199999999995,0.641,63.32000000000001,2.0,2.0,3.0,1.0,1.0,0.3203155016395601,-0.4800777002034423,8.974691494688164,5.698377302757663,0,0
-4.82,A-dL-L-dP-dL-F,3029,89.09399999999998,-0.5817999999999999,63.32000000000001,2.0,2.0,1.0,0.0,0.0,0.3196779563386595,-0.4800942338470611,5.1547005383792515,2.6427344100918364,0,0,131.175,0.4443999999999999,63.32000000000001,2.0,2.0,3.0,0.0,0.0,0.319977946620586,-0.4800863173262635,7.439157588755425,4.036581260209188,1,0,131.175,0.4443999999999999,63.32000000000001,2.0,2.0,3.0,0.0,0.0,0.319977946620586,-0.4800863173262635,7.439157588755425,4.036581260209188,0,0,115.13200000000002,-0.177,49.33,2.0,2.0,1.0,1.0,0.0,0.3201918797186009,-0.4800807667669501,5.983127663125442,3.8045304526403103,1,1,131.175,0.4443999999999999,63.32000000000001,2.0,2.0,3.0,0.0,0.0,0.319977946620586,-0.4800863173262635,7.439157588755425,4.036581260209188,1,0,165.19199999999995,0.641,63.32000000000001,2.0,2.0,3.0,1.0,1.0,0.3203155016395601,-0.4800777002034423,8.974691494688164,5.698377302757663,0,0
-5.14,A-L-L-dP-dL-F,3030,89.09399999999998,-0.5817999999999999,63.32000000000001,2.0,2.0,1.0,0.0,0.0,0.3196779563386595,-0.4800942338470611,5.1547005383792515,2.6427344100918364,0,0,131.175,0.4443999999999999,63.32000000000001,2.0,2.0,3.0,0.0,0.0,0.319977946620586,-0.4800863173262635,7.439157588755425,4.036581260209188,0,0,131.175,0.4443999999999999,63.32000000000001,2.0,2.0,3.0,0.0,0.0,0.319977946620586,-0.4800863173262635,7.439157588755425,4.036581260209188,0,0,115.13200000000002,-0.177,49.33,2.0,2.0,1.0,1.0,0.0,0.3201918797186009,-0.4800807667669501,5.983127663125442,3.8045304526403103,1,1,131.175,0.4443999999999999,63.32000000000001,2.0,2.0,3.0,0.0,0.0,0.319977946620586,-0.4800863173262635,7.439157588755425,4.036581260209188,1,0,165.19199999999995,0.641,63.32000000000001,2.0,2.0,3.0,1.0,1.0,0.3203155016395601,-0.4800777002034423,8.974691494688164,5.698377302757663,0,0
-5.2,A-Me_dL-dL-dP-Me_dL-F,3055,89.09399999999998,-0.5817999999999999,63.32000000000001,2.0,2.0,1.0,0.0,0.0,0.3196779563386595,-0.4800942338470611,5.1547005383792515,2.6427344100918364,0,0,145.202,0.7051000000000001,49.33,2.0,2.0,4.0,0.0,0.0,0.3201916549570671,-0.4800807607084159,8.146264369941973,4.574586062669973,0,1,131.175,0.4443999999999999,63.32000000000001,2.0,2.0,3.0,0.0,0.0,0.319977946620586,-0.4800863173262635,7.439157588755425,4.036581260209188,1,0,115.13200000000002,-0.177,49.33,2.0,2.0,1.0,1.0,0.0,0.3201918797186009,-0.4800807667669501,5.983127663125442,3.8045304526403103,1,1,145.202,0.7051000000000001,49.33,2.0,2.0,4.0,0.0,0.0,0.3201916549570671,-0.4800807607084159,8.146264369941973,4.574586062669973,0,1,165.19199999999995,0.641,63.32000000000001,2.0,2.0,3.0,1.0,1.0,0.3203155016395601,-0.4800777002034423,8.974691494688164,5.698377302757663,0,0
-4.82,A-Me_dL-dL-dP-meL-F,3061,89.09399999999998,-0.5817999999999999,63.32000000000001,2.0,2.0,1.0,0.0,0.0,0.3196779563386595,-0.4800942338470611,5.1547005383792515,2.6427344100918364,0,0,145.202,0.7051000000000001,49.33,2.0,2.0,4.0,0.0,0.0,0.3201916549570671,-0.4800807607084159,8.146264369941973,4.574586062669973,0,1,131.175,0.4443999999999999,63.32000000000001,2.0,2.0,3.0,0.0,0.0,0.319977946620586,-0.4800863173262635,7.439157588755425,4.036581260209188,1,0,115.13200000000002,-0.177,49.33,2.0,2.0,1.0,1.0,0.0,0.3201918797186009,-0.4800807667669501,5.983127663125442,3.8045304526403103,1,1,145.202,0.7051000000000001,49.33,2.0,2.0,4.0,0.0,0.0,0.3201916549570671,-0.4800807607084159,8.146264369941973,4.574586062669973,0,1,165.19199999999995,0.641,63.32000000000001,2.0,2.0,3.0,1.0,1.0,0.3203155016395601,-0.4800777002034423,8.974691494688164,5.698377302757663,0,0
-4.92,A-Me_dL-L-dP-Me_dL-F,3062,89.09399999999998,-0.5817999999999999,63.32000000000001,2.0,2.0,1.0,0.0,0.0,0.3196779563386595,-0.4800942338470611,5.1547005383792515,2.6427344100918364,0,0,145.202,0.7051000000000001,49.33,2.0,2.0,4.0,0.0,0.0,0.3201916549570671,-0.4800807607084159,8.146264369941973,4.574586062669973,0,1,131.175,0.4443999999999999,63.32000000000001,2.0,2.0,3.0,0.0,0.0,0.319977946620586,-0.4800863173262635,7.439157588755425,4.036581260209188,0,0,115.13200000000002,-0.177,49.33,2.0,2.0,1.0,1.0,0.0,0.3201918797186009,-0.4800807667669501,5.983127663125442,3.8045304526403103,1,1,145.202,0.7051000000000001,49.33,2.0,2.0,4.0,0.0,0.0,0.3201916549570671,-0.4800807607084159,8.146264369941973,4.574586062669973,0,1,165.19199999999995,0.641,63.32000000000001,2.0,2.0,3.0,1.0,1.0,0.3203155016395601,-0.4800777002034423,8.974691494688164,5.698377302757663,0,0
-5.18,A-Me_dL-meL-dP-L-F,3066,89.09399999999998,-0.5817999999999999,63.32000000000001,2.0,2.0,1.0,0.0,0.0,0.3196779563386595,-0.4800942338470611,5.1547005383792515,2.6427344100918364,0,0,145.202,0.7051000000000001,49.33,2.0,2.0,4.0,0.0,0.0,0.3201916549570671,-0.4800807607084159,8.146264369941973,4.574586062669973,0,1,145.202,0.7051000000000001,49.33,2.0,2.0,4.0,0.0,0.0,0.3201916549570671,-0.4800807607084159,8.146264369941973,4.574586062669973,0,1,115.13200000000002,-0.177,49.33,2.0,2.0,1.0,1.0,0.0,0.3201918797186009,-0.4800807667669501,5.983127663125442,3.8045304526403103,1,1,131.175,0.4443999999999999,63.32000000000001,2.0,2.0,3.0,0.0,0.0,0.319977946620586,-0.4800863173262635,7.439157588755425,4.036581260209188,0,0,165.19199999999995,0.641,63.32000000000001,2.0,2.0,3.0,1.0,1.0,0.3203155016395601,-0.4800777002034423,8.974691494688164,5.698377302757663,0,0
-5.11,A-L-Me_dL-dP-meL-F,3067,89.09399999999998,-0.5817999999999999,63.32000000000001,2.0,2.0,1.0,0.0,0.0,0.3196779563386595,-0.4800942338470611,5.1547005383792515,2.6427344100918364,0,0,131.175,0.4443999999999999,63.32000000000001,2.0,2.0,3.0,0.0,0.0,0.319977946620586,-0.4800863173262635,7.439157588755425,4.036581260209188,0,0,145.202,0.7051000000000001,49.33,2.0,2.0,4.0,0.0,0.0,0.3201916549570671,-0.4800807607084159,8.146264369941973,4.574586062669973,0,1,115.13200000000002,-0.177,49.33,2.0,2.0,1.0,1.0,0.0,0.3201918797186009,-0.4800807667669501,5.983127663125442,3.8045304526403103,1,1,145.202,0.7051000000000001,49.33,2.0,2.0,4.0,0.0,0.0,0.3201916549570671,-0.4800807607084159,8.146264369941973,4.574586062669973,0,1,165.19199999999995,0.641,63.32000000000001,2.0,2.0,3.0,1.0,1.0,0.3203155016395601,-0.4800777002034423,8.974691494688164,5.698377302757663,0,0
-4.89,A-Me_dL-L-dP-meL-F,3070,89.09399999999998,-0.5817999999999999,63.32000000000001,2.0,2.0,1.0,0.0,0.0,0.3196779563386595,-0.4800942338470611,5.1547005383792515,2.6427344100918364,0,0,145.202,0.7051000000000001,49.33,2.0,2.0,4.0,0.0,0.0,0.3201916549570671,-0.4800807607084159,8.146264369941973,4.574586062669973,0,1,131.175,0.4443999999999999,63.32000000000001,2.0,2.0,3.0,0.0,0.0,0.319977946620586,-0.4800863173262635,7.439157588755425,4.036581260209188,0,0,115.13200000000002,-0.177,49.33,2.0,2.0,1.0,1.0,0.0,0.3201918797186009,-0.4800807667669501,5.983127663125442,3.8045304526403103,1,1,145.202,0.7051000000000001,49.33,2.0,2.0,4.0,0.0,0.0,0.3201916549570671,-0.4800807607084159,8.146264369941973,4.574586062669973,0,1,165.19199999999995,0.641,63.32000000000001,2.0,2.0,3.0,1.0,1.0,0.3203155016395601,-0.4800777002034423,8.974691494688164,5.698377302757663,0,0
-5.07,A-L-meL-dP-meL-F,3075,89.09399999999998,-0.5817999999999999,63.32000000000001,2.0,2.0,1.0,0.0,0.0,0.3196779563386595,-0.4800942338470611,5.1547005383792515,2.6427344100918364,0,0,131.175,0.4443999999999999,63.32000000000001,2.0,2.0,3.0,0.0,0.0,0.319977946620586,-0.4800863173262635,7.439157588755425,4.036581260209188,0,0,145.202,0.7051000000000001,49.33,2.0,2.0,4.0,0.0,0.0,0.3201916549570671,-0.4800807607084159,8.146264369941973,4.574586062669973,0,1,115.13200000000002,-0.177,49.33,2.0,2.0,1.0,1.0,0.0,0.3201918797186009,-0.4800807667669501,5.983127663125442,3.8045304526403103,1,1,145.202,0.7051000000000001,49.33,2.0,2.0,4.0,0.0,0.0,0.3201916549570671,-0.4800807607084159,8.146264369941973,4.574586062669973,0,1,165.19199999999995,0.641,63.32000000000001,2.0,2.0,3.0,1.0,1.0,0.3203155016395601,-0.4800777002034423,8.974691494688164,5.698377302757663,0,0
-5.17,A-meL-L-dP-meL-F,3076,89.09399999999998,-0.5817999999999999,63.32000000000001,2.0,2.0,1.0,0.0,0.0,0.3196779563386595,-0.4800942338470611,5.1547005383792515,2.6427344100918364,0,0,145.202,0.7051000000000001,49.33,2.0,2.0,4.0,0.0,0.0,0.3201916549570671,-0.4800807607084159,8.146264369941973,4.574586062669973,0,1,131.175,0.4443999999999999,63.32000000000001,2.0,2.0,3.0,0.0,0.0,0.319977946620586,-0.4800863173262635,7.439157588755425,4.036581260209188,0,0,115.13200000000002,-0.177,49.33,2.0,2.0,1.0,1.0,0.0,0.3201918797186009,-0.4800807667669501,5.983127663125442,3.8045304526403103,1,1,145.202,0.7051000000000001,49.33,2.0,2.0,4.0,0.0,0.0,0.3201916549570671,-0.4800807607084159,8.146264369941973,4.574586062669973,0,1,165.19199999999995,0.641,63.32000000000001,2.0,2.0,3.0,1.0,1.0,0.3203155016395601,-0.4800777002034423,8.974691494688164,5.698377302757663,0,0
-5.03,A-Me_dL-meL-dP-Me_dL-F,3081,89.09399999999998,-0.5817999999999999,63.32000000000001,2.0,2.0,1.0,0.0,0.0,0.3196779563386595,-0.4800942338470611,5.1547005383792515,2.6427344100918364,0,0,145.202,0.7051000000000001,49.33,2.0,2.0,4.0,0.0,0.0,0.3201916549570671,-0.4800807607084159,8.146264369941973,4.574586062669973,0,1,145.202,0.7051000000000001,49.33,2.0,2.0,4.0,0.0,0.0,0.3201916549570671,-0.4800807607084159,8.146264369941973,4.574586062669973,0,1,115.13200000000002,-0.177,49.33,2.0,2.0,1.0,1.0,0.0,0.3201918797186009,-0.4800807667669501,5.983127663125442,3.8045304526403103,1,1,145.202,0.7051000000000001,49.33,2.0,2.0,4.0,0.0,0.0,0.3201916549570671,-0.4800807607084159,8.146264369941973,4.574586062669973,0,1,165.19199999999995,0.641,63.32000000000001,2.0,2.0,3.0,1.0,1.0,0.3203155016395601,-0.4800777002034423,8.974691494688164,5.698377302757663,0,0
-5.04,A-dL-bHph-dP-dL-F,3084,89.09399999999998,-0.5817999999999999,63.32000000000001,2.0,2.0,1.0,0.0,0.0,0.3196779563386595,-0.4800942338470611,5.1547005383792515,2.6427344100918364,0,0,131.175,0.4443999999999999,63.32000000000001,2.0,2.0,3.0,0.0,0.0,0.319977946620586,-0.4800863173262635,7.439157588755425,4.036581260209188,1,0,179.219,1.0310999999999997,63.32000000000001,2.0,2.0,4.0,1.0,1.0,0.3044293792840294,-0.4811872335599088,9.681798275874712,6.1815405503520555,0,1,115.13200000000002,-0.177,49.33,2.0,2.0,1.0,1.0,0.0,0.3201918797186009,-0.4800807667669501,5.983127663125442,3.8045304526403103,1,1,131.175,0.4443999999999999,63.32000000000001,2.0,2.0,3.0,0.0,0.0,0.319977946620586,-0.4800863173262635,7.439157588755425,4.036581260209188,1,0,165.19199999999995,0.641,63.32000000000001,2.0,2.0,3.0,1.0,1.0,0.3203155016395601,-0.4800777002034423,8.974691494688164,5.698377302757663,0,0
-5.0,A-Me_dL-meL-dP-meL-F,3086,89.09399999999998,-0.5817999999999999,63.32000000000001,2.0,2.0,1.0,0.0,0.0,0.3196779563386595,-0.4800942338470611,5.1547005383792515,2.6427344100918364,0,0,145.202,0.7051000000000001,49.33,2.0,2.0,4.0,0.0,0.0,0.3201916549570671,-0.4800807607084159,8.146264369941973,4.574586062669973,0,1,145.202,0.7051000000000001,49.33,2.0,2.0,4.0,0.0,0.0,0.3201916549570671,-0.4800807607084159,8.146264369941973,4.574586062669973,0,1,115.13200000000002,-0.177,49.33,2.0,2.0,1.0,1.0,0.0,0.3201918797186009,-0.4800807667669501,5.983127663125442,3.8045304526403103,1,1,145.202,0.7051000000000001,49.33,2.0,2.0,4.0,0.0,0.0,0.3201916549570671,-0.4800807607084159,8.146264369941973,4.574586062669973,0,1,165.19199999999995,0.641,63.32000000000001,2.0,2.0,3.0,1.0,1.0,0.3203155016395601,-0.4800777002034423,8.974691494688164,5.698377302757663,0,0
-5.09,A-Me_dL-L-dP-Bn_Gly-F,3093,89.09399999999998,-0.5817999999999999,63.32000000000001,2.0,2.0,1.0,0.0,0.0,0.3196779563386595,-0.4800942338470611,5.1547005383792515,2.6427344100918364,0,0,145.202,0.7051000000000001,49.33,2.0,2.0,4.0,0.0,0.0,0.3201916549570671,-0.4800807607084159,8.146264369941973,4.574586062669973,0,1,131.175,0.4443999999999999,63.32000000000001,2.0,2.0,3.0,0.0,0.0,0.319977946620586,-0.4800863173262635,7.439157588755425,4.036581260209188,0,0,115.13200000000002,-0.177,49.33,2.0,2.0,1.0,1.0,0.0,0.3201918797186009,-0.4800807667669501,5.983127663125442,3.8045304526403103,1,1,165.192,0.8607999999999996,49.33,2.0,2.0,4.0,1.0,1.0,0.3169885914261252,-0.480291375186306,8.811554787871634,5.787693700234704,0,1,165.19199999999995,0.641,63.32000000000001,2.0,2.0,3.0,1.0,1.0,0.3203155016395601,-0.4800777002034423,8.974691494688164,5.698377302757663,0,0
-5.1,A-Me_dL-Me_dL-dP-Bn_Gly-F,3100,89.09399999999998,-0.5817999999999999,63.32000000000001,2.0,2.0,1.0,0.0,0.0,0.3196779563386595,-0.4800942338470611,5.1547005383792515,2.6427344100918364,0,0,145.202,0.7051000000000001,49.33,2.0,2.0,4.0,0.0,0.0,0.3201916549570671,-0.4800807607084159,8.146264369941973,4.574586062669973,0,1,145.202,0.7051000000000001,49.33,2.0,2.0,4.0,0.0,0.0,0.3201916549570671,-0.4800807607084159,8.146264369941973,4.574586062669973,0,1,115.13200000000002,-0.177,49.33,2.0,2.0,1.0,1.0,0.0,0.3201918797186009,-0.4800807667669501,5.983127663125442,3.8045304526403103,1,1,165.192,0.8607999999999996,49.33,2.0,2.0,4.0,1.0,1.0,0.3169885914261252,-0.480291375186306,8.811554787871634,5.787693700234704,0,1,165.19199999999995,0.641,63.32000000000001,2.0,2.0,3.0,1.0,1.0,0.3203155016395601,-0.4800777002034423,8.974691494688164,5.698377302757663,0,0
-5.08,A-Me_dL-Bn_Gly-dP-meL-F,3106,89.09399999999998,-0.5817999999999999,63.32000000000001,2.0,2.0,1.0,0.0,0.0,0.3196779563386595,-0.4800942338470611,5.1547005383792515,2.6427344100918364,0,0,145.202,0.7051000000000001,49.33,2.0,2.0,4.0,0.0,0.0,0.3201916549570671,-0.4800807607084159,8.146264369941973,4.574586062669973,0,1,165.192,0.8607999999999996,49.33,2.0,2.0,4.0,1.0,1.0,0.3169885914261252,-0.480291375186306,8.811554787871634,5.787693700234704,0,1,115.13200000000002,-0.177,49.33,2.0,2.0,1.0,1.0,0.0,0.3201918797186009,-0.4800807667669501,5.983127663125442,3.8045304526403103,1,1,145.202,0.7051000000000001,49.33,2.0,2.0,4.0,0.0,0.0,0.3201916549570671,-0.4800807607084159,8.146264369941973,4.574586062669973,0,1,165.19199999999995,0.641,63.32000000000001,2.0,2.0,3.0,1.0,1.0,0.3203155016395601,-0.4800777002034423,8.974691494688164,5.698377302757663,0,0
-5.19,A-Bn_Gly-meL-dP-meL-F,3112,89.09399999999998,-0.5817999999999999,63.32000000000001,2.0,2.0,1.0,0.0,0.0,0.3196779563386595,-0.4800942338470611,5.1547005383792515,2.6427344100918364,0,0,165.192,0.8607999999999996,49.33,2.0,2.0,4.0,1.0,1.0,0.3169885914261252,-0.480291375186306,8.811554787871634,5.787693700234704,0,1,145.202,0.7051000000000001,49.33,2.0,2.0,4.0,0.0,0.0,0.3201916549570671,-0.4800807607084159,8.146264369941973,4.574586062669973,0,1,115.13200000000002,-0.177,49.33,2.0,2.0,1.0,1.0,0.0,0.3201918797186009,-0.4800807667669501,5.983127663125442,3.8045304526403103,1,1,145.202,0.7051000000000001,49.33,2.0,2.0,4.0,0.0,0.0,0.3201916549570671,-0.4800807607084159,8.146264369941973,4.574586062669973,0,1,165.19199999999995,0.641,63.32000000000001,2.0,2.0,3.0,1.0,1.0,0.3203155016395601,-0.4800777002034423,8.974691494688164,5.698377302757663,0,0
-5.19,dA-meL-L-dP-dL-F,3138,89.09399999999998,-0.5817999999999999,63.32000000000001,2.0,2.0,1.0,0.0,0.0,0.3196779563386595,-0.4800942338470611,5.1547005383792515,2.6427344100918364,1,0,145.202,0.7051000000000001,49.33,2.0,2.0,4.0,0.0,0.0,0.3201916549570671,-0.4800807607084159,8.146264369941973,4.574586062669973,0,1,131.175,0.4443999999999999,63.32000000000001,2.0,2.0,3.0,0.0,0.0,0.319977946620586,-0.4800863173262635,7.439157588755425,4.036581260209188,0,0,115.13200000000002,-0.177,49.33,2.0,2.0,1.0,1.0,0.0,0.3201918797186009,-0.4800807667669501,5.983127663125442,3.8045304526403103,1,1,131.175,0.4443999999999999,63.32000000000001,2.0,2.0,3.0,0.0,0.0,0.319977946620586,-0.4800863173262635,7.439157588755425,4.036581260209188,1,0,165.19199999999995,0.641,63.32000000000001,2.0,2.0,3.0,1.0,1.0,0.3203155016395601,-0.4800777002034423,8.974691494688164,5.698377302757663,0,0
-5.2,dA-L-L-dP-Me_dL-F,3139,89.09399999999998,-0.5817999999999999,63.32000000000001,2.0,2.0,1.0,0.0,0.0,0.3196779563386595,-0.4800942338470611,5.1547005383792515,2.6427344100918364,1,0,131.175,0.4443999999999999,63.32000000000001,2.0,2.0,3.0,0.0,0.0,0.319977946620586,-0.4800863173262635,7.439157588755425,4.036581260209188,0,0,131.175,0.4443999999999999,63.32000000000001,2.0,2.0,3.0,0.0,0.0,0.319977946620586,-0.4800863173262635,7.439157588755425,4.036581260209188,0,0,115.13200000000002,-0.177,49.33,2.0,2.0,1.0,1.0,0.0,0.3201918797186009,-0.4800807667669501,5.983127663125442,3.8045304526403103,1,1,145.202,0.7051000000000001,49.33,2.0,2.0,4.0,0.0,0.0,0.3201916549570671,-0.4800807607084159,8.146264369941973,4.574586062669973,0,1,165.19199999999995,0.641,63.32000000000001,2.0,2.0,3.0,1.0,1.0,0.3203155016395601,-0.4800777002034423,8.974691494688164,5.698377302757663,0,0
-5.16,dA-L-meL-dP-L-F,3143,89.09399999999998,-0.5817999999999999,63.32000000000001,2.0,2.0,1.0,0.0,0.0,0.3196779563386595,-0.4800942338470611,5.1547005383792515,2.6427344100918364,1,0,131.175,0.4443999999999999,63.32000000000001,2.0,2.0,3.0,0.0,0.0,0.319977946620586,-0.4800863173262635,7.439157588755425,4.036581260209188,0,0,145.202,0.7051000000000001,49.33,2.0,2.0,4.0,0.0,0.0,0.3201916549570671,-0.4800807607084159,8.146264369941973,4.574586062669973,0,1,115.13200000000002,-0.177,49.33,2.0,2.0,1.0,1.0,0.0,0.3201918797186009,-0.4800807667669501,5.983127663125442,3.8045304526403103,1,1,131.175,0.4443999999999999,63.32000000000001,2.0,2.0,3.0,0.0,0.0,0.319977946620586,-0.4800863173262635,7.439157588755425,4.036581260209188,0,0,165.19199999999995,0.641,63.32000000000001,2.0,2.0,3.0,1.0,1.0,0.3203155016395601,-0.4800777002034423,8.974691494688164,5.698377302757663,0,0
-5.07,dA-Me_dL-meL-dP-dL-F,3150,89.09399999999998,-0.5817999999999999,63.32000000000001,2.0,2.0,1.0,0.0,0.0,0.3196779563386595,-0.4800942338470611,5.1547005383792515,2.6427344100918364,1,0,145.202,0.7051000000000001,49.33,2.0,2.0,4.0,0.0,0.0,0.3201916549570671,-0.4800807607084159,8.146264369941973,4.574586062669973,0,1,145.202,0.7051000000000001,49.33,2.0,2.0,4.0,0.0,0.0,0.3201916549570671,-0.4800807607084159,8.146264369941973,4.574586062669973,0,1,115.13200000000002,-0.177,49.33,2.0,2.0,1.0,1.0,0.0,0.3201918797186009,-0.4800807667669501,5.983127663125442,3.8045304526403103,1,1,131.175,0.4443999999999999,63.32000000000001,2.0,2.0,3.0,0.0,0.0,0.319977946620586,-0.4800863173262635,7.439157588755425,4.036581260209188,1,0,165.19199999999995,0.641,63.32000000000001,2.0,2.0,3.0,1.0,1.0,0.3203155016395601,-0.4800777002034423,8.974691494688164,5.698377302757663,0,0
-4.89,dA-Me_dL-L-dP-Me_dL-F,3151,89.09399999999998,-0.5817999999999999,63.32000000000001,2.0,2.0,1.0,0.0,0.0,0.3196779563386595,-0.4800942338470611,5.1547005383792515,2.6427344100918364,1,0,145.202,0.7051000000000001,49.33,2.0,2.0,4.0,0.0,0.0,0.3201916549570671,-0.4800807607084159,8.146264369941973,4.574586062669973,0,1,131.175,0.4443999999999999,63.32000000000001,2.0,2.0,3.0,0.0,0.0,0.319977946620586,-0.4800863173262635,7.439157588755425,4.036581260209188,0,0,115.13200000000002,-0.177,49.33,2.0,2.0,1.0,1.0,0.0,0.3201918797186009,-0.4800807667669501,5.983127663125442,3.8045304526403103,1,1,145.202,0.7051000000000001,49.33,2.0,2.0,4.0,0.0,0.0,0.3201916549570671,-0.4800807607084159,8.146264369941973,4.574586062669973,0,1,165.19199999999995,0.641,63.32000000000001,2.0,2.0,3.0,1.0,1.0,0.3203155016395601,-0.4800777002034423,8.974691494688164,5.698377302757663,0,0
-4.88,dA-meL-L-dP-Me_dL-F,3160,89.09399999999998,-0.5817999999999999,63.32000000000001,2.0,2.0,1.0,0.0,0.0,0.3196779563386595,-0.4800942338470611,5.1547005383792515,2.6427344100918364,1,0,145.202,0.7051000000000001,49.33,2.0,2.0,4.0,0.0,0.0,0.3201916549570671,-0.4800807607084159,8.146264369941973,4.574586062669973,0,1,131.175,0.4443999999999999,63.32000000000001,2.0,2.0,3.0,0.0,0.0,0.319977946620586,-0.4800863173262635,7.439157588755425,4.036581260209188,0,0,115.13200000000002,-0.177,49.33,2.0,2.0,1.0,1.0,0.0,0.3201918797186009,-0.4800807667669501,5.983127663125442,3.8045304526403103,1,1,145.202,0.7051000000000001,49.33,2.0,2.0,4.0,0.0,0.0,0.3201916549570671,-0.4800807607084159,8.146264369941973,4.574586062669973,0,1,165.19199999999995,0.641,63.32000000000001,2.0,2.0,3.0,1.0,1.0,0.3203155016395601,-0.4800777002034423,8.974691494688164,5.698377302757663,0,0
-4.91,dA-Me_dL-L-dP-meL-F,3162,89.09399999999998,-0.5817999999999999,63.32000000000001,2.0,2.0,1.0,0.0,0.0,0.3196779563386595,-0.4800942338470611,5.1547005383792515,2.6427344100918364,1,0,145.202,0.7051000000000001,49.33,2.0,2.0,4.0,0.0,0.0,0.3201916549570671,-0.4800807607084159,8.146264369941973,4.574586062669973,0,1,131.175,0.4443999999999999,63.32000000000001,2.0,2.0,3.0,0.0,0.0,0.319977946620586,-0.4800863173262635,7.439157588755425,4.036581260209188,0,0,115.13200000000002,-0.177,49.33,2.0,2.0,1.0,1.0,0.0,0.3201918797186009,-0.4800807667669501,5.983127663125442,3.8045304526403103,1,1,145.202,0.7051000000000001,49.33,2.0,2.0,4.0,0.0,0.0,0.3201916549570671,-0.4800807607084159,8.146264369941973,4.574586062669973,0,1,165.19199999999995,0.641,63.32000000000001,2.0,2.0,3.0,1.0,1.0,0.3203155016395601,-0.4800777002034423,8.974691494688164,5.698377302757663,0,0
-4.81,dA-L-meL-dP-meL-F,3168,89.09399999999998,-0.5817999999999999,63.32000000000001,2.0,2.0,1.0,0.0,0.0,0.3196779563386595,-0.4800942338470611,5.1547005383792515,2.6427344100918364,1,0,131.175,0.4443999999999999,63.32000000000001,2.0,2.0,3.0,0.0,0.0,0.319977946620586,-0.4800863173262635,7.439157588755425,4.036581260209188,0,0,145.202,0.7051000000000001,49.33,2.0,2.0,4.0,0.0,0.0,0.3201916549570671,-0.4800807607084159,8.146264369941973,4.574586062669973,0,1,115.13200000000002,-0.177,49.33,2.0,2.0,1.0,1.0,0.0,0.3201918797186009,-0.4800807667669501,5.983127663125442,3.8045304526403103,1,1,145.202,0.7051000000000001,49.33,2.0,2.0,4.0,0.0,0.0,0.3201916549570671,-0.4800807607084159,8.146264369941973,4.574586062669973,0,1,165.19199999999995,0.641,63.32000000000001,2.0,2.0,3.0,1.0,1.0,0.3203155016395601,-0.4800777002034423,8.974691494688164,5.698377302757663,0,0
-4.87,dA-meL-L-dP-meL-F,3169,89.09399999999998,-0.5817999999999999,63.32000000000001,2.0,2.0,1.0,0.0,0.0,0.3196779563386595,-0.4800942338470611,5.1547005383792515,2.6427344100918364,1,0,145.202,0.7051000000000001,49.33,2.0,2.0,4.0,0.0,0.0,0.3201916549570671,-0.4800807607084159,8.146264369941973,4.574586062669973,0,1,131.175,0.4443999999999999,63.32000000000001,2.0,2.0,3.0,0.0,0.0,0.319977946620586,-0.4800863173262635,7.439157588755425,4.036581260209188,0,0,115.13200000000002,-0.177,49.33,2.0,2.0,1.0,1.0,0.0,0.3201918797186009,-0.4800807667669501,5.983127663125442,3.8045304526403103,1,1,145.202,0.7051000000000001,49.33,2.0,2.0,4.0,0.0,0.0,0.3201916549570671,-0.4800807607084159,8.146264369941973,4.574586062669973,0,1,165.19199999999995,0.641,63.32000000000001,2.0,2.0,3.0,1.0,1.0,0.3203155016395601,-0.4800777002034423,8.974691494688164,5.698377302757663,0,0
-5.07,dA-Me_dL-meL-dP-Me_dL-F,3174,89.09399999999998,-0.5817999999999999,63.32000000000001,2.0,2.0,1.0,0.0,0.0,0.3196779563386595,-0.4800942338470611,5.1547005383792515,2.6427344100918364,1,0,145.202,0.7051000000000001,49.33,2.0,2.0,4.0,0.0,0.0,0.3201916549570671,-0.4800807607084159,8.146264369941973,4.574586062669973,0,1,145.202,0.7051000000000001,49.33,2.0,2.0,4.0,0.0,0.0,0.3201916549570671,-0.4800807607084159,8.146264369941973,4.574586062669973,0,1,115.13200000000002,-0.177,49.33,2.0,2.0,1.0,1.0,0.0,0.3201918797186009,-0.4800807667669501,5.983127663125442,3.8045304526403103,1,1,145.202,0.7051000000000001,49.33,2.0,2.0,4.0,0.0,0.0,0.3201916549570671,-0.4800807607084159,8.146264369941973,4.574586062669973,0,1,165.19199999999995,0.641,63.32000000000001,2.0,2.0,3.0,1.0,1.0,0.3203155016395601,-0.4800777002034423,8.974691494688164,5.698377302757663,0,0
-5.2,dA-Me_dL-Bn_Gly-dP-dL-F,3179,89.09399999999998,-0.5817999999999999,63.32000000000001,2.0,2.0,1.0,0.0,0.0,0.3196779563386595,-0.4800942338470611,5.1547005383792515,2.6427344100918364,1,0,145.202,0.7051000000000001,49.33,2.0,2.0,4.0,0.0,0.0,0.3201916549570671,-0.4800807607084159,8.146264369941973,4.574586062669973,0,1,165.192,0.8607999999999996,49.33,2.0,2.0,4.0,1.0,1.0,0.3169885914261252,-0.480291375186306,8.811554787871634,5.787693700234704,0,1,115.13200000000002,-0.177,49.33,2.0,2.0,1.0,1.0,0.0,0.3201918797186009,-0.4800807667669501,5.983127663125442,3.8045304526403103,1,1,131.175,0.4443999999999999,63.32000000000001,2.0,2.0,3.0,0.0,0.0,0.319977946620586,-0.4800863173262635,7.439157588755425,4.036581260209188,1,0,165.19199999999995,0.641,63.32000000000001,2.0,2.0,3.0,1.0,1.0,0.3203155016395601,-0.4800777002034423,8.974691494688164,5.698377302757663,0,0
-5.02,dA-meL-Me_dL-dP-meL-F,3180,89.09399999999998,-0.5817999999999999,63.32000000000001,2.0,2.0,1.0,0.0,0.0,0.3196779563386595,-0.4800942338470611,5.1547005383792515,2.6427344100918364,1,0,145.202,0.7051000000000001,49.33,2.0,2.0,4.0,0.0,0.0,0.3201916549570671,-0.4800807607084159,8.146264369941973,4.574586062669973,0,1,145.202,0.7051000000000001,49.33,2.0,2.0,4.0,0.0,0.0,0.3201916549570671,-0.4800807607084159,8.146264369941973,4.574586062669973,0,1,115.13200000000002,-0.177,49.33,2.0,2.0,1.0,1.0,0.0,0.3201918797186009,-0.4800807667669501,5.983127663125442,3.8045304526403103,1,1,145.202,0.7051000000000001,49.33,2.0,2.0,4.0,0.0,0.0,0.3201916549570671,-0.4800807607084159,8.146264369941973,4.574586062669973,0,1,165.19199999999995,0.641,63.32000000000001,2.0,2.0,3.0,1.0,1.0,0.3203155016395601,-0.4800777002034423,8.974691494688164,5.698377302757663,0,0
-4.99,dA-Me_dL-meL-dP-meL-F,3181,89.09399999999998,-0.5817999999999999,63.32000000000001,2.0,2.0,1.0,0.0,0.0,0.3196779563386595,-0.4800942338470611,5.1547005383792515,2.6427344100918364,1,0,145.202,0.7051000000000001,49.33,2.0,2.0,4.0,0.0,0.0,0.3201916549570671,-0.4800807607084159,8.146264369941973,4.574586062669973,0,1,145.202,0.7051000000000001,49.33,2.0,2.0,4.0,0.0,0.0,0.3201916549570671,-0.4800807607084159,8.146264369941973,4.574586062669973,0,1,115.13200000000002,-0.177,49.33,2.0,2.0,1.0,1.0,0.0,0.3201918797186009,-0.4800807667669501,5.983127663125442,3.8045304526403103,1,1,145.202,0.7051000000000001,49.33,2.0,2.0,4.0,0.0,0.0,0.3201916549570671,-0.4800807607084159,8.146264369941973,4.574586062669973,0,1,165.19199999999995,0.641,63.32000000000001,2.0,2.0,3.0,1.0,1.0,0.3203155016395601,-0.4800777002034423,8.974691494688164,5.698377302757663,0,0
-5.01,dA-meL-meL-dP-Me_dL-F,3182,89.09399999999998,-0.5817999999999999,63.32000000000001,2.0,2.0,1.0,0.0,0.0,0.3196779563386595,-0.4800942338470611,5.1547005383792515,2.6427344100918364,1,0,145.202,0.7051000000000001,49.33,2.0,2.0,4.0,0.0,0.0,0.3201916549570671,-0.4800807607084159,8.146264369941973,4.574586062669973,0,1,145.202,0.7051000000000001,49.33,2.0,2.0,4.0,0.0,0.0,0.3201916549570671,-0.4800807607084159,8.146264369941973,4.574586062669973,0,1,115.13200000000002,-0.177,49.33,2.0,2.0,1.0,1.0,0.0,0.3201918797186009,-0.4800807667669501,5.983127663125442,3.8045304526403103,1,1,145.202,0.7051000000000001,49.33,2.0,2.0,4.0,0.0,0.0,0.3201916549570671,-0.4800807607084159,8.146264369941973,4.574586062669973,0,1,165.19199999999995,0.641,63.32000000000001,2.0,2.0,3.0,1.0,1.0,0.3203155016395601,-0.4800777002034423,8.974691494688164,5.698377302757663,0,0
-5.06,dA-L-bHph-dP-dL-F,3188,89.09399999999998,-0.5817999999999999,63.32000000000001,2.0,2.0,1.0,0.0,0.0,0.3196779563386595,-0.4800942338470611,5.1547005383792515,2.6427344100918364,1,0,131.175,0.4443999999999999,63.32000000000001,2.0,2.0,3.0,0.0,0.0,0.319977946620586,-0.4800863173262635,7.439157588755425,4.036581260209188,0,0,179.219,1.0310999999999997,63.32000000000001,2.0,2.0,4.0,1.0,1.0,0.3044293792840294,-0.4811872335599088,9.681798275874712,6.1815405503520555,0,1,115.13200000000002,-0.177,49.33,2.0,2.0,1.0,1.0,0.0,0.3201918797186009,-0.4800807667669501,5.983127663125442,3.8045304526403103,1,1,131.175,0.4443999999999999,63.32000000000001,2.0,2.0,3.0,0.0,0.0,0.319977946620586,-0.4800863173262635,7.439157588755425,4.036581260209188,1,0,165.19199999999995,0.641,63.32000000000001,2.0,2.0,3.0,1.0,1.0,0.3203155016395601,-0.4800777002034423,8.974691494688164,5.698377302757663,0,0
-5.18,dA-Me_dL-L-dP-Bn_Gly-F,3189,89.09399999999998,-0.5817999999999999,63.32000000000001,2.0,2.0,1.0,0.0,0.0,0.3196779563386595,-0.4800942338470611,5.1547005383792515,2.6427344100918364,1,0,145.202,0.7051000000000001,49.33,2.0,2.0,4.0,0.0,0.0,0.3201916549570671,-0.4800807607084159,8.146264369941973,4.574586062669973,0,1,131.175,0.4443999999999999,63.32000000000001,2.0,2.0,3.0,0.0,0.0,0.319977946620586,-0.4800863173262635,7.439157588755425,4.036581260209188,0,0,115.13200000000002,-0.177,49.33,2.0,2.0,1.0,1.0,0.0,0.3201918797186009,-0.4800807667669501,5.983127663125442,3.8045304526403103,1,1,165.192,0.8607999999999996,49.33,2.0,2.0,4.0,1.0,1.0,0.3169885914261252,-0.480291375186306,8.811554787871634,5.787693700234704,0,1,165.19199999999995,0.641,63.32000000000001,2.0,2.0,3.0,1.0,1.0,0.3203155016395601,-0.4800777002034423,8.974691494688164,5.698377302757663,0,0
-5.0,dA-meL-meL-dP-meL-F,3190,89.09399999999998,-0.5817999999999999,63.32000000000001,2.0,2.0,1.0,0.0,0.0,0.3196779563386595,-0.4800942338470611,5.1547005383792515,2.6427344100918364,1,0,145.202,0.7051000000000001,49.33,2.0,2.0,4.0,0.0,0.0,0.3201916549570671,-0.4800807607084159,8.146264369941973,4.574586062669973,0,1,145.202,0.7051000000000001,49.33,2.0,2.0,4.0,0.0,0.0,0.3201916549570671,-0.4800807607084159,8.146264369941973,4.574586062669973,0,1,115.13200000000002,-0.177,49.33,2.0,2.0,1.0,1.0,0.0,0.3201918797186009,-0.4800807667669501,5.983127663125442,3.8045304526403103,1,1,145.202,0.7051000000000001,49.33,2.0,2.0,4.0,0.0,0.0,0.3201916549570671,-0.4800807607084159,8.146264369941973,4.574586062669973,0,1,165.19199999999995,0.641,63.32000000000001,2.0,2.0,3.0,1.0,1.0,0.3203155016395601,-0.4800777002034423,8.974691494688164,5.698377302757663,0,0
-5.04,dA-L-Bn_Gly-dP-meL-F,3193,89.09399999999998,-0.5817999999999999,63.32000000000001,2.0,2.0,1.0,0.0,0.0,0.3196779563386595,-0.4800942338470611,5.1547005383792515,2.6427344100918364,1,0,131.175,0.4443999999999999,63.32000000000001,2.0,2.0,3.0,0.0,0.0,0.319977946620586,-0.4800863173262635,7.439157588755425,4.036581260209188,0,0,165.192,0.8607999999999996,49.33,2.0,2.0,4.0,1.0,1.0,0.3169885914261252,-0.480291375186306,8.811554787871634,5.787693700234704,0,1,115.13200000000002,-0.177,49.33,2.0,2.0,1.0,1.0,0.0,0.3201918797186009,-0.4800807667669501,5.983127663125442,3.8045304526403103,1,1,145.202,0.7051000000000001,49.33,2.0,2.0,4.0,0.0,0.0,0.3201916549570671,-0.4800807607084159,8.146264369941973,4.574586062669973,0,1,165.19199999999995,0.641,63.32000000000001,2.0,2.0,3.0,1.0,1.0,0.3203155016395601,-0.4800777002034423,8.974691494688164,5.698377302757663,0,0
-5.2,dA-meL-L-dP-Bn_Gly-F,3195,89.09399999999998,-0.5817999999999999,63.32000000000001,2.0,2.0,1.0,0.0,0.0,0.3196779563386595,-0.4800942338470611,5.1547005383792515,2.6427344100918364,1,0,145.202,0.7051000000000001,49.33,2.0,2.0,4.0,0.0,0.0,0.3201916549570671,-0.4800807607084159,8.146264369941973,4.574586062669973,0,1,131.175,0.4443999999999999,63.32000000000001,2.0,2.0,3.0,0.0,0.0,0.319977946620586,-0.4800863173262635,7.439157588755425,4.036581260209188,0,0,115.13200000000002,-0.177,49.33,2.0,2.0,1.0,1.0,0.0,0.3201918797186009,-0.4800807667669501,5.983127663125442,3.8045304526403103,1,1,165.192,0.8607999999999996,49.33,2.0,2.0,4.0,1.0,1.0,0.3169885914261252,-0.480291375186306,8.811554787871634,5.787693700234704,0,1,165.19199999999995,0.641,63.32000000000001,2.0,2.0,3.0,1.0,1.0,0.3203155016395601,-0.4800777002034423,8.974691494688164,5.698377302757663,0,0
-5.0,dA-Me_dL-Bn_Gly-dP-meL-F,3202,89.09399999999998,-0.5817999999999999,63.32000000000001,2.0,2.0,1.0,0.0,0.0,0.3196779563386595,-0.4800942338470611,5.1547005383792515,2.6427344100918364,1,0,145.202,0.7051000000000001,49.33,2.0,2.0,4.0,0.0,0.0,0.3201916549570671,-0.4800807607084159,8.146264369941973,4.574586062669973,0,1,165.192,0.8607999999999996,49.33,2.0,2.0,4.0,1.0,1.0,0.3169885914261252,-0.480291375186306,8.811554787871634,5.787693700234704,0,1,115.13200000000002,-0.177,49.33,2.0,2.0,1.0,1.0,0.0,0.3201918797186009,-0.4800807667669501,5.983127663125442,3.8045304526403103,1,1,145.202,0.7051000000000001,49.33,2.0,2.0,4.0,0.0,0.0,0.3201916549570671,-0.4800807607084159,8.146264369941973,4.574586062669973,0,1,165.19199999999995,0.641,63.32000000000001,2.0,2.0,3.0,1.0,1.0,0.3203155016395601,-0.4800777002034423,8.974691494688164,5.698377302757663,0,0
-5.08,meA-Me_dL-dL-P-dL-F,3223,103.12099999999998,-0.3211000000000002,49.33,2.0,2.0,2.0,0.0,0.0,0.3198914670212205,-0.4800886827799933,5.8618073195657985,3.1807392125526213,0,1,145.202,0.7051000000000001,49.33,2.0,2.0,4.0,0.0,0.0,0.3201916549570671,-0.4800807607084159,8.146264369941973,4.574586062669973,0,1,131.175,0.4443999999999999,63.32000000000001,2.0,2.0,3.0,0.0,0.0,0.319977946620586,-0.4800863173262635,7.439157588755425,4.036581260209188,1,0,115.13200000000002,-0.177,49.33,2.0,2.0,1.0,1.0,0.0,0.3201918797186009,-0.4800807667669501,5.983127663125442,3.8045304526403103,0,1,131.175,0.4443999999999999,63.32000000000001,2.0,2.0,3.0,0.0,0.0,0.319977946620586,-0.4800863173262635,7.439157588755425,4.036581260209188,1,0,165.19199999999995,0.641,63.32000000000001,2.0,2.0,3.0,1.0,1.0,0.3203155016395601,-0.4800777002034423,8.974691494688164,5.698377302757663,0,0
-5.19,meA-dL-dL-P-Me_dL-F,3224,103.12099999999998,-0.3211000000000002,49.33,2.0,2.0,2.0,0.0,0.0,0.3198914670212205,-0.4800886827799933,5.8618073195657985,3.1807392125526213,0,1,131.175,0.4443999999999999,63.32000000000001,2.0,2.0,3.0,0.0,0.0,0.319977946620586,-0.4800863173262635,7.439157588755425,4.036581260209188,1,0,131.175,0.4443999999999999,63.32000000000001,2.0,2.0,3.0,0.0,0.0,0.319977946620586,-0.4800863173262635,7.439157588755425,4.036581260209188,1,0,115.13200000000002,-0.177,49.33,2.0,2.0,1.0,1.0,0.0,0.3201918797186009,-0.4800807667669501,5.983127663125442,3.8045304526403103,0,1,145.202,0.7051000000000001,49.33,2.0,2.0,4.0,0.0,0.0,0.3201916549570671,-0.4800807607084159,8.146264369941973,4.574586062669973,0,1,165.19199999999995,0.641,63.32000000000001,2.0,2.0,3.0,1.0,1.0,0.3203155016395601,-0.4800777002034423,8.974691494688164,5.698377302757663,0,0
-5.12,meA-dL-meL-P-dL-F,3228,103.12099999999998,-0.3211000000000002,49.33,2.0,2.0,2.0,0.0,0.0,0.3198914670212205,-0.4800886827799933,5.8618073195657985,3.1807392125526213,0,1,131.175,0.4443999999999999,63.32000000000001,2.0,2.0,3.0,0.0,0.0,0.319977946620586,-0.4800863173262635,7.439157588755425,4.036581260209188,1,0,145.202,0.7051000000000001,49.33,2.0,2.0,4.0,0.0,0.0,0.3201916549570671,-0.4800807607084159,8.146264369941973,4.574586062669973,0,1,115.13200000000002,-0.177,49.33,2.0,2.0,1.0,1.0,0.0,0.3201918797186009,-0.4800807667669501,5.983127663125442,3.8045304526403103,0,1,131.175,0.4443999999999999,63.32000000000001,2.0,2.0,3.0,0.0,0.0,0.319977946620586,-0.4800863173262635,7.439157588755425,4.036581260209188,1,0,165.19199999999995,0.641,63.32000000000001,2.0,2.0,3.0,1.0,1.0,0.3203155016395601,-0.4800777002034423,8.974691494688164,5.698377302757663,0,0
-5.07,meA-L-dL-P-Me_dL-F,3229,103.12099999999998,-0.3211000000000002,49.33,2.0,2.0,2.0,0.0,0.0,0.3198914670212205,-0.4800886827799933,5.8618073195657985,3.1807392125526213,0,1,131.175,0.4443999999999999,63.32000000000001,2.0,2.0,3.0,0.0,0.0,0.319977946620586,-0.4800863173262635,7.439157588755425,4.036581260209188,0,0,131.175,0.4443999999999999,63.32000000000001,2.0,2.0,3.0,0.0,0.0,0.319977946620586,-0.4800863173262635,7.439157588755425,4.036581260209188,1,0,115.13200000000002,-0.177,49.33,2.0,2.0,1.0,1.0,0.0,0.3201918797186009,-0.4800807667669501,5.983127663125442,3.8045304526403103,0,1,145.202,0.7051000000000001,49.33,2.0,2.0,4.0,0.0,0.0,0.3201916549570671,-0.4800807607084159,8.146264369941973,4.574586062669973,0,1,165.19199999999995,0.641,63.32000000000001,2.0,2.0,3.0,1.0,1.0,0.3203155016395601,-0.4800777002034423,8.974691494688164,5.698377302757663,0,0
-5.13,meA-dL-L-P-Me_dL-F,3230,103.12099999999998,-0.3211000000000002,49.33,2.0,2.0,2.0,0.0,0.0,0.3198914670212205,-0.4800886827799933,5.8618073195657985,3.1807392125526213,0,1,131.175,0.4443999999999999,63.32000000000001,2.0,2.0,3.0,0.0,0.0,0.319977946620586,-0.4800863173262635,7.439157588755425,4.036581260209188,1,0,131.175,0.4443999999999999,63.32000000000001,2.0,2.0,3.0,0.0,0.0,0.319977946620586,-0.4800863173262635,7.439157588755425,4.036581260209188,0,0,115.13200000000002,-0.177,49.33,2.0,2.0,1.0,1.0,0.0,0.3201918797186009,-0.4800807667669501,5.983127663125442,3.8045304526403103,0,1,145.202,0.7051000000000001,49.33,2.0,2.0,4.0,0.0,0.0,0.3201916549570671,-0.4800807607084159,8.146264369941973,4.574586062669973,0,1,165.19199999999995,0.641,63.32000000000001,2.0,2.0,3.0,1.0,1.0,0.3203155016395601,-0.4800777002034423,8.974691494688164,5.698377302757663,0,0
-4.9,meA-dL-Me_dL-P-L-F,3231,103.12099999999998,-0.3211000000000002,49.33,2.0,2.0,2.0,0.0,0.0,0.3198914670212205,-0.4800886827799933,5.8618073195657985,3.1807392125526213,0,1,131.175,0.4443999999999999,63.32000000000001,2.0,2.0,3.0,0.0,0.0,0.319977946620586,-0.4800863173262635,7.439157588755425,4.036581260209188,1,0,145.202,0.7051000000000001,49.33,2.0,2.0,4.0,0.0,0.0,0.3201916549570671,-0.4800807607084159,8.146264369941973,4.574586062669973,0,1,115.13200000000002,-0.177,49.33,2.0,2.0,1.0,1.0,0.0,0.3201918797186009,-0.4800807667669501,5.983127663125442,3.8045304526403103,0,1,131.175,0.4443999999999999,63.32000000000001,2.0,2.0,3.0,0.0,0.0,0.319977946620586,-0.4800863173262635,7.439157588755425,4.036581260209188,0,0,165.19199999999995,0.641,63.32000000000001,2.0,2.0,3.0,1.0,1.0,0.3203155016395601,-0.4800777002034423,8.974691494688164,5.698377302757663,0,0
-4.83,meA-L-Me_dL-P-dL-F,3232,103.12099999999998,-0.3211000000000002,49.33,2.0,2.0,2.0,0.0,0.0,0.3198914670212205,-0.4800886827799933,5.8618073195657985,3.1807392125526213,0,1,131.175,0.4443999999999999,63.32000000000001,2.0,2.0,3.0,0.0,0.0,0.319977946620586,-0.4800863173262635,7.439157588755425,4.036581260209188,0,0,145.202,0.7051000000000001,49.33,2.0,2.0,4.0,0.0,0.0,0.3201916549570671,-0.4800807607084159,8.146264369941973,4.574586062669973,0,1,115.13200000000002,-0.177,49.33,2.0,2.0,1.0,1.0,0.0,0.3201918797186009,-0.4800807667669501,5.983127663125442,3.8045304526403103,0,1,131.175,0.4443999999999999,63.32000000000001,2.0,2.0,3.0,0.0,0.0,0.319977946620586,-0.4800863173262635,7.439157588755425,4.036581260209188,1,0,165.19199999999995,0.641,63.32000000000001,2.0,2.0,3.0,1.0,1.0,0.3203155016395601,-0.4800777002034423,8.974691494688164,5.698377302757663,0,0
-4.88,meA-meL-dL-P-dL-F,3233,103.12099999999998,-0.3211000000000002,49.33,2.0,2.0,2.0,0.0,0.0,0.3198914670212205,-0.4800886827799933,5.8618073195657985,3.1807392125526213,0,1,145.202,0.7051000000000001,49.33,2.0,2.0,4.0,0.0,0.0,0.3201916549570671,-0.4800807607084159,8.146264369941973,4.574586062669973,0,1,131.175,0.4443999999999999,63.32000000000001,2.0,2.0,3.0,0.0,0.0,0.319977946620586,-0.4800863173262635,7.439157588755425,4.036581260209188,1,0,115.13200000000002,-0.177,49.33,2.0,2.0,1.0,1.0,0.0,0.3201918797186009,-0.4800807667669501,5.983127663125442,3.8045304526403103,0,1,131.175,0.4443999999999999,63.32000000000001,2.0,2.0,3.0,0.0,0.0,0.319977946620586,-0.4800863173262635,7.439157588755425,4.036581260209188,1,0,165.19199999999995,0.641,63.32000000000001,2.0,2.0,3.0,1.0,1.0,0.3203155016395601,-0.4800777002034423,8.974691494688164,5.698377302757663,0,0
-5.09,meA-dL-L-P-meL-F,3238,103.12099999999998,-0.3211000000000002,49.33,2.0,2.0,2.0,0.0,0.0,0.3198914670212205,-0.4800886827799933,5.8618073195657985,3.1807392125526213,0,1,131.175,0.4443999999999999,63.32000000000001,2.0,2.0,3.0,0.0,0.0,0.319977946620586,-0.4800863173262635,7.439157588755425,4.036581260209188,1,0,131.175,0.4443999999999999,63.32000000000001,2.0,2.0,3.0,0.0,0.0,0.319977946620586,-0.4800863173262635,7.439157588755425,4.036581260209188,0,0,115.13200000000002,-0.177,49.33,2.0,2.0,1.0,1.0,0.0,0.3201918797186009,-0.4800807667669501,5.983127663125442,3.8045304526403103,0,1,145.202,0.7051000000000001,49.33,2.0,2.0,4.0,0.0,0.0,0.3201916549570671,-0.4800807607084159,8.146264369941973,4.574586062669973,0,1,165.19199999999995,0.641,63.32000000000001,2.0,2.0,3.0,1.0,1.0,0.3203155016395601,-0.4800777002034423,8.974691494688164,5.698377302757663,0,0
-5.0,meA-L-dL-P-meL-F,3239,103.12099999999998,-0.3211000000000002,49.33,2.0,2.0,2.0,0.0,0.0,0.3198914670212205,-0.4800886827799933,5.8618073195657985,3.1807392125526213,0,1,131.175,0.4443999999999999,63.32000000000001,2.0,2.0,3.0,0.0,0.0,0.319977946620586,-0.4800863173262635,7.439157588755425,4.036581260209188,0,0,131.175,0.4443999999999999,63.32000000000001,2.0,2.0,3.0,0.0,0.0,0.319977946620586,-0.4800863173262635,7.439157588755425,4.036581260209188,1,0,115.13200000000002,-0.177,49.33,2.0,2.0,1.0,1.0,0.0,0.3201918797186009,-0.4800807667669501,5.983127663125442,3.8045304526403103,0,1,145.202,0.7051000000000001,49.33,2.0,2.0,4.0,0.0,0.0,0.3201916549570671,-0.4800807607084159,8.146264369941973,4.574586062669973,0,1,165.19199999999995,0.641,63.32000000000001,2.0,2.0,3.0,1.0,1.0,0.3203155016395601,-0.4800777002034423,8.974691494688164,5.698377302757663,0,0
-5.11,meA-L-L-P-Me_dL-F,3240,103.12099999999998,-0.3211000000000002,49.33,2.0,2.0,2.0,0.0,0.0,0.3198914670212205,-0.4800886827799933,5.8618073195657985,3.1807392125526213,0,1,131.175,0.4443999999999999,63.32000000000001,2.0,2.0,3.0,0.0,0.0,0.319977946620586,-0.4800863173262635,7.439157588755425,4.036581260209188,0,0,131.175,0.4443999999999999,63.32000000000001,2.0,2.0,3.0,0.0,0.0,0.319977946620586,-0.4800863173262635,7.439157588755425,4.036581260209188,0,0,115.13200000000002,-0.177,49.33,2.0,2.0,1.0,1.0,0.0,0.3201918797186009,-0.4800807667669501,5.983127663125442,3.8045304526403103,0,1,145.202,0.7051000000000001,49.33,2.0,2.0,4.0,0.0,0.0,0.3201916549570671,-0.4800807607084159,8.146264369941973,4.574586062669973,0,1,165.19199999999995,0.641,63.32000000000001,2.0,2.0,3.0,1.0,1.0,0.3203155016395601,-0.4800777002034423,8.974691494688164,5.698377302757663,0,0
-4.94,meA-L-Me_dL-P-L-F,3241,103.12099999999998,-0.3211000000000002,49.33,2.0,2.0,2.0,0.0,0.0,0.3198914670212205,-0.4800886827799933,5.8618073195657985,3.1807392125526213,0,1,131.175,0.4443999999999999,63.32000000000001,2.0,2.0,3.0,0.0,0.0,0.319977946620586,-0.4800863173262635,7.439157588755425,4.036581260209188,0,0,145.202,0.7051000000000001,49.33,2.0,2.0,4.0,0.0,0.0,0.3201916549570671,-0.4800807607084159,8.146264369941973,4.574586062669973,0,1,115.13200000000002,-0.177,49.33,2.0,2.0,1.0,1.0,0.0,0.3201918797186009,-0.4800807667669501,5.983127663125442,3.8045304526403103,0,1,131.175,0.4443999999999999,63.32000000000001,2.0,2.0,3.0,0.0,0.0,0.319977946620586,-0.4800863173262635,7.439157588755425,4.036581260209188,0,0,165.19199999999995,0.641,63.32000000000001,2.0,2.0,3.0,1.0,1.0,0.3203155016395601,-0.4800777002034423,8.974691494688164,5.698377302757663,0,0
-4.86,meA-dL-Me_dL-P-Me_dL-F,3245,103.12099999999998,-0.3211000000000002,49.33,2.0,2.0,2.0,0.0,0.0,0.3198914670212205,-0.4800886827799933,5.8618073195657985,3.1807392125526213,0,1,131.175,0.4443999999999999,63.32000000000001,2.0,2.0,3.0,0.0,0.0,0.319977946620586,-0.4800863173262635,7.439157588755425,4.036581260209188,1,0,145.202,0.7051000000000001,49.33,2.0,2.0,4.0,0.0,0.0,0.3201916549570671,-0.4800807607084159,8.146264369941973,4.574586062669973,0,1,115.13200000000002,-0.177,49.33,2.0,2.0,1.0,1.0,0.0,0.3201918797186009,-0.4800807667669501,5.983127663125442,3.8045304526403103,0,1,145.202,0.7051000000000001,49.33,2.0,2.0,4.0,0.0,0.0,0.3201916549570671,-0.4800807607084159,8.146264369941973,4.574586062669973,0,1,165.19199999999995,0.641,63.32000000000001,2.0,2.0,3.0,1.0,1.0,0.3203155016395601,-0.4800777002034423,8.974691494688164,5.698377302757663,0,0
-4.85,meA-Me_dL-Me_dL-P-dL-F,3246,103.12099999999998,-0.3211000000000002,49.33,2.0,2.0,2.0,0.0,0.0,0.3198914670212205,-0.4800886827799933,5.8618073195657985,3.1807392125526213,0,1,145.202,0.7051000000000001,49.33,2.0,2.0,4.0,0.0,0.0,0.3201916549570671,-0.4800807607084159,8.146264369941973,4.574586062669973,0,1,145.202,0.7051000000000001,49.33,2.0,2.0,4.0,0.0,0.0,0.3201916549570671,-0.4800807607084159,8.146264369941973,4.574586062669973,0,1,115.13200000000002,-0.177,49.33,2.0,2.0,1.0,1.0,0.0,0.3201918797186009,-0.4800807667669501,5.983127663125442,3.8045304526403103,0,1,131.175,0.4443999999999999,63.32000000000001,2.0,2.0,3.0,0.0,0.0,0.319977946620586,-0.4800863173262635,7.439157588755425,4.036581260209188,1,0,165.19199999999995,0.641,63.32000000000001,2.0,2.0,3.0,1.0,1.0,0.3203155016395601,-0.4800777002034423,8.974691494688164,5.698377302757663,0,0
-4.98,meA-dL-meL-P-Me_dL-F,3251,103.12099999999998,-0.3211000000000002,49.33,2.0,2.0,2.0,0.0,0.0,0.3198914670212205,-0.4800886827799933,5.8618073195657985,3.1807392125526213,0,1,131.175,0.4443999999999999,63.32000000000001,2.0,2.0,3.0,0.0,0.0,0.319977946620586,-0.4800863173262635,7.439157588755425,4.036581260209188,1,0,145.202,0.7051000000000001,49.33,2.0,2.0,4.0,0.0,0.0,0.3201916549570671,-0.4800807607084159,8.146264369941973,4.574586062669973,0,1,115.13200000000002,-0.177,49.33,2.0,2.0,1.0,1.0,0.0,0.3201918797186009,-0.4800807667669501,5.983127663125442,3.8045304526403103,0,1,145.202,0.7051000000000001,49.33,2.0,2.0,4.0,0.0,0.0,0.3201916549570671,-0.4800807607084159,8.146264369941973,4.574586062669973,0,1,165.19199999999995,0.641,63.32000000000001,2.0,2.0,3.0,1.0,1.0,0.3203155016395601,-0.4800777002034423,8.974691494688164,5.698377302757663,0,0
-5.0,meA-Bn_Gly-dL-P-dL-F,3255,103.12099999999998,-0.3211000000000002,49.33,2.0,2.0,2.0,0.0,0.0,0.3198914670212205,-0.4800886827799933,5.8618073195657985,3.1807392125526213,0,1,165.192,0.8607999999999996,49.33,2.0,2.0,4.0,1.0,1.0,0.3169885914261252,-0.480291375186306,8.811554787871634,5.787693700234704,0,1,131.175,0.4443999999999999,63.32000000000001,2.0,2.0,3.0,0.0,0.0,0.319977946620586,-0.4800863173262635,7.439157588755425,4.036581260209188,1,0,115.13200000000002,-0.177,49.33,2.0,2.0,1.0,1.0,0.0,0.3201918797186009,-0.4800807667669501,5.983127663125442,3.8045304526403103,0,1,131.175,0.4443999999999999,63.32000000000001,2.0,2.0,3.0,0.0,0.0,0.319977946620586,-0.4800863173262635,7.439157588755425,4.036581260209188,1,0,165.19199999999995,0.641,63.32000000000001,2.0,2.0,3.0,1.0,1.0,0.3203155016395601,-0.4800777002034423,8.974691494688164,5.698377302757663,0,0
-5.11,meA-dL-dL-P-Bn_Gly-F,3256,103.12099999999998,-0.3211000000000002,49.33,2.0,2.0,2.0,0.0,0.0,0.3198914670212205,-0.4800886827799933,5.8618073195657985,3.1807392125526213,0,1,131.175,0.4443999999999999,63.32000000000001,2.0,2.0,3.0,0.0,0.0,0.319977946620586,-0.4800863173262635,7.439157588755425,4.036581260209188,1,0,131.175,0.4443999999999999,63.32000000000001,2.0,2.0,3.0,0.0,0.0,0.319977946620586,-0.4800863173262635,7.439157588755425,4.036581260209188,1,0,115.13200000000002,-0.177,49.33,2.0,2.0,1.0,1.0,0.0,0.3201918797186009,-0.4800807667669501,5.983127663125442,3.8045304526403103,0,1,165.192,0.8607999999999996,49.33,2.0,2.0,4.0,1.0,1.0,0.3169885914261252,-0.480291375186306,8.811554787871634,5.787693700234704,0,1,165.19199999999995,0.641,63.32000000000001,2.0,2.0,3.0,1.0,1.0,0.3203155016395601,-0.4800777002034423,8.974691494688164,5.698377302757663,0,0
-5.08,meA-meL-meL-P-dL-F,3257,103.12099999999998,-0.3211000000000002,49.33,2.0,2.0,2.0,0.0,0.0,0.3198914670212205,-0.4800886827799933,5.8618073195657985,3.1807392125526213,0,1,145.202,0.7051000000000001,49.33,2.0,2.0,4.0,0.0,0.0,0.3201916549570671,-0.4800807607084159,8.146264369941973,4.574586062669973,0,1,145.202,0.7051000000000001,49.33,2.0,2.0,4.0,0.0,0.0,0.3201916549570671,-0.4800807607084159,8.146264369941973,4.574586062669973,0,1,115.13200000000002,-0.177,49.33,2.0,2.0,1.0,1.0,0.0,0.3201918797186009,-0.4800807667669501,5.983127663125442,3.8045304526403103,0,1,131.175,0.4443999999999999,63.32000000000001,2.0,2.0,3.0,0.0,0.0,0.319977946620586,-0.4800863173262635,7.439157588755425,4.036581260209188,1,0,165.19199999999995,0.641,63.32000000000001,2.0,2.0,3.0,1.0,1.0,0.3203155016395601,-0.4800777002034423,8.974691494688164,5.698377302757663,0,0
-5.16,meA-Me_dL-dL-P-Bn_Gly-F,3275,103.12099999999998,-0.3211000000000002,49.33,2.0,2.0,2.0,0.0,0.0,0.3198914670212205,-0.4800886827799933,5.8618073195657985,3.1807392125526213,0,1,145.202,0.7051000000000001,49.33,2.0,2.0,4.0,0.0,0.0,0.3201916549570671,-0.4800807607084159,8.146264369941973,4.574586062669973,0,1,131.175,0.4443999999999999,63.32000000000001,2.0,2.0,3.0,0.0,0.0,0.319977946620586,-0.4800863173262635,7.439157588755425,4.036581260209188,1,0,115.13200000000002,-0.177,49.33,2.0,2.0,1.0,1.0,0.0,0.3201918797186009,-0.4800807667669501,5.983127663125442,3.8045304526403103,0,1,165.192,0.8607999999999996,49.33,2.0,2.0,4.0,1.0,1.0,0.3169885914261252,-0.480291375186306,8.811554787871634,5.787693700234704,0,1,165.19199999999995,0.641,63.32000000000001,2.0,2.0,3.0,1.0,1.0,0.3203155016395601,-0.4800777002034423,8.974691494688164,5.698377302757663,0,0
-5.17,meA-dL-Bn_Gly-P-Me_dL-F,3276,103.12099999999998,-0.3211000000000002,49.33,2.0,2.0,2.0,0.0,0.0,0.3198914670212205,-0.4800886827799933,5.8618073195657985,3.1807392125526213,0,1,131.175,0.4443999999999999,63.32000000000001,2.0,2.0,3.0,0.0,0.0,0.319977946620586,-0.4800863173262635,7.439157588755425,4.036581260209188,1,0,165.192,0.8607999999999996,49.33,2.0,2.0,4.0,1.0,1.0,0.3169885914261252,-0.480291375186306,8.811554787871634,5.787693700234704,0,1,115.13200000000002,-0.177,49.33,2.0,2.0,1.0,1.0,0.0,0.3201918797186009,-0.4800807667669501,5.983127663125442,3.8045304526403103,0,1,145.202,0.7051000000000001,49.33,2.0,2.0,4.0,0.0,0.0,0.3201916549570671,-0.4800807607084159,8.146264369941973,4.574586062669973,0,1,165.19199999999995,0.641,63.32000000000001,2.0,2.0,3.0,1.0,1.0,0.3203155016395601,-0.4800777002034423,8.974691494688164,5.698377302757663,0,0
-4.84,meA-meL-meL-P-Me_dL-F,3277,103.12099999999998,-0.3211000000000002,49.33,2.0,2.0,2.0,0.0,0.0,0.3198914670212205,-0.4800886827799933,5.8618073195657985,3.1807392125526213,0,1,145.202,0.7051000000000001,49.33,2.0,2.0,4.0,0.0,0.0,0.3201916549570671,-0.4800807607084159,8.146264369941973,4.574586062669973,0,1,145.202,0.7051000000000001,49.33,2.0,2.0,4.0,0.0,0.0,0.3201916549570671,-0.4800807607084159,8.146264369941973,4.574586062669973,0,1,115.13200000000002,-0.177,49.33,2.0,2.0,1.0,1.0,0.0,0.3201918797186009,-0.4800807667669501,5.983127663125442,3.8045304526403103,0,1,145.202,0.7051000000000001,49.33,2.0,2.0,4.0,0.0,0.0,0.3201916549570671,-0.4800807607084159,8.146264369941973,4.574586062669973,0,1,165.19199999999995,0.641,63.32000000000001,2.0,2.0,3.0,1.0,1.0,0.3203155016395601,-0.4800777002034423,8.974691494688164,5.698377302757663,0,0
-4.88,meA-L-Me_dL-P-Bn_Gly-F,3284,103.12099999999998,-0.3211000000000002,49.33,2.0,2.0,2.0,0.0,0.0,0.3198914670212205,-0.4800886827799933,5.8618073195657985,3.1807392125526213,0,1,131.175,0.4443999999999999,63.32000000000001,2.0,2.0,3.0,0.0,0.0,0.319977946620586,-0.4800863173262635,7.439157588755425,4.036581260209188,0,0,145.202,0.7051000000000001,49.33,2.0,2.0,4.0,0.0,0.0,0.3201916549570671,-0.4800807607084159,8.146264369941973,4.574586062669973,0,1,115.13200000000002,-0.177,49.33,2.0,2.0,1.0,1.0,0.0,0.3201918797186009,-0.4800807667669501,5.983127663125442,3.8045304526403103,0,1,165.192,0.8607999999999996,49.33,2.0,2.0,4.0,1.0,1.0,0.3169885914261252,-0.480291375186306,8.811554787871634,5.787693700234704,0,1,165.19199999999995,0.641,63.32000000000001,2.0,2.0,3.0,1.0,1.0,0.3203155016395601,-0.4800777002034423,8.974691494688164,5.698377302757663,0,0
-4.9,meA-meL-dL-P-Bn_Gly-F,3285,103.12099999999998,-0.3211000000000002,49.33,2.0,2.0,2.0,0.0,0.0,0.3198914670212205,-0.4800886827799933,5.8618073195657985,3.1807392125526213,0,1,145.202,0.7051000000000001,49.33,2.0,2.0,4.0,0.0,0.0,0.3201916549570671,-0.4800807607084159,8.146264369941973,4.574586062669973,0,1,131.175,0.4443999999999999,63.32000000000001,2.0,2.0,3.0,0.0,0.0,0.319977946620586,-0.4800863173262635,7.439157588755425,4.036581260209188,1,0,115.13200000000002,-0.177,49.33,2.0,2.0,1.0,1.0,0.0,0.3201918797186009,-0.4800807667669501,5.983127663125442,3.8045304526403103,0,1,165.192,0.8607999999999996,49.33,2.0,2.0,4.0,1.0,1.0,0.3169885914261252,-0.480291375186306,8.811554787871634,5.787693700234704,0,1,165.19199999999995,0.641,63.32000000000001,2.0,2.0,3.0,1.0,1.0,0.3203155016395601,-0.4800777002034423,8.974691494688164,5.698377302757663,0,0
-4.99,meA-L-Bn_Gly-P-Me_dL-F,3286,103.12099999999998,-0.3211000000000002,49.33,2.0,2.0,2.0,0.0,0.0,0.3198914670212205,-0.4800886827799933,5.8618073195657985,3.1807392125526213,0,1,131.175,0.4443999999999999,63.32000000000001,2.0,2.0,3.0,0.0,0.0,0.319977946620586,-0.4800863173262635,7.439157588755425,4.036581260209188,0,0,165.192,0.8607999999999996,49.33,2.0,2.0,4.0,1.0,1.0,0.3169885914261252,-0.480291375186306,8.811554787871634,5.787693700234704,0,1,115.13200000000002,-0.177,49.33,2.0,2.0,1.0,1.0,0.0,0.3201918797186009,-0.4800807667669501,5.983127663125442,3.8045304526403103,0,1,145.202,0.7051000000000001,49.33,2.0,2.0,4.0,0.0,0.0,0.3201916549570671,-0.4800807607084159,8.146264369941973,4.574586062669973,0,1,165.19199999999995,0.641,63.32000000000001,2.0,2.0,3.0,1.0,1.0,0.3203155016395601,-0.4800777002034423,8.974691494688164,5.698377302757663,0,0
-4.94,meA-Me_dL-L-P-Bn_Gly-F,3287,103.12099999999998,-0.3211000000000002,49.33,2.0,2.0,2.0,0.0,0.0,0.3198914670212205,-0.4800886827799933,5.8618073195657985,3.1807392125526213,0,1,145.202,0.7051000000000001,49.33,2.0,2.0,4.0,0.0,0.0,0.3201916549570671,-0.4800807607084159,8.146264369941973,4.574586062669973,0,1,131.175,0.4443999999999999,63.32000000000001,2.0,2.0,3.0,0.0,0.0,0.319977946620586,-0.4800863173262635,7.439157588755425,4.036581260209188,0,0,115.13200000000002,-0.177,49.33,2.0,2.0,1.0,1.0,0.0,0.3201918797186009,-0.4800807667669501,5.983127663125442,3.8045304526403103,0,1,165.192,0.8607999999999996,49.33,2.0,2.0,4.0,1.0,1.0,0.3169885914261252,-0.480291375186306,8.811554787871634,5.787693700234704,0,1,165.19199999999995,0.641,63.32000000000001,2.0,2.0,3.0,1.0,1.0,0.3203155016395601,-0.4800777002034423,8.974691494688164,5.698377302757663,0,0
-4.98,meA-dL-meL-P-Bn_Gly-F,3288,103.12099999999998,-0.3211000000000002,49.33,2.0,2.0,2.0,0.0,0.0,0.3198914670212205,-0.4800886827799933,5.8618073195657985,3.1807392125526213,0,1,131.175,0.4443999999999999,63.32000000000001,2.0,2.0,3.0,0.0,0.0,0.319977946620586,-0.4800863173262635,7.439157588755425,4.036581260209188,1,0,145.202,0.7051000000000001,49.33,2.0,2.0,4.0,0.0,0.0,0.3201916549570671,-0.4800807607084159,8.146264369941973,4.574586062669973,0,1,115.13200000000002,-0.177,49.33,2.0,2.0,1.0,1.0,0.0,0.3201918797186009,-0.4800807667669501,5.983127663125442,3.8045304526403103,0,1,165.192,0.8607999999999996,49.33,2.0,2.0,4.0,1.0,1.0,0.3169885914261252,-0.480291375186306,8.811554787871634,5.787693700234704,0,1,165.19199999999995,0.641,63.32000000000001,2.0,2.0,3.0,1.0,1.0,0.3203155016395601,-0.4800777002034423,8.974691494688164,5.698377302757663,0,0
-5.15,meA-L-Bn_Gly-P-meL-F,3290,103.12099999999998,-0.3211000000000002,49.33,2.0,2.0,2.0,0.0,0.0,0.3198914670212205,-0.4800886827799933,5.8618073195657985,3.1807392125526213,0,1,131.175,0.4443999999999999,63.32000000000001,2.0,2.0,3.0,0.0,0.0,0.319977946620586,-0.4800863173262635,7.439157588755425,4.036581260209188,0,0,165.192,0.8607999999999996,49.33,2.0,2.0,4.0,1.0,1.0,0.3169885914261252,-0.480291375186306,8.811554787871634,5.787693700234704,0,1,115.13200000000002,-0.177,49.33,2.0,2.0,1.0,1.0,0.0,0.3201918797186009,-0.4800807667669501,5.983127663125442,3.8045304526403103,0,1,145.202,0.7051000000000001,49.33,2.0,2.0,4.0,0.0,0.0,0.3201916549570671,-0.4800807607084159,8.146264369941973,4.574586062669973,0,1,165.19199999999995,0.641,63.32000000000001,2.0,2.0,3.0,1.0,1.0,0.3203155016395601,-0.4800777002034423,8.974691494688164,5.698377302757663,0,0
-4.82,meA-meL-Me_dL-P-Bn_Gly-F,3300,103.12099999999998,-0.3211000000000002,49.33,2.0,2.0,2.0,0.0,0.0,0.3198914670212205,-0.4800886827799933,5.8618073195657985,3.1807392125526213,0,1,145.202,0.7051000000000001,49.33,2.0,2.0,4.0,0.0,0.0,0.3201916549570671,-0.4800807607084159,8.146264369941973,4.574586062669973,0,1,145.202,0.7051000000000001,49.33,2.0,2.0,4.0,0.0,0.0,0.3201916549570671,-0.4800807607084159,8.146264369941973,4.574586062669973,0,1,115.13200000000002,-0.177,49.33,2.0,2.0,1.0,1.0,0.0,0.3201918797186009,-0.4800807667669501,5.983127663125442,3.8045304526403103,0,1,165.192,0.8607999999999996,49.33,2.0,2.0,4.0,1.0,1.0,0.3169885914261252,-0.480291375186306,8.811554787871634,5.787693700234704,0,1,165.19199999999995,0.641,63.32000000000001,2.0,2.0,3.0,1.0,1.0,0.3203155016395601,-0.4800777002034423,8.974691494688164,5.698377302757663,0,0
-4.81,meA-meL-Bn_Gly-P-meL-F,3304,103.12099999999998,-0.3211000000000002,49.33,2.0,2.0,2.0,0.0,0.0,0.3198914670212205,-0.4800886827799933,5.8618073195657985,3.1807392125526213,0,1,145.202,0.7051000000000001,49.33,2.0,2.0,4.0,0.0,0.0,0.3201916549570671,-0.4800807607084159,8.146264369941973,4.574586062669973,0,1,165.192,0.8607999999999996,49.33,2.0,2.0,4.0,1.0,1.0,0.3169885914261252,-0.480291375186306,8.811554787871634,5.787693700234704,0,1,115.13200000000002,-0.177,49.33,2.0,2.0,1.0,1.0,0.0,0.3201918797186009,-0.4800807667669501,5.983127663125442,3.8045304526403103,0,1,145.202,0.7051000000000001,49.33,2.0,2.0,4.0,0.0,0.0,0.3201916549570671,-0.4800807607084159,8.146264369941973,4.574586062669973,0,1,165.19199999999995,0.641,63.32000000000001,2.0,2.0,3.0,1.0,1.0,0.3203155016395601,-0.4800777002034423,8.974691494688164,5.698377302757663,0,0
-4.89,meA-meL-bHph-P-Me_dL-F,3307,103.12099999999998,-0.3211000000000002,49.33,2.0,2.0,2.0,0.0,0.0,0.3198914670212205,-0.4800886827799933,5.8618073195657985,3.1807392125526213,0,1,145.202,0.7051000000000001,49.33,2.0,2.0,4.0,0.0,0.0,0.3201916549570671,-0.4800807607084159,8.146264369941973,4.574586062669973,0,1,179.219,1.0310999999999997,63.32000000000001,2.0,2.0,4.0,1.0,1.0,0.3044293792840294,-0.4811872335599088,9.681798275874712,6.1815405503520555,0,1,115.13200000000002,-0.177,49.33,2.0,2.0,1.0,1.0,0.0,0.3201918797186009,-0.4800807667669501,5.983127663125442,3.8045304526403103,0,1,145.202,0.7051000000000001,49.33,2.0,2.0,4.0,0.0,0.0,0.3201916549570671,-0.4800807607084159,8.146264369941973,4.574586062669973,0,1,165.19199999999995,0.641,63.32000000000001,2.0,2.0,3.0,1.0,1.0,0.3203155016395601,-0.4800777002034423,8.974691494688164,5.698377302757663,0,0
-5.03,meA-Me_dL-Bn_Gly-P-Bn_Gly-F,3311,103.12099999999998,-0.3211000000000002,49.33,2.0,2.0,2.0,0.0,0.0,0.3198914670212205,-0.4800886827799933,5.8618073195657985,3.1807392125526213,0,1,145.202,0.7051000000000001,49.33,2.0,2.0,4.0,0.0,0.0,0.3201916549570671,-0.4800807607084159,8.146264369941973,4.574586062669973,0,1,165.192,0.8607999999999996,49.33,2.0,2.0,4.0,1.0,1.0,0.3169885914261252,-0.480291375186306,8.811554787871634,5.787693700234704,0,1,115.13200000000002,-0.177,49.33,2.0,2.0,1.0,1.0,0.0,0.3201918797186009,-0.4800807667669501,5.983127663125442,3.8045304526403103,0,1,165.192,0.8607999999999996,49.33,2.0,2.0,4.0,1.0,1.0,0.3169885914261252,-0.480291375186306,8.811554787871634,5.787693700234704,0,1,165.19199999999995,0.641,63.32000000000001,2.0,2.0,3.0,1.0,1.0,0.3203155016395601,-0.4800777002034423,8.974691494688164,5.698377302757663,0,0
-5.14,meA-meL-Bn_Gly-P-Bn_Gly-F,3315,103.12099999999998,-0.3211000000000002,49.33,2.0,2.0,2.0,0.0,0.0,0.3198914670212205,-0.4800886827799933,5.8618073195657985,3.1807392125526213,0,1,145.202,0.7051000000000001,49.33,2.0,2.0,4.0,0.0,0.0,0.3201916549570671,-0.4800807607084159,8.146264369941973,4.574586062669973,0,1,165.192,0.8607999999999996,49.33,2.0,2.0,4.0,1.0,1.0,0.3169885914261252,-0.480291375186306,8.811554787871634,5.787693700234704,0,1,115.13200000000002,-0.177,49.33,2.0,2.0,1.0,1.0,0.0,0.3201918797186009,-0.4800807667669501,5.983127663125442,3.8045304526403103,0,1,165.192,0.8607999999999996,49.33,2.0,2.0,4.0,1.0,1.0,0.3169885914261252,-0.480291375186306,8.811554787871634,5.787693700234704,0,1,165.19199999999995,0.641,63.32000000000001,2.0,2.0,3.0,1.0,1.0,0.3203155016395601,-0.4800777002034423,8.974691494688164,5.698377302757663,0,0
-4.9,meA-meL-bHph-P-Bn_Gly-F,3316,103.12099999999998,-0.3211000000000002,49.33,2.0,2.0,2.0,0.0,0.0,0.3198914670212205,-0.4800886827799933,5.8618073195657985,3.1807392125526213,0,1,145.202,0.7051000000000001,49.33,2.0,2.0,4.0,0.0,0.0,0.3201916549570671,-0.4800807607084159,8.146264369941973,4.574586062669973,0,1,179.219,1.0310999999999997,63.32000000000001,2.0,2.0,4.0,1.0,1.0,0.3044293792840294,-0.4811872335599088,9.681798275874712,6.1815405503520555,0,1,115.13200000000002,-0.177,49.33,2.0,2.0,1.0,1.0,0.0,0.3201918797186009,-0.4800807667669501,5.983127663125442,3.8045304526403103,0,1,165.192,0.8607999999999996,49.33,2.0,2.0,4.0,1.0,1.0,0.3169885914261252,-0.480291375186306,8.811554787871634,5.787693700234704,0,1,165.19199999999995,0.641,63.32000000000001,2.0,2.0,3.0,1.0,1.0,0.3203155016395601,-0.4800777002034423,8.974691494688164,5.698377302757663,0,0
-5.08,Me_dA-L-dL-P-L-F,3325,103.12099999999998,-0.3211000000000002,49.33,2.0,2.0,2.0,0.0,0.0,0.3198914670212205,-0.4800886827799933,5.8618073195657985,3.1807392125526213,0,1,131.175,0.4443999999999999,63.32000000000001,2.0,2.0,3.0,0.0,0.0,0.319977946620586,-0.4800863173262635,7.439157588755425,4.036581260209188,0,0,131.175,0.4443999999999999,63.32000000000001,2.0,2.0,3.0,0.0,0.0,0.319977946620586,-0.4800863173262635,7.439157588755425,4.036581260209188,1,0,115.13200000000002,-0.177,49.33,2.0,2.0,1.0,1.0,0.0,0.3201918797186009,-0.4800807667669501,5.983127663125442,3.8045304526403103,0,1,131.175,0.4443999999999999,63.32000000000001,2.0,2.0,3.0,0.0,0.0,0.319977946620586,-0.4800863173262635,7.439157588755425,4.036581260209188,0,0,165.19199999999995,0.641,63.32000000000001,2.0,2.0,3.0,1.0,1.0,0.3203155016395601,-0.4800777002034423,8.974691494688164,5.698377302757663,0,0
-4.94,Me_dA-dL-Me_dL-P-dL-F,3329,103.12099999999998,-0.3211000000000002,49.33,2.0,2.0,2.0,0.0,0.0,0.3198914670212205,-0.4800886827799933,5.8618073195657985,3.1807392125526213,0,1,131.175,0.4443999999999999,63.32000000000001,2.0,2.0,3.0,0.0,0.0,0.319977946620586,-0.4800863173262635,7.439157588755425,4.036581260209188,1,0,145.202,0.7051000000000001,49.33,2.0,2.0,4.0,0.0,0.0,0.3201916549570671,-0.4800807607084159,8.146264369941973,4.574586062669973,0,1,115.13200000000002,-0.177,49.33,2.0,2.0,1.0,1.0,0.0,0.3201918797186009,-0.4800807667669501,5.983127663125442,3.8045304526403103,0,1,131.175,0.4443999999999999,63.32000000000001,2.0,2.0,3.0,0.0,0.0,0.319977946620586,-0.4800863173262635,7.439157588755425,4.036581260209188,1,0,165.19199999999995,0.641,63.32000000000001,2.0,2.0,3.0,1.0,1.0,0.3203155016395601,-0.4800777002034423,8.974691494688164,5.698377302757663,0,0
-5.19,Me_dA-L-dL-P-Me_dL-F,3331,103.12099999999998,-0.3211000000000002,49.33,2.0,2.0,2.0,0.0,0.0,0.3198914670212205,-0.4800886827799933,5.8618073195657985,3.1807392125526213,0,1,131.175,0.4443999999999999,63.32000000000001,2.0,2.0,3.0,0.0,0.0,0.319977946620586,-0.4800863173262635,7.439157588755425,4.036581260209188,0,0,131.175,0.4443999999999999,63.32000000000001,2.0,2.0,3.0,0.0,0.0,0.319977946620586,-0.4800863173262635,7.439157588755425,4.036581260209188,1,0,115.13200000000002,-0.177,49.33,2.0,2.0,1.0,1.0,0.0,0.3201918797186009,-0.4800807667669501,5.983127663125442,3.8045304526403103,0,1,145.202,0.7051000000000001,49.33,2.0,2.0,4.0,0.0,0.0,0.3201916549570671,-0.4800807607084159,8.146264369941973,4.574586062669973,0,1,165.19199999999995,0.641,63.32000000000001,2.0,2.0,3.0,1.0,1.0,0.3203155016395601,-0.4800777002034423,8.974691494688164,5.698377302757663,0,0
-5.14,Me_dA-L-Me_dL-P-dL-F,3332,103.12099999999998,-0.3211000000000002,49.33,2.0,2.0,2.0,0.0,0.0,0.3198914670212205,-0.4800886827799933,5.8618073195657985,3.1807392125526213,0,1,131.175,0.4443999999999999,63.32000000000001,2.0,2.0,3.0,0.0,0.0,0.319977946620586,-0.4800863173262635,7.439157588755425,4.036581260209188,0,0,145.202,0.7051000000000001,49.33,2.0,2.0,4.0,0.0,0.0,0.3201916549570671,-0.4800807607084159,8.146264369941973,4.574586062669973,0,1,115.13200000000002,-0.177,49.33,2.0,2.0,1.0,1.0,0.0,0.3201918797186009,-0.4800807667669501,5.983127663125442,3.8045304526403103,0,1,131.175,0.4443999999999999,63.32000000000001,2.0,2.0,3.0,0.0,0.0,0.319977946620586,-0.4800863173262635,7.439157588755425,4.036581260209188,1,0,165.19199999999995,0.641,63.32000000000001,2.0,2.0,3.0,1.0,1.0,0.3203155016395601,-0.4800777002034423,8.974691494688164,5.698377302757663,0,0
-5.16,Me_dA-dL-L-P-Me_dL-F,3333,103.12099999999998,-0.3211000000000002,49.33,2.0,2.0,2.0,0.0,0.0,0.3198914670212205,-0.4800886827799933,5.8618073195657985,3.1807392125526213,0,1,131.175,0.4443999999999999,63.32000000000001,2.0,2.0,3.0,0.0,0.0,0.319977946620586,-0.4800863173262635,7.439157588755425,4.036581260209188,1,0,131.175,0.4443999999999999,63.32000000000001,2.0,2.0,3.0,0.0,0.0,0.319977946620586,-0.4800863173262635,7.439157588755425,4.036581260209188,0,0,115.13200000000002,-0.177,49.33,2.0,2.0,1.0,1.0,0.0,0.3201918797186009,-0.4800807667669501,5.983127663125442,3.8045304526403103,0,1,145.202,0.7051000000000001,49.33,2.0,2.0,4.0,0.0,0.0,0.3201916549570671,-0.4800807607084159,8.146264369941973,4.574586062669973,0,1,165.19199999999995,0.641,63.32000000000001,2.0,2.0,3.0,1.0,1.0,0.3203155016395601,-0.4800777002034423,8.974691494688164,5.698377302757663,0,0
-5.05,Me_dA-dL-meL-P-dL-F,3334,103.12099999999998,-0.3211000000000002,49.33,2.0,2.0,2.0,0.0,0.0,0.3198914670212205,-0.4800886827799933,5.8618073195657985,3.1807392125526213,0,1,131.175,0.4443999999999999,63.32000000000001,2.0,2.0,3.0,0.0,0.0,0.319977946620586,-0.4800863173262635,7.439157588755425,4.036581260209188,1,0,145.202,0.7051000000000001,49.33,2.0,2.0,4.0,0.0,0.0,0.3201916549570671,-0.4800807607084159,8.146264369941973,4.574586062669973,0,1,115.13200000000002,-0.177,49.33,2.0,2.0,1.0,1.0,0.0,0.3201918797186009,-0.4800807667669501,5.983127663125442,3.8045304526403103,0,1,131.175,0.4443999999999999,63.32000000000001,2.0,2.0,3.0,0.0,0.0,0.319977946620586,-0.4800863173262635,7.439157588755425,4.036581260209188,1,0,165.19199999999995,0.641,63.32000000000001,2.0,2.0,3.0,1.0,1.0,0.3203155016395601,-0.4800777002034423,8.974691494688164,5.698377302757663,0,0
-4.97,Me_dA-Me_dL-L-P-dL-F,3335,103.12099999999998,-0.3211000000000002,49.33,2.0,2.0,2.0,0.0,0.0,0.3198914670212205,-0.4800886827799933,5.8618073195657985,3.1807392125526213,0,1,145.202,0.7051000000000001,49.33,2.0,2.0,4.0,0.0,0.0,0.3201916549570671,-0.4800807607084159,8.146264369941973,4.574586062669973,0,1,131.175,0.4443999999999999,63.32000000000001,2.0,2.0,3.0,0.0,0.0,0.319977946620586,-0.4800863173262635,7.439157588755425,4.036581260209188,0,0,115.13200000000002,-0.177,49.33,2.0,2.0,1.0,1.0,0.0,0.3201918797186009,-0.4800807667669501,5.983127663125442,3.8045304526403103,0,1,131.175,0.4443999999999999,63.32000000000001,2.0,2.0,3.0,0.0,0.0,0.319977946620586,-0.4800863173262635,7.439157588755425,4.036581260209188,1,0,165.19199999999995,0.641,63.32000000000001,2.0,2.0,3.0,1.0,1.0,0.3203155016395601,-0.4800777002034423,8.974691494688164,5.698377302757663,0,0
-5.02,Me_dA-L-dL-P-meL-F,3339,103.12099999999998,-0.3211000000000002,49.33,2.0,2.0,2.0,0.0,0.0,0.3198914670212205,-0.4800886827799933,5.8618073195657985,3.1807392125526213,0,1,131.175,0.4443999999999999,63.32000000000001,2.0,2.0,3.0,0.0,0.0,0.319977946620586,-0.4800863173262635,7.439157588755425,4.036581260209188,0,0,131.175,0.4443999999999999,63.32000000000001,2.0,2.0,3.0,0.0,0.0,0.319977946620586,-0.4800863173262635,7.439157588755425,4.036581260209188,1,0,115.13200000000002,-0.177,49.33,2.0,2.0,1.0,1.0,0.0,0.3201918797186009,-0.4800807667669501,5.983127663125442,3.8045304526403103,0,1,145.202,0.7051000000000001,49.33,2.0,2.0,4.0,0.0,0.0,0.3201916549570671,-0.4800807607084159,8.146264369941973,4.574586062669973,0,1,165.19199999999995,0.641,63.32000000000001,2.0,2.0,3.0,1.0,1.0,0.3203155016395601,-0.4800777002034423,8.974691494688164,5.698377302757663,0,0
-5.13,Me_dA-meL-L-P-dL-F,3340,103.12099999999998,-0.3211000000000002,49.33,2.0,2.0,2.0,0.0,0.0,0.3198914670212205,-0.4800886827799933,5.8618073195657985,3.1807392125526213,0,1,145.202,0.7051000000000001,49.33,2.0,2.0,4.0,0.0,0.0,0.3201916549570671,-0.4800807607084159,8.146264369941973,4.574586062669973,0,1,131.175,0.4443999999999999,63.32000000000001,2.0,2.0,3.0,0.0,0.0,0.319977946620586,-0.4800863173262635,7.439157588755425,4.036581260209188,0,0,115.13200000000002,-0.177,49.33,2.0,2.0,1.0,1.0,0.0,0.3201918797186009,-0.4800807667669501,5.983127663125442,3.8045304526403103,0,1,131.175,0.4443999999999999,63.32000000000001,2.0,2.0,3.0,0.0,0.0,0.319977946620586,-0.4800863173262635,7.439157588755425,4.036581260209188,1,0,165.19199999999995,0.641,63.32000000000001,2.0,2.0,3.0,1.0,1.0,0.3203155016395601,-0.4800777002034423,8.974691494688164,5.698377302757663,0,0
-5.02,Me_dA-L-Me_dL-P-L-F,3341,103.12099999999998,-0.3211000000000002,49.33,2.0,2.0,2.0,0.0,0.0,0.3198914670212205,-0.4800886827799933,5.8618073195657985,3.1807392125526213,0,1,131.175,0.4443999999999999,63.32000000000001,2.0,2.0,3.0,0.0,0.0,0.319977946620586,-0.4800863173262635,7.439157588755425,4.036581260209188,0,0,145.202,0.7051000000000001,49.33,2.0,2.0,4.0,0.0,0.0,0.3201916549570671,-0.4800807607084159,8.146264369941973,4.574586062669973,0,1,115.13200000000002,-0.177,49.33,2.0,2.0,1.0,1.0,0.0,0.3201918797186009,-0.4800807667669501,5.983127663125442,3.8045304526403103,0,1,131.175,0.4443999999999999,63.32000000000001,2.0,2.0,3.0,0.0,0.0,0.319977946620586,-0.4800863173262635,7.439157588755425,4.036581260209188,0,0,165.19199999999995,0.641,63.32000000000001,2.0,2.0,3.0,1.0,1.0,0.3203155016395601,-0.4800777002034423,8.974691494688164,5.698377302757663,0,0
-5.16,Me_dA-Me_dL-L-P-L-F,3342,103.12099999999998,-0.3211000000000002,49.33,2.0,2.0,2.0,0.0,0.0,0.3198914670212205,-0.4800886827799933,5.8618073195657985,3.1807392125526213,0,1,145.202,0.7051000000000001,49.33,2.0,2.0,4.0,0.0,0.0,0.3201916549570671,-0.4800807607084159,8.146264369941973,4.574586062669973,0,1,131.175,0.4443999999999999,63.32000000000001,2.0,2.0,3.0,0.0,0.0,0.319977946620586,-0.4800863173262635,7.439157588755425,4.036581260209188,0,0,115.13200000000002,-0.177,49.33,2.0,2.0,1.0,1.0,0.0,0.3201918797186009,-0.4800807667669501,5.983127663125442,3.8045304526403103,0,1,131.175,0.4443999999999999,63.32000000000001,2.0,2.0,3.0,0.0,0.0,0.319977946620586,-0.4800863173262635,7.439157588755425,4.036581260209188,0,0,165.19199999999995,0.641,63.32000000000001,2.0,2.0,3.0,1.0,1.0,0.3203155016395601,-0.4800777002034423,8.974691494688164,5.698377302757663,0,0
-4.82,Me_dA-Me_dL-Me_dL-P-dL-F,3346,103.12099999999998,-0.3211000000000002,49.33,2.0,2.0,2.0,0.0,0.0,0.3198914670212205,-0.4800886827799933,5.8618073195657985,3.1807392125526213,0,1,145.202,0.7051000000000001,49.33,2.0,2.0,4.0,0.0,0.0,0.3201916549570671,-0.4800807607084159,8.146264369941973,4.574586062669973,0,1,145.202,0.7051000000000001,49.33,2.0,2.0,4.0,0.0,0.0,0.3201916549570671,-0.4800807607084159,8.146264369941973,4.574586062669973,0,1,115.13200000000002,-0.177,49.33,2.0,2.0,1.0,1.0,0.0,0.3201918797186009,-0.4800807667669501,5.983127663125442,3.8045304526403103,0,1,131.175,0.4443999999999999,63.32000000000001,2.0,2.0,3.0,0.0,0.0,0.319977946620586,-0.4800863173262635,7.439157588755425,4.036581260209188,1,0,165.19199999999995,0.641,63.32000000000001,2.0,2.0,3.0,1.0,1.0,0.3203155016395601,-0.4800777002034423,8.974691494688164,5.698377302757663,0,0
-4.96,Me_dA-meL-dL-P-Me_dL-F,3348,103.12099999999998,-0.3211000000000002,49.33,2.0,2.0,2.0,0.0,0.0,0.3198914670212205,-0.4800886827799933,5.8618073195657985,3.1807392125526213,0,1,145.202,0.7051000000000001,49.33,2.0,2.0,4.0,0.0,0.0,0.3201916549570671,-0.4800807607084159,8.146264369941973,4.574586062669973,0,1,131.175,0.4443999999999999,63.32000000000001,2.0,2.0,3.0,0.0,0.0,0.319977946620586,-0.4800863173262635,7.439157588755425,4.036581260209188,1,0,115.13200000000002,-0.177,49.33,2.0,2.0,1.0,1.0,0.0,0.3201918797186009,-0.4800807667669501,5.983127663125442,3.8045304526403103,0,1,145.202,0.7051000000000001,49.33,2.0,2.0,4.0,0.0,0.0,0.3201916549570671,-0.4800807607084159,8.146264369941973,4.574586062669973,0,1,165.19199999999995,0.641,63.32000000000001,2.0,2.0,3.0,1.0,1.0,0.3203155016395601,-0.4800777002034423,8.974691494688164,5.698377302757663,0,0
-4.86,Me_dA-L-Me_dL-P-Me_dL-F,3349,103.12099999999998,-0.3211000000000002,49.33,2.0,2.0,2.0,0.0,0.0,0.3198914670212205,-0.4800886827799933,5.8618073195657985,3.1807392125526213,0,1,131.175,0.4443999999999999,63.32000000000001,2.0,2.0,3.0,0.0,0.0,0.319977946620586,-0.4800863173262635,7.439157588755425,4.036581260209188,0,0,145.202,0.7051000000000001,49.33,2.0,2.0,4.0,0.0,0.0,0.3201916549570671,-0.4800807607084159,8.146264369941973,4.574586062669973,0,1,115.13200000000002,-0.177,49.33,2.0,2.0,1.0,1.0,0.0,0.3201918797186009,-0.4800807667669501,5.983127663125442,3.8045304526403103,0,1,145.202,0.7051000000000001,49.33,2.0,2.0,4.0,0.0,0.0,0.3201916549570671,-0.4800807607084159,8.146264369941973,4.574586062669973,0,1,165.19199999999995,0.641,63.32000000000001,2.0,2.0,3.0,1.0,1.0,0.3203155016395601,-0.4800777002034423,8.974691494688164,5.698377302757663,0,0
-4.85,Me_dA-Me_dL-dL-P-meL-F,3352,103.12099999999998,-0.3211000000000002,49.33,2.0,2.0,2.0,0.0,0.0,0.3198914670212205,-0.4800886827799933,5.8618073195657985,3.1807392125526213,0,1,145.202,0.7051000000000001,49.33,2.0,2.0,4.0,0.0,0.0,0.3201916549570671,-0.4800807607084159,8.146264369941973,4.574586062669973,0,1,131.175,0.4443999999999999,63.32000000000001,2.0,2.0,3.0,0.0,0.0,0.319977946620586,-0.4800863173262635,7.439157588755425,4.036581260209188,1,0,115.13200000000002,-0.177,49.33,2.0,2.0,1.0,1.0,0.0,0.3201918797186009,-0.4800807667669501,5.983127663125442,3.8045304526403103,0,1,145.202,0.7051000000000001,49.33,2.0,2.0,4.0,0.0,0.0,0.3201916549570671,-0.4800807607084159,8.146264369941973,4.574586062669973,0,1,165.19199999999995,0.641,63.32000000000001,2.0,2.0,3.0,1.0,1.0,0.3203155016395601,-0.4800777002034423,8.974691494688164,5.698377302757663,0,0
-5.07,Me_dA-Bn_Gly-dL-P-dL-F,3354,103.12099999999998,-0.3211000000000002,49.33,2.0,2.0,2.0,0.0,0.0,0.3198914670212205,-0.4800886827799933,5.8618073195657985,3.1807392125526213,0,1,165.192,0.8607999999999996,49.33,2.0,2.0,4.0,1.0,1.0,0.3169885914261252,-0.480291375186306,8.811554787871634,5.787693700234704,0,1,131.175,0.4443999999999999,63.32000000000001,2.0,2.0,3.0,0.0,0.0,0.319977946620586,-0.4800863173262635,7.439157588755425,4.036581260209188,1,0,115.13200000000002,-0.177,49.33,2.0,2.0,1.0,1.0,0.0,0.3201918797186009,-0.4800807667669501,5.983127663125442,3.8045304526403103,0,1,131.175,0.4443999999999999,63.32000000000001,2.0,2.0,3.0,0.0,0.0,0.319977946620586,-0.4800863173262635,7.439157588755425,4.036581260209188,1,0,165.19199999999995,0.641,63.32000000000001,2.0,2.0,3.0,1.0,1.0,0.3203155016395601,-0.4800777002034423,8.974691494688164,5.698377302757663,0,0
-4.86,Me_dA-dL-meL-P-meL-F,3355,103.12099999999998,-0.3211000000000002,49.33,2.0,2.0,2.0,0.0,0.0,0.3198914670212205,-0.4800886827799933,5.8618073195657985,3.1807392125526213,0,1,131.175,0.4443999999999999,63.32000000000001,2.0,2.0,3.0,0.0,0.0,0.319977946620586,-0.4800863173262635,7.439157588755425,4.036581260209188,1,0,145.202,0.7051000000000001,49.33,2.0,2.0,4.0,0.0,0.0,0.3201916549570671,-0.4800807607084159,8.146264369941973,4.574586062669973,0,1,115.13200000000002,-0.177,49.33,2.0,2.0,1.0,1.0,0.0,0.3201918797186009,-0.4800807667669501,5.983127663125442,3.8045304526403103,0,1,145.202,0.7051000000000001,49.33,2.0,2.0,4.0,0.0,0.0,0.3201916549570671,-0.4800807607084159,8.146264369941973,4.574586062669973,0,1,165.19199999999995,0.641,63.32000000000001,2.0,2.0,3.0,1.0,1.0,0.3203155016395601,-0.4800777002034423,8.974691494688164,5.698377302757663,0,0
-4.85,Me_dA-L-Me_dL-P-meL-F,3357,103.12099999999998,-0.3211000000000002,49.33,2.0,2.0,2.0,0.0,0.0,0.3198914670212205,-0.4800886827799933,5.8618073195657985,3.1807392125526213,0,1,131.175,0.4443999999999999,63.32000000000001,2.0,2.0,3.0,0.0,0.0,0.319977946620586,-0.4800863173262635,7.439157588755425,4.036581260209188,0,0,145.202,0.7051000000000001,49.33,2.0,2.0,4.0,0.0,0.0,0.3201916549570671,-0.4800807607084159,8.146264369941973,4.574586062669973,0,1,115.13200000000002,-0.177,49.33,2.0,2.0,1.0,1.0,0.0,0.3201918797186009,-0.4800807667669501,5.983127663125442,3.8045304526403103,0,1,145.202,0.7051000000000001,49.33,2.0,2.0,4.0,0.0,0.0,0.3201916549570671,-0.4800807607084159,8.146264369941973,4.574586062669973,0,1,165.19199999999995,0.641,63.32000000000001,2.0,2.0,3.0,1.0,1.0,0.3203155016395601,-0.4800777002034423,8.974691494688164,5.698377302757663,0,0
-4.81,Me_dA-meL-Me_dL-P-L-F,3358,103.12099999999998,-0.3211000000000002,49.33,2.0,2.0,2.0,0.0,0.0,0.3198914670212205,-0.4800886827799933,5.8618073195657985,3.1807392125526213,0,1,145.202,0.7051000000000001,49.33,2.0,2.0,4.0,0.0,0.0,0.3201916549570671,-0.4800807607084159,8.146264369941973,4.574586062669973,0,1,145.202,0.7051000000000001,49.33,2.0,2.0,4.0,0.0,0.0,0.3201916549570671,-0.4800807607084159,8.146264369941973,4.574586062669973,0,1,115.13200000000002,-0.177,49.33,2.0,2.0,1.0,1.0,0.0,0.3201918797186009,-0.4800807667669501,5.983127663125442,3.8045304526403103,0,1,131.175,0.4443999999999999,63.32000000000001,2.0,2.0,3.0,0.0,0.0,0.319977946620586,-0.4800863173262635,7.439157588755425,4.036581260209188,0,0,165.19199999999995,0.641,63.32000000000001,2.0,2.0,3.0,1.0,1.0,0.3203155016395601,-0.4800777002034423,8.974691494688164,5.698377302757663,0,0
-4.8,Me_dA-meL-dL-P-meL-F,3359,103.12099999999998,-0.3211000000000002,49.33,2.0,2.0,2.0,0.0,0.0,0.3198914670212205,-0.4800886827799933,5.8618073195657985,3.1807392125526213,0,1,145.202,0.7051000000000001,49.33,2.0,2.0,4.0,0.0,0.0,0.3201916549570671,-0.4800807607084159,8.146264369941973,4.574586062669973,0,1,131.175,0.4443999999999999,63.32000000000001,2.0,2.0,3.0,0.0,0.0,0.319977946620586,-0.4800863173262635,7.439157588755425,4.036581260209188,1,0,115.13200000000002,-0.177,49.33,2.0,2.0,1.0,1.0,0.0,0.3201918797186009,-0.4800807667669501,5.983127663125442,3.8045304526403103,0,1,145.202,0.7051000000000001,49.33,2.0,2.0,4.0,0.0,0.0,0.3201916549570671,-0.4800807607084159,8.146264369941973,4.574586062669973,0,1,165.19199999999995,0.641,63.32000000000001,2.0,2.0,3.0,1.0,1.0,0.3203155016395601,-0.4800777002034423,8.974691494688164,5.698377302757663,0,0
-4.81,Me_dA-meL-L-P-Me_dL-F,3361,103.12099999999998,-0.3211000000000002,49.33,2.0,2.0,2.0,0.0,0.0,0.3198914670212205,-0.4800886827799933,5.8618073195657985,3.1807392125526213,0,1,145.202,0.7051000000000001,49.33,2.0,2.0,4.0,0.0,0.0,0.3201916549570671,-0.4800807607084159,8.146264369941973,4.574586062669973,0,1,131.175,0.4443999999999999,63.32000000000001,2.0,2.0,3.0,0.0,0.0,0.319977946620586,-0.4800863173262635,7.439157588755425,4.036581260209188,0,0,115.13200000000002,-0.177,49.33,2.0,2.0,1.0,1.0,0.0,0.3201918797186009,-0.4800807667669501,5.983127663125442,3.8045304526403103,0,1,145.202,0.7051000000000001,49.33,2.0,2.0,4.0,0.0,0.0,0.3201916549570671,-0.4800807607084159,8.146264369941973,4.574586062669973,0,1,165.19199999999995,0.641,63.32000000000001,2.0,2.0,3.0,1.0,1.0,0.3203155016395601,-0.4800777002034423,8.974691494688164,5.698377302757663,0,0
-4.8,Me_dA-Me_dL-meL-P-Me_dL-F,3369,103.12099999999998,-0.3211000000000002,49.33,2.0,2.0,2.0,0.0,0.0,0.3198914670212205,-0.4800886827799933,5.8618073195657985,3.1807392125526213,0,1,145.202,0.7051000000000001,49.33,2.0,2.0,4.0,0.0,0.0,0.3201916549570671,-0.4800807607084159,8.146264369941973,4.574586062669973,0,1,145.202,0.7051000000000001,49.33,2.0,2.0,4.0,0.0,0.0,0.3201916549570671,-0.4800807607084159,8.146264369941973,4.574586062669973,0,1,115.13200000000002,-0.177,49.33,2.0,2.0,1.0,1.0,0.0,0.3201918797186009,-0.4800807667669501,5.983127663125442,3.8045304526403103,0,1,145.202,0.7051000000000001,49.33,2.0,2.0,4.0,0.0,0.0,0.3201916549570671,-0.4800807607084159,8.146264369941973,4.574586062669973,0,1,165.19199999999995,0.641,63.32000000000001,2.0,2.0,3.0,1.0,1.0,0.3203155016395601,-0.4800777002034423,8.974691494688164,5.698377302757663,0,0
-5.13,Me_dA-dL-Me_dL-P-Bn_Gly-F,3372,103.12099999999998,-0.3211000000000002,49.33,2.0,2.0,2.0,0.0,0.0,0.3198914670212205,-0.4800886827799933,5.8618073195657985,3.1807392125526213,0,1,131.175,0.4443999999999999,63.32000000000001,2.0,2.0,3.0,0.0,0.0,0.319977946620586,-0.4800863173262635,7.439157588755425,4.036581260209188,1,0,145.202,0.7051000000000001,49.33,2.0,2.0,4.0,0.0,0.0,0.3201916549570671,-0.4800807607084159,8.146264369941973,4.574586062669973,0,1,115.13200000000002,-0.177,49.33,2.0,2.0,1.0,1.0,0.0,0.3201918797186009,-0.4800807667669501,5.983127663125442,3.8045304526403103,0,1,165.192,0.8607999999999996,49.33,2.0,2.0,4.0,1.0,1.0,0.3169885914261252,-0.480291375186306,8.811554787871634,5.787693700234704,0,1,165.19199999999995,0.641,63.32000000000001,2.0,2.0,3.0,1.0,1.0,0.3203155016395601,-0.4800777002034423,8.974691494688164,5.698377302757663,0,0
-4.94,Me_dA-Me_dL-dL-P-Bn_Gly-F,3375,103.12099999999998,-0.3211000000000002,49.33,2.0,2.0,2.0,0.0,0.0,0.3198914670212205,-0.4800886827799933,5.8618073195657985,3.1807392125526213,0,1,145.202,0.7051000000000001,49.33,2.0,2.0,4.0,0.0,0.0,0.3201916549570671,-0.4800807607084159,8.146264369941973,4.574586062669973,0,1,131.175,0.4443999999999999,63.32000000000001,2.0,2.0,3.0,0.0,0.0,0.319977946620586,-0.4800863173262635,7.439157588755425,4.036581260209188,1,0,115.13200000000002,-0.177,49.33,2.0,2.0,1.0,1.0,0.0,0.3201918797186009,-0.4800807667669501,5.983127663125442,3.8045304526403103,0,1,165.192,0.8607999999999996,49.33,2.0,2.0,4.0,1.0,1.0,0.3169885914261252,-0.480291375186306,8.811554787871634,5.787693700234704,0,1,165.19199999999995,0.641,63.32000000000001,2.0,2.0,3.0,1.0,1.0,0.3203155016395601,-0.4800777002034423,8.974691494688164,5.698377302757663,0,0
-4.85,Me_dA-meL-Me_dL-P-meL-F,3377,103.12099999999998,-0.3211000000000002,49.33,2.0,2.0,2.0,0.0,0.0,0.3198914670212205,-0.4800886827799933,5.8618073195657985,3.1807392125526213,0,1,145.202,0.7051000000000001,49.33,2.0,2.0,4.0,0.0,0.0,0.3201916549570671,-0.4800807607084159,8.146264369941973,4.574586062669973,0,1,145.202,0.7051000000000001,49.33,2.0,2.0,4.0,0.0,0.0,0.3201916549570671,-0.4800807607084159,8.146264369941973,4.574586062669973,0,1,115.13200000000002,-0.177,49.33,2.0,2.0,1.0,1.0,0.0,0.3201918797186009,-0.4800807667669501,5.983127663125442,3.8045304526403103,0,1,145.202,0.7051000000000001,49.33,2.0,2.0,4.0,0.0,0.0,0.3201916549570671,-0.4800807607084159,8.146264369941973,4.574586062669973,0,1,165.19199999999995,0.641,63.32000000000001,2.0,2.0,3.0,1.0,1.0,0.3203155016395601,-0.4800777002034423,8.974691494688164,5.698377302757663,0,0
-5.09,Me_dA-L-Bn_Gly-P-Me_dL-F,3380,103.12099999999998,-0.3211000000000002,49.33,2.0,2.0,2.0,0.0,0.0,0.3198914670212205,-0.4800886827799933,5.8618073195657985,3.1807392125526213,0,1,131.175,0.4443999999999999,63.32000000000001,2.0,2.0,3.0,0.0,0.0,0.319977946620586,-0.4800863173262635,7.439157588755425,4.036581260209188,0,0,165.192,0.8607999999999996,49.33,2.0,2.0,4.0,1.0,1.0,0.3169885914261252,-0.480291375186306,8.811554787871634,5.787693700234704,0,1,115.13200000000002,-0.177,49.33,2.0,2.0,1.0,1.0,0.0,0.3201918797186009,-0.4800807667669501,5.983127663125442,3.8045304526403103,0,1,145.202,0.7051000000000001,49.33,2.0,2.0,4.0,0.0,0.0,0.3201916549570671,-0.4800807607084159,8.146264369941973,4.574586062669973,0,1,165.19199999999995,0.641,63.32000000000001,2.0,2.0,3.0,1.0,1.0,0.3203155016395601,-0.4800777002034423,8.974691494688164,5.698377302757663,0,0
-5.14,Me_dA-L-Me_dL-P-Bn_Gly-F,3381,103.12099999999998,-0.3211000000000002,49.33,2.0,2.0,2.0,0.0,0.0,0.3198914670212205,-0.4800886827799933,5.8618073195657985,3.1807392125526213,0,1,131.175,0.4443999999999999,63.32000000000001,2.0,2.0,3.0,0.0,0.0,0.319977946620586,-0.4800863173262635,7.439157588755425,4.036581260209188,0,0,145.202,0.7051000000000001,49.33,2.0,2.0,4.0,0.0,0.0,0.3201916549570671,-0.4800807607084159,8.146264369941973,4.574586062669973,0,1,115.13200000000002,-0.177,49.33,2.0,2.0,1.0,1.0,0.0,0.3201918797186009,-0.4800807667669501,5.983127663125442,3.8045304526403103,0,1,165.192,0.8607999999999996,49.33,2.0,2.0,4.0,1.0,1.0,0.3169885914261252,-0.480291375186306,8.811554787871634,5.787693700234704,0,1,165.19199999999995,0.641,63.32000000000001,2.0,2.0,3.0,1.0,1.0,0.3203155016395601,-0.4800777002034423,8.974691494688164,5.698377302757663,0,0
-5.07,Me_dA-L-meL-P-Bn_Gly-F,3385,103.12099999999998,-0.3211000000000002,49.33,2.0,2.0,2.0,0.0,0.0,0.3198914670212205,-0.4800886827799933,5.8618073195657985,3.1807392125526213,0,1,131.175,0.4443999999999999,63.32000000000001,2.0,2.0,3.0,0.0,0.0,0.319977946620586,-0.4800863173262635,7.439157588755425,4.036581260209188,0,0,145.202,0.7051000000000001,49.33,2.0,2.0,4.0,0.0,0.0,0.3201916549570671,-0.4800807607084159,8.146264369941973,4.574586062669973,0,1,115.13200000000002,-0.177,49.33,2.0,2.0,1.0,1.0,0.0,0.3201918797186009,-0.4800807667669501,5.983127663125442,3.8045304526403103,0,1,165.192,0.8607999999999996,49.33,2.0,2.0,4.0,1.0,1.0,0.3169885914261252,-0.480291375186306,8.811554787871634,5.787693700234704,0,1,165.19199999999995,0.641,63.32000000000001,2.0,2.0,3.0,1.0,1.0,0.3203155016395601,-0.4800777002034423,8.974691494688164,5.698377302757663,0,0
-5.07,Me_dA-L-Bn_Gly-P-meL-F,3386,103.12099999999998,-0.3211000000000002,49.33,2.0,2.0,2.0,0.0,0.0,0.3198914670212205,-0.4800886827799933,5.8618073195657985,3.1807392125526213,0,1,131.175,0.4443999999999999,63.32000000000001,2.0,2.0,3.0,0.0,0.0,0.319977946620586,-0.4800863173262635,7.439157588755425,4.036581260209188,0,0,165.192,0.8607999999999996,49.33,2.0,2.0,4.0,1.0,1.0,0.3169885914261252,-0.480291375186306,8.811554787871634,5.787693700234704,0,1,115.13200000000002,-0.177,49.33,2.0,2.0,1.0,1.0,0.0,0.3201918797186009,-0.4800807667669501,5.983127663125442,3.8045304526403103,0,1,145.202,0.7051000000000001,49.33,2.0,2.0,4.0,0.0,0.0,0.3201916549570671,-0.4800807607084159,8.146264369941973,4.574586062669973,0,1,165.19199999999995,0.641,63.32000000000001,2.0,2.0,3.0,1.0,1.0,0.3203155016395601,-0.4800777002034423,8.974691494688164,5.698377302757663,0,0
-4.93,Me_dA-meL-L-P-Bn_Gly-F,3387,103.12099999999998,-0.3211000000000002,49.33,2.0,2.0,2.0,0.0,0.0,0.3198914670212205,-0.4800886827799933,5.8618073195657985,3.1807392125526213,0,1,145.202,0.7051000000000001,49.33,2.0,2.0,4.0,0.0,0.0,0.3201916549570671,-0.4800807607084159,8.146264369941973,4.574586062669973,0,1,131.175,0.4443999999999999,63.32000000000001,2.0,2.0,3.0,0.0,0.0,0.319977946620586,-0.4800863173262635,7.439157588755425,4.036581260209188,0,0,115.13200000000002,-0.177,49.33,2.0,2.0,1.0,1.0,0.0,0.3201918797186009,-0.4800807667669501,5.983127663125442,3.8045304526403103,0,1,165.192,0.8607999999999996,49.33,2.0,2.0,4.0,1.0,1.0,0.3169885914261252,-0.480291375186306,8.811554787871634,5.787693700234704,0,1,165.19199999999995,0.641,63.32000000000001,2.0,2.0,3.0,1.0,1.0,0.3203155016395601,-0.4800777002034423,8.974691494688164,5.698377302757663,0,0
-4.97,Me_dA-Bn_Gly-Me_dL-P-Me_dL-F,3390,103.12099999999998,-0.3211000000000002,49.33,2.0,2.0,2.0,0.0,0.0,0.3198914670212205,-0.4800886827799933,5.8618073195657985,3.1807392125526213,0,1,165.192,0.8607999999999996,49.33,2.0,2.0,4.0,1.0,1.0,0.3169885914261252,-0.480291375186306,8.811554787871634,5.787693700234704,0,1,145.202,0.7051000000000001,49.33,2.0,2.0,4.0,0.0,0.0,0.3201916549570671,-0.4800807607084159,8.146264369941973,4.574586062669973,0,1,115.13200000000002,-0.177,49.33,2.0,2.0,1.0,1.0,0.0,0.3201918797186009,-0.4800807667669501,5.983127663125442,3.8045304526403103,0,1,145.202,0.7051000000000001,49.33,2.0,2.0,4.0,0.0,0.0,0.3201916549570671,-0.4800807607084159,8.146264369941973,4.574586062669973,0,1,165.19199999999995,0.641,63.32000000000001,2.0,2.0,3.0,1.0,1.0,0.3203155016395601,-0.4800777002034423,8.974691494688164,5.698377302757663,0,0
-5.01,Me_dA-Me_dL-Bn_Gly-P-Me_dL-F,3391,103.12099999999998,-0.3211000000000002,49.33,2.0,2.0,2.0,0.0,0.0,0.3198914670212205,-0.4800886827799933,5.8618073195657985,3.1807392125526213,0,1,145.202,0.7051000000000001,49.33,2.0,2.0,4.0,0.0,0.0,0.3201916549570671,-0.4800807607084159,8.146264369941973,4.574586062669973,0,1,165.192,0.8607999999999996,49.33,2.0,2.0,4.0,1.0,1.0,0.3169885914261252,-0.480291375186306,8.811554787871634,5.787693700234704,0,1,115.13200000000002,-0.177,49.33,2.0,2.0,1.0,1.0,0.0,0.3201918797186009,-0.4800807667669501,5.983127663125442,3.8045304526403103,0,1,145.202,0.7051000000000001,49.33,2.0,2.0,4.0,0.0,0.0,0.3201916549570671,-0.4800807607084159,8.146264369941973,4.574586062669973,0,1,165.19199999999995,0.641,63.32000000000001,2.0,2.0,3.0,1.0,1.0,0.3203155016395601,-0.4800777002034423,8.974691494688164,5.698377302757663,0,0
-4.94,Me_dA-Me_dL-meL-P-Bn_Gly-F,3395,103.12099999999998,-0.3211000000000002,49.33,2.0,2.0,2.0,0.0,0.0,0.3198914670212205,-0.4800886827799933,5.8618073195657985,3.1807392125526213,0,1,145.202,0.7051000000000001,49.33,2.0,2.0,4.0,0.0,0.0,0.3201916549570671,-0.4800807607084159,8.146264369941973,4.574586062669973,0,1,145.202,0.7051000000000001,49.33,2.0,2.0,4.0,0.0,0.0,0.3201916549570671,-0.4800807607084159,8.146264369941973,4.574586062669973,0,1,115.13200000000002,-0.177,49.33,2.0,2.0,1.0,1.0,0.0,0.3201918797186009,-0.4800807667669501,5.983127663125442,3.8045304526403103,0,1,165.192,0.8607999999999996,49.33,2.0,2.0,4.0,1.0,1.0,0.3169885914261252,-0.480291375186306,8.811554787871634,5.787693700234704,0,1,165.19199999999995,0.641,63.32000000000001,2.0,2.0,3.0,1.0,1.0,0.3203155016395601,-0.4800777002034423,8.974691494688164,5.698377302757663,0,0
-4.85,Me_dA-meL-meL-P-Bn_Gly-F,3397,103.12099999999998,-0.3211000000000002,49.33,2.0,2.0,2.0,0.0,0.0,0.3198914670212205,-0.4800886827799933,5.8618073195657985,3.1807392125526213,0,1,145.202,0.7051000000000001,49.33,2.0,2.0,4.0,0.0,0.0,0.3201916549570671,-0.4800807607084159,8.146264369941973,4.574586062669973,0,1,145.202,0.7051000000000001,49.33,2.0,2.0,4.0,0.0,0.0,0.3201916549570671,-0.4800807607084159,8.146264369941973,4.574586062669973,0,1,115.13200000000002,-0.177,49.33,2.0,2.0,1.0,1.0,0.0,0.3201918797186009,-0.4800807667669501,5.983127663125442,3.8045304526403103,0,1,165.192,0.8607999999999996,49.33,2.0,2.0,4.0,1.0,1.0,0.3169885914261252,-0.480291375186306,8.811554787871634,5.787693700234704,0,1,165.19199999999995,0.641,63.32000000000001,2.0,2.0,3.0,1.0,1.0,0.3203155016395601,-0.4800777002034423,8.974691494688164,5.698377302757663,0,0
-4.85,Me_dA-Bn_Gly-meL-P-meL-F,3398,103.12099999999998,-0.3211000000000002,49.33,2.0,2.0,2.0,0.0,0.0,0.3198914670212205,-0.4800886827799933,5.8618073195657985,3.1807392125526213,0,1,165.192,0.8607999999999996,49.33,2.0,2.0,4.0,1.0,1.0,0.3169885914261252,-0.480291375186306,8.811554787871634,5.787693700234704,0,1,145.202,0.7051000000000001,49.33,2.0,2.0,4.0,0.0,0.0,0.3201916549570671,-0.4800807607084159,8.146264369941973,4.574586062669973,0,1,115.13200000000002,-0.177,49.33,2.0,2.0,1.0,1.0,0.0,0.3201918797186009,-0.4800807667669501,5.983127663125442,3.8045304526403103,0,1,145.202,0.7051000000000001,49.33,2.0,2.0,4.0,0.0,0.0,0.3201916549570671,-0.4800807607084159,8.146264369941973,4.574586062669973,0,1,165.19199999999995,0.641,63.32000000000001,2.0,2.0,3.0,1.0,1.0,0.3203155016395601,-0.4800777002034423,8.974691494688164,5.698377302757663,0,0
-4.94,Me_dA-meL-Bn_Gly-P-meL-F,3399,103.12099999999998,-0.3211000000000002,49.33,2.0,2.0,2.0,0.0,0.0,0.3198914670212205,-0.4800886827799933,5.8618073195657985,3.1807392125526213,0,1,145.202,0.7051000000000001,49.33,2.0,2.0,4.0,0.0,0.0,0.3201916549570671,-0.4800807607084159,8.146264369941973,4.574586062669973,0,1,165.192,0.8607999999999996,49.33,2.0,2.0,4.0,1.0,1.0,0.3169885914261252,-0.480291375186306,8.811554787871634,5.787693700234704,0,1,115.13200000000002,-0.177,49.33,2.0,2.0,1.0,1.0,0.0,0.3201918797186009,-0.4800807667669501,5.983127663125442,3.8045304526403103,0,1,145.202,0.7051000000000001,49.33,2.0,2.0,4.0,0.0,0.0,0.3201916549570671,-0.4800807607084159,8.146264369941973,4.574586062669973,0,1,165.19199999999995,0.641,63.32000000000001,2.0,2.0,3.0,1.0,1.0,0.3203155016395601,-0.4800777002034423,8.974691494688164,5.698377302757663,0,0
-5.1,Me_dA-meL-bHph-P-meL-F,3404,103.12099999999998,-0.3211000000000002,49.33,2.0,2.0,2.0,0.0,0.0,0.3198914670212205,-0.4800886827799933,5.8618073195657985,3.1807392125526213,0,1,145.202,0.7051000000000001,49.33,2.0,2.0,4.0,0.0,0.0,0.3201916549570671,-0.4800807607084159,8.146264369941973,4.574586062669973,0,1,179.219,1.0310999999999997,63.32000000000001,2.0,2.0,4.0,1.0,1.0,0.3044293792840294,-0.4811872335599088,9.681798275874712,6.1815405503520555,0,1,115.13200000000002,-0.177,49.33,2.0,2.0,1.0,1.0,0.0,0.3201918797186009,-0.4800807667669501,5.983127663125442,3.8045304526403103,0,1,145.202,0.7051000000000001,49.33,2.0,2.0,4.0,0.0,0.0,0.3201916549570671,-0.4800807607084159,8.146264369941973,4.574586062669973,0,1,165.19199999999995,0.641,63.32000000000001,2.0,2.0,3.0,1.0,1.0,0.3203155016395601,-0.4800777002034423,8.974691494688164,5.698377302757663,0,0
-5.06,meA-dL-dL-dP-dL-F,3411,103.12099999999998,-0.3211000000000002,49.33,2.0,2.0,2.0,0.0,0.0,0.3198914670212205,-0.4800886827799933,5.8618073195657985,3.1807392125526213,0,1,131.175,0.4443999999999999,63.32000000000001,2.0,2.0,3.0,0.0,0.0,0.319977946620586,-0.4800863173262635,7.439157588755425,4.036581260209188,1,0,131.175,0.4443999999999999,63.32000000000001,2.0,2.0,3.0,0.0,0.0,0.319977946620586,-0.4800863173262635,7.439157588755425,4.036581260209188,1,0,115.13200000000002,-0.177,49.33,2.0,2.0,1.0,1.0,0.0,0.3201918797186009,-0.4800807667669501,5.983127663125442,3.8045304526403103,1,1,131.175,0.4443999999999999,63.32000000000001,2.0,2.0,3.0,0.0,0.0,0.319977946620586,-0.4800863173262635,7.439157588755425,4.036581260209188,1,0,165.19199999999995,0.641,63.32000000000001,2.0,2.0,3.0,1.0,1.0,0.3203155016395601,-0.4800777002034423,8.974691494688164,5.698377302757663,0,0
-5.15,meA-dL-L-dP-dL-F,3414,103.12099999999998,-0.3211000000000002,49.33,2.0,2.0,2.0,0.0,0.0,0.3198914670212205,-0.4800886827799933,5.8618073195657985,3.1807392125526213,0,1,131.175,0.4443999999999999,63.32000000000001,2.0,2.0,3.0,0.0,0.0,0.319977946620586,-0.4800863173262635,7.439157588755425,4.036581260209188,1,0,131.175,0.4443999999999999,63.32000000000001,2.0,2.0,3.0,0.0,0.0,0.319977946620586,-0.4800863173262635,7.439157588755425,4.036581260209188,0,0,115.13200000000002,-0.177,49.33,2.0,2.0,1.0,1.0,0.0,0.3201918797186009,-0.4800807667669501,5.983127663125442,3.8045304526403103,1,1,131.175,0.4443999999999999,63.32000000000001,2.0,2.0,3.0,0.0,0.0,0.319977946620586,-0.4800863173262635,7.439157588755425,4.036581260209188,1,0,165.19199999999995,0.641,63.32000000000001,2.0,2.0,3.0,1.0,1.0,0.3203155016395601,-0.4800777002034423,8.974691494688164,5.698377302757663,0,0
-4.99,meA-dL-Me_dL-dP-dL-F,3420,103.12099999999998,-0.3211000000000002,49.33,2.0,2.0,2.0,0.0,0.0,0.3198914670212205,-0.4800886827799933,5.8618073195657985,3.1807392125526213,0,1,131.175,0.4443999999999999,63.32000000000001,2.0,2.0,3.0,0.0,0.0,0.319977946620586,-0.4800863173262635,7.439157588755425,4.036581260209188,1,0,145.202,0.7051000000000001,49.33,2.0,2.0,4.0,0.0,0.0,0.3201916549570671,-0.4800807607084159,8.146264369941973,4.574586062669973,0,1,115.13200000000002,-0.177,49.33,2.0,2.0,1.0,1.0,0.0,0.3201918797186009,-0.4800807667669501,5.983127663125442,3.8045304526403103,1,1,131.175,0.4443999999999999,63.32000000000001,2.0,2.0,3.0,0.0,0.0,0.319977946620586,-0.4800863173262635,7.439157588755425,4.036581260209188,1,0,165.19199999999995,0.641,63.32000000000001,2.0,2.0,3.0,1.0,1.0,0.3203155016395601,-0.4800777002034423,8.974691494688164,5.698377302757663,0,0
-5.06,meA-dL-L-dP-Me_dL-F,3425,103.12099999999998,-0.3211000000000002,49.33,2.0,2.0,2.0,0.0,0.0,0.3198914670212205,-0.4800886827799933,5.8618073195657985,3.1807392125526213,0,1,131.175,0.4443999999999999,63.32000000000001,2.0,2.0,3.0,0.0,0.0,0.319977946620586,-0.4800863173262635,7.439157588755425,4.036581260209188,1,0,131.175,0.4443999999999999,63.32000000000001,2.0,2.0,3.0,0.0,0.0,0.319977946620586,-0.4800863173262635,7.439157588755425,4.036581260209188,0,0,115.13200000000002,-0.177,49.33,2.0,2.0,1.0,1.0,0.0,0.3201918797186009,-0.4800807667669501,5.983127663125442,3.8045304526403103,1,1,145.202,0.7051000000000001,49.33,2.0,2.0,4.0,0.0,0.0,0.3201916549570671,-0.4800807607084159,8.146264369941973,4.574586062669973,0,1,165.19199999999995,0.641,63.32000000000001,2.0,2.0,3.0,1.0,1.0,0.3203155016395601,-0.4800777002034423,8.974691494688164,5.698377302757663,0,0
-5.05,meA-dL-meL-dP-dL-F,3426,103.12099999999998,-0.3211000000000002,49.33,2.0,2.0,2.0,0.0,0.0,0.3198914670212205,-0.4800886827799933,5.8618073195657985,3.1807392125526213,0,1,131.175,0.4443999999999999,63.32000000000001,2.0,2.0,3.0,0.0,0.0,0.319977946620586,-0.4800863173262635,7.439157588755425,4.036581260209188,1,0,145.202,0.7051000000000001,49.33,2.0,2.0,4.0,0.0,0.0,0.3201916549570671,-0.4800807607084159,8.146264369941973,4.574586062669973,0,1,115.13200000000002,-0.177,49.33,2.0,2.0,1.0,1.0,0.0,0.3201918797186009,-0.4800807667669501,5.983127663125442,3.8045304526403103,1,1,131.175,0.4443999999999999,63.32000000000001,2.0,2.0,3.0,0.0,0.0,0.319977946620586,-0.4800863173262635,7.439157588755425,4.036581260209188,1,0,165.19199999999995,0.641,63.32000000000001,2.0,2.0,3.0,1.0,1.0,0.3203155016395601,-0.4800777002034423,8.974691494688164,5.698377302757663,0,0
-4.89,meA-dL-L-dP-meL-F,3432,103.12099999999998,-0.3211000000000002,49.33,2.0,2.0,2.0,0.0,0.0,0.3198914670212205,-0.4800886827799933,5.8618073195657985,3.1807392125526213,0,1,131.175,0.4443999999999999,63.32000000000001,2.0,2.0,3.0,0.0,0.0,0.319977946620586,-0.4800863173262635,7.439157588755425,4.036581260209188,1,0,131.175,0.4443999999999999,63.32000000000001,2.0,2.0,3.0,0.0,0.0,0.319977946620586,-0.4800863173262635,7.439157588755425,4.036581260209188,0,0,115.13200000000002,-0.177,49.33,2.0,2.0,1.0,1.0,0.0,0.3201918797186009,-0.4800807667669501,5.983127663125442,3.8045304526403103,1,1,145.202,0.7051000000000001,49.33,2.0,2.0,4.0,0.0,0.0,0.3201916549570671,-0.4800807607084159,8.146264369941973,4.574586062669973,0,1,165.19199999999995,0.641,63.32000000000001,2.0,2.0,3.0,1.0,1.0,0.3203155016395601,-0.4800777002034423,8.974691494688164,5.698377302757663,0,0
-5.04,meA-L-meL-dP-L-F,3435,103.12099999999998,-0.3211000000000002,49.33,2.0,2.0,2.0,0.0,0.0,0.3198914670212205,-0.4800886827799933,5.8618073195657985,3.1807392125526213,0,1,131.175,0.4443999999999999,63.32000000000001,2.0,2.0,3.0,0.0,0.0,0.319977946620586,-0.4800863173262635,7.439157588755425,4.036581260209188,0,0,145.202,0.7051000000000001,49.33,2.0,2.0,4.0,0.0,0.0,0.3201916549570671,-0.4800807607084159,8.146264369941973,4.574586062669973,0,1,115.13200000000002,-0.177,49.33,2.0,2.0,1.0,1.0,0.0,0.3201918797186009,-0.4800807667669501,5.983127663125442,3.8045304526403103,1,1,131.175,0.4443999999999999,63.32000000000001,2.0,2.0,3.0,0.0,0.0,0.319977946620586,-0.4800863173262635,7.439157588755425,4.036581260209188,0,0,165.19199999999995,0.641,63.32000000000001,2.0,2.0,3.0,1.0,1.0,0.3203155016395601,-0.4800777002034423,8.974691494688164,5.698377302757663,0,0
-5.19,meA-Me_dL-dL-dP-Me_dL-F,3436,103.12099999999998,-0.3211000000000002,49.33,2.0,2.0,2.0,0.0,0.0,0.3198914670212205,-0.4800886827799933,5.8618073195657985,3.1807392125526213,0,1,145.202,0.7051000000000001,49.33,2.0,2.0,4.0,0.0,0.0,0.3201916549570671,-0.4800807607084159,8.146264369941973,4.574586062669973,0,1,131.175,0.4443999999999999,63.32000000000001,2.0,2.0,3.0,0.0,0.0,0.319977946620586,-0.4800863173262635,7.439157588755425,4.036581260209188,1,0,115.13200000000002,-0.177,49.33,2.0,2.0,1.0,1.0,0.0,0.3201918797186009,-0.4800807667669501,5.983127663125442,3.8045304526403103,1,1,145.202,0.7051000000000001,49.33,2.0,2.0,4.0,0.0,0.0,0.3201916549570671,-0.4800807607084159,8.146264369941973,4.574586062669973,0,1,165.19199999999995,0.641,63.32000000000001,2.0,2.0,3.0,1.0,1.0,0.3203155016395601,-0.4800777002034423,8.974691494688164,5.698377302757663,0,0
-5.15,meA-dL-Me_dL-dP-meL-F,3437,103.12099999999998,-0.3211000000000002,49.33,2.0,2.0,2.0,0.0,0.0,0.3198914670212205,-0.4800886827799933,5.8618073195657985,3.1807392125526213,0,1,131.175,0.4443999999999999,63.32000000000001,2.0,2.0,3.0,0.0,0.0,0.319977946620586,-0.4800863173262635,7.439157588755425,4.036581260209188,1,0,145.202,0.7051000000000001,49.33,2.0,2.0,4.0,0.0,0.0,0.3201916549570671,-0.4800807607084159,8.146264369941973,4.574586062669973,0,1,115.13200000000002,-0.177,49.33,2.0,2.0,1.0,1.0,0.0,0.3201918797186009,-0.4800807667669501,5.983127663125442,3.8045304526403103,1,1,145.202,0.7051000000000001,49.33,2.0,2.0,4.0,0.0,0.0,0.3201916549570671,-0.4800807607084159,8.146264369941973,4.574586062669973,0,1,165.19199999999995,0.641,63.32000000000001,2.0,2.0,3.0,1.0,1.0,0.3203155016395601,-0.4800777002034423,8.974691494688164,5.698377302757663,0,0
-4.86,meA-Me_dL-dL-dP-meL-F,3439,103.12099999999998,-0.3211000000000002,49.33,2.0,2.0,2.0,0.0,0.0,0.3198914670212205,-0.4800886827799933,5.8618073195657985,3.1807392125526213,0,1,145.202,0.7051000000000001,49.33,2.0,2.0,4.0,0.0,0.0,0.3201916549570671,-0.4800807607084159,8.146264369941973,4.574586062669973,0,1,131.175,0.4443999999999999,63.32000000000001,2.0,2.0,3.0,0.0,0.0,0.319977946620586,-0.4800863173262635,7.439157588755425,4.036581260209188,1,0,115.13200000000002,-0.177,49.33,2.0,2.0,1.0,1.0,0.0,0.3201918797186009,-0.4800807667669501,5.983127663125442,3.8045304526403103,1,1,145.202,0.7051000000000001,49.33,2.0,2.0,4.0,0.0,0.0,0.3201916549570671,-0.4800807607084159,8.146264369941973,4.574586062669973,0,1,165.19199999999995,0.641,63.32000000000001,2.0,2.0,3.0,1.0,1.0,0.3203155016395601,-0.4800777002034423,8.974691494688164,5.698377302757663,0,0
-5.2,meA-dL-Bn_Gly-dP-dL-F,3441,103.12099999999998,-0.3211000000000002,49.33,2.0,2.0,2.0,0.0,0.0,0.3198914670212205,-0.4800886827799933,5.8618073195657985,3.1807392125526213,0,1,131.175,0.4443999999999999,63.32000000000001,2.0,2.0,3.0,0.0,0.0,0.319977946620586,-0.4800863173262635,7.439157588755425,4.036581260209188,1,0,165.192,0.8607999999999996,49.33,2.0,2.0,4.0,1.0,1.0,0.3169885914261252,-0.480291375186306,8.811554787871634,5.787693700234704,0,1,115.13200000000002,-0.177,49.33,2.0,2.0,1.0,1.0,0.0,0.3201918797186009,-0.4800807667669501,5.983127663125442,3.8045304526403103,1,1,131.175,0.4443999999999999,63.32000000000001,2.0,2.0,3.0,0.0,0.0,0.319977946620586,-0.4800863173262635,7.439157588755425,4.036581260209188,1,0,165.19199999999995,0.641,63.32000000000001,2.0,2.0,3.0,1.0,1.0,0.3203155016395601,-0.4800777002034423,8.974691494688164,5.698377302757663,0,0
-5.08,meA-meL-dL-dP-meL-F,3442,103.12099999999998,-0.3211000000000002,49.33,2.0,2.0,2.0,0.0,0.0,0.3198914670212205,-0.4800886827799933,5.8618073195657985,3.1807392125526213,0,1,145.202,0.7051000000000001,49.33,2.0,2.0,4.0,0.0,0.0,0.3201916549570671,-0.4800807607084159,8.146264369941973,4.574586062669973,0,1,131.175,0.4443999999999999,63.32000000000001,2.0,2.0,3.0,0.0,0.0,0.319977946620586,-0.4800863173262635,7.439157588755425,4.036581260209188,1,0,115.13200000000002,-0.177,49.33,2.0,2.0,1.0,1.0,0.0,0.3201918797186009,-0.4800807667669501,5.983127663125442,3.8045304526403103,1,1,145.202,0.7051000000000001,49.33,2.0,2.0,4.0,0.0,0.0,0.3201916549570671,-0.4800807607084159,8.146264369941973,4.574586062669973,0,1,165.19199999999995,0.641,63.32000000000001,2.0,2.0,3.0,1.0,1.0,0.3203155016395601,-0.4800777002034423,8.974691494688164,5.698377302757663,0,0
-4.92,meA-meL-L-dP-Me_dL-F,3444,103.12099999999998,-0.3211000000000002,49.33,2.0,2.0,2.0,0.0,0.0,0.3198914670212205,-0.4800886827799933,5.8618073195657985,3.1807392125526213,0,1,145.202,0.7051000000000001,49.33,2.0,2.0,4.0,0.0,0.0,0.3201916549570671,-0.4800807607084159,8.146264369941973,4.574586062669973,0,1,131.175,0.4443999999999999,63.32000000000001,2.0,2.0,3.0,0.0,0.0,0.319977946620586,-0.4800863173262635,7.439157588755425,4.036581260209188,0,0,115.13200000000002,-0.177,49.33,2.0,2.0,1.0,1.0,0.0,0.3201918797186009,-0.4800807667669501,5.983127663125442,3.8045304526403103,1,1,145.202,0.7051000000000001,49.33,2.0,2.0,4.0,0.0,0.0,0.3201916549570671,-0.4800807607084159,8.146264369941973,4.574586062669973,0,1,165.19199999999995,0.641,63.32000000000001,2.0,2.0,3.0,1.0,1.0,0.3203155016395601,-0.4800777002034423,8.974691494688164,5.698377302757663,0,0
-4.96,meA-dL-meL-dP-meL-F,3445,103.12099999999998,-0.3211000000000002,49.33,2.0,2.0,2.0,0.0,0.0,0.3198914670212205,-0.4800886827799933,5.8618073195657985,3.1807392125526213,0,1,131.175,0.4443999999999999,63.32000000000001,2.0,2.0,3.0,0.0,0.0,0.319977946620586,-0.4800863173262635,7.439157588755425,4.036581260209188,1,0,145.202,0.7051000000000001,49.33,2.0,2.0,4.0,0.0,0.0,0.3201916549570671,-0.4800807607084159,8.146264369941973,4.574586062669973,0,1,115.13200000000002,-0.177,49.33,2.0,2.0,1.0,1.0,0.0,0.3201918797186009,-0.4800807667669501,5.983127663125442,3.8045304526403103,1,1,145.202,0.7051000000000001,49.33,2.0,2.0,4.0,0.0,0.0,0.3201916549570671,-0.4800807607084159,8.146264369941973,4.574586062669973,0,1,165.19199999999995,0.641,63.32000000000001,2.0,2.0,3.0,1.0,1.0,0.3203155016395601,-0.4800777002034423,8.974691494688164,5.698377302757663,0,0
-4.87,meA-Me_dL-L-dP-meL-F,3446,103.12099999999998,-0.3211000000000002,49.33,2.0,2.0,2.0,0.0,0.0,0.3198914670212205,-0.4800886827799933,5.8618073195657985,3.1807392125526213,0,1,145.202,0.7051000000000001,49.33,2.0,2.0,4.0,0.0,0.0,0.3201916549570671,-0.4800807607084159,8.146264369941973,4.574586062669973,0,1,131.175,0.4443999999999999,63.32000000000001,2.0,2.0,3.0,0.0,0.0,0.319977946620586,-0.4800863173262635,7.439157588755425,4.036581260209188,0,0,115.13200000000002,-0.177,49.33,2.0,2.0,1.0,1.0,0.0,0.3201918797186009,-0.4800807667669501,5.983127663125442,3.8045304526403103,1,1,145.202,0.7051000000000001,49.33,2.0,2.0,4.0,0.0,0.0,0.3201916549570671,-0.4800807607084159,8.146264369941973,4.574586062669973,0,1,165.19199999999995,0.641,63.32000000000001,2.0,2.0,3.0,1.0,1.0,0.3203155016395601,-0.4800777002034423,8.974691494688164,5.698377302757663,0,0
-4.92,meA-meL-L-dP-meL-F,3449,103.12099999999998,-0.3211000000000002,49.33,2.0,2.0,2.0,0.0,0.0,0.3198914670212205,-0.4800886827799933,5.8618073195657985,3.1807392125526213,0,1,145.202,0.7051000000000001,49.33,2.0,2.0,4.0,0.0,0.0,0.3201916549570671,-0.4800807607084159,8.146264369941973,4.574586062669973,0,1,131.175,0.4443999999999999,63.32000000000001,2.0,2.0,3.0,0.0,0.0,0.319977946620586,-0.4800863173262635,7.439157588755425,4.036581260209188,0,0,115.13200000000002,-0.177,49.33,2.0,2.0,1.0,1.0,0.0,0.3201918797186009,-0.4800807667669501,5.983127663125442,3.8045304526403103,1,1,145.202,0.7051000000000001,49.33,2.0,2.0,4.0,0.0,0.0,0.3201916549570671,-0.4800807607084159,8.146264369941973,4.574586062669973,0,1,165.19199999999995,0.641,63.32000000000001,2.0,2.0,3.0,1.0,1.0,0.3203155016395601,-0.4800777002034423,8.974691494688164,5.698377302757663,0,0
-4.84,meA-Me_dL-Me_dL-dP-Me_dL-F,3452,103.12099999999998,-0.3211000000000002,49.33,2.0,2.0,2.0,0.0,0.0,0.3198914670212205,-0.4800886827799933,5.8618073195657985,3.1807392125526213,0,1,145.202,0.7051000000000001,49.33,2.0,2.0,4.0,0.0,0.0,0.3201916549570671,-0.4800807607084159,8.146264369941973,4.574586062669973,0,1,145.202,0.7051000000000001,49.33,2.0,2.0,4.0,0.0,0.0,0.3201916549570671,-0.4800807607084159,8.146264369941973,4.574586062669973,0,1,115.13200000000002,-0.177,49.33,2.0,2.0,1.0,1.0,0.0,0.3201918797186009,-0.4800807667669501,5.983127663125442,3.8045304526403103,1,1,145.202,0.7051000000000001,49.33,2.0,2.0,4.0,0.0,0.0,0.3201916549570671,-0.4800807607084159,8.146264369941973,4.574586062669973,0,1,165.19199999999995,0.641,63.32000000000001,2.0,2.0,3.0,1.0,1.0,0.3203155016395601,-0.4800777002034423,8.974691494688164,5.698377302757663,0,0
-4.84,meA-meL-Me_dL-dP-Me_dL-F,3453,103.12099999999998,-0.3211000000000002,49.33,2.0,2.0,2.0,0.0,0.0,0.3198914670212205,-0.4800886827799933,5.8618073195657985,3.1807392125526213,0,1,145.202,0.7051000000000001,49.33,2.0,2.0,4.0,0.0,0.0,0.3201916549570671,-0.4800807607084159,8.146264369941973,4.574586062669973,0,1,145.202,0.7051000000000001,49.33,2.0,2.0,4.0,0.0,0.0,0.3201916549570671,-0.4800807607084159,8.146264369941973,4.574586062669973,0,1,115.13200000000002,-0.177,49.33,2.0,2.0,1.0,1.0,0.0,0.3201918797186009,-0.4800807667669501,5.983127663125442,3.8045304526403103,1,1,145.202,0.7051000000000001,49.33,2.0,2.0,4.0,0.0,0.0,0.3201916549570671,-0.4800807607084159,8.146264369941973,4.574586062669973,0,1,165.19199999999995,0.641,63.32000000000001,2.0,2.0,3.0,1.0,1.0,0.3203155016395601,-0.4800777002034423,8.974691494688164,5.698377302757663,0,0
-5.02,meA-Me_dL-meL-dP-Me_dL-F,3454,103.12099999999998,-0.3211000000000002,49.33,2.0,2.0,2.0,0.0,0.0,0.3198914670212205,-0.4800886827799933,5.8618073195657985,3.1807392125526213,0,1,145.202,0.7051000000000001,49.33,2.0,2.0,4.0,0.0,0.0,0.3201916549570671,-0.4800807607084159,8.146264369941973,4.574586062669973,0,1,145.202,0.7051000000000001,49.33,2.0,2.0,4.0,0.0,0.0,0.3201916549570671,-0.4800807607084159,8.146264369941973,4.574586062669973,0,1,115.13200000000002,-0.177,49.33,2.0,2.0,1.0,1.0,0.0,0.3201918797186009,-0.4800807667669501,5.983127663125442,3.8045304526403103,1,1,145.202,0.7051000000000001,49.33,2.0,2.0,4.0,0.0,0.0,0.3201916549570671,-0.4800807607084159,8.146264369941973,4.574586062669973,0,1,165.19199999999995,0.641,63.32000000000001,2.0,2.0,3.0,1.0,1.0,0.3203155016395601,-0.4800777002034423,8.974691494688164,5.698377302757663,0,0
-5.2,meA-dL-Me_dL-dP-Bn_Gly-F,3455,103.12099999999998,-0.3211000000000002,49.33,2.0,2.0,2.0,0.0,0.0,0.3198914670212205,-0.4800886827799933,5.8618073195657985,3.1807392125526213,0,1,131.175,0.4443999999999999,63.32000000000001,2.0,2.0,3.0,0.0,0.0,0.319977946620586,-0.4800863173262635,7.439157588755425,4.036581260209188,1,0,145.202,0.7051000000000001,49.33,2.0,2.0,4.0,0.0,0.0,0.3201916549570671,-0.4800807607084159,8.146264369941973,4.574586062669973,0,1,115.13200000000002,-0.177,49.33,2.0,2.0,1.0,1.0,0.0,0.3201918797186009,-0.4800807667669501,5.983127663125442,3.8045304526403103,1,1,165.192,0.8607999999999996,49.33,2.0,2.0,4.0,1.0,1.0,0.3169885914261252,-0.480291375186306,8.811554787871634,5.787693700234704,0,1,165.19199999999995,0.641,63.32000000000001,2.0,2.0,3.0,1.0,1.0,0.3203155016395601,-0.4800777002034423,8.974691494688164,5.698377302757663,0,0
-4.91,meA-Me_dL-meL-dP-meL-F,3457,103.12099999999998,-0.3211000000000002,49.33,2.0,2.0,2.0,0.0,0.0,0.3198914670212205,-0.4800886827799933,5.8618073195657985,3.1807392125526213,0,1,145.202,0.7051000000000001,49.33,2.0,2.0,4.0,0.0,0.0,0.3201916549570671,-0.4800807607084159,8.146264369941973,4.574586062669973,0,1,145.202,0.7051000000000001,49.33,2.0,2.0,4.0,0.0,0.0,0.3201916549570671,-0.4800807607084159,8.146264369941973,4.574586062669973,0,1,115.13200000000002,-0.177,49.33,2.0,2.0,1.0,1.0,0.0,0.3201918797186009,-0.4800807667669501,5.983127663125442,3.8045304526403103,1,1,145.202,0.7051000000000001,49.33,2.0,2.0,4.0,0.0,0.0,0.3201916549570671,-0.4800807607084159,8.146264369941973,4.574586062669973,0,1,165.19199999999995,0.641,63.32000000000001,2.0,2.0,3.0,1.0,1.0,0.3203155016395601,-0.4800777002034423,8.974691494688164,5.698377302757663,0,0
-5.11,meA-dL-Bn_Gly-dP-meL-F,3463,103.12099999999998,-0.3211000000000002,49.33,2.0,2.0,2.0,0.0,0.0,0.3198914670212205,-0.4800886827799933,5.8618073195657985,3.1807392125526213,0,1,131.175,0.4443999999999999,63.32000000000001,2.0,2.0,3.0,0.0,0.0,0.319977946620586,-0.4800863173262635,7.439157588755425,4.036581260209188,1,0,165.192,0.8607999999999996,49.33,2.0,2.0,4.0,1.0,1.0,0.3169885914261252,-0.480291375186306,8.811554787871634,5.787693700234704,0,1,115.13200000000002,-0.177,49.33,2.0,2.0,1.0,1.0,0.0,0.3201918797186009,-0.4800807667669501,5.983127663125442,3.8045304526403103,1,1,145.202,0.7051000000000001,49.33,2.0,2.0,4.0,0.0,0.0,0.3201916549570671,-0.4800807607084159,8.146264369941973,4.574586062669973,0,1,165.19199999999995,0.641,63.32000000000001,2.0,2.0,3.0,1.0,1.0,0.3203155016395601,-0.4800777002034423,8.974691494688164,5.698377302757663,0,0
-5.19,meA-Me_dL-L-dP-Bn_Gly-F,3464,103.12099999999998,-0.3211000000000002,49.33,2.0,2.0,2.0,0.0,0.0,0.3198914670212205,-0.4800886827799933,5.8618073195657985,3.1807392125526213,0,1,145.202,0.7051000000000001,49.33,2.0,2.0,4.0,0.0,0.0,0.3201916549570671,-0.4800807607084159,8.146264369941973,4.574586062669973,0,1,131.175,0.4443999999999999,63.32000000000001,2.0,2.0,3.0,0.0,0.0,0.319977946620586,-0.4800863173262635,7.439157588755425,4.036581260209188,0,0,115.13200000000002,-0.177,49.33,2.0,2.0,1.0,1.0,0.0,0.3201918797186009,-0.4800807667669501,5.983127663125442,3.8045304526403103,1,1,165.192,0.8607999999999996,49.33,2.0,2.0,4.0,1.0,1.0,0.3169885914261252,-0.480291375186306,8.811554787871634,5.787693700234704,0,1,165.19199999999995,0.641,63.32000000000001,2.0,2.0,3.0,1.0,1.0,0.3203155016395601,-0.4800777002034423,8.974691494688164,5.698377302757663,0,0
-5.18,meA-Me_dL-Bn_Gly-dP-Me_dL-F,3471,103.12099999999998,-0.3211000000000002,49.33,2.0,2.0,2.0,0.0,0.0,0.3198914670212205,-0.4800886827799933,5.8618073195657985,3.1807392125526213,0,1,145.202,0.7051000000000001,49.33,2.0,2.0,4.0,0.0,0.0,0.3201916549570671,-0.4800807607084159,8.146264369941973,4.574586062669973,0,1,165.192,0.8607999999999996,49.33,2.0,2.0,4.0,1.0,1.0,0.3169885914261252,-0.480291375186306,8.811554787871634,5.787693700234704,0,1,115.13200000000002,-0.177,49.33,2.0,2.0,1.0,1.0,0.0,0.3201918797186009,-0.4800807667669501,5.983127663125442,3.8045304526403103,1,1,145.202,0.7051000000000001,49.33,2.0,2.0,4.0,0.0,0.0,0.3201916549570671,-0.4800807607084159,8.146264369941973,4.574586062669973,0,1,165.19199999999995,0.641,63.32000000000001,2.0,2.0,3.0,1.0,1.0,0.3203155016395601,-0.4800777002034423,8.974691494688164,5.698377302757663,0,0
-5.17,meA-dL-bHph-dP-meL-F,3475,103.12099999999998,-0.3211000000000002,49.33,2.0,2.0,2.0,0.0,0.0,0.3198914670212205,-0.4800886827799933,5.8618073195657985,3.1807392125526213,0,1,131.175,0.4443999999999999,63.32000000000001,2.0,2.0,3.0,0.0,0.0,0.319977946620586,-0.4800863173262635,7.439157588755425,4.036581260209188,1,0,179.219,1.0310999999999997,63.32000000000001,2.0,2.0,4.0,1.0,1.0,0.3044293792840294,-0.4811872335599088,9.681798275874712,6.1815405503520555,0,1,115.13200000000002,-0.177,49.33,2.0,2.0,1.0,1.0,0.0,0.3201918797186009,-0.4800807667669501,5.983127663125442,3.8045304526403103,1,1,145.202,0.7051000000000001,49.33,2.0,2.0,4.0,0.0,0.0,0.3201916549570671,-0.4800807607084159,8.146264369941973,4.574586062669973,0,1,165.19199999999995,0.641,63.32000000000001,2.0,2.0,3.0,1.0,1.0,0.3203155016395601,-0.4800777002034423,8.974691494688164,5.698377302757663,0,0
-4.99,meA-Me_dL-Bn_Gly-dP-meL-F,3476,103.12099999999998,-0.3211000000000002,49.33,2.0,2.0,2.0,0.0,0.0,0.3198914670212205,-0.4800886827799933,5.8618073195657985,3.1807392125526213,0,1,145.202,0.7051000000000001,49.33,2.0,2.0,4.0,0.0,0.0,0.3201916549570671,-0.4800807607084159,8.146264369941973,4.574586062669973,0,1,165.192,0.8607999999999996,49.33,2.0,2.0,4.0,1.0,1.0,0.3169885914261252,-0.480291375186306,8.811554787871634,5.787693700234704,0,1,115.13200000000002,-0.177,49.33,2.0,2.0,1.0,1.0,0.0,0.3201918797186009,-0.4800807667669501,5.983127663125442,3.8045304526403103,1,1,145.202,0.7051000000000001,49.33,2.0,2.0,4.0,0.0,0.0,0.3201916549570671,-0.4800807607084159,8.146264369941973,4.574586062669973,0,1,165.19199999999995,0.641,63.32000000000001,2.0,2.0,3.0,1.0,1.0,0.3203155016395601,-0.4800777002034423,8.974691494688164,5.698377302757663,0,0
-5.1,meA-Bn_Gly-meL-dP-meL-F,3479,103.12099999999998,-0.3211000000000002,49.33,2.0,2.0,2.0,0.0,0.0,0.3198914670212205,-0.4800886827799933,5.8618073195657985,3.1807392125526213,0,1,165.192,0.8607999999999996,49.33,2.0,2.0,4.0,1.0,1.0,0.3169885914261252,-0.480291375186306,8.811554787871634,5.787693700234704,0,1,145.202,0.7051000000000001,49.33,2.0,2.0,4.0,0.0,0.0,0.3201916549570671,-0.4800807607084159,8.146264369941973,4.574586062669973,0,1,115.13200000000002,-0.177,49.33,2.0,2.0,1.0,1.0,0.0,0.3201918797186009,-0.4800807667669501,5.983127663125442,3.8045304526403103,1,1,145.202,0.7051000000000001,49.33,2.0,2.0,4.0,0.0,0.0,0.3201916549570671,-0.4800807607084159,8.146264369941973,4.574586062669973,0,1,165.19199999999995,0.641,63.32000000000001,2.0,2.0,3.0,1.0,1.0,0.3203155016395601,-0.4800777002034423,8.974691494688164,5.698377302757663,0,0
-5.19,meA-Me_dL-bHph-dP-Me_dL-F,3481,103.12099999999998,-0.3211000000000002,49.33,2.0,2.0,2.0,0.0,0.0,0.3198914670212205,-0.4800886827799933,5.8618073195657985,3.1807392125526213,0,1,145.202,0.7051000000000001,49.33,2.0,2.0,4.0,0.0,0.0,0.3201916549570671,-0.4800807607084159,8.146264369941973,4.574586062669973,0,1,179.219,1.0310999999999997,63.32000000000001,2.0,2.0,4.0,1.0,1.0,0.3044293792840294,-0.4811872335599088,9.681798275874712,6.1815405503520555,0,1,115.13200000000002,-0.177,49.33,2.0,2.0,1.0,1.0,0.0,0.3201918797186009,-0.4800807667669501,5.983127663125442,3.8045304526403103,1,1,145.202,0.7051000000000001,49.33,2.0,2.0,4.0,0.0,0.0,0.3201916549570671,-0.4800807607084159,8.146264369941973,4.574586062669973,0,1,165.19199999999995,0.641,63.32000000000001,2.0,2.0,3.0,1.0,1.0,0.3203155016395601,-0.4800777002034423,8.974691494688164,5.698377302757663,0,0
-5.18,Me_dA-dL-L-dP-Me_dL-F,3504,103.12099999999998,-0.3211000000000002,49.33,2.0,2.0,2.0,0.0,0.0,0.3198914670212205,-0.4800886827799933,5.8618073195657985,3.1807392125526213,0,1,131.175,0.4443999999999999,63.32000000000001,2.0,2.0,3.0,0.0,0.0,0.319977946620586,-0.4800863173262635,7.439157588755425,4.036581260209188,1,0,131.175,0.4443999999999999,63.32000000000001,2.0,2.0,3.0,0.0,0.0,0.319977946620586,-0.4800863173262635,7.439157588755425,4.036581260209188,0,0,115.13200000000002,-0.177,49.33,2.0,2.0,1.0,1.0,0.0,0.3201918797186009,-0.4800807667669501,5.983127663125442,3.8045304526403103,1,1,145.202,0.7051000000000001,49.33,2.0,2.0,4.0,0.0,0.0,0.3201916549570671,-0.4800807607084159,8.146264369941973,4.574586062669973,0,1,165.19199999999995,0.641,63.32000000000001,2.0,2.0,3.0,1.0,1.0,0.3203155016395601,-0.4800777002034423,8.974691494688164,5.698377302757663,0,0
-5.18,Me_dA-meL-dL-dP-dL-F,3506,103.12099999999998,-0.3211000000000002,49.33,2.0,2.0,2.0,0.0,0.0,0.3198914670212205,-0.4800886827799933,5.8618073195657985,3.1807392125526213,0,1,145.202,0.7051000000000001,49.33,2.0,2.0,4.0,0.0,0.0,0.3201916549570671,-0.4800807607084159,8.146264369941973,4.574586062669973,0,1,131.175,0.4443999999999999,63.32000000000001,2.0,2.0,3.0,0.0,0.0,0.319977946620586,-0.4800863173262635,7.439157588755425,4.036581260209188,1,0,115.13200000000002,-0.177,49.33,2.0,2.0,1.0,1.0,0.0,0.3201918797186009,-0.4800807667669501,5.983127663125442,3.8045304526403103,1,1,131.175,0.4443999999999999,63.32000000000001,2.0,2.0,3.0,0.0,0.0,0.319977946620586,-0.4800863173262635,7.439157588755425,4.036581260209188,1,0,165.19199999999995,0.641,63.32000000000001,2.0,2.0,3.0,1.0,1.0,0.3203155016395601,-0.4800777002034423,8.974691494688164,5.698377302757663,0,0
-5.2,Me_dA-dL-meL-dP-dL-F,3507,103.12099999999998,-0.3211000000000002,49.33,2.0,2.0,2.0,0.0,0.0,0.3198914670212205,-0.4800886827799933,5.8618073195657985,3.1807392125526213,0,1,131.175,0.4443999999999999,63.32000000000001,2.0,2.0,3.0,0.0,0.0,0.319977946620586,-0.4800863173262635,7.439157588755425,4.036581260209188,1,0,145.202,0.7051000000000001,49.33,2.0,2.0,4.0,0.0,0.0,0.3201916549570671,-0.4800807607084159,8.146264369941973,4.574586062669973,0,1,115.13200000000002,-0.177,49.33,2.0,2.0,1.0,1.0,0.0,0.3201918797186009,-0.4800807667669501,5.983127663125442,3.8045304526403103,1,1,131.175,0.4443999999999999,63.32000000000001,2.0,2.0,3.0,0.0,0.0,0.319977946620586,-0.4800863173262635,7.439157588755425,4.036581260209188,1,0,165.19199999999995,0.641,63.32000000000001,2.0,2.0,3.0,1.0,1.0,0.3203155016395601,-0.4800777002034423,8.974691494688164,5.698377302757663,0,0
-4.96,Me_dA-dL-L-dP-meL-F,3512,103.12099999999998,-0.3211000000000002,49.33,2.0,2.0,2.0,0.0,0.0,0.3198914670212205,-0.4800886827799933,5.8618073195657985,3.1807392125526213,0,1,131.175,0.4443999999999999,63.32000000000001,2.0,2.0,3.0,0.0,0.0,0.319977946620586,-0.4800863173262635,7.439157588755425,4.036581260209188,1,0,131.175,0.4443999999999999,63.32000000000001,2.0,2.0,3.0,0.0,0.0,0.319977946620586,-0.4800863173262635,7.439157588755425,4.036581260209188,0,0,115.13200000000002,-0.177,49.33,2.0,2.0,1.0,1.0,0.0,0.3201918797186009,-0.4800807667669501,5.983127663125442,3.8045304526403103,1,1,145.202,0.7051000000000001,49.33,2.0,2.0,4.0,0.0,0.0,0.3201916549570671,-0.4800807607084159,8.146264369941973,4.574586062669973,0,1,165.19199999999995,0.641,63.32000000000001,2.0,2.0,3.0,1.0,1.0,0.3203155016395601,-0.4800777002034423,8.974691494688164,5.698377302757663,0,0
-5.1,Me_dA-Me_dL-L-dP-L-F,3513,103.12099999999998,-0.3211000000000002,49.33,2.0,2.0,2.0,0.0,0.0,0.3198914670212205,-0.4800886827799933,5.8618073195657985,3.1807392125526213,0,1,145.202,0.7051000000000001,49.33,2.0,2.0,4.0,0.0,0.0,0.3201916549570671,-0.4800807607084159,8.146264369941973,4.574586062669973,0,1,131.175,0.4443999999999999,63.32000000000001,2.0,2.0,3.0,0.0,0.0,0.319977946620586,-0.4800863173262635,7.439157588755425,4.036581260209188,0,0,115.13200000000002,-0.177,49.33,2.0,2.0,1.0,1.0,0.0,0.3201918797186009,-0.4800807667669501,5.983127663125442,3.8045304526403103,1,1,131.175,0.4443999999999999,63.32000000000001,2.0,2.0,3.0,0.0,0.0,0.319977946620586,-0.4800863173262635,7.439157588755425,4.036581260209188,0,0,165.19199999999995,0.641,63.32000000000001,2.0,2.0,3.0,1.0,1.0,0.3203155016395601,-0.4800777002034423,8.974691494688164,5.698377302757663,0,0
-4.83,Me_dA-Me_dL-dL-dP-Me_dL-F,3517,103.12099999999998,-0.3211000000000002,49.33,2.0,2.0,2.0,0.0,0.0,0.3198914670212205,-0.4800886827799933,5.8618073195657985,3.1807392125526213,0,1,145.202,0.7051000000000001,49.33,2.0,2.0,4.0,0.0,0.0,0.3201916549570671,-0.4800807607084159,8.146264369941973,4.574586062669973,0,1,131.175,0.4443999999999999,63.32000000000001,2.0,2.0,3.0,0.0,0.0,0.319977946620586,-0.4800863173262635,7.439157588755425,4.036581260209188,1,0,115.13200000000002,-0.177,49.33,2.0,2.0,1.0,1.0,0.0,0.3201918797186009,-0.4800807667669501,5.983127663125442,3.8045304526403103,1,1,145.202,0.7051000000000001,49.33,2.0,2.0,4.0,0.0,0.0,0.3201916549570671,-0.4800807607084159,8.146264369941973,4.574586062669973,0,1,165.19199999999995,0.641,63.32000000000001,2.0,2.0,3.0,1.0,1.0,0.3203155016395601,-0.4800777002034423,8.974691494688164,5.698377302757663,0,0
-4.95,Me_dA-dL-Me_dL-dP-meL-F,3519,103.12099999999998,-0.3211000000000002,49.33,2.0,2.0,2.0,0.0,0.0,0.3198914670212205,-0.4800886827799933,5.8618073195657985,3.1807392125526213,0,1,131.175,0.4443999999999999,63.32000000000001,2.0,2.0,3.0,0.0,0.0,0.319977946620586,-0.4800863173262635,7.439157588755425,4.036581260209188,1,0,145.202,0.7051000000000001,49.33,2.0,2.0,4.0,0.0,0.0,0.3201916549570671,-0.4800807607084159,8.146264369941973,4.574586062669973,0,1,115.13200000000002,-0.177,49.33,2.0,2.0,1.0,1.0,0.0,0.3201918797186009,-0.4800807667669501,5.983127663125442,3.8045304526403103,1,1,145.202,0.7051000000000001,49.33,2.0,2.0,4.0,0.0,0.0,0.3201916549570671,-0.4800807607084159,8.146264369941973,4.574586062669973,0,1,165.19199999999995,0.641,63.32000000000001,2.0,2.0,3.0,1.0,1.0,0.3203155016395601,-0.4800777002034423,8.974691494688164,5.698377302757663,0,0
-5.05,Me_dA-meL-dL-dP-Me_dL-F,3520,103.12099999999998,-0.3211000000000002,49.33,2.0,2.0,2.0,0.0,0.0,0.3198914670212205,-0.4800886827799933,5.8618073195657985,3.1807392125526213,0,1,145.202,0.7051000000000001,49.33,2.0,2.0,4.0,0.0,0.0,0.3201916549570671,-0.4800807607084159,8.146264369941973,4.574586062669973,0,1,131.175,0.4443999999999999,63.32000000000001,2.0,2.0,3.0,0.0,0.0,0.319977946620586,-0.4800863173262635,7.439157588755425,4.036581260209188,1,0,115.13200000000002,-0.177,49.33,2.0,2.0,1.0,1.0,0.0,0.3201918797186009,-0.4800807667669501,5.983127663125442,3.8045304526403103,1,1,145.202,0.7051000000000001,49.33,2.0,2.0,4.0,0.0,0.0,0.3201916549570671,-0.4800807607084159,8.146264369941973,4.574586062669973,0,1,165.19199999999995,0.641,63.32000000000001,2.0,2.0,3.0,1.0,1.0,0.3203155016395601,-0.4800777002034423,8.974691494688164,5.698377302757663,0,0
-5.09,Me_dA-meL-Me_dL-dP-dL-F,3521,103.12099999999998,-0.3211000000000002,49.33,2.0,2.0,2.0,0.0,0.0,0.3198914670212205,-0.4800886827799933,5.8618073195657985,3.1807392125526213,0,1,145.202,0.7051000000000001,49.33,2.0,2.0,4.0,0.0,0.0,0.3201916549570671,-0.4800807607084159,8.146264369941973,4.574586062669973,0,1,145.202,0.7051000000000001,49.33,2.0,2.0,4.0,0.0,0.0,0.3201916549570671,-0.4800807607084159,8.146264369941973,4.574586062669973,0,1,115.13200000000002,-0.177,49.33,2.0,2.0,1.0,1.0,0.0,0.3201918797186009,-0.4800807667669501,5.983127663125442,3.8045304526403103,1,1,131.175,0.4443999999999999,63.32000000000001,2.0,2.0,3.0,0.0,0.0,0.319977946620586,-0.4800863173262635,7.439157588755425,4.036581260209188,1,0,165.19199999999995,0.641,63.32000000000001,2.0,2.0,3.0,1.0,1.0,0.3203155016395601,-0.4800777002034423,8.974691494688164,5.698377302757663,0,0
-5.04,Me_dA-Me_dL-meL-dP-dL-F,3522,103.12099999999998,-0.3211000000000002,49.33,2.0,2.0,2.0,0.0,0.0,0.3198914670212205,-0.4800886827799933,5.8618073195657985,3.1807392125526213,0,1,145.202,0.7051000000000001,49.33,2.0,2.0,4.0,0.0,0.0,0.3201916549570671,-0.4800807607084159,8.146264369941973,4.574586062669973,0,1,145.202,0.7051000000000001,49.33,2.0,2.0,4.0,0.0,0.0,0.3201916549570671,-0.4800807607084159,8.146264369941973,4.574586062669973,0,1,115.13200000000002,-0.177,49.33,2.0,2.0,1.0,1.0,0.0,0.3201918797186009,-0.4800807667669501,5.983127663125442,3.8045304526403103,1,1,131.175,0.4443999999999999,63.32000000000001,2.0,2.0,3.0,0.0,0.0,0.319977946620586,-0.4800863173262635,7.439157588755425,4.036581260209188,1,0,165.19199999999995,0.641,63.32000000000001,2.0,2.0,3.0,1.0,1.0,0.3203155016395601,-0.4800777002034423,8.974691494688164,5.698377302757663,0,0
-5.06,Me_dA-Me_dL-L-dP-Me_dL-F,3523,103.12099999999998,-0.3211000000000002,49.33,2.0,2.0,2.0,0.0,0.0,0.3198914670212205,-0.4800886827799933,5.8618073195657985,3.1807392125526213,0,1,145.202,0.7051000000000001,49.33,2.0,2.0,4.0,0.0,0.0,0.3201916549570671,-0.4800807607084159,8.146264369941973,4.574586062669973,0,1,131.175,0.4443999999999999,63.32000000000001,2.0,2.0,3.0,0.0,0.0,0.319977946620586,-0.4800863173262635,7.439157588755425,4.036581260209188,0,0,115.13200000000002,-0.177,49.33,2.0,2.0,1.0,1.0,0.0,0.3201918797186009,-0.4800807667669501,5.983127663125442,3.8045304526403103,1,1,145.202,0.7051000000000001,49.33,2.0,2.0,4.0,0.0,0.0,0.3201916549570671,-0.4800807607084159,8.146264369941973,4.574586062669973,0,1,165.19199999999995,0.641,63.32000000000001,2.0,2.0,3.0,1.0,1.0,0.3203155016395601,-0.4800777002034423,8.974691494688164,5.698377302757663,0,0
-4.96,Me_dA-meL-dL-dP-meL-F,3527,103.12099999999998,-0.3211000000000002,49.33,2.0,2.0,2.0,0.0,0.0,0.3198914670212205,-0.4800886827799933,5.8618073195657985,3.1807392125526213,0,1,145.202,0.7051000000000001,49.33,2.0,2.0,4.0,0.0,0.0,0.3201916549570671,-0.4800807607084159,8.146264369941973,4.574586062669973,0,1,131.175,0.4443999999999999,63.32000000000001,2.0,2.0,3.0,0.0,0.0,0.319977946620586,-0.4800863173262635,7.439157588755425,4.036581260209188,1,0,115.13200000000002,-0.177,49.33,2.0,2.0,1.0,1.0,0.0,0.3201918797186009,-0.4800807667669501,5.983127663125442,3.8045304526403103,1,1,145.202,0.7051000000000001,49.33,2.0,2.0,4.0,0.0,0.0,0.3201916549570671,-0.4800807607084159,8.146264369941973,4.574586062669973,0,1,165.19199999999995,0.641,63.32000000000001,2.0,2.0,3.0,1.0,1.0,0.3203155016395601,-0.4800777002034423,8.974691494688164,5.698377302757663,0,0
-4.84,Me_dA-L-meL-dP-Me_dL-F,3528,103.12099999999998,-0.3211000000000002,49.33,2.0,2.0,2.0,0.0,0.0,0.3198914670212205,-0.4800886827799933,5.8618073195657985,3.1807392125526213,0,1,131.175,0.4443999999999999,63.32000000000001,2.0,2.0,3.0,0.0,0.0,0.319977946620586,-0.4800863173262635,7.439157588755425,4.036581260209188,0,0,145.202,0.7051000000000001,49.33,2.0,2.0,4.0,0.0,0.0,0.3201916549570671,-0.4800807607084159,8.146264369941973,4.574586062669973,0,1,115.13200000000002,-0.177,49.33,2.0,2.0,1.0,1.0,0.0,0.3201918797186009,-0.4800807667669501,5.983127663125442,3.8045304526403103,1,1,145.202,0.7051000000000001,49.33,2.0,2.0,4.0,0.0,0.0,0.3201916549570671,-0.4800807607084159,8.146264369941973,4.574586062669973,0,1,165.19199999999995,0.641,63.32000000000001,2.0,2.0,3.0,1.0,1.0,0.3203155016395601,-0.4800777002034423,8.974691494688164,5.698377302757663,0,0
-4.91,Me_dA-dL-meL-dP-meL-F,3529,103.12099999999998,-0.3211000000000002,49.33,2.0,2.0,2.0,0.0,0.0,0.3198914670212205,-0.4800886827799933,5.8618073195657985,3.1807392125526213,0,1,131.175,0.4443999999999999,63.32000000000001,2.0,2.0,3.0,0.0,0.0,0.319977946620586,-0.4800863173262635,7.439157588755425,4.036581260209188,1,0,145.202,0.7051000000000001,49.33,2.0,2.0,4.0,0.0,0.0,0.3201916549570671,-0.4800807607084159,8.146264369941973,4.574586062669973,0,1,115.13200000000002,-0.177,49.33,2.0,2.0,1.0,1.0,0.0,0.3201918797186009,-0.4800807667669501,5.983127663125442,3.8045304526403103,1,1,145.202,0.7051000000000001,49.33,2.0,2.0,4.0,0.0,0.0,0.3201916549570671,-0.4800807607084159,8.146264369941973,4.574586062669973,0,1,165.19199999999995,0.641,63.32000000000001,2.0,2.0,3.0,1.0,1.0,0.3203155016395601,-0.4800777002034423,8.974691494688164,5.698377302757663,0,0
-4.82,Me_dA-L-Me_dL-dP-meL-F,3530,103.12099999999998,-0.3211000000000002,49.33,2.0,2.0,2.0,0.0,0.0,0.3198914670212205,-0.4800886827799933,5.8618073195657985,3.1807392125526213,0,1,131.175,0.4443999999999999,63.32000000000001,2.0,2.0,3.0,0.0,0.0,0.319977946620586,-0.4800863173262635,7.439157588755425,4.036581260209188,0,0,145.202,0.7051000000000001,49.33,2.0,2.0,4.0,0.0,0.0,0.3201916549570671,-0.4800807607084159,8.146264369941973,4.574586062669973,0,1,115.13200000000002,-0.177,49.33,2.0,2.0,1.0,1.0,0.0,0.3201918797186009,-0.4800807667669501,5.983127663125442,3.8045304526403103,1,1,145.202,0.7051000000000001,49.33,2.0,2.0,4.0,0.0,0.0,0.3201916549570671,-0.4800807607084159,8.146264369941973,4.574586062669973,0,1,165.19199999999995,0.641,63.32000000000001,2.0,2.0,3.0,1.0,1.0,0.3203155016395601,-0.4800777002034423,8.974691494688164,5.698377302757663,0,0
-4.89,Me_dA-meL-L-dP-Me_dL-F,3531,103.12099999999998,-0.3211000000000002,49.33,2.0,2.0,2.0,0.0,0.0,0.3198914670212205,-0.4800886827799933,5.8618073195657985,3.1807392125526213,0,1,145.202,0.7051000000000001,49.33,2.0,2.0,4.0,0.0,0.0,0.3201916549570671,-0.4800807607084159,8.146264369941973,4.574586062669973,0,1,131.175,0.4443999999999999,63.32000000000001,2.0,2.0,3.0,0.0,0.0,0.319977946620586,-0.4800863173262635,7.439157588755425,4.036581260209188,0,0,115.13200000000002,-0.177,49.33,2.0,2.0,1.0,1.0,0.0,0.3201918797186009,-0.4800807667669501,5.983127663125442,3.8045304526403103,1,1,145.202,0.7051000000000001,49.33,2.0,2.0,4.0,0.0,0.0,0.3201916549570671,-0.4800807607084159,8.146264369941973,4.574586062669973,0,1,165.19199999999995,0.641,63.32000000000001,2.0,2.0,3.0,1.0,1.0,0.3203155016395601,-0.4800777002034423,8.974691494688164,5.698377302757663,0,0
-5.04,Me_dA-Me_dL-L-dP-meL-F,3532,103.12099999999998,-0.3211000000000002,49.33,2.0,2.0,2.0,0.0,0.0,0.3198914670212205,-0.4800886827799933,5.8618073195657985,3.1807392125526213,0,1,145.202,0.7051000000000001,49.33,2.0,2.0,4.0,0.0,0.0,0.3201916549570671,-0.4800807607084159,8.146264369941973,4.574586062669973,0,1,131.175,0.4443999999999999,63.32000000000001,2.0,2.0,3.0,0.0,0.0,0.319977946620586,-0.4800863173262635,7.439157588755425,4.036581260209188,0,0,115.13200000000002,-0.177,49.33,2.0,2.0,1.0,1.0,0.0,0.3201918797186009,-0.4800807667669501,5.983127663125442,3.8045304526403103,1,1,145.202,0.7051000000000001,49.33,2.0,2.0,4.0,0.0,0.0,0.3201916549570671,-0.4800807607084159,8.146264369941973,4.574586062669973,0,1,165.19199999999995,0.641,63.32000000000001,2.0,2.0,3.0,1.0,1.0,0.3203155016395601,-0.4800777002034423,8.974691494688164,5.698377302757663,0,0
-4.87,Me_dA-L-meL-dP-meL-F,3537,103.12099999999998,-0.3211000000000002,49.33,2.0,2.0,2.0,0.0,0.0,0.3198914670212205,-0.4800886827799933,5.8618073195657985,3.1807392125526213,0,1,131.175,0.4443999999999999,63.32000000000001,2.0,2.0,3.0,0.0,0.0,0.319977946620586,-0.4800863173262635,7.439157588755425,4.036581260209188,0,0,145.202,0.7051000000000001,49.33,2.0,2.0,4.0,0.0,0.0,0.3201916549570671,-0.4800807607084159,8.146264369941973,4.574586062669973,0,1,115.13200000000002,-0.177,49.33,2.0,2.0,1.0,1.0,0.0,0.3201918797186009,-0.4800807667669501,5.983127663125442,3.8045304526403103,1,1,145.202,0.7051000000000001,49.33,2.0,2.0,4.0,0.0,0.0,0.3201916549570671,-0.4800807607084159,8.146264369941973,4.574586062669973,0,1,165.19199999999995,0.641,63.32000000000001,2.0,2.0,3.0,1.0,1.0,0.3203155016395601,-0.4800777002034423,8.974691494688164,5.698377302757663,0,0
-4.85,Me_dA-meL-L-dP-meL-F,3538,103.12099999999998,-0.3211000000000002,49.33,2.0,2.0,2.0,0.0,0.0,0.3198914670212205,-0.4800886827799933,5.8618073195657985,3.1807392125526213,0,1,145.202,0.7051000000000001,49.33,2.0,2.0,4.0,0.0,0.0,0.3201916549570671,-0.4800807607084159,8.146264369941973,4.574586062669973,0,1,131.175,0.4443999999999999,63.32000000000001,2.0,2.0,3.0,0.0,0.0,0.319977946620586,-0.4800863173262635,7.439157588755425,4.036581260209188,0,0,115.13200000000002,-0.177,49.33,2.0,2.0,1.0,1.0,0.0,0.3201918797186009,-0.4800807667669501,5.983127663125442,3.8045304526403103,1,1,145.202,0.7051000000000001,49.33,2.0,2.0,4.0,0.0,0.0,0.3201916549570671,-0.4800807607084159,8.146264369941973,4.574586062669973,0,1,165.19199999999995,0.641,63.32000000000001,2.0,2.0,3.0,1.0,1.0,0.3203155016395601,-0.4800777002034423,8.974691494688164,5.698377302757663,0,0
-4.9,Me_dA-meL-Me_dL-dP-Me_dL-F,3541,103.12099999999998,-0.3211000000000002,49.33,2.0,2.0,2.0,0.0,0.0,0.3198914670212205,-0.4800886827799933,5.8618073195657985,3.1807392125526213,0,1,145.202,0.7051000000000001,49.33,2.0,2.0,4.0,0.0,0.0,0.3201916549570671,-0.4800807607084159,8.146264369941973,4.574586062669973,0,1,145.202,0.7051000000000001,49.33,2.0,2.0,4.0,0.0,0.0,0.3201916549570671,-0.4800807607084159,8.146264369941973,4.574586062669973,0,1,115.13200000000002,-0.177,49.33,2.0,2.0,1.0,1.0,0.0,0.3201918797186009,-0.4800807667669501,5.983127663125442,3.8045304526403103,1,1,145.202,0.7051000000000001,49.33,2.0,2.0,4.0,0.0,0.0,0.3201916549570671,-0.4800807607084159,8.146264369941973,4.574586062669973,0,1,165.19199999999995,0.641,63.32000000000001,2.0,2.0,3.0,1.0,1.0,0.3203155016395601,-0.4800777002034423,8.974691494688164,5.698377302757663,0,0
-5.06,Me_dA-Me_dL-meL-dP-Me_dL-F,3542,103.12099999999998,-0.3211000000000002,49.33,2.0,2.0,2.0,0.0,0.0,0.3198914670212205,-0.4800886827799933,5.8618073195657985,3.1807392125526213,0,1,145.202,0.7051000000000001,49.33,2.0,2.0,4.0,0.0,0.0,0.3201916549570671,-0.4800807607084159,8.146264369941973,4.574586062669973,0,1,145.202,0.7051000000000001,49.33,2.0,2.0,4.0,0.0,0.0,0.3201916549570671,-0.4800807607084159,8.146264369941973,4.574586062669973,0,1,115.13200000000002,-0.177,49.33,2.0,2.0,1.0,1.0,0.0,0.3201918797186009,-0.4800807667669501,5.983127663125442,3.8045304526403103,1,1,145.202,0.7051000000000001,49.33,2.0,2.0,4.0,0.0,0.0,0.3201916549570671,-0.4800807607084159,8.146264369941973,4.574586062669973,0,1,165.19199999999995,0.641,63.32000000000001,2.0,2.0,3.0,1.0,1.0,0.3203155016395601,-0.4800777002034423,8.974691494688164,5.698377302757663,0,0
-5.09,Me_dA-dL-Bn_Gly-dP-Me_dL-F,3543,103.12099999999998,-0.3211000000000002,49.33,2.0,2.0,2.0,0.0,0.0,0.3198914670212205,-0.4800886827799933,5.8618073195657985,3.1807392125526213,0,1,131.175,0.4443999999999999,63.32000000000001,2.0,2.0,3.0,0.0,0.0,0.319977946620586,-0.4800863173262635,7.439157588755425,4.036581260209188,1,0,165.192,0.8607999999999996,49.33,2.0,2.0,4.0,1.0,1.0,0.3169885914261252,-0.480291375186306,8.811554787871634,5.787693700234704,0,1,115.13200000000002,-0.177,49.33,2.0,2.0,1.0,1.0,0.0,0.3201918797186009,-0.4800807667669501,5.983127663125442,3.8045304526403103,1,1,145.202,0.7051000000000001,49.33,2.0,2.0,4.0,0.0,0.0,0.3201916549570671,-0.4800807607084159,8.146264369941973,4.574586062669973,0,1,165.19199999999995,0.641,63.32000000000001,2.0,2.0,3.0,1.0,1.0,0.3203155016395601,-0.4800777002034423,8.974691494688164,5.698377302757663,0,0
-4.87,Me_dA-meL-Me_dL-dP-meL-F,3545,103.12099999999998,-0.3211000000000002,49.33,2.0,2.0,2.0,0.0,0.0,0.3198914670212205,-0.4800886827799933,5.8618073195657985,3.1807392125526213,0,1,145.202,0.7051000000000001,49.33,2.0,2.0,4.0,0.0,0.0,0.3201916549570671,-0.4800807607084159,8.146264369941973,4.574586062669973,0,1,145.202,0.7051000000000001,49.33,2.0,2.0,4.0,0.0,0.0,0.3201916549570671,-0.4800807607084159,8.146264369941973,4.574586062669973,0,1,115.13200000000002,-0.177,49.33,2.0,2.0,1.0,1.0,0.0,0.3201918797186009,-0.4800807667669501,5.983127663125442,3.8045304526403103,1,1,145.202,0.7051000000000001,49.33,2.0,2.0,4.0,0.0,0.0,0.3201916549570671,-0.4800807607084159,8.146264369941973,4.574586062669973,0,1,165.19199999999995,0.641,63.32000000000001,2.0,2.0,3.0,1.0,1.0,0.3203155016395601,-0.4800777002034423,8.974691494688164,5.698377302757663,0,0
-4.97,Me_dA-Me_dL-meL-dP-meL-F,3546,103.12099999999998,-0.3211000000000002,49.33,2.0,2.0,2.0,0.0,0.0,0.3198914670212205,-0.4800886827799933,5.8618073195657985,3.1807392125526213,0,1,145.202,0.7051000000000001,49.33,2.0,2.0,4.0,0.0,0.0,0.3201916549570671,-0.4800807607084159,8.146264369941973,4.574586062669973,0,1,145.202,0.7051000000000001,49.33,2.0,2.0,4.0,0.0,0.0,0.3201916549570671,-0.4800807607084159,8.146264369941973,4.574586062669973,0,1,115.13200000000002,-0.177,49.33,2.0,2.0,1.0,1.0,0.0,0.3201918797186009,-0.4800807667669501,5.983127663125442,3.8045304526403103,1,1,145.202,0.7051000000000001,49.33,2.0,2.0,4.0,0.0,0.0,0.3201916549570671,-0.4800807607084159,8.146264369941973,4.574586062669973,0,1,165.19199999999995,0.641,63.32000000000001,2.0,2.0,3.0,1.0,1.0,0.3203155016395601,-0.4800777002034423,8.974691494688164,5.698377302757663,0,0
-4.81,Me_dA-meL-meL-dP-meL-F,3556,103.12099999999998,-0.3211000000000002,49.33,2.0,2.0,2.0,0.0,0.0,0.3198914670212205,-0.4800886827799933,5.8618073195657985,3.1807392125526213,0,1,145.202,0.7051000000000001,49.33,2.0,2.0,4.0,0.0,0.0,0.3201916549570671,-0.4800807607084159,8.146264369941973,4.574586062669973,0,1,145.202,0.7051000000000001,49.33,2.0,2.0,4.0,0.0,0.0,0.3201916549570671,-0.4800807607084159,8.146264369941973,4.574586062669973,0,1,115.13200000000002,-0.177,49.33,2.0,2.0,1.0,1.0,0.0,0.3201918797186009,-0.4800807667669501,5.983127663125442,3.8045304526403103,1,1,145.202,0.7051000000000001,49.33,2.0,2.0,4.0,0.0,0.0,0.3201916549570671,-0.4800807607084159,8.146264369941973,4.574586062669973,0,1,165.19199999999995,0.641,63.32000000000001,2.0,2.0,3.0,1.0,1.0,0.3203155016395601,-0.4800777002034423,8.974691494688164,5.698377302757663,0,0
-5.14,Me_dA-L-Bn_Gly-dP-meL-F,3558,103.12099999999998,-0.3211000000000002,49.33,2.0,2.0,2.0,0.0,0.0,0.3198914670212205,-0.4800886827799933,5.8618073195657985,3.1807392125526213,0,1,131.175,0.4443999999999999,63.32000000000001,2.0,2.0,3.0,0.0,0.0,0.319977946620586,-0.4800863173262635,7.439157588755425,4.036581260209188,0,0,165.192,0.8607999999999996,49.33,2.0,2.0,4.0,1.0,1.0,0.3169885914261252,-0.480291375186306,8.811554787871634,5.787693700234704,0,1,115.13200000000002,-0.177,49.33,2.0,2.0,1.0,1.0,0.0,0.3201918797186009,-0.4800807667669501,5.983127663125442,3.8045304526403103,1,1,145.202,0.7051000000000001,49.33,2.0,2.0,4.0,0.0,0.0,0.3201916549570671,-0.4800807607084159,8.146264369941973,4.574586062669973,0,1,165.19199999999995,0.641,63.32000000000001,2.0,2.0,3.0,1.0,1.0,0.3203155016395601,-0.4800777002034423,8.974691494688164,5.698377302757663,0,0
-4.9,Me_dA-L-meL-dP-Bn_Gly-F,3559,103.12099999999998,-0.3211000000000002,49.33,2.0,2.0,2.0,0.0,0.0,0.3198914670212205,-0.4800886827799933,5.8618073195657985,3.1807392125526213,0,1,131.175,0.4443999999999999,63.32000000000001,2.0,2.0,3.0,0.0,0.0,0.319977946620586,-0.4800863173262635,7.439157588755425,4.036581260209188,0,0,145.202,0.7051000000000001,49.33,2.0,2.0,4.0,0.0,0.0,0.3201916549570671,-0.4800807607084159,8.146264369941973,4.574586062669973,0,1,115.13200000000002,-0.177,49.33,2.0,2.0,1.0,1.0,0.0,0.3201918797186009,-0.4800807667669501,5.983127663125442,3.8045304526403103,1,1,165.192,0.8607999999999996,49.33,2.0,2.0,4.0,1.0,1.0,0.3169885914261252,-0.480291375186306,8.811554787871634,5.787693700234704,0,1,165.19199999999995,0.641,63.32000000000001,2.0,2.0,3.0,1.0,1.0,0.3203155016395601,-0.4800777002034423,8.974691494688164,5.698377302757663,0,0
-5.09,Me_dA-Me_dL-Bn_Gly-dP-meL-F,3563,103.12099999999998,-0.3211000000000002,49.33,2.0,2.0,2.0,0.0,0.0,0.3198914670212205,-0.4800886827799933,5.8618073195657985,3.1807392125526213,0,1,145.202,0.7051000000000001,49.33,2.0,2.0,4.0,0.0,0.0,0.3201916549570671,-0.4800807607084159,8.146264369941973,4.574586062669973,0,1,165.192,0.8607999999999996,49.33,2.0,2.0,4.0,1.0,1.0,0.3169885914261252,-0.480291375186306,8.811554787871634,5.787693700234704,0,1,115.13200000000002,-0.177,49.33,2.0,2.0,1.0,1.0,0.0,0.3201918797186009,-0.4800807667669501,5.983127663125442,3.8045304526403103,1,1,145.202,0.7051000000000001,49.33,2.0,2.0,4.0,0.0,0.0,0.3201916549570671,-0.4800807607084159,8.146264369941973,4.574586062669973,0,1,165.19199999999995,0.641,63.32000000000001,2.0,2.0,3.0,1.0,1.0,0.3203155016395601,-0.4800777002034423,8.974691494688164,5.698377302757663,0,0
-5.19,Me_dA-meL-bHph-dP-meL-F,3572,103.12099999999998,-0.3211000000000002,49.33,2.0,2.0,2.0,0.0,0.0,0.3198914670212205,-0.4800886827799933,5.8618073195657985,3.1807392125526213,0,1,145.202,0.7051000000000001,49.33,2.0,2.0,4.0,0.0,0.0,0.3201916549570671,-0.4800807607084159,8.146264369941973,4.574586062669973,0,1,179.219,1.0310999999999997,63.32000000000001,2.0,2.0,4.0,1.0,1.0,0.3044293792840294,-0.4811872335599088,9.681798275874712,6.1815405503520555,0,1,115.13200000000002,-0.177,49.33,2.0,2.0,1.0,1.0,0.0,0.3201918797186009,-0.4800807667669501,5.983127663125442,3.8045304526403103,1,1,145.202,0.7051000000000001,49.33,2.0,2.0,4.0,0.0,0.0,0.3201916549570671,-0.4800807607084159,8.146264369941973,4.574586062669973,0,1,165.19199999999995,0.641,63.32000000000001,2.0,2.0,3.0,1.0,1.0,0.3203155016395601,-0.4800777002034423,8.974691494688164,5.698377302757663,0,0
-5.1,dF-Me_Nle-Nle-Nle-Nle-Mono100,5647,165.19199999999995,0.641,63.32000000000001,2.0,2.0,3.0,1.0,1.0,0.3203155016395601,-0.4800777002034423,8.974691494688164,5.698377302757663,1,0,145.202,0.8492,49.33,2.0,2.0,5.0,0.0,0.0,0.3201809915341661,-0.4800808910882088,7.983127663125442,4.718744015013407,0,1,131.175,0.5884999999999998,63.32000000000001,2.0,2.0,4.0,0.0,0.0,0.3199672917286225,-0.4800864475936223,7.276020881938894,4.180739212552622,0,0,131.175,0.5884999999999998,63.32000000000001,2.0,2.0,4.0,0.0,0.0,0.3199672917286225,-0.4800864475936223,7.276020881938894,4.180739212552622,0,0,131.175,0.5884999999999998,63.32000000000001,2.0,2.0,4.0,0.0,0.0,0.3199672917286225,-0.4800864475936223,7.276020881938894,4.180739212552622,0,0,192.24,-1.1224999999999996,92.42,3.0,4.0,5.0,0.0,0.0,0.3129523240447891,-0.480622948017223,9.560477932315068,5.574586062669974,0,0
-5.1,dF-Me_Nle-Me_Nle-Nle-Me_Nle-Mono100,5648,165.19199999999995,0.641,63.32000000000001,2.0,2.0,3.0,1.0,1.0,0.3203155016395601,-0.4800777002034423,8.974691494688164,5.698377302757663,1,0,145.202,0.8492,49.33,2.0,2.0,5.0,0.0,0.0,0.3201809915341661,-0.4800808910882088,7.983127663125442,4.718744015013407,0,1,145.202,0.8492,49.33,2.0,2.0,5.0,0.0,0.0,0.3201809915341661,-0.4800808910882088,7.983127663125442,4.718744015013407,0,1,131.175,0.5884999999999998,63.32000000000001,2.0,2.0,4.0,0.0,0.0,0.3199672917286225,-0.4800864475936223,7.276020881938894,4.180739212552622,0,0,145.202,0.8492,49.33,2.0,2.0,5.0,0.0,0.0,0.3201809915341661,-0.4800808910882088,7.983127663125442,4.718744015013407,0,1,192.24,-1.1224999999999996,92.42,3.0,4.0,5.0,0.0,0.0,0.3129523240447891,-0.480622948017223,9.560477932315068,5.574586062669974,0,0
-4.92,dI-P-Me_dF-dI-P-Me_dF,7218,131.175,0.4443999999999999,63.32000000000001,2.0,2.0,3.0,0.0,0.0,0.3202466808084985,-0.480078739285162,7.439157588755425,4.09142281507558,1,0,115.13200000000002,-0.177,49.33,2.0,2.0,1.0,1.0,0.0,0.3201918797186009,-0.4800807667669501,5.983127663125442,3.8045304526403103,0,1,179.21899999999997,0.9017,49.33,2.0,2.0,4.0,1.0,1.0,0.3205294350898707,-0.4800721375139887,9.681798275874712,6.236382105218448,0,1,131.175,0.4443999999999999,63.32000000000001,2.0,2.0,3.0,0.0,0.0,0.3202466808084985,-0.480078739285162,7.439157588755425,4.09142281507558,1,0,115.13200000000002,-0.177,49.33,2.0,2.0,1.0,1.0,0.0,0.3201918797186009,-0.4800807667669501,5.983127663125442,3.8045304526403103,0,1,179.21899999999997,0.9017,49.33,2.0,2.0,4.0,1.0,1.0,0.3205294350898707,-0.4800721375139887,9.681798275874712,6.236382105218448,0,1
-4.86,dP-Me_dF-dA-P-P-dL,7220,115.13200000000002,-0.177,49.33,2.0,2.0,1.0,1.0,0.0,0.3201918797186009,-0.4800807667669501,5.983127663125442,3.8045304526403103,1,1,179.21899999999997,0.9017,49.33,2.0,2.0,4.0,1.0,1.0,0.3205294350898707,-0.4800721375139887,9.681798275874712,6.236382105218448,0,1,89.09399999999998,-0.5817999999999999,63.32000000000001,2.0,2.0,1.0,0.0,0.0,0.3196779563386595,-0.4800942338470611,5.1547005383792515,2.6427344100918364,1,0,115.13200000000002,-0.177,49.33,2.0,2.0,1.0,1.0,0.0,0.3201918797186009,-0.4800807667669501,5.983127663125442,3.8045304526403103,0,1,115.13200000000002,-0.177,49.33,2.0,2.0,1.0,1.0,0.0,0.3201918797186009,-0.4800807667669501,5.983127663125442,3.8045304526403103,0,1,131.175,0.4443999999999999,63.32000000000001,2.0,2.0,3.0,0.0,0.0,0.319977946620586,-0.4800863173262635,7.439157588755425,4.036581260209188,1,0
-4.94,Me_dV-dF-meL-dP-F-P,7226,131.17499999999998,0.3149999999999997,49.33,2.0,2.0,3.0,0.0,0.0,0.3204497374439973,-0.4800733084762253,7.439157588755425,4.09142281507558,0,1,165.19199999999995,0.641,63.32000000000001,2.0,2.0,3.0,1.0,1.0,0.3203155016395601,-0.4800777002034423,8.974691494688164,5.698377302757663,1,0,145.202,0.7051000000000001,49.33,2.0,2.0,4.0,0.0,0.0,0.3201916549570671,-0.4800807607084159,8.146264369941973,4.574586062669973,0,1,115.13200000000002,-0.177,49.33,2.0,2.0,1.0,1.0,0.0,0.3201918797186009,-0.4800807667669501,5.983127663125442,3.8045304526403103,1,1,165.19199999999995,0.641,63.32000000000001,2.0,2.0,3.0,1.0,1.0,0.3203155016395601,-0.4800777002034423,8.974691494688164,5.698377302757663,0,0,115.13200000000002,-0.177,49.33,2.0,2.0,1.0,1.0,0.0,0.3201918797186009,-0.4800807667669501,5.983127663125442,3.8045304526403103,0,1
-5.09,dP-dL-dL-dL-L-L,7388,115.13200000000002,-0.177,49.33,2.0,2.0,1.0,1.0,0.0,0.3201918797186009,-0.4800807667669501,5.983127663125442,3.8045304526403103,1,1,131.175,0.4443999999999999,63.32000000000001,2.0,2.0,3.0,0.0,0.0,0.319977946620586,-0.4800863173262635,7.439157588755425,4.036581260209188,1,0,131.175,0.4443999999999999,63.32000000000001,2.0,2.0,3.0,0.0,0.0,0.319977946620586,-0.4800863173262635,7.439157588755425,4.036581260209188,1,0,131.175,0.4443999999999999,63.32000000000001,2.0,2.0,3.0,0.0,0.0,0.319977946620586,-0.4800863173262635,7.439157588755425,4.036581260209188,1,0,131.175,0.4443999999999999,63.32000000000001,2.0,2.0,3.0,0.0,0.0,0.319977946620586,-0.4800863173262635,7.439157588755425,4.036581260209188,0,0,131.175,0.4443999999999999,63.32000000000001,2.0,2.0,3.0,0.0,0.0,0.319977946620586,-0.4800863173262635,7.439157588755425,4.036581260209188,0,0
-5.1,dP-dL-L-dL-L-L,7400,115.13200000000002,-0.177,49.33,2.0,2.0,1.0,1.0,0.0,0.3201918797186009,-0.4800807667669501,5.983127663125442,3.8045304526403103,1,1,131.175,0.4443999999999999,63.32000000000001,2.0,2.0,3.0,0.0,0.0,0.319977946620586,-0.4800863173262635,7.439157588755425,4.036581260209188,1,0,131.175,0.4443999999999999,63.32000000000001,2.0,2.0,3.0,0.0,0.0,0.319977946620586,-0.4800863173262635,7.439157588755425,4.036581260209188,0,0,131.175,0.4443999999999999,63.32000000000001,2.0,2.0,3.0,0.0,0.0,0.319977946620586,-0.4800863173262635,7.439157588755425,4.036581260209188,1,0,131.175,0.4443999999999999,63.32000000000001,2.0,2.0,3.0,0.0,0.0,0.319977946620586,-0.4800863173262635,7.439157588755425,4.036581260209188,0,0,131.175,0.4443999999999999,63.32000000000001,2.0,2.0,3.0,0.0,0.0,0.319977946620586,-0.4800863173262635,7.439157588755425,4.036581260209188,0,0
-5.05,dP-dPye-Cha-dL-L-L,7416,115.13200000000002,-0.177,49.33,2.0,2.0,1.0,1.0,0.0,0.3201918797186009,-0.4800807667669501,5.983127663125442,3.8045304526403103,1,1,200.23799999999997,-0.1991000000000003,83.63000000000001,2.0,3.0,4.0,1.0,0.0,0.3199828467390062,-0.4800862864592857,10.55204176387779,6.6090609052806215,1,0,171.24,1.3687,63.32000000000001,2.0,2.0,3.0,1.0,0.0,0.3199783219410209,-0.4800863152317521,8.974691494688164,5.698377302757663,0,0,131.175,0.4443999999999999,63.32000000000001,2.0,2.0,3.0,0.0,0.0,0.319977946620586,-0.4800863173262635,7.439157588755425,4.036581260209188,1,0,131.175,0.4443999999999999,63.32000000000001,2.0,2.0,3.0,0.0,0.0,0.319977946620586,-0.4800863173262635,7.439157588755425,4.036581260209188,0,0,131.175,0.4443999999999999,63.32000000000001,2.0,2.0,3.0,0.0,0.0,0.319977946620586,-0.4800863173262635,7.439157588755425,4.036581260209188,0,0
-5.09,dP-dPye-L-dL-Nal-L,7417,115.13200000000002,-0.177,49.33,2.0,2.0,1.0,1.0,0.0,0.3201918797186009,-0.4800807667669501,5.983127663125442,3.8045304526403103,1,1,200.23799999999997,-0.1991000000000003,83.63000000000001,2.0,3.0,4.0,1.0,0.0,0.3199828467390062,-0.4800862864592857,10.55204176387779,6.6090609052806215,1,0,131.175,0.4443999999999999,63.32000000000001,2.0,2.0,3.0,0.0,0.0,0.319977946620586,-0.4800863173262635,7.439157588755425,4.036581260209188,0,0,131.175,0.4443999999999999,63.32000000000001,2.0,2.0,3.0,0.0,0.0,0.319977946620586,-0.4800863173262635,7.439157588755425,4.036581260209188,1,0,215.252,1.7942,63.32000000000001,2.0,2.0,3.0,2.0,2.0,0.3203155047502097,-0.4800777001952562,11.543605595440512,7.664703797946449,0,0,131.175,0.4443999999999999,63.32000000000001,2.0,2.0,3.0,0.0,0.0,0.319977946620586,-0.4800863173262635,7.439157588755425,4.036581260209188,0,0
-4.85,dP-dPye-Cha-dL-Phg-L,7418,115.13200000000002,-0.177,49.33,2.0,2.0,1.0,1.0,0.0,0.3201918797186009,-0.4800807667669501,5.983127663125442,3.8045304526403103,1,1,200.23799999999997,-0.1991000000000003,83.63000000000001,2.0,3.0,4.0,1.0,0.0,0.3199828467390062,-0.4800862864592857,10.55204176387779,6.6090609052806215,1,0,171.24,1.3687,63.32000000000001,2.0,2.0,3.0,1.0,0.0,0.3199783219410209,-0.4800863152317521,8.974691494688164,5.698377302757663,0,0,131.175,0.4443999999999999,63.32000000000001,2.0,2.0,3.0,0.0,0.0,0.319977946620586,-0.4800863173262635,7.439157588755425,4.036581260209188,1,0,151.165,0.7709999999999999,63.32000000000001,2.0,2.0,2.0,1.0,1.0,0.3246215084135992,-0.4798305991152969,8.267584713501616,5.215214055163271,0,0,131.175,0.4443999999999999,63.32000000000001,2.0,2.0,3.0,0.0,0.0,0.319977946620586,-0.4800863173262635,7.439157588755425,4.036581260209188,0,0
-4.87,dP-dPye-Cha-dL-Hph-L,7419,115.13200000000002,-0.177,49.33,2.0,2.0,1.0,1.0,0.0,0.3201918797186009,-0.4800807667669501,5.983127663125442,3.8045304526403103,1,1,200.23799999999997,-0.1991000000000003,83.63000000000001,2.0,3.0,4.0,1.0,0.0,0.3199828467390062,-0.4800862864592857,10.55204176387779,6.6090609052806215,1,0,171.24,1.3687,63.32000000000001,2.0,2.0,3.0,1.0,0.0,0.3199783219410209,-0.4800863152317521,8.974691494688164,5.698377302757663,0,0,131.175,0.4443999999999999,63.32000000000001,2.0,2.0,3.0,0.0,0.0,0.319977946620586,-0.4800863173262635,7.439157588755425,4.036581260209188,1,0,179.21899999999997,1.0311,63.32000000000001,2.0,2.0,4.0,1.0,1.0,0.3199796029961043,-0.4800863044562757,9.681798275874712,6.198377302757663,0,0,131.175,0.4443999999999999,63.32000000000001,2.0,2.0,3.0,0.0,0.0,0.319977946620586,-0.4800863173262635,7.439157588755425,4.036581260209188,0,0
-4.97,dLeu(O->S)-L-L-dP-Y-L,7453,147.243,1.2452,46.25,2.0,2.0,3.0,0.0,0.0,0.1732973586109675,-0.5008489191716775,7.439157588755425,4.036581260209188,1,1,131.175,0.4443999999999999,63.32000000000001,2.0,2.0,3.0,0.0,0.0,0.319977946620586,-0.4800863173262635,7.439157588755425,4.036581260209188,0,0,131.175,0.4443999999999999,63.32000000000001,2.0,2.0,3.0,0.0,0.0,0.319977946620586,-0.4800863173262635,7.439157588755425,4.036581260209188,0,0,115.13200000000002,-0.177,49.33,2.0,2.0,1.0,1.0,0.0,0.3201918797186009,-0.4800807667669501,5.983127663125442,3.8045304526403103,1,1,181.19099999999997,0.3466,83.55,3.0,3.0,3.0,1.0,1.0,0.3203155017884959,-0.5079666451758841,9.844934982691242,6.092224152875014,0,0,131.175,0.4443999999999999,63.32000000000001,2.0,2.0,3.0,0.0,0.0,0.319977946620586,-0.4800863173262635,7.439157588755425,4.036581260209188,0,0
-5.13,dL-L-L-dP-Tyr(O->S)-L,7457,131.175,0.4443999999999999,63.32000000000001,2.0,2.0,3.0,0.0,0.0,0.319977946620586,-0.4800863173262635,7.439157588755425,4.036581260209188,1,0,131.175,0.4443999999999999,63.32000000000001,2.0,2.0,3.0,0.0,0.0,0.319977946620586,-0.4800863173262635,7.439157588755425,4.036581260209188,0,0,131.175,0.4443999999999999,63.32000000000001,2.0,2.0,3.0,0.0,0.0,0.319977946620586,-0.4800863173262635,7.439157588755425,4.036581260209188,0,0,115.13200000000002,-0.177,49.33,2.0,2.0,1.0,1.0,0.0,0.3201918797186009,-0.4800807667669501,5.983127663125442,3.8045304526403103,1,1,197.259,1.1474000000000002,66.48,3.0,3.0,3.0,1.0,1.0,0.1736343902903267,-0.5079666451760764,9.844934982691242,6.092224152875014,0,1,131.175,0.4443999999999999,63.32000000000001,2.0,2.0,3.0,0.0,0.0,0.319977946620586,-0.4800863173262635,7.439157588755425,4.036581260209188,0,0
-5.14,dL-L-L-dP-Y-Leu(O->S),7458,131.175,0.4443999999999999,63.32000000000001,2.0,2.0,3.0,0.0,0.0,0.319977946620586,-0.4800863173262635,7.439157588755425,4.036581260209188,1,0,131.175,0.4443999999999999,63.32000000000001,2.0,2.0,3.0,0.0,0.0,0.319977946620586,-0.4800863173262635,7.439157588755425,4.036581260209188,0,0,131.175,0.4443999999999999,63.32000000000001,2.0,2.0,3.0,0.0,0.0,0.319977946620586,-0.4800863173262635,7.439157588755425,4.036581260209188,0,0,115.13200000000002,-0.177,49.33,2.0,2.0,1.0,1.0,0.0,0.3201918797186009,-0.4800807667669501,5.983127663125442,3.8045304526403103,1,1,181.19099999999997,0.3466,83.55,3.0,3.0,3.0,1.0,1.0,0.3203155017884959,-0.5079666451758841,9.844934982691242,6.092224152875014,0,0,147.243,1.2452,46.25,2.0,2.0,3.0,0.0,0.0,0.1732973586109675,-0.5008489191716775,7.439157588755425,4.036581260209188,0,1
-5.04,dL-meL-L-dP-Y-L,7460,131.175,0.4443999999999999,63.32000000000001,2.0,2.0,3.0,0.0,0.0,0.319977946620586,-0.4800863173262635,7.439157588755425,4.036581260209188,1,0,145.202,0.7051000000000001,49.33,2.0,2.0,4.0,0.0,0.0,0.3201916549570671,-0.4800807607084159,8.146264369941973,4.574586062669973,0,1,131.175,0.4443999999999999,63.32000000000001,2.0,2.0,3.0,0.0,0.0,0.319977946620586,-0.4800863173262635,7.439157588755425,4.036581260209188,0,0,115.13200000000002,-0.177,49.33,2.0,2.0,1.0,1.0,0.0,0.3201918797186009,-0.4800807667669501,5.983127663125442,3.8045304526403103,1,1,181.19099999999997,0.3466,83.55,3.0,3.0,3.0,1.0,1.0,0.3203155017884959,-0.5079666451758841,9.844934982691242,6.092224152875014,0,0,131.175,0.4443999999999999,63.32000000000001,2.0,2.0,3.0,0.0,0.0,0.319977946620586,-0.4800863173262635,7.439157588755425,4.036581260209188,0,0
