Sequence,Permeability,ID,Pos_1_logP,Pos_2_logP,Pos_3_logP,Pos_4_logP,Pos_5_logP,Pos_6_logP,Pos_1_is_D,Pos_2_is_D,Pos_3_is_D,Pos_4_is_D,Pos_5_is_D,Pos_6_is_D
A-3-pyridylethyl_Gly-meL-Nle-dP-Bn(4-Cl)_Gly,-5.65,1340,-0.5817999999999999,0.29829999999999934,0.7051000000000001,0.5884999999999998,-0.177,1.5141999999999995,0,0,0,0,1,0
A-3-pyridylethyl_Gly-meL-Nle-dP-Et_Gly,-7.4,1140,-0.5817999999999999,0.29829999999999934,0.7051000000000001,0.5884999999999998,-0.177,-0.31949999999999995,0,0,0,0,1,0
A-3-pyridylethyl_Gly-meL-Nle-dP-Mono1,-6.27,1420,-0.5817999999999999,0.29829999999999934,0.7051000000000001,0.5884999999999998,-0.177,0.5894999999999995,0,0,0,0,1,0
A-3-pyridylethyl_Gly-meL-Nle-dP-Mono34,-6.74,1260,-0.5817999999999999,0.29829999999999934,0.7051000000000001,0.5884999999999998,-0.177,0.4757,0,0,0,0,1,0
A-3-pyridylethyl_Gly-meL-Nle-dP-Mono42,-7.48,1300,-0.5817999999999999,0.29829999999999934,0.7051000000000001,0.5884999999999998,-0.177,-1.0071999999999994,0,0,0,0,1,0
A-3-pyridylethyl_Gly-meL-Nle-dP-Mono43,-5.57,1380,-0.5817999999999999,0.29829999999999934,0.7051000000000001,0.5884999999999998,-0.177,1.6834999999999998,0,0,0,0,1,0
A-3-pyridylethyl_Gly-meL-Nle-dP-Mono44,-5.84,1460,-0.5817999999999999,0.29829999999999934,0.7051000000000001,0.5884999999999998,-0.177,1.0473000000000001,0,0,0,0,1,0
A-3-pyridylethyl_Gly-meL-Nle-dP-Mono45,-6.77,1500,-0.5817999999999999,0.29829999999999934,0.7051000000000001,0.5884999999999998,-0.177,1.1055999999999997,0,0,0,0,1,0
A-3-pyridylethyl_Gly-meL-Nle-dP-Pr_Gly,-6.94,1180,-0.5817999999999999,0.29829999999999934,0.7051000000000001,0.5884999999999998,-0.177,0.0706,0,0,0,0,1,0
A-3-pyridylethyl_Gly-meL-Nle-dP-iBu_Gly,-6.54,1220,-0.5817999999999999,0.29829999999999934,0.7051000000000001,0.5884999999999998,-0.177,0.3166,0,0,0,0,1,0
A-Bn_Gly-Bn_Gly-P-Bn_Gly-F,-6.31,2929,-0.5817999999999999,0.8607999999999996,0.8607999999999996,-0.177,0.8607999999999996,0.641,0,0,0,0,0,0
A-Bn_Gly-Bn_Gly-dP-Bn_Gly-F,-6.79,3118,-0.5817999999999999,0.8607999999999996,0.8607999999999996,-0.177,0.8607999999999996,0.641,0,0,0,1,0,0
A-Bn_Gly-L-P-L-F,-6.05,2884,-0.5817999999999999,0.8607999999999996,0.44439999999999996,-0.177,0.44439999999999996,0.641,0,0,0,0,0,0
A-Bn_Gly-L-dP-L-F,-6.04,3078,-0.5817999999999999,0.8607999999999996,0.44439999999999996,-0.177,0.44439999999999996,0.641,0,0,0,1,0,0
A-Bn_Gly-Me_dL-P-Me_dL-F,-5.59,2910,-0.5817999999999999,0.8607999999999996,0.7051000000000001,-0.177,0.7051000000000001,0.641,0,0,0,0,0,0
A-Bn_Gly-bHph-dP-dL-F,-6.34,3114,-0.5817999999999999,0.8607999999999996,1.0310999999999995,-0.177,0.44439999999999996,0.641,0,0,0,1,1,0
A-Bn_Gly-dL-P-dL-F,-6.43,2871,-0.5817999999999999,0.8607999999999996,0.44439999999999996,-0.177,0.44439999999999996,0.641,0,0,1,0,1,0
A-Bn_Gly-dL-dP-dL-F,-6.46,3064,-0.5817999999999999,0.8607999999999996,0.44439999999999996,-0.177,0.44439999999999996,0.641,0,0,1,1,1,0
A-Bn_Gly-meL-Nle-dP-Bn(4-Cl)_Gly,-5.48,1336,-0.5817999999999999,0.8607999999999996,0.7051000000000001,0.5884999999999998,-0.177,1.5141999999999995,0,0,0,0,1,0
A-Bn_Gly-meL-Nle-dP-Et_Gly,-5.45,1136,-0.5817999999999999,0.8607999999999996,0.7051000000000001,0.5884999999999998,-0.177,-0.31949999999999995,0,0,0,0,1,0
A-Bn_Gly-meL-Nle-dP-Mono1,-5.11,1416,-0.5817999999999999,0.8607999999999996,0.7051000000000001,0.5884999999999998,-0.177,0.5894999999999995,0,0,0,0,1,0
A-Bn_Gly-meL-Nle-dP-Mono34,-4.97,1256,-0.5817999999999999,0.8607999999999996,0.7051000000000001,0.5884999999999998,-0.177,0.4757,0,0,0,0,1,0
A-Bn_Gly-meL-Nle-dP-Mono42,-6.49,1296,-0.5817999999999999,0.8607999999999996,0.7051000000000001,0.5884999999999998,-0.177,-1.0071999999999994,0,0,0,0,1,0
A-Bn_Gly-meL-Nle-dP-Mono43,-5.77,1376,-0.5817999999999999,0.8607999999999996,0.7051000000000001,0.5884999999999998,-0.177,1.6834999999999998,0,0,0,0,1,0
A-Bn_Gly-meL-Nle-dP-Mono44,-5.1,1456,-0.5817999999999999,0.8607999999999996,0.7051000000000001,0.5884999999999998,-0.177,1.0473000000000001,0,0,0,0,1,0
A-Bn_Gly-meL-Nle-dP-Mono45,-5.26,1496,-0.5817999999999999,0.8607999999999996,0.7051000000000001,0.5884999999999998,-0.177,1.1055999999999997,0,0,0,0,1,0
A-Bn_Gly-meL-Nle-dP-Pr_Gly,-5.12,1176,-0.5817999999999999,0.8607999999999996,0.7051000000000001,0.5884999999999998,-0.177,0.0706,0,0,0,0,1,0
A-Bn_Gly-meL-Nle-dP-iBu_Gly,-4.98,1216,-0.5817999999999999,0.8607999999999996,0.7051000000000001,0.5884999999999998,-0.177,0.3166,0,0,0,0,1,0
A-Bn_Gly-meL-P-meL-F,-5.22,2922,-0.5817999999999999,0.8607999999999996,0.7051000000000001,-0.177,0.7051000000000001,0.641,0,0,0,0,0,0
A-Bn_Gly-meL-dP-meL-F,-5.19,3112,-0.5817999999999999,0.8607999999999996,0.7051000000000001,-0.177,0.7051000000000001,0.641,0,0,0,1,0,0
A-G-F-L-dP-Y,-8.0,1078,-0.5817999999999999,-0.9702999999999999,0.641,0.44439999999999996,-0.177,0.3466,0,0,0,0,1,0
A-G-dF-dL-P-Y,-8.0,1081,-0.5817999999999999,-0.9702999999999999,0.641,0.44439999999999996,-0.177,0.3466,0,0,1,1,0,0
A-G-meF-meL-dP-meY,-6.8,1085,-0.5817999999999999,-0.9702999999999999,0.9017,0.7051000000000001,-0.177,0.6072999999999997,0,0,0,0,1,0
A-L-Bn_Gly-P-Bn_Gly-F,-5.95,2923,-0.5817999999999999,0.44439999999999996,0.8607999999999996,-0.177,0.8607999999999996,0.641,0,0,0,0,0,0
A-L-Bn_Gly-P-Me_dL-F,-6.01,2899,-0.5817999999999999,0.44439999999999996,0.8607999999999996,-0.177,0.7051000000000001,0.641,0,0,0,0,0,0
A-L-Bn_Gly-P-dL-F,-6.33,2878,-0.5817999999999999,0.44439999999999996,0.8607999999999996,-0.177,0.44439999999999996,0.641,0,0,0,0,1,0
A-L-Bn_Gly-P-meL-F,-5.89,2907,-0.5817999999999999,0.44439999999999996,0.8607999999999996,-0.177,0.7051000000000001,0.641,0,0,0,0,0,0
A-L-Bn_Gly-dP-Bn_Gly-F,-6.03,3113,-0.5817999999999999,0.44439999999999996,0.8607999999999996,-0.177,0.8607999999999996,0.641,0,0,0,1,0,0
A-L-Bn_Gly-dP-L-F,-6.54,3077,-0.5817999999999999,0.44439999999999996,0.8607999999999996,-0.177,0.44439999999999996,0.641,0,0,0,1,0,0
A-L-Bn_Gly-dP-dL-F,-6.69,3071,-0.5817999999999999,0.44439999999999996,0.8607999999999996,-0.177,0.44439999999999996,0.641,0,0,0,1,1,0
A-L-Bn_Gly-dP-meL-F,-5.81,3096,-0.5817999999999999,0.44439999999999996,0.8607999999999996,-0.177,0.7051000000000001,0.641,0,0,0,1,0,0
A-L-L-P-Bn_Gly-F,-5.85,2883,-0.5817999999999999,0.44439999999999996,0.44439999999999996,-0.177,0.8607999999999996,0.641,0,0,0,0,0,0
A-L-L-P-Me_dL-F,-6.19,2856,-0.5817999999999999,0.44439999999999996,0.44439999999999996,-0.177,0.7051000000000001,0.641,0,0,0,0,0,0
A-L-L-P-dL-F,-6.62,2843,-0.5817999999999999,0.44439999999999996,0.44439999999999996,-0.177,0.44439999999999996,0.641,0,0,0,0,1,0
A-L-L-P-meL-F,-6.15,2861,-0.5817999999999999,0.44439999999999996,0.44439999999999996,-0.177,0.7051000000000001,0.641,0,0,0,0,0,0
A-L-L-dP-Bn_Gly-F,-5.88,3079,-0.5817999999999999,0.44439999999999996,0.44439999999999996,-0.177,0.8607999999999996,0.641,0,0,0,1,0,0
A-L-L-dP-L-F,-6.58,3032,-0.5817999999999999,0.44439999999999996,0.44439999999999996,-0.177,0.44439999999999996,0.641,0,0,0,1,0,0
A-L-L-dP-Me_dL-F,-5.68,3048,-0.5817999999999999,0.44439999999999996,0.44439999999999996,-0.177,0.7051000000000001,0.641,0,0,0,1,0,0
A-L-L-dP-dL-F,-5.14,3030,-0.5817999999999999,0.44439999999999996,0.44439999999999996,-0.177,0.44439999999999996,0.641,0,0,0,1,1,0
A-L-L-dP-meL-F,-6.04,3052,-0.5817999999999999,0.44439999999999996,0.44439999999999996,-0.177,0.7051000000000001,0.641,0,0,0,1,0,0
A-L-Me_dL-P-Bn_Gly-F,-5.56,2902,-0.5817999999999999,0.44439999999999996,0.7051000000000001,-0.177,0.8607999999999996,0.641,0,0,0,0,0,0
A-L-Me_dL-P-L-F,-5.69,2860,-0.5817999999999999,0.44439999999999996,0.7051000000000001,-0.177,0.44439999999999996,0.641,0,0,0,0,0,0
A-L-Me_dL-P-Me_dL-F,-5.73,2868,-0.5817999999999999,0.44439999999999996,0.7051000000000001,-0.177,0.7051000000000001,0.641,0,0,0,0,0,0
A-L-Me_dL-P-dL-F,-6.1,2849,-0.5817999999999999,0.44439999999999996,0.7051000000000001,-0.177,0.44439999999999996,0.641,0,0,0,0,1,0
A-L-Me_dL-P-meL-F,-5.48,2874,-0.5817999999999999,0.44439999999999996,0.7051000000000001,-0.177,0.7051000000000001,0.641,0,0,0,0,0,0
A-L-Me_dL-dP-Me_dL-F,-6.26,3056,-0.5817999999999999,0.44439999999999996,0.7051000000000001,-0.177,0.7051000000000001,0.641,0,0,0,1,0,0
A-L-Me_dL-dP-meL-F,-5.11,3067,-0.5817999999999999,0.44439999999999996,0.7051000000000001,-0.177,0.7051000000000001,0.641,0,0,0,1,0,0
A-L-bHph-P-L-F,-5.94,2906,-0.5817999999999999,0.44439999999999996,1.0310999999999995,-0.177,0.44439999999999996,0.641,0,0,0,0,0,0
A-L-bHph-P-Me_dL-F,-6.22,2915,-0.5817999999999999,0.44439999999999996,1.0310999999999995,-0.177,0.7051000000000001,0.641,0,0,0,0,0,0
A-L-bHph-P-meL-F,-5.58,2921,-0.5817999999999999,0.44439999999999996,1.0310999999999995,-0.177,0.7051000000000001,0.641,0,0,0,0,0,0
A-L-bHph-dP-L-F,-6.46,3095,-0.5817999999999999,0.44439999999999996,1.0310999999999995,-0.177,0.44439999999999996,0.641,0,0,0,1,0,0
A-L-bHph-dP-Me_dL-F,-5.99,3103,-0.5817999999999999,0.44439999999999996,1.0310999999999995,-0.177,0.7051000000000001,0.641,0,0,0,1,0,0
A-L-bHph-dP-dL-F,-5.49,3087,-0.5817999999999999,0.44439999999999996,1.0310999999999995,-0.177,0.44439999999999996,0.641,0,0,0,1,1,0
A-L-bHph-dP-meL-F,-6.0,3111,-0.5817999999999999,0.44439999999999996,1.0310999999999995,-0.177,0.7051000000000001,0.641,0,0,0,1,0,0
A-L-dL-P-Bn_Gly-F,-5.68,2880,-0.5817999999999999,0.44439999999999996,0.44439999999999996,-0.177,0.8607999999999996,0.641,0,0,1,0,0,0
A-L-dL-P-Me_dL-F,-6.0,2851,-0.5817999999999999,0.44439999999999996,0.44439999999999996,-0.177,0.7051000000000001,0.641,0,0,1,0,0,0
A-L-dL-P-dL-F,-6.23,2841,-0.5817999999999999,0.44439999999999996,0.44439999999999996,-0.177,0.44439999999999996,0.641,0,0,1,0,1,0
A-L-dL-dP-Bn_Gly-F,-6.32,3072,-0.5817999999999999,0.44439999999999996,0.44439999999999996,-0.177,0.8607999999999996,0.641,0,0,1,1,0,0
A-L-dL-dP-Me_dL-F,-6.39,3037,-0.5817999999999999,0.44439999999999996,0.44439999999999996,-0.177,0.7051000000000001,0.641,0,0,1,1,0,0
A-L-dL-dP-meL-F,-6.55,3044,-0.5817999999999999,0.44439999999999996,0.44439999999999996,-0.177,0.7051000000000001,0.641,0,0,1,1,0,0
A-L-meL-dP-L-F,-5.62,3053,-0.5817999999999999,0.44439999999999996,0.7051000000000001,-0.177,0.44439999999999996,0.641,0,0,0,1,0,0
A-L-meL-dP-Me_dL-F,-5.41,3068,-0.5817999999999999,0.44439999999999996,0.7051000000000001,-0.177,0.7051000000000001,0.641,0,0,0,1,0,0
A-L-meL-dP-dL-F,-6.52,3043,-0.5817999999999999,0.44439999999999996,0.7051000000000001,-0.177,0.44439999999999996,0.641,0,0,0,1,1,0
A-L-meL-dP-meL-F,-5.07,3075,-0.5817999999999999,0.44439999999999996,0.7051000000000001,-0.177,0.7051000000000001,0.641,0,0,0,1,0,0
A-MeOEt_Gly-meL-Nle-dP-Bn(4-Cl)_Gly,-5.25,1334,-0.5817999999999999,-0.6929999999999994,0.7051000000000001,0.5884999999999998,-0.177,1.5141999999999995,0,0,0,0,1,0
A-MeOEt_Gly-meL-Nle-dP-Et_Gly,-7.13,1134,-0.5817999999999999,-0.6929999999999994,0.7051000000000001,0.5884999999999998,-0.177,-0.31949999999999995,0,0,0,0,1,0
A-MeOEt_Gly-meL-Nle-dP-Mono1,-5.93,1414,-0.5817999999999999,-0.6929999999999994,0.7051000000000001,0.5884999999999998,-0.177,0.5894999999999995,0,0,0,0,1,0
A-MeOEt_Gly-meL-Nle-dP-Mono34,-6.32,1254,-0.5817999999999999,-0.6929999999999994,0.7051000000000001,0.5884999999999998,-0.177,0.4757,0,0,0,0,1,0
A-MeOEt_Gly-meL-Nle-dP-Mono42,-8.12,1294,-0.5817999999999999,-0.6929999999999994,0.7051000000000001,0.5884999999999998,-0.177,-1.0071999999999994,0,0,0,0,1,0
A-MeOEt_Gly-meL-Nle-dP-Mono43,-5.19,1374,-0.5817999999999999,-0.6929999999999994,0.7051000000000001,0.5884999999999998,-0.177,1.6834999999999998,0,0,0,0,1,0
A-MeOEt_Gly-meL-Nle-dP-Mono44,-5.52,1454,-0.5817999999999999,-0.6929999999999994,0.7051000000000001,0.5884999999999998,-0.177,1.0473000000000001,0,0,0,0,1,0
A-MeOEt_Gly-meL-Nle-dP-Mono45,-6.51,1494,-0.5817999999999999,-0.6929999999999994,0.7051000000000001,0.5884999999999998,-0.177,1.1055999999999997,0,0,0,0,1,0
A-MeOEt_Gly-meL-Nle-dP-Pr_Gly,-6.56,1174,-0.5817999999999999,-0.6929999999999994,0.7051000000000001,0.5884999999999998,-0.177,0.0706,0,0,0,0,1,0
A-MeOEt_Gly-meL-Nle-dP-iBu_Gly,-6.08,1214,-0.5817999999999999,-0.6929999999999994,0.7051000000000001,0.5884999999999998,-0.177,0.3166,0,0,0,0,1,0
A-Me_dL-Bn_Gly-P-L-F,-5.91,2901,-0.5817999999999999,0.7051000000000001,0.8607999999999996,-0.177,0.44439999999999996,0.641,0,0,0,0,0,0
A-Me_dL-Bn_Gly-P-Me_dL-F,-5.77,2909,-0.5817999999999999,0.7051000000000001,0.8607999999999996,-0.177,0.7051000000000001,0.641,0,0,0,0,0,0
A-Me_dL-Bn_Gly-P-dL-F,-6.4,2890,-0.5817999999999999,0.7051000000000001,0.8607999999999996,-0.177,0.44439999999999996,0.641,0,0,0,0,1,0
A-Me_dL-Bn_Gly-P-meL-F,-5.51,2917,-0.5817999999999999,0.7051000000000001,0.8607999999999996,-0.177,0.7051000000000001,0.641,0,0,0,0,0,0
A-Me_dL-Bn_Gly-dP-L-F,-6.1,3088,-0.5817999999999999,0.7051000000000001,0.8607999999999996,-0.177,0.44439999999999996,0.641,0,0,0,1,0,0
A-Me_dL-Bn_Gly-dP-meL-F,-5.08,3106,-0.5817999999999999,0.7051000000000001,0.8607999999999996,-0.177,0.7051000000000001,0.641,0,0,0,1,0,0
A-Me_dL-L-P-Bn_Gly-F,-5.48,2905,-0.5817999999999999,0.7051000000000001,0.44439999999999996,-0.177,0.8607999999999996,0.641,0,0,0,0,0,0
A-Me_dL-L-P-L-F,-5.79,2858,-0.5817999999999999,0.7051000000000001,0.44439999999999996,-0.177,0.44439999999999996,0.641,0,0,0,0,0,0
A-Me_dL-L-P-Me_dL-F,-4.9,2870,-0.5817999999999999,0.7051000000000001,0.44439999999999996,-0.177,0.7051000000000001,0.641,0,0,0,0,0,0
A-Me_dL-L-P-meL-F,-5.0,2877,-0.5817999999999999,0.7051000000000001,0.44439999999999996,-0.177,0.7051000000000001,0.641,0,0,0,0,0,0
A-Me_dL-L-dP-Bn_Gly-F,-5.09,3093,-0.5817999999999999,0.7051000000000001,0.44439999999999996,-0.177,0.8607999999999996,0.641,0,0,0,1,0,0
A-Me_dL-L-dP-L-F,-5.61,3049,-0.5817999999999999,0.7051000000000001,0.44439999999999996,-0.177,0.44439999999999996,0.641,0,0,0,1,0,0
A-Me_dL-L-dP-Me_dL-F,-4.92,3062,-0.5817999999999999,0.7051000000000001,0.44439999999999996,-0.177,0.7051000000000001,0.641,0,0,0,1,0,0
A-Me_dL-L-dP-dL-F,-5.69,3040,-0.5817999999999999,0.7051000000000001,0.44439999999999996,-0.177,0.44439999999999996,0.641,0,0,0,1,1,0
A-Me_dL-L-dP-meL-F,-4.89,3070,-0.5817999999999999,0.7051000000000001,0.44439999999999996,-0.177,0.7051000000000001,0.641,0,0,0,1,0,0
A-Me_dL-Me_dL-P-Bn_Gly-F,-5.35,2911,-0.5817999999999999,0.7051000000000001,0.7051000000000001,-0.177,0.8607999999999996,0.641,0,0,0,0,0,0
A-Me_dL-Me_dL-P-L-F,-5.41,2869,-0.5817999999999999,0.7051000000000001,0.7051000000000001,-0.177,0.44439999999999996,0.641,0,0,0,0,0,0
A-Me_dL-Me_dL-P-Me_dL-F,-5.22,2885,-0.5817999999999999,0.7051000000000001,0.7051000000000001,-0.177,0.7051000000000001,0.641,0,0,0,0,0,0
A-Me_dL-Me_dL-P-dL-F,-5.51,2863,-0.5817999999999999,0.7051000000000001,0.7051000000000001,-0.177,0.44439999999999996,0.641,0,0,0,0,1,0
A-Me_dL-Me_dL-P-meL-F,-5.16,2888,-0.5817999999999999,0.7051000000000001,0.7051000000000001,-0.177,0.7051000000000001,0.641,0,0,0,0,0,0
A-Me_dL-Me_dL-dP-Bn_Gly-F,-5.1,3100,-0.5817999999999999,0.7051000000000001,0.7051000000000001,-0.177,0.8607999999999996,0.641,0,0,0,1,0,0
A-Me_dL-bHph-P-L-F,-6.28,2914,-0.5817999999999999,0.7051000000000001,1.0310999999999995,-0.177,0.44439999999999996,0.641,0,0,0,0,0,0
A-Me_dL-bHph-P-Me_dL-F,-6.28,2924,-0.5817999999999999,0.7051000000000001,1.0310999999999995,-0.177,0.7051000000000001,0.641,0,0,0,0,0,0
A-Me_dL-bHph-dP-dL-F,-6.27,3099,-0.5817999999999999,0.7051000000000001,1.0310999999999995,-0.177,0.44439999999999996,0.641,0,0,0,1,1,0
A-Me_dL-dL-P-Bn_Gly-F,-5.22,2893,-0.5817999999999999,0.7051000000000001,0.44439999999999996,-0.177,0.8607999999999996,0.641,0,0,1,0,0,0
A-Me_dL-dL-P-L-F,-5.62,2853,-0.5817999999999999,0.7051000000000001,0.44439999999999996,-0.177,0.44439999999999996,0.641,0,0,1,0,0,0
A-Me_dL-dL-P-Me_dL-F,-5.22,2864,-0.5817999999999999,0.7051000000000001,0.44439999999999996,-0.177,0.7051000000000001,0.641,0,0,1,0,0,0
A-Me_dL-dL-P-dL-F,-5.95,2846,-0.5817999999999999,0.7051000000000001,0.44439999999999996,-0.177,0.44439999999999996,0.641,0,0,1,0,1,0
A-Me_dL-dL-dP-Bn_Gly-F,-5.49,3085,-0.5817999999999999,0.7051000000000001,0.44439999999999996,-0.177,0.8607999999999996,0.641,0,0,1,1,0,0
A-Me_dL-dL-dP-L-F,-6.35,3038,-0.5817999999999999,0.7051000000000001,0.44439999999999996,-0.177,0.44439999999999996,0.641,0,0,1,1,0,0
A-Me_dL-dL-dP-Me_dL-F,-5.2,3055,-0.5817999999999999,0.7051000000000001,0.44439999999999996,-0.177,0.7051000000000001,0.641,0,0,1,1,0,0
A-Me_dL-dL-dP-dL-F,-6.67,3034,-0.5817999999999999,0.7051000000000001,0.44439999999999996,-0.177,0.44439999999999996,0.641,0,0,1,1,1,0
A-Me_dL-dL-dP-meL-F,-4.82,3061,-0.5817999999999999,0.7051000000000001,0.44439999999999996,-0.177,0.7051000000000001,0.641,0,0,1,1,0,0
A-Me_dL-meL-A-dP-meF,-4.57,2364,-0.5817999999999999,0.7051000000000001,0.7051000000000001,-0.5817999999999999,-0.177,0.9017,0,0,0,0,1,0
A-Me_dL-meL-L-dP-meF,-4.6,2361,-0.5817999999999999,0.7051000000000001,0.7051000000000001,0.44439999999999996,-0.177,0.9017,0,0,0,0,1,0
A-Me_dL-meL-P-Bn_Gly-F,-5.3,2918,-0.5817999999999999,0.7051000000000001,0.7051000000000001,-0.177,0.8607999999999996,0.641,0,0,0,0,0,0
A-Me_dL-meL-P-Me_dL-F,-4.88,2887,-0.5817999999999999,0.7051000000000001,0.7051000000000001,-0.177,0.7051000000000001,0.641,0,0,0,0,0,0
A-Me_dL-meL-P-dL-F,-5.61,2865,-0.5817999999999999,0.7051000000000001,0.7051000000000001,-0.177,0.44439999999999996,0.641,0,0,0,0,1,0
A-Me_dL-meL-P-meL-F,-5.0,2895,-0.5817999999999999,0.7051000000000001,0.7051000000000001,-0.177,0.7051000000000001,0.641,0,0,0,0,0,0
A-Me_dL-meL-dP-Bn_Gly-F,-5.28,3107,-0.5817999999999999,0.7051000000000001,0.7051000000000001,-0.177,0.8607999999999996,0.641,0,0,0,1,0,0
A-Me_dL-meL-dP-L-F,-5.18,3066,-0.5817999999999999,0.7051000000000001,0.7051000000000001,-0.177,0.44439999999999996,0.641,0,0,0,1,0,0
A-Me_dL-meL-dP-Me_dL-F,-5.03,3081,-0.5817999999999999,0.7051000000000001,0.7051000000000001,-0.177,0.7051000000000001,0.641,0,0,0,1,0,0
A-Me_dL-meL-dP-dL-F,-5.7,3059,-0.5817999999999999,0.7051000000000001,0.7051000000000001,-0.177,0.44439999999999996,0.641,0,0,0,1,1,0
A-Me_dL-meL-dP-meL-F,-5.0,3086,-0.5817999999999999,0.7051000000000001,0.7051000000000001,-0.177,0.7051000000000001,0.641,0,0,0,1,0,0
A-Mono38-L-Nle-P-Et_Gly,-8.0,1554,-0.5817999999999999,0.08719999999999994,0.44439999999999996,0.5884999999999998,-0.177,-0.31949999999999995,0,0,0,0,0,0
A-Mono38-L-Nle-P-Mono1,-6.54,1563,-0.5817999999999999,0.08719999999999994,0.44439999999999996,0.5884999999999998,-0.177,0.5894999999999995,0,0,0,0,0,0
A-Mono38-L-Nle-P-Mono34,-7.57,1558,-0.5817999999999999,0.08719999999999994,0.44439999999999996,0.5884999999999998,-0.177,0.4757,0,0,0,0,0,0
A-Mono38-L-Nle-dP-Et_Gly,-7.62,1590,-0.5817999999999999,0.08719999999999994,0.44439999999999996,0.5884999999999998,-0.177,-0.31949999999999995,0,0,0,0,1,0
A-Mono38-L-Nle-dP-Mono1,-6.34,1599,-0.5817999999999999,0.08719999999999994,0.44439999999999996,0.5884999999999998,-0.177,0.5894999999999995,0,0,0,0,1,0
A-Mono38-L-Nle-dP-Mono34,-7.0,1594,-0.5817999999999999,0.08719999999999994,0.44439999999999996,0.5884999999999998,-0.177,0.4757,0,0,0,0,1,0
A-Mono38-Me_dL-Nle-P-Et_Gly,-6.93,1680,-0.5817999999999999,0.08719999999999994,0.7051000000000001,0.5884999999999998,-0.177,-0.31949999999999995,0,0,0,0,0,0
A-Mono38-Me_dL-Nle-P-Mono1,-5.54,1689,-0.5817999999999999,0.08719999999999994,0.7051000000000001,0.5884999999999998,-0.177,0.5894999999999995,0,0,0,0,0,0
A-Mono38-Me_dL-Nle-P-Mono34,-6.27,1684,-0.5817999999999999,0.08719999999999994,0.7051000000000001,0.5884999999999998,-0.177,0.4757,0,0,0,0,0,0
A-Mono38-Me_dL-Nle-dP-Et_Gly,-6.6,1716,-0.5817999999999999,0.08719999999999994,0.7051000000000001,0.5884999999999998,-0.177,-0.31949999999999995,0,0,0,0,1,0
A-Mono38-Me_dL-Nle-dP-Mono1,-5.47,1725,-0.5817999999999999,0.08719999999999994,0.7051000000000001,0.5884999999999998,-0.177,0.5894999999999995,0,0,0,0,1,0
A-Mono38-Me_dL-Nle-dP-Mono34,-5.95,1720,-0.5817999999999999,0.08719999999999994,0.7051000000000001,0.5884999999999998,-0.177,0.4757,0,0,0,0,1,0
A-Mono38-dL-Nle-P-Et_Gly,-7.48,1698,-0.5817999999999999,0.08719999999999994,0.44439999999999996,0.5884999999999998,-0.177,-0.31949999999999995,0,0,1,0,0,0
A-Mono38-dL-Nle-P-Mono1,-5.89,1707,-0.5817999999999999,0.08719999999999994,0.44439999999999996,0.5884999999999998,-0.177,0.5894999999999995,0,0,1,0,0,0
A-Mono38-dL-Nle-P-Mono34,-6.81,1702,-0.5817999999999999,0.08719999999999994,0.44439999999999996,0.5884999999999998,-0.177,0.4757,0,0,1,0,0,0
A-Mono38-dL-Nle-dP-Et_Gly,-7.39,1734,-0.5817999999999999,0.08719999999999994,0.44439999999999996,0.5884999999999998,-0.177,-0.31949999999999995,0,0,1,0,1,0
A-Mono38-dL-Nle-dP-Mono1,-6.05,1743,-0.5817999999999999,0.08719999999999994,0.44439999999999996,0.5884999999999998,-0.177,0.5894999999999995,0,0,1,0,1,0
A-Mono38-dL-Nle-dP-Mono34,-6.75,1738,-0.5817999999999999,0.08719999999999994,0.44439999999999996,0.5884999999999998,-0.177,0.4757,0,0,1,0,1,0
A-Mono38-meL-Nle-P-Et_Gly,-7.17,1536,-0.5817999999999999,0.08719999999999994,0.7051000000000001,0.5884999999999998,-0.177,-0.31949999999999995,0,0,0,0,0,0
A-Mono38-meL-Nle-P-Mono1,-5.93,1545,-0.5817999999999999,0.08719999999999994,0.7051000000000001,0.5884999999999998,-0.177,0.5894999999999995,0,0,0,0,0,0
A-Mono38-meL-Nle-P-Mono34,-6.61,1540,-0.5817999999999999,0.08719999999999994,0.7051000000000001,0.5884999999999998,-0.177,0.4757,0,0,0,0,0,0
A-Mono38-meL-Nle-dP-Bn(4-Cl)_Gly,-5.39,1338,-0.5817999999999999,0.08719999999999994,0.7051000000000001,0.5884999999999998,-0.177,1.5141999999999995,0,0,0,0,1,0
A-Mono38-meL-Nle-dP-Et_Gly,-7.015,1138,-0.5817999999999999,0.08719999999999994,0.7051000000000001,0.5884999999999998,-0.177,-0.31949999999999995,0,0,0,0,1,0
A-Mono38-meL-Nle-dP-Mono1,-5.82,1418,-0.5817999999999999,0.08719999999999994,0.7051000000000001,0.5884999999999998,-0.177,0.5894999999999995,0,0,0,0,1,0
A-Mono38-meL-Nle-dP-Mono34,-6.33,1258,-0.5817999999999999,0.08719999999999994,0.7051000000000001,0.5884999999999998,-0.177,0.4757,0,0,0,0,1,0
A-Mono38-meL-Nle-dP-Mono42,-8.28,1298,-0.5817999999999999,0.08719999999999994,0.7051000000000001,0.5884999999999998,-0.177,-1.0071999999999994,0,0,0,0,1,0
A-Mono38-meL-Nle-dP-Mono43,-5.3,1378,-0.5817999999999999,0.08719999999999994,0.7051000000000001,0.5884999999999998,-0.177,1.6834999999999998,0,0,0,0,1,0
A-Mono38-meL-Nle-dP-Mono44,-5.66,1458,-0.5817999999999999,0.08719999999999994,0.7051000000000001,0.5884999999999998,-0.177,1.0473000000000001,0,0,0,0,1,0
A-Mono38-meL-Nle-dP-Mono45,-6.67,1498,-0.5817999999999999,0.08719999999999994,0.7051000000000001,0.5884999999999998,-0.177,1.1055999999999997,0,0,0,0,1,0
A-Mono38-meL-Nle-dP-Pr_Gly,-6.69,1178,-0.5817999999999999,0.08719999999999994,0.7051000000000001,0.5884999999999998,-0.177,0.0706,0,0,0,0,1,0
A-Mono38-meL-Nle-dP-iBu_Gly,-6.26,1218,-0.5817999999999999,0.08719999999999994,0.7051000000000001,0.5884999999999998,-0.177,0.3166,0,0,0,0,1,0
A-Mono39-meL-Nle-dP-Bn(4-Cl)_Gly,-6.3,1343,-0.5817999999999999,0.7395999999999998,0.7051000000000001,0.5884999999999998,-0.177,1.5141999999999995,0,0,0,0,1,0
A-Mono39-meL-Nle-dP-Et_Gly,-5.46,1143,-0.5817999999999999,0.7395999999999998,0.7051000000000001,0.5884999999999998,-0.177,-0.31949999999999995,0,0,0,0,1,0
A-Mono39-meL-Nle-dP-Mono1,-5.56,1423,-0.5817999999999999,0.7395999999999998,0.7051000000000001,0.5884999999999998,-0.177,0.5894999999999995,0,0,0,0,1,0
A-Mono39-meL-Nle-dP-Mono34,-5.06,1263,-0.5817999999999999,0.7395999999999998,0.7051000000000001,0.5884999999999998,-0.177,0.4757,0,0,0,0,1,0
A-Mono39-meL-Nle-dP-Mono42,-6.21,1303,-0.5817999999999999,0.7395999999999998,0.7051000000000001,0.5884999999999998,-0.177,-1.0071999999999994,0,0,0,0,1,0
A-Mono39-meL-Nle-dP-Mono43,-6.26,1383,-0.5817999999999999,0.7395999999999998,0.7051000000000001,0.5884999999999998,-0.177,1.6834999999999998,0,0,0,0,1,0
A-Mono39-meL-Nle-dP-Mono44,-5.58,1463,-0.5817999999999999,0.7395999999999998,0.7051000000000001,0.5884999999999998,-0.177,1.0473000000000001,0,0,0,0,1,0
A-Mono39-meL-Nle-dP-Mono45,-5.38,1503,-0.5817999999999999,0.7395999999999998,0.7051000000000001,0.5884999999999998,-0.177,1.1055999999999997,0,0,0,0,1,0
A-Mono39-meL-Nle-dP-Pr_Gly,-5.22,1183,-0.5817999999999999,0.7395999999999998,0.7051000000000001,0.5884999999999998,-0.177,0.0706,0,0,0,0,1,0
A-Mono39-meL-Nle-dP-iBu_Gly,-5.05,1223,-0.5817999999999999,0.7395999999999998,0.7051000000000001,0.5884999999999998,-0.177,0.3166,0,0,0,0,1,0
A-Mono40-meL-Nle-dP-Bn(4-Cl)_Gly,-5.56,1344,-0.5817999999999999,0.02690000000000009,0.7051000000000001,0.5884999999999998,-0.177,1.5141999999999995,0,0,0,0,1,0
A-Mono40-meL-Nle-dP-Et_Gly,-7.33,1144,-0.5817999999999999,0.02690000000000009,0.7051000000000001,0.5884999999999998,-0.177,-0.31949999999999995,0,0,0,0,1,0
A-Mono40-meL-Nle-dP-Mono1,-6.23,1424,-0.5817999999999999,0.02690000000000009,0.7051000000000001,0.5884999999999998,-0.177,0.5894999999999995,0,0,0,0,1,0
A-Mono40-meL-Nle-dP-Mono34,-6.67,1264,-0.5817999999999999,0.02690000000000009,0.7051000000000001,0.5884999999999998,-0.177,0.4757,0,0,0,0,1,0
A-Mono40-meL-Nle-dP-Mono42,-8.2,1304,-0.5817999999999999,0.02690000000000009,0.7051000000000001,0.5884999999999998,-0.177,-1.0071999999999994,0,0,0,0,1,0
A-Mono40-meL-Nle-dP-Mono43,-5.62,1384,-0.5817999999999999,0.02690000000000009,0.7051000000000001,0.5884999999999998,-0.177,1.6834999999999998,0,0,0,0,1,0
A-Mono40-meL-Nle-dP-Mono44,-5.79,1464,-0.5817999999999999,0.02690000000000009,0.7051000000000001,0.5884999999999998,-0.177,1.0473000000000001,0,0,0,0,1,0
A-Mono40-meL-Nle-dP-Mono45,-6.66,1504,-0.5817999999999999,0.02690000000000009,0.7051000000000001,0.5884999999999998,-0.177,1.1055999999999997,0,0,0,0,1,0
A-Mono40-meL-Nle-dP-Pr_Gly,-6.86,1184,-0.5817999999999999,0.02690000000000009,0.7051000000000001,0.5884999999999998,-0.177,0.0706,0,0,0,0,1,0
A-Mono40-meL-Nle-dP-iBu_Gly,-6.43,1224,-0.5817999999999999,0.02690000000000009,0.7051000000000001,0.5884999999999998,-0.177,0.3166,0,0,0,0,1,0
A-Mono41-meL-Nle-dP-Bn(4-Cl)_Gly,-6.44,1345,-0.5817999999999999,-0.3269000000000002,0.7051000000000001,0.5884999999999998,-0.177,1.5141999999999995,0,0,0,0,1,0
A-Mono41-meL-Nle-dP-Et_Gly,-8.28,1145,-0.5817999999999999,-0.3269000000000002,0.7051000000000001,0.5884999999999998,-0.177,-0.31949999999999995,0,0,0,0,1,0
A-Mono41-meL-Nle-dP-Mono1,-7.04,1425,-0.5817999999999999,-0.3269000000000002,0.7051000000000001,0.5884999999999998,-0.177,0.5894999999999995,0,0,0,0,1,0
A-Mono41-meL-Nle-dP-Mono34,-7.72,1265,-0.5817999999999999,-0.3269000000000002,0.7051000000000001,0.5884999999999998,-0.177,0.4757,0,0,0,0,1,0
A-Mono41-meL-Nle-dP-Mono42,-9.0,1305,-0.5817999999999999,-0.3269000000000002,0.7051000000000001,0.5884999999999998,-0.177,-1.0071999999999994,0,0,0,0,1,0
A-Mono41-meL-Nle-dP-Mono43,-6.22,1385,-0.5817999999999999,-0.3269000000000002,0.7051000000000001,0.5884999999999998,-0.177,1.6834999999999998,0,0,0,0,1,0
A-Mono41-meL-Nle-dP-Mono44,-6.59,1465,-0.5817999999999999,-0.3269000000000002,0.7051000000000001,0.5884999999999998,-0.177,1.0473000000000001,0,0,0,0,1,0
A-Mono41-meL-Nle-dP-Mono45,-7.45,1505,-0.5817999999999999,-0.3269000000000002,0.7051000000000001,0.5884999999999998,-0.177,1.1055999999999997,0,0,0,0,1,0
A-Mono41-meL-Nle-dP-Pr_Gly,-7.96,1185,-0.5817999999999999,-0.3269000000000002,0.7051000000000001,0.5884999999999998,-0.177,0.0706,0,0,0,0,1,0
A-Mono41-meL-Nle-dP-iBu_Gly,-7.62,1225,-0.5817999999999999,-0.3269000000000002,0.7051000000000001,0.5884999999999998,-0.177,0.3166,0,0,0,0,1,0
A-PhPr_Gly-meL-Nle-dP-Bn(4-Cl)_Gly,-6.0,1342,-0.5817999999999999,1.2933999999999999,0.7051000000000001,0.5884999999999998,-0.177,1.5141999999999995,0,0,0,0,1,0
A-PhPr_Gly-meL-Nle-dP-Et_Gly,-5.16,1142,-0.5817999999999999,1.2933999999999999,0.7051000000000001,0.5884999999999998,-0.177,-0.31949999999999995,0,0,0,0,1,0
A-PhPr_Gly-meL-Nle-dP-Mono1,-5.27,1422,-0.5817999999999999,1.2933999999999999,0.7051000000000001,0.5884999999999998,-0.177,0.5894999999999995,0,0,0,0,1,0
A-PhPr_Gly-meL-Nle-dP-Mono34,-4.88,1262,-0.5817999999999999,1.2933999999999999,0.7051000000000001,0.5884999999999998,-0.177,0.4757,0,0,0,0,1,0
A-PhPr_Gly-meL-Nle-dP-Mono42,-5.86,1302,-0.5817999999999999,1.2933999999999999,0.7051000000000001,0.5884999999999998,-0.177,-1.0071999999999994,0,0,0,0,1,0
A-PhPr_Gly-meL-Nle-dP-Mono43,-6.12,1382,-0.5817999999999999,1.2933999999999999,0.7051000000000001,0.5884999999999998,-0.177,1.6834999999999998,0,0,0,0,1,0
A-PhPr_Gly-meL-Nle-dP-Mono44,-5.32,1462,-0.5817999999999999,1.2933999999999999,0.7051000000000001,0.5884999999999998,-0.177,1.0473000000000001,0,0,0,0,1,0
A-PhPr_Gly-meL-Nle-dP-Mono45,-5.08,1502,-0.5817999999999999,1.2933999999999999,0.7051000000000001,0.5884999999999998,-0.177,1.1055999999999997,0,0,0,0,1,0
A-PhPr_Gly-meL-Nle-dP-Pr_Gly,-4.96,1182,-0.5817999999999999,1.2933999999999999,0.7051000000000001,0.5884999999999998,-0.177,0.0706,0,0,0,0,1,0
A-PhPr_Gly-meL-Nle-dP-iBu_Gly,-4.96,1222,-0.5817999999999999,1.2933999999999999,0.7051000000000001,0.5884999999999998,-0.177,0.3166,0,0,0,0,1,0
A-Sar-meF-L-dP-meY,-6.46,1084,-0.5817999999999999,-0.7096000000000002,0.9017,0.44439999999999996,-0.177,0.6072999999999997,0,0,0,0,1,0
A-Y-N-F-G-L,-8.0,1101,-0.5817999999999999,0.3466,-1.7263000000000002,0.641,-0.9702999999999999,0.44439999999999996,0,0,0,0,0,0
A-cHexCH2_Gly-L-Nle-P-Et_Gly,-6.39,1553,-0.5817999999999999,1.2408999999999997,0.44439999999999996,0.5884999999999998,-0.177,-0.31949999999999995,0,0,0,0,0,0
A-cHexCH2_Gly-L-Nle-P-Mono1,-5.19,1562,-0.5817999999999999,1.2408999999999997,0.44439999999999996,0.5884999999999998,-0.177,0.5894999999999995,0,0,0,0,0,0
A-cHexCH2_Gly-L-Nle-P-Mono34,-5.7,1557,-0.5817999999999999,1.2408999999999997,0.44439999999999996,0.5884999999999998,-0.177,0.4757,0,0,0,0,0,0
A-cHexCH2_Gly-L-Nle-dP-Et_Gly,-6.11,1589,-0.5817999999999999,1.2408999999999997,0.44439999999999996,0.5884999999999998,-0.177,-0.31949999999999995,0,0,0,0,1,0
A-cHexCH2_Gly-L-Nle-dP-Mono1,-5.1,1598,-0.5817999999999999,1.2408999999999997,0.44439999999999996,0.5884999999999998,-0.177,0.5894999999999995,0,0,0,0,1,0
A-cHexCH2_Gly-L-Nle-dP-Mono34,-5.49,1593,-0.5817999999999999,1.2408999999999997,0.44439999999999996,0.5884999999999998,-0.177,0.4757,0,0,0,0,1,0
A-cHexCH2_Gly-Me_dL-Nle-P-Et_Gly,-5.01,1679,-0.5817999999999999,1.2408999999999997,0.7051000000000001,0.5884999999999998,-0.177,-0.31949999999999995,0,0,0,0,0,0
A-cHexCH2_Gly-Me_dL-Nle-P-Mono1,-4.99,1688,-0.5817999999999999,1.2408999999999997,0.7051000000000001,0.5884999999999998,-0.177,0.5894999999999995,0,0,0,0,0,0
A-cHexCH2_Gly-Me_dL-Nle-P-Mono34,-4.83,1683,-0.5817999999999999,1.2408999999999997,0.7051000000000001,0.5884999999999998,-0.177,0.4757,0,0,0,0,0,0
A-cHexCH2_Gly-Me_dL-Nle-dP-Et_Gly,-4.91,1715,-0.5817999999999999,1.2408999999999997,0.7051000000000001,0.5884999999999998,-0.177,-0.31949999999999995,0,0,0,0,1,0
A-cHexCH2_Gly-Me_dL-Nle-dP-Mono1,-5.17,1724,-0.5817999999999999,1.2408999999999997,0.7051000000000001,0.5884999999999998,-0.177,0.5894999999999995,0,0,0,0,1,0
A-cHexCH2_Gly-Me_dL-Nle-dP-Mono34,-4.86,1719,-0.5817999999999999,1.2408999999999997,0.7051000000000001,0.5884999999999998,-0.177,0.4757,0,0,0,0,1,0
A-cHexCH2_Gly-dL-Nle-P-Et_Gly,-5.9,1697,-0.5817999999999999,1.2408999999999997,0.44439999999999996,0.5884999999999998,-0.177,-0.31949999999999995,0,0,1,0,0,0
A-cHexCH2_Gly-dL-Nle-P-Mono1,-5.01,1706,-0.5817999999999999,1.2408999999999997,0.44439999999999996,0.5884999999999998,-0.177,0.5894999999999995,0,0,1,0,0,0
A-cHexCH2_Gly-dL-Nle-P-Mono34,-5.29,1701,-0.5817999999999999,1.2408999999999997,0.44439999999999996,0.5884999999999998,-0.177,0.4757,0,0,1,0,0,0
A-cHexCH2_Gly-dL-Nle-dP-Et_Gly,-5.58,1733,-0.5817999999999999,1.2408999999999997,0.44439999999999996,0.5884999999999998,-0.177,-0.31949999999999995,0,0,1,0,1,0
A-cHexCH2_Gly-dL-Nle-dP-Mono1,-4.9,1742,-0.5817999999999999,1.2408999999999997,0.44439999999999996,0.5884999999999998,-0.177,0.5894999999999995,0,0,1,0,1,0
A-cHexCH2_Gly-dL-Nle-dP-Mono34,-5.02,1737,-0.5817999999999999,1.2408999999999997,0.44439999999999996,0.5884999999999998,-0.177,0.4757,0,0,1,0,1,0
A-cHexCH2_Gly-meL-Nle-P-Et_Gly,-5.15,1535,-0.5817999999999999,1.2408999999999997,0.7051000000000001,0.5884999999999998,-0.177,-0.31949999999999995,0,0,0,0,0,0
A-cHexCH2_Gly-meL-Nle-P-Mono1,-4.93,1544,-0.5817999999999999,1.2408999999999997,0.7051000000000001,0.5884999999999998,-0.177,0.5894999999999995,0,0,0,0,0,0
A-cHexCH2_Gly-meL-Nle-P-Mono34,-4.83,1539,-0.5817999999999999,1.2408999999999997,0.7051000000000001,0.5884999999999998,-0.177,0.4757,0,0,0,0,0,0
A-cHexCH2_Gly-meL-Nle-dP-Bn(4-Cl)_Gly,-6.01,1337,-0.5817999999999999,1.2408999999999997,0.7051000000000001,0.5884999999999998,-0.177,1.5141999999999995,0,0,0,0,1,0
A-cHexCH2_Gly-meL-Nle-dP-Et_Gly,-5.045,1137,-0.5817999999999999,1.2408999999999997,0.7051000000000001,0.5884999999999998,-0.177,-0.31949999999999995,0,0,0,0,1,0
A-cHexCH2_Gly-meL-Nle-dP-Mono1,-5.1850000000000005,1417,-0.5817999999999999,1.2408999999999997,0.7051000000000001,0.5884999999999998,-0.177,0.5894999999999995,0,0,0,0,1,0
A-cHexCH2_Gly-meL-Nle-dP-Mono34,-4.845,1257,-0.5817999999999999,1.2408999999999997,0.7051000000000001,0.5884999999999998,-0.177,0.4757,0,0,0,0,1,0
A-cHexCH2_Gly-meL-Nle-dP-Mono42,-5.92,1297,-0.5817999999999999,1.2408999999999997,0.7051000000000001,0.5884999999999998,-0.177,-1.0071999999999994,0,0,0,0,1,0
A-cHexCH2_Gly-meL-Nle-dP-Mono43,-6.24,1377,-0.5817999999999999,1.2408999999999997,0.7051000000000001,0.5884999999999998,-0.177,1.6834999999999998,0,0,0,0,1,0
A-cHexCH2_Gly-meL-Nle-dP-Mono44,-5.39,1457,-0.5817999999999999,1.2408999999999997,0.7051000000000001,0.5884999999999998,-0.177,1.0473000000000001,0,0,0,0,1,0
A-cHexCH2_Gly-meL-Nle-dP-Mono45,-4.98,1497,-0.5817999999999999,1.2408999999999997,0.7051000000000001,0.5884999999999998,-0.177,1.1055999999999997,0,0,0,0,1,0
A-cHexCH2_Gly-meL-Nle-dP-Pr_Gly,-4.93,1177,-0.5817999999999999,1.2408999999999997,0.7051000000000001,0.5884999999999998,-0.177,0.0706,0,0,0,0,1,0
A-cHexCH2_Gly-meL-Nle-dP-iBu_Gly,-4.96,1217,-0.5817999999999999,1.2408999999999997,0.7051000000000001,0.5884999999999998,-0.177,0.3166,0,0,0,0,1,0
A-dL-Bn_Gly-P-Bn_Gly-F,-6.41,2919,-0.5817999999999999,0.44439999999999996,0.8607999999999996,-0.177,0.8607999999999996,0.641,0,1,0,0,0,0
A-dL-Bn_Gly-P-L-F,-5.81,2879,-0.5817999999999999,0.44439999999999996,0.8607999999999996,-0.177,0.44439999999999996,0.641,0,1,0,0,0,0
A-dL-Bn_Gly-P-Me_dL-F,-5.91,2891,-0.5817999999999999,0.44439999999999996,0.8607999999999996,-0.177,0.7051000000000001,0.641,0,1,0,0,0,0
A-dL-Bn_Gly-P-dL-F,-6.1,2872,-0.5817999999999999,0.44439999999999996,0.8607999999999996,-0.177,0.44439999999999996,0.641,0,1,0,0,1,0
A-dL-Bn_Gly-P-meL-F,-5.76,2900,-0.5817999999999999,0.44439999999999996,0.8607999999999996,-0.177,0.7051000000000001,0.641,0,1,0,0,0,0
A-dL-Bn_Gly-dP-Bn_Gly-F,-6.01,3108,-0.5817999999999999,0.44439999999999996,0.8607999999999996,-0.177,0.8607999999999996,0.641,0,1,0,1,0,0
A-dL-Bn_Gly-dP-L-F,-6.34,3073,-0.5817999999999999,0.44439999999999996,0.8607999999999996,-0.177,0.44439999999999996,0.641,0,1,0,1,0,0
A-dL-Bn_Gly-dP-Me_dL-F,-6.26,3082,-0.5817999999999999,0.44439999999999996,0.8607999999999996,-0.177,0.7051000000000001,0.641,0,1,0,1,0,0
A-dL-Bn_Gly-dP-dL-F,-5.62,3065,-0.5817999999999999,0.44439999999999996,0.8607999999999996,-0.177,0.44439999999999996,0.641,0,1,0,1,1,0
A-dL-Bn_Gly-dP-meL-F,-5.77,3091,-0.5817999999999999,0.44439999999999996,0.8607999999999996,-0.177,0.7051000000000001,0.641,0,1,0,1,0,0
A-dL-L-P-Bn_Gly-F,-5.8,2881,-0.5817999999999999,0.44439999999999996,0.44439999999999996,-0.177,0.8607999999999996,0.641,0,1,0,0,0,0
A-dL-L-P-L-F,-6.49,2844,-0.5817999999999999,0.44439999999999996,0.44439999999999996,-0.177,0.44439999999999996,0.641,0,1,0,0,0,0
A-dL-L-P-Me_dL-F,-5.94,2852,-0.5817999999999999,0.44439999999999996,0.44439999999999996,-0.177,0.7051000000000001,0.641,0,1,0,0,0,0
A-dL-L-P-meL-F,-5.88,2859,-0.5817999999999999,0.44439999999999996,0.44439999999999996,-0.177,0.7051000000000001,0.641,0,1,0,0,0,0
A-dL-L-dP-Bn_Gly-F,-5.56,3074,-0.5817999999999999,0.44439999999999996,0.44439999999999996,-0.177,0.8607999999999996,0.641,0,1,0,1,0,0
A-dL-L-dP-L-F,-5.24,3031,-0.5817999999999999,0.44439999999999996,0.44439999999999996,-0.177,0.44439999999999996,0.641,0,1,0,1,0,0
A-dL-L-dP-Me_dL-F,-5.4,3041,-0.5817999999999999,0.44439999999999996,0.44439999999999996,-0.177,0.7051000000000001,0.641,0,1,0,1,0,0
A-dL-L-dP-dL-F,-4.82,3029,-0.5817999999999999,0.44439999999999996,0.44439999999999996,-0.177,0.44439999999999996,0.641,0,1,0,1,1,0
A-dL-L-dP-meL-F,-5.3,3050,-0.5817999999999999,0.44439999999999996,0.44439999999999996,-0.177,0.7051000000000001,0.641,0,1,0,1,0,0
A-dL-Me_dL-P-Bn_Gly-F,-5.39,2892,-0.5817999999999999,0.44439999999999996,0.7051000000000001,-0.177,0.8607999999999996,0.641,0,1,0,0,0,0
A-dL-Me_dL-P-L-F,-6.31,2848,-0.5817999999999999,0.44439999999999996,0.7051000000000001,-0.177,0.44439999999999996,0.641,0,1,0,0,0,0
A-dL-Me_dL-P-Me_dL-F,-5.41,2862,-0.5817999999999999,0.44439999999999996,0.7051000000000001,-0.177,0.7051000000000001,0.641,0,1,0,0,0,0
A-dL-Me_dL-dP-Bn_Gly-F,-6.23,3083,-0.5817999999999999,0.44439999999999996,0.7051000000000001,-0.177,0.8607999999999996,0.641,0,1,0,1,0,0
A-dL-Me_dL-dP-meL-F,-5.65,3058,-0.5817999999999999,0.44439999999999996,0.7051000000000001,-0.177,0.7051000000000001,0.641,0,1,0,1,0,0
A-dL-bHph-P-L-F,-6.6,2896,-0.5817999999999999,0.44439999999999996,1.0310999999999995,-0.177,0.44439999999999996,0.641,0,1,0,0,0,0
A-dL-bHph-P-dL-F,-6.54,2889,-0.5817999999999999,0.44439999999999996,1.0310999999999995,-0.177,0.44439999999999996,0.641,0,1,0,0,1,0
A-dL-bHph-dP-Me_dL-F,-6.29,3098,-0.5817999999999999,0.44439999999999996,1.0310999999999995,-0.177,0.7051000000000001,0.641,0,1,0,1,0,0
A-dL-bHph-dP-dL-F,-5.04,3084,-0.5817999999999999,0.44439999999999996,1.0310999999999995,-0.177,0.44439999999999996,0.641,0,1,0,1,1,0
A-dL-bHph-dP-meL-F,-5.73,3105,-0.5817999999999999,0.44439999999999996,1.0310999999999995,-0.177,0.7051000000000001,0.641,0,1,0,1,0,0
A-dL-dL-P-Bn_Gly-F,-5.9,2873,-0.5817999999999999,0.44439999999999996,0.44439999999999996,-0.177,0.8607999999999996,0.641,0,1,1,0,0,0
A-dL-dL-P-L-F,-6.45,2842,-0.5817999999999999,0.44439999999999996,0.44439999999999996,-0.177,0.44439999999999996,0.641,0,1,1,0,0,0
A-dL-dL-P-Me_dL-F,-6.11,2845,-0.5817999999999999,0.44439999999999996,0.44439999999999996,-0.177,0.7051000000000001,0.641,0,1,1,0,0,0
A-dL-dL-P-dL-F,-6.39,2840,-0.5817999999999999,0.44439999999999996,0.44439999999999996,-0.177,0.44439999999999996,0.641,0,1,1,0,1,0
A-dL-dL-dP-Bn_Gly-F,-6.67,3063,-0.5817999999999999,0.44439999999999996,0.44439999999999996,-0.177,0.8607999999999996,0.641,0,1,1,1,0,0
A-dL-dL-dP-Me_dL-F,-6.91,3033,-0.5817999999999999,0.44439999999999996,0.44439999999999996,-0.177,0.7051000000000001,0.641,0,1,1,1,0,0
A-dL-dL-dP-dL-F,-6.67,3026,-0.5817999999999999,0.44439999999999996,0.44439999999999996,-0.177,0.44439999999999996,0.641,0,1,1,1,1,0
A-dL-dL-dP-meL-F,-6.28,3039,-0.5817999999999999,0.44439999999999996,0.44439999999999996,-0.177,0.7051000000000001,0.641,0,1,1,1,0,0
A-dL-meL-P-Bn_Gly-F,-5.65,2904,-0.5817999999999999,0.44439999999999996,0.7051000000000001,-0.177,0.8607999999999996,0.641,0,1,0,0,0,0
A-dL-meL-P-L-F,-6.26,2855,-0.5817999999999999,0.44439999999999996,0.7051000000000001,-0.177,0.44439999999999996,0.641,0,1,0,0,0,0
A-dL-meL-P-Me_dL-F,-5.72,2867,-0.5817999999999999,0.44439999999999996,0.7051000000000001,-0.177,0.7051000000000001,0.641,0,1,0,0,0,0
A-dL-meL-P-dL-F,-6.59,2847,-0.5817999999999999,0.44439999999999996,0.7051000000000001,-0.177,0.44439999999999996,0.641,0,1,0,0,1,0
A-dL-meL-P-meL-F,-5.28,2876,-0.5817999999999999,0.44439999999999996,0.7051000000000001,-0.177,0.7051000000000001,0.641,0,1,0,0,0,0
A-dL-meL-dP-Bn_Gly-F,-5.45,3092,-0.5817999999999999,0.44439999999999996,0.7051000000000001,-0.177,0.8607999999999996,0.641,0,1,0,1,0,0
A-dL-meL-dP-L-F,-6.27,3046,-0.5817999999999999,0.44439999999999996,0.7051000000000001,-0.177,0.44439999999999996,0.641,0,1,0,1,0,0
A-dL-meL-dP-Me_dL-F,-5.69,3060,-0.5817999999999999,0.44439999999999996,0.7051000000000001,-0.177,0.7051000000000001,0.641,0,1,0,1,0,0
A-dL-meL-dP-dL-F,-5.72,3042,-0.5817999999999999,0.44439999999999996,0.7051000000000001,-0.177,0.44439999999999996,0.641,0,1,0,1,1,0
A-dL-meL-dP-meL-F,-5.46,3069,-0.5817999999999999,0.44439999999999996,0.7051000000000001,-0.177,0.7051000000000001,0.641,0,1,0,1,0,0
A-meL-Bn_Gly-P-Bn_Gly-F,-5.5,2927,-0.5817999999999999,0.7051000000000001,0.8607999999999996,-0.177,0.8607999999999996,0.641,0,0,0,0,0,0
A-meL-Bn_Gly-P-Me_dL-F,-5.2,2916,-0.5817999999999999,0.7051000000000001,0.8607999999999996,-0.177,0.7051000000000001,0.641,0,0,0,0,0,0
A-meL-Bn_Gly-P-dL-F,-6.07,2898,-0.5817999999999999,0.7051000000000001,0.8607999999999996,-0.177,0.44439999999999996,0.641,0,0,0,0,1,0
A-meL-Bn_Gly-P-meL-F,-5.52,2920,-0.5817999999999999,0.7051000000000001,0.8607999999999996,-0.177,0.7051000000000001,0.641,0,0,0,0,0,0
A-meL-Bn_Gly-dP-Bn_Gly-F,-5.67,3116,-0.5817999999999999,0.7051000000000001,0.8607999999999996,-0.177,0.8607999999999996,0.641,0,0,0,1,0,0
A-meL-Bn_Gly-dP-Me_dL-F,-6.22,3104,-0.5817999999999999,0.7051000000000001,0.8607999999999996,-0.177,0.7051000000000001,0.641,0,0,0,1,0,0
A-meL-Bn_Gly-dP-meL-F,-6.2,3110,-0.5817999999999999,0.7051000000000001,0.8607999999999996,-0.177,0.7051000000000001,0.641,0,0,0,1,0,0
A-meL-L-P-Bn_Gly-F,-5.63,2908,-0.5817999999999999,0.7051000000000001,0.44439999999999996,-0.177,0.8607999999999996,0.641,0,0,0,0,0,0
A-meL-L-P-dL-F,-6.12,2857,-0.5817999999999999,0.7051000000000001,0.44439999999999996,-0.177,0.44439999999999996,0.641,0,0,0,0,1,0
A-meL-L-P-meL-F,-5.28,2882,-0.5817999999999999,0.7051000000000001,0.44439999999999996,-0.177,0.7051000000000001,0.641,0,0,0,0,0,0
A-meL-L-dP-Bn_Gly-F,-5.74,3097,-0.5817999999999999,0.7051000000000001,0.44439999999999996,-0.177,0.8607999999999996,0.641,0,0,0,1,0,0
A-meL-L-dP-L-F,-6.46,3051,-0.5817999999999999,0.7051000000000001,0.44439999999999996,-0.177,0.44439999999999996,0.641,0,0,0,1,0,0
A-meL-L-dP-dL-F,-5.53,3047,-0.5817999999999999,0.7051000000000001,0.44439999999999996,-0.177,0.44439999999999996,0.641,0,0,0,1,1,0
A-meL-L-dP-meL-F,-5.17,3076,-0.5817999999999999,0.7051000000000001,0.44439999999999996,-0.177,0.7051000000000001,0.641,0,0,0,1,0,0
A-meL-Me_dL-P-Me_dL-F,-5.07,2886,-0.5817999999999999,0.7051000000000001,0.7051000000000001,-0.177,0.7051000000000001,0.641,0,0,0,0,0,0
A-meL-Me_dL-P-meL-F,-5.14,2894,-0.5817999999999999,0.7051000000000001,0.7051000000000001,-0.177,0.7051000000000001,0.641,0,0,0,0,0,0
A-meL-Me_dL-dP-Me_dL-F,-5.84,3080,-0.5817999999999999,0.7051000000000001,0.7051000000000001,-0.177,0.7051000000000001,0.641,0,0,0,1,0,0
A-meL-bHph-P-Bn_Gly-F,-6.12,2928,-0.5817999999999999,0.7051000000000001,1.0310999999999995,-0.177,0.8607999999999996,0.641,0,0,0,0,0,0
A-meL-bHph-P-Me_dL-F,-6.02,2925,-0.5817999999999999,0.7051000000000001,1.0310999999999995,-0.177,0.7051000000000001,0.641,0,0,0,0,0,0
A-meL-bHph-P-dL-F,-6.89,2913,-0.5817999999999999,0.7051000000000001,1.0310999999999995,-0.177,0.44439999999999996,0.641,0,0,0,0,1,0
A-meL-bHph-P-meL-F,-5.24,2926,-0.5817999999999999,0.7051000000000001,1.0310999999999995,-0.177,0.7051000000000001,0.641,0,0,0,0,0,0
A-meL-bHph-dP-Bn_Gly-F,-5.99,3117,-0.5817999999999999,0.7051000000000001,1.0310999999999995,-0.177,0.8607999999999996,0.641,0,0,0,1,0,0
A-meL-bHph-dP-dL-F,-6.31,3102,-0.5817999999999999,0.7051000000000001,1.0310999999999995,-0.177,0.44439999999999996,0.641,0,0,0,1,1,0
A-meL-dL-P-Bn_Gly-F,-5.12,2903,-0.5817999999999999,0.7051000000000001,0.44439999999999996,-0.177,0.8607999999999996,0.641,0,0,1,0,0,0
A-meL-dL-P-Me_dL-F,-5.35,2866,-0.5817999999999999,0.7051000000000001,0.44439999999999996,-0.177,0.7051000000000001,0.641,0,0,1,0,0,0
A-meL-dL-P-dL-F,-6.3,2850,-0.5817999999999999,0.7051000000000001,0.44439999999999996,-0.177,0.44439999999999996,0.641,0,0,1,0,1,0
A-meL-dL-P-meL-F,-5.25,2875,-0.5817999999999999,0.7051000000000001,0.44439999999999996,-0.177,0.7051000000000001,0.641,0,0,1,0,0,0
A-meL-dL-dP-Bn_Gly-F,-5.76,3090,-0.5817999999999999,0.7051000000000001,0.44439999999999996,-0.177,0.8607999999999996,0.641,0,0,1,1,0,0
A-meL-dL-dP-L-F,-6.21,3045,-0.5817999999999999,0.7051000000000001,0.44439999999999996,-0.177,0.44439999999999996,0.641,0,0,1,1,0,0
A-meL-dL-dP-Me_dL-F,-6.14,3057,-0.5817999999999999,0.7051000000000001,0.44439999999999996,-0.177,0.7051000000000001,0.641,0,0,1,1,0,0
A-pentyl_Gly-L-Nle-P-Et_Gly,-6.76,1552,-0.5817999999999999,0.8507999999999998,0.44439999999999996,0.5884999999999998,-0.177,-0.31949999999999995,0,0,0,0,0,0
A-pentyl_Gly-L-Nle-P-Mono1,-5.5,1561,-0.5817999999999999,0.8507999999999998,0.44439999999999996,0.5884999999999998,-0.177,0.5894999999999995,0,0,0,0,0,0
A-pentyl_Gly-L-Nle-P-Mono34,-6.11,1555,-0.5817999999999999,0.8507999999999998,0.44439999999999996,0.5884999999999998,-0.177,0.4757,0,0,0,0,0,0
A-pentyl_Gly-L-Nle-dP-Et_Gly,-6.52,1588,-0.5817999999999999,0.8507999999999998,0.44439999999999996,0.5884999999999998,-0.177,-0.31949999999999995,0,0,0,0,1,0
A-pentyl_Gly-L-Nle-dP-Mono1,-5.32,1597,-0.5817999999999999,0.8507999999999998,0.44439999999999996,0.5884999999999998,-0.177,0.5894999999999995,0,0,0,0,1,0
A-pentyl_Gly-L-Nle-dP-Mono34,-5.84,1591,-0.5817999999999999,0.8507999999999998,0.44439999999999996,0.5884999999999998,-0.177,0.4757,0,0,0,0,1,0
A-pentyl_Gly-Me_dL-Nle-P-Et_Gly,-5.3,1678,-0.5817999999999999,0.8507999999999998,0.7051000000000001,0.5884999999999998,-0.177,-0.31949999999999995,0,0,0,0,0,0
A-pentyl_Gly-Me_dL-Nle-P-Mono1,-4.84,1687,-0.5817999999999999,0.8507999999999998,0.7051000000000001,0.5884999999999998,-0.177,0.5894999999999995,0,0,0,0,0,0
A-pentyl_Gly-Me_dL-Nle-P-Mono34,-4.91,1681,-0.5817999999999999,0.8507999999999998,0.7051000000000001,0.5884999999999998,-0.177,0.4757,0,0,0,0,0,0
A-pentyl_Gly-Me_dL-Nle-dP-Et_Gly,-5.13,1714,-0.5817999999999999,0.8507999999999998,0.7051000000000001,0.5884999999999998,-0.177,-0.31949999999999995,0,0,0,0,1,0
A-pentyl_Gly-Me_dL-Nle-dP-Mono1,-4.98,1723,-0.5817999999999999,0.8507999999999998,0.7051000000000001,0.5884999999999998,-0.177,0.5894999999999995,0,0,0,0,1,0
A-pentyl_Gly-Me_dL-Nle-dP-Mono34,-4.85,1717,-0.5817999999999999,0.8507999999999998,0.7051000000000001,0.5884999999999998,-0.177,0.4757,0,0,0,0,1,0
A-pentyl_Gly-dL-Nle-P-Et_Gly,-6.25,1696,-0.5817999999999999,0.8507999999999998,0.44439999999999996,0.5884999999999998,-0.177,-0.31949999999999995,0,0,1,0,0,0
A-pentyl_Gly-dL-Nle-P-Mono1,-5.07,1705,-0.5817999999999999,0.8507999999999998,0.44439999999999996,0.5884999999999998,-0.177,0.5894999999999995,0,0,1,0,0,0
A-pentyl_Gly-dL-Nle-P-Mono34,-5.58,1699,-0.5817999999999999,0.8507999999999998,0.44439999999999996,0.5884999999999998,-0.177,0.4757,0,0,1,0,0,0
A-pentyl_Gly-dL-Nle-dP-Et_Gly,-5.99,1732,-0.5817999999999999,0.8507999999999998,0.44439999999999996,0.5884999999999998,-0.177,-0.31949999999999995,0,0,1,0,1,0
A-pentyl_Gly-dL-Nle-dP-Mono1,-4.99,1741,-0.5817999999999999,0.8507999999999998,0.44439999999999996,0.5884999999999998,-0.177,0.5894999999999995,0,0,1,0,1,0
A-pentyl_Gly-dL-Nle-dP-Mono34,-5.26,1735,-0.5817999999999999,0.8507999999999998,0.44439999999999996,0.5884999999999998,-0.177,0.4757,0,0,1,0,1,0
A-pentyl_Gly-meL-Nle-P-Et_Gly,-5.54,1534,-0.5817999999999999,0.8507999999999998,0.7051000000000001,0.5884999999999998,-0.177,-0.31949999999999995,0,0,0,0,0,0
A-pentyl_Gly-meL-Nle-P-Mono1,-4.89,1543,-0.5817999999999999,0.8507999999999998,0.7051000000000001,0.5884999999999998,-0.177,0.5894999999999995,0,0,0,0,0,0
A-pentyl_Gly-meL-Nle-P-Mono34,-4.99,1537,-0.5817999999999999,0.8507999999999998,0.7051000000000001,0.5884999999999998,-0.177,0.4757,0,0,0,0,0,0
A-pentyl_Gly-meL-Nle-dP-Bn(4-Cl)_Gly,-5.27,1335,-0.5817999999999999,0.8507999999999998,0.7051000000000001,0.5884999999999998,-0.177,1.5141999999999995,0,0,0,0,1,0
A-pentyl_Gly-meL-Nle-dP-Et_Gly,-5.36,1135,-0.5817999999999999,0.8507999999999998,0.7051000000000001,0.5884999999999998,-0.177,-0.31949999999999995,0,0,0,0,1,0
A-pentyl_Gly-meL-Nle-dP-Mono1,-4.885,1415,-0.5817999999999999,0.8507999999999998,0.7051000000000001,0.5884999999999998,-0.177,0.5894999999999995,0,0,0,0,1,0
A-pentyl_Gly-meL-Nle-dP-Mono34,-4.925,1255,-0.5817999999999999,0.8507999999999998,0.7051000000000001,0.5884999999999998,-0.177,0.4757,0,0,0,0,1,0
A-pentyl_Gly-meL-Nle-dP-Mono42,-6.42,1295,-0.5817999999999999,0.8507999999999998,0.7051000000000001,0.5884999999999998,-0.177,-1.0071999999999994,0,0,0,0,1,0
A-pentyl_Gly-meL-Nle-dP-Mono43,-5.6,1375,-0.5817999999999999,0.8507999999999998,0.7051000000000001,0.5884999999999998,-0.177,1.6834999999999998,0,0,0,0,1,0
A-pentyl_Gly-meL-Nle-dP-Mono44,-5.0,1455,-0.5817999999999999,0.8507999999999998,0.7051000000000001,0.5884999999999998,-0.177,1.0473000000000001,0,0,0,0,1,0
A-pentyl_Gly-meL-Nle-dP-Mono45,-5.08,1495,-0.5817999999999999,0.8507999999999998,0.7051000000000001,0.5884999999999998,-0.177,1.1055999999999997,0,0,0,0,1,0
A-pentyl_Gly-meL-Nle-dP-Pr_Gly,-5.05,1175,-0.5817999999999999,0.8507999999999998,0.7051000000000001,0.5884999999999998,-0.177,0.0706,0,0,0,0,1,0
A-pentyl_Gly-meL-Nle-dP-iBu_Gly,-4.9,1215,-0.5817999999999999,0.8507999999999998,0.7051000000000001,0.5884999999999998,-0.177,0.3166,0,0,0,0,1,0
Ala(tBu)-3Pal-dP-PhPr_Gly-Nva(Ph)-dF,-5.32,1852,0.8344999999999998,0.0360000000000002,-0.177,1.2933999999999999,1.4212,0.641,0,0,1,0,0,1
Ala(tBu)-Tza-dP-Mono48-Ala(tBu)-dF,-5.08,1858,0.8344999999999998,0.09749999999999986,-0.177,1.5716,0.8344999999999998,0.641,0,0,1,0,0,1
Ala(tBu)-Tza-dP-Mono48-Cha-dF,-5.42,1857,0.8344999999999998,0.09749999999999986,-0.177,1.5716,1.3687,0.641,0,0,1,0,0,1
Ala(tBu)-Tza-dP-Mono48-F-dF,-5.28,1855,0.8344999999999998,0.09749999999999986,-0.177,1.5716,0.641,0.641,0,0,1,0,0,1
Ala(tBu)-Tza-dP-Mono48-Phe(4-F)-dF,-5.12,1856,0.8344999999999998,0.09749999999999986,-0.177,1.5716,0.7801,0.641,0,0,1,0,0,1
Ala(tBu)-Tza-dP-Mono48-Ser(Bn)-dF,-5.21,1859,0.8344999999999998,0.09749999999999986,-0.177,1.5716,0.6151,0.641,0,0,1,0,0,1
Ala(tBu)-Tza-dP-PhPr_Gly-F-dF,-5.18,1854,0.8344999999999998,0.09749999999999986,-0.177,1.2933999999999999,0.641,0.641,0,0,1,0,0,1
Ala(tBu)-Tza-dP-PhPr_Gly-Nva(Ph)-dF,-5.4,1853,0.8344999999999998,0.09749999999999986,-0.177,1.2933999999999999,1.4212,0.641,0,0,1,0,0,1
F-3-pyridylethyl_Gly-meL-Nle-dP-Bn(4-Cl)_Gly,-6.12,1359,0.641,0.29829999999999934,0.7051000000000001,0.5884999999999998,-0.177,1.5141999999999995,0,0,0,0,1,0
F-3-pyridylethyl_Gly-meL-Nle-dP-Et_Gly,-5.87,1159,0.641,0.29829999999999934,0.7051000000000001,0.5884999999999998,-0.177,-0.31949999999999995,0,0,0,0,1,0
F-3-pyridylethyl_Gly-meL-Nle-dP-Mono1,-5.8,1439,0.641,0.29829999999999934,0.7051000000000001,0.5884999999999998,-0.177,0.5894999999999995,0,0,0,0,1,0
F-3-pyridylethyl_Gly-meL-Nle-dP-Mono34,-5.51,1279,0.641,0.29829999999999934,0.7051000000000001,0.5884999999999998,-0.177,0.4757,0,0,0,0,1,0
F-3-pyridylethyl_Gly-meL-Nle-dP-Mono42,-6.65,1319,0.641,0.29829999999999934,0.7051000000000001,0.5884999999999998,-0.177,-1.0071999999999994,0,0,0,0,1,0
F-3-pyridylethyl_Gly-meL-Nle-dP-Mono43,-6.4,1399,0.641,0.29829999999999934,0.7051000000000001,0.5884999999999998,-0.177,1.6834999999999998,0,0,0,0,1,0
F-3-pyridylethyl_Gly-meL-Nle-dP-Mono44,-5.57,1479,0.641,0.29829999999999934,0.7051000000000001,0.5884999999999998,-0.177,1.0473000000000001,0,0,0,0,1,0
F-3-pyridylethyl_Gly-meL-Nle-dP-Mono45,-5.69,1519,0.641,0.29829999999999934,0.7051000000000001,0.5884999999999998,-0.177,1.1055999999999997,0,0,0,0,1,0
F-3-pyridylethyl_Gly-meL-Nle-dP-Pr_Gly,-5.58,1199,0.641,0.29829999999999934,0.7051000000000001,0.5884999999999998,-0.177,0.0706,0,0,0,0,1,0
F-3-pyridylethyl_Gly-meL-Nle-dP-iBu_Gly,-5.35,1239,0.641,0.29829999999999934,0.7051000000000001,0.5884999999999998,-0.177,0.3166,0,0,0,0,1,0
F-Bn_Gly-meL-Nle-dP-Bn(4-Cl)_Gly,-8.11,1355,0.641,0.8607999999999996,0.7051000000000001,0.5884999999999998,-0.177,1.5141999999999995,0,0,0,0,1,0
F-Bn_Gly-meL-Nle-dP-Et_Gly,-5.16,1155,0.641,0.8607999999999996,0.7051000000000001,0.5884999999999998,-0.177,-0.31949999999999995,0,0,0,0,1,0
F-Bn_Gly-meL-Nle-dP-Mono1,-7.51,1435,0.641,0.8607999999999996,0.7051000000000001,0.5884999999999998,-0.177,0.5894999999999995,0,0,0,0,1,0
F-Bn_Gly-meL-Nle-dP-Mono34,-5.52,1275,0.641,0.8607999999999996,0.7051000000000001,0.5884999999999998,-0.177,0.4757,0,0,0,0,1,0
F-Bn_Gly-meL-Nle-dP-Mono42,-5.42,1315,0.641,0.8607999999999996,0.7051000000000001,0.5884999999999998,-0.177,-1.0071999999999994,0,0,0,0,1,0
F-Bn_Gly-meL-Nle-dP-Mono43,-8.45,1395,0.641,0.8607999999999996,0.7051000000000001,0.5884999999999998,-0.177,1.6834999999999998,0,0,0,0,1,0
F-Bn_Gly-meL-Nle-dP-Mono44,-6.97,1475,0.641,0.8607999999999996,0.7051000000000001,0.5884999999999998,-0.177,1.0473000000000001,0,0,0,0,1,0
F-Bn_Gly-meL-Nle-dP-Mono45,-6.46,1515,0.641,0.8607999999999996,0.7051000000000001,0.5884999999999998,-0.177,1.1055999999999997,0,0,0,0,1,0
F-Bn_Gly-meL-Nle-dP-Pr_Gly,-5.63,1195,0.641,0.8607999999999996,0.7051000000000001,0.5884999999999998,-0.177,0.0706,0,0,0,0,1,0
F-Bn_Gly-meL-Nle-dP-iBu_Gly,-6.06,1235,0.641,0.8607999999999996,0.7051000000000001,0.5884999999999998,-0.177,0.3166,0,0,0,0,1,0
F-MeOEt_Gly-meL-Nle-dP-Bn(4-Cl)_Gly,-5.94,1347,0.641,-0.6929999999999994,0.7051000000000001,0.5884999999999998,-0.177,1.5141999999999995,0,0,0,0,1,0
F-MeOEt_Gly-meL-Nle-dP-Et_Gly,-5.4,1147,0.641,-0.6929999999999994,0.7051000000000001,0.5884999999999998,-0.177,-0.31949999999999995,0,0,0,0,1,0
F-MeOEt_Gly-meL-Nle-dP-Mono1,-5.36,1427,0.641,-0.6929999999999994,0.7051000000000001,0.5884999999999998,-0.177,0.5894999999999995,0,0,0,0,1,0
F-MeOEt_Gly-meL-Nle-dP-Mono34,-5.08,1267,0.641,-0.6929999999999994,0.7051000000000001,0.5884999999999998,-0.177,0.4757,0,0,0,0,1,0
F-MeOEt_Gly-meL-Nle-dP-Mono42,-6.38,1307,0.641,-0.6929999999999994,0.7051000000000001,0.5884999999999998,-0.177,-1.0071999999999994,0,0,0,0,1,0
F-MeOEt_Gly-meL-Nle-dP-Mono43,-6.3,1387,0.641,-0.6929999999999994,0.7051000000000001,0.5884999999999998,-0.177,1.6834999999999998,0,0,0,0,1,0
F-MeOEt_Gly-meL-Nle-dP-Mono44,-5.38,1467,0.641,-0.6929999999999994,0.7051000000000001,0.5884999999999998,-0.177,1.0473000000000001,0,0,0,0,1,0
F-MeOEt_Gly-meL-Nle-dP-Mono45,-5.26,1507,0.641,-0.6929999999999994,0.7051000000000001,0.5884999999999998,-0.177,1.1055999999999997,0,0,0,0,1,0
F-MeOEt_Gly-meL-Nle-dP-Pr_Gly,-5.12,1187,0.641,-0.6929999999999994,0.7051000000000001,0.5884999999999998,-0.177,0.0706,0,0,0,0,1,0
F-MeOEt_Gly-meL-Nle-dP-iBu_Gly,-5.06,1227,0.641,-0.6929999999999994,0.7051000000000001,0.5884999999999998,-0.177,0.3166,0,0,0,0,1,0
F-Mono38-L-Nle-P-Et_Gly,-6.37,1560,0.641,0.08719999999999994,0.44439999999999996,0.5884999999999998,-0.177,-0.31949999999999995,0,0,0,0,0,0
F-Mono38-L-Nle-P-Mono1,-5.34,1569,0.641,0.08719999999999994,0.44439999999999996,0.5884999999999998,-0.177,0.5894999999999995,0,0,0,0,0,0
F-Mono38-L-Nle-P-Mono34,-6.04,1566,0.641,0.08719999999999994,0.44439999999999996,0.5884999999999998,-0.177,0.4757,0,0,0,0,0,0
F-Mono38-L-Nle-dP-Et_Gly,-5.95,1596,0.641,0.08719999999999994,0.44439999999999996,0.5884999999999998,-0.177,-0.31949999999999995,0,0,0,0,1,0
F-Mono38-L-Nle-dP-Mono1,-5.1,1605,0.641,0.08719999999999994,0.44439999999999996,0.5884999999999998,-0.177,0.5894999999999995,0,0,0,0,1,0
F-Mono38-L-Nle-dP-Mono34,-5.44,1602,0.641,0.08719999999999994,0.44439999999999996,0.5884999999999998,-0.177,0.4757,0,0,0,0,1,0
F-Mono38-Me_dL-Nle-P-Et_Gly,-5.46,1686,0.641,0.08719999999999994,0.7051000000000001,0.5884999999999998,-0.177,-0.31949999999999995,0,0,0,0,0,0
F-Mono38-Me_dL-Nle-P-Mono1,-5.0,1695,0.641,0.08719999999999994,0.7051000000000001,0.5884999999999998,-0.177,0.5894999999999995,0,0,0,0,0,0
F-Mono38-Me_dL-Nle-P-Mono34,-5.08,1692,0.641,0.08719999999999994,0.7051000000000001,0.5884999999999998,-0.177,0.4757,0,0,0,0,0,0
F-Mono38-Me_dL-Nle-dP-Et_Gly,-5.17,1722,0.641,0.08719999999999994,0.7051000000000001,0.5884999999999998,-0.177,-0.31949999999999995,0,0,0,0,1,0
F-Mono38-Me_dL-Nle-dP-Mono1,-5.48,1731,0.641,0.08719999999999994,0.7051000000000001,0.5884999999999998,-0.177,0.5894999999999995,0,0,0,0,1,0
F-Mono38-Me_dL-Nle-dP-Mono34,-5.03,1728,0.641,0.08719999999999994,0.7051000000000001,0.5884999999999998,-0.177,0.4757,0,0,0,0,1,0
F-Mono38-dL-Nle-P-Et_Gly,-6.04,1704,0.641,0.08719999999999994,0.44439999999999996,0.5884999999999998,-0.177,-0.31949999999999995,0,0,1,0,0,0
F-Mono38-dL-Nle-P-Mono1,-5.15,1713,0.641,0.08719999999999994,0.44439999999999996,0.5884999999999998,-0.177,0.5894999999999995,0,0,1,0,0,0
F-Mono38-dL-Nle-P-Mono34,-5.56,1710,0.641,0.08719999999999994,0.44439999999999996,0.5884999999999998,-0.177,0.4757,0,0,1,0,0,0
F-Mono38-dL-Nle-dP-Et_Gly,-5.89,1740,0.641,0.08719999999999994,0.44439999999999996,0.5884999999999998,-0.177,-0.31949999999999995,0,0,1,0,1,0
F-Mono38-dL-Nle-dP-Mono1,-5.06,1749,0.641,0.08719999999999994,0.44439999999999996,0.5884999999999998,-0.177,0.5894999999999995,0,0,1,0,1,0
F-Mono38-dL-Nle-dP-Mono34,-5.34,1746,0.641,0.08719999999999994,0.44439999999999996,0.5884999999999998,-0.177,0.4757,0,0,1,0,1,0
F-Mono38-meL-Nle-P-Et_Gly,-5.47,1542,0.641,0.08719999999999994,0.7051000000000001,0.5884999999999998,-0.177,-0.31949999999999995,0,0,0,0,0,0
F-Mono38-meL-Nle-P-Mono1,-5.03,1551,0.641,0.08719999999999994,0.7051000000000001,0.5884999999999998,-0.177,0.5894999999999995,0,0,0,0,0,0
F-Mono38-meL-Nle-P-Mono34,-5.07,1548,0.641,0.08719999999999994,0.7051000000000001,0.5884999999999998,-0.177,0.4757,0,0,0,0,0,0
F-Mono38-meL-Nle-dP-Bn(4-Cl)_Gly,-6.0,1358,0.641,0.08719999999999994,0.7051000000000001,0.5884999999999998,-0.177,1.5141999999999995,0,0,0,0,1,0
F-Mono38-meL-Nle-dP-Et_Gly,-5.34,1158,0.641,0.08719999999999994,0.7051000000000001,0.5884999999999998,-0.177,-0.31949999999999995,0,0,0,0,1,0
F-Mono38-meL-Nle-dP-Mono1,-5.325,1438,0.641,0.08719999999999994,0.7051000000000001,0.5884999999999998,-0.177,0.5894999999999995,0,0,0,0,1,0
F-Mono38-meL-Nle-dP-Mono34,-5.055,1278,0.641,0.08719999999999994,0.7051000000000001,0.5884999999999998,-0.177,0.4757,0,0,0,0,1,0
F-Mono38-meL-Nle-dP-Mono42,-6.45,1318,0.641,0.08719999999999994,0.7051000000000001,0.5884999999999998,-0.177,-1.0071999999999994,0,0,0,0,1,0
F-Mono38-meL-Nle-dP-Mono43,-5.83,1398,0.641,0.08719999999999994,0.7051000000000001,0.5884999999999998,-0.177,1.6834999999999998,0,0,0,0,1,0
F-Mono38-meL-Nle-dP-Mono44,-5.45,1478,0.641,0.08719999999999994,0.7051000000000001,0.5884999999999998,-0.177,1.0473000000000001,0,0,0,0,1,0
F-Mono38-meL-Nle-dP-Mono45,-5.4,1518,0.641,0.08719999999999994,0.7051000000000001,0.5884999999999998,-0.177,1.1055999999999997,0,0,0,0,1,0
F-Mono38-meL-Nle-dP-Pr_Gly,-5.19,1198,0.641,0.08719999999999994,0.7051000000000001,0.5884999999999998,-0.177,0.0706,0,0,0,0,1,0
F-Mono38-meL-Nle-dP-iBu_Gly,-5.07,1238,0.641,0.08719999999999994,0.7051000000000001,0.5884999999999998,-0.177,0.3166,0,0,0,0,1,0
F-Mono39-meL-Nle-dP-Bn(4-Cl)_Gly,-8.36,1362,0.641,0.7395999999999998,0.7051000000000001,0.5884999999999998,-0.177,1.5141999999999995,0,0,0,0,1,0
F-Mono39-meL-Nle-dP-Et_Gly,-5.47,1162,0.641,0.7395999999999998,0.7051000000000001,0.5884999999999998,-0.177,-0.31949999999999995,0,0,0,0,1,0
F-Mono39-meL-Nle-dP-Mono1,-7.76,1442,0.641,0.7395999999999998,0.7051000000000001,0.5884999999999998,-0.177,0.5894999999999995,0,0,0,0,1,0
F-Mono39-meL-Nle-dP-Mono34,-5.75,1282,0.641,0.7395999999999998,0.7051000000000001,0.5884999999999998,-0.177,0.4757,0,0,0,0,1,0
F-Mono39-meL-Nle-dP-Mono42,-5.76,1322,0.641,0.7395999999999998,0.7051000000000001,0.5884999999999998,-0.177,-1.0071999999999994,0,0,0,0,1,0
F-Mono39-meL-Nle-dP-Mono43,-8.56,1402,0.641,0.7395999999999998,0.7051000000000001,0.5884999999999998,-0.177,1.6834999999999998,0,0,0,0,1,0
F-Mono39-meL-Nle-dP-Mono44,-7.14,1482,0.641,0.7395999999999998,0.7051000000000001,0.5884999999999998,-0.177,1.0473000000000001,0,0,0,0,1,0
F-Mono39-meL-Nle-dP-Mono45,-6.79,1522,0.641,0.7395999999999998,0.7051000000000001,0.5884999999999998,-0.177,1.1055999999999997,0,0,0,0,1,0
F-Mono39-meL-Nle-dP-Pr_Gly,-6.05,1202,0.641,0.7395999999999998,0.7051000000000001,0.5884999999999998,-0.177,0.0706,0,0,0,0,1,0
F-Mono39-meL-Nle-dP-iBu_Gly,-6.33,1242,0.641,0.7395999999999998,0.7051000000000001,0.5884999999999998,-0.177,0.3166,0,0,0,0,1,0
F-Mono40-meL-Nle-dP-Bn(4-Cl)_Gly,-6.11,1364,0.641,0.02690000000000009,0.7051000000000001,0.5884999999999998,-0.177,1.5141999999999995,0,0,0,0,1,0
F-Mono40-meL-Nle-dP-Et_Gly,-5.7,1164,0.641,0.02690000000000009,0.7051000000000001,0.5884999999999998,-0.177,-0.31949999999999995,0,0,0,0,1,0
F-Mono40-meL-Nle-dP-Mono1,-5.73,1444,0.641,0.02690000000000009,0.7051000000000001,0.5884999999999998,-0.177,0.5894999999999995,0,0,0,0,1,0
F-Mono40-meL-Nle-dP-Mono34,-5.33,1284,0.641,0.02690000000000009,0.7051000000000001,0.5884999999999998,-0.177,0.4757,0,0,0,0,1,0
F-Mono40-meL-Nle-dP-Mono42,-6.63,1324,0.641,0.02690000000000009,0.7051000000000001,0.5884999999999998,-0.177,-1.0071999999999994,0,0,0,0,1,0
F-Mono40-meL-Nle-dP-Mono43,-6.32,1404,0.641,0.02690000000000009,0.7051000000000001,0.5884999999999998,-0.177,1.6834999999999998,0,0,0,0,1,0
F-Mono40-meL-Nle-dP-Mono44,-5.64,1484,0.641,0.02690000000000009,0.7051000000000001,0.5884999999999998,-0.177,1.0473000000000001,0,0,0,0,1,0
F-Mono40-meL-Nle-dP-Mono45,-5.68,1524,0.641,0.02690000000000009,0.7051000000000001,0.5884999999999998,-0.177,1.1055999999999997,0,0,0,0,1,0
F-Mono40-meL-Nle-dP-Pr_Gly,-5.43,1204,0.641,0.02690000000000009,0.7051000000000001,0.5884999999999998,-0.177,0.0706,0,0,0,0,1,0
F-Mono40-meL-Nle-dP-iBu_Gly,-5.22,1244,0.641,0.02690000000000009,0.7051000000000001,0.5884999999999998,-0.177,0.3166,0,0,0,0,1,0
F-Mono41-meL-Nle-dP-Bn(4-Cl)_Gly,-5.78,1365,0.641,-0.3269000000000002,0.7051000000000001,0.5884999999999998,-0.177,1.5141999999999995,0,0,0,0,1,0
F-Mono41-meL-Nle-dP-Et_Gly,-6.6,1165,0.641,-0.3269000000000002,0.7051000000000001,0.5884999999999998,-0.177,-0.31949999999999995,0,0,0,0,1,0
F-Mono41-meL-Nle-dP-Mono1,-5.86,1445,0.641,-0.3269000000000002,0.7051000000000001,0.5884999999999998,-0.177,0.5894999999999995,0,0,0,0,1,0
F-Mono41-meL-Nle-dP-Mono34,-6.23,1285,0.641,-0.3269000000000002,0.7051000000000001,0.5884999999999998,-0.177,0.4757,0,0,0,0,1,0
F-Mono41-meL-Nle-dP-Mono42,-7.35,1325,0.641,-0.3269000000000002,0.7051000000000001,0.5884999999999998,-0.177,-1.0071999999999994,0,0,0,0,1,0
F-Mono41-meL-Nle-dP-Mono43,-6.12,1405,0.641,-0.3269000000000002,0.7051000000000001,0.5884999999999998,-0.177,1.6834999999999998,0,0,0,0,1,0
F-Mono41-meL-Nle-dP-Mono44,-5.71,1485,0.641,-0.3269000000000002,0.7051000000000001,0.5884999999999998,-0.177,1.0473000000000001,0,0,0,0,1,0
F-Mono41-meL-Nle-dP-Mono45,-6.01,1525,0.641,-0.3269000000000002,0.7051000000000001,0.5884999999999998,-0.177,1.1055999999999997,0,0,0,0,1,0
F-Mono41-meL-Nle-dP-Pr_Gly,-6.24,1205,0.641,-0.3269000000000002,0.7051000000000001,0.5884999999999998,-0.177,0.0706,0,0,0,0,1,0
F-Mono41-meL-Nle-dP-iBu_Gly,-6.03,1245,0.641,-0.3269000000000002,0.7051000000000001,0.5884999999999998,-0.177,0.3166,0,0,0,0,1,0
F-Nle-Me_Nle-Nle-Me_Nle-Mono100,-4.3,5644,0.641,0.5884999999999998,0.8492,0.5884999999999998,0.8492,-1.1224999999999996,0,0,0,0,0,0
F-Nle-Nle-Nle-Nle-Mono100,-5.9,5642,0.641,0.5884999999999998,0.5884999999999998,0.5884999999999998,0.5884999999999998,-1.1224999999999996,0,0,0,0,0,0
F-Nle-Nle-Nle-P-Mono100,-6.7,5651,0.641,0.5884999999999998,0.5884999999999998,0.5884999999999998,-0.177,-1.1224999999999996,0,0,0,0,0,0
F-Nle-Nle-P-Nle-Mono100,-5.9,5655,0.641,0.5884999999999998,0.5884999999999998,-0.177,0.5884999999999998,-1.1224999999999996,0,0,0,0,0,0
F-Nle-P-Nle-Nle-Mono100,-5.8,5659,0.641,0.5884999999999998,-0.177,0.5884999999999998,0.5884999999999998,-1.1224999999999996,0,0,0,0,0,0
F-PhPr_Gly-meL-Nle-dP-Bn(4-Cl)_Gly,-8.47,1361,0.641,1.2933999999999999,0.7051000000000001,0.5884999999999998,-0.177,1.5141999999999995,0,0,0,0,1,0
F-PhPr_Gly-meL-Nle-dP-Et_Gly,-5.38,1161,0.641,1.2933999999999999,0.7051000000000001,0.5884999999999998,-0.177,-0.31949999999999995,0,0,0,0,1,0
F-PhPr_Gly-meL-Nle-dP-Mono1,-8.01,1441,0.641,1.2933999999999999,0.7051000000000001,0.5884999999999998,-0.177,0.5894999999999995,0,0,0,0,1,0
F-PhPr_Gly-meL-Nle-dP-Mono34,-5.86,1281,0.641,1.2933999999999999,0.7051000000000001,0.5884999999999998,-0.177,0.4757,0,0,0,0,1,0
F-PhPr_Gly-meL-Nle-dP-Mono42,-5.49,1321,0.641,1.2933999999999999,0.7051000000000001,0.5884999999999998,-0.177,-1.0071999999999994,0,0,0,0,1,0
F-PhPr_Gly-meL-Nle-dP-Mono43,-8.51,1401,0.641,1.2933999999999999,0.7051000000000001,0.5884999999999998,-0.177,1.6834999999999998,0,0,0,0,1,0
F-PhPr_Gly-meL-Nle-dP-Mono44,-7.34,1481,0.641,1.2933999999999999,0.7051000000000001,0.5884999999999998,-0.177,1.0473000000000001,0,0,0,0,1,0
F-PhPr_Gly-meL-Nle-dP-Pr_Gly,-6.04,1201,0.641,1.2933999999999999,0.7051000000000001,0.5884999999999998,-0.177,0.0706,0,0,0,0,1,0
F-PhPr_Gly-meL-Nle-dP-iBu_Gly,-6.57,1241,0.641,1.2933999999999999,0.7051000000000001,0.5884999999999998,-0.177,0.3166,0,0,0,0,1,0
F-cHexCH2_Gly-L-Nle-P-Et_Gly,-5.0,1559,0.641,1.2408999999999997,0.44439999999999996,0.5884999999999998,-0.177,-0.31949999999999995,0,0,0,0,0,0
F-cHexCH2_Gly-L-Nle-P-Mono1,-5.41,1568,0.641,1.2408999999999997,0.44439999999999996,0.5884999999999998,-0.177,0.5894999999999995,0,0,0,0,0,0
F-cHexCH2_Gly-L-Nle-P-Mono34,-4.87,1565,0.641,1.2408999999999997,0.44439999999999996,0.5884999999999998,-0.177,0.4757,0,0,0,0,0,0
F-cHexCH2_Gly-L-Nle-dP-Et_Gly,-4.96,1595,0.641,1.2408999999999997,0.44439999999999996,0.5884999999999998,-0.177,-0.31949999999999995,0,0,0,0,1,0
F-cHexCH2_Gly-L-Nle-dP-Mono1,-5.71,1604,0.641,1.2408999999999997,0.44439999999999996,0.5884999999999998,-0.177,0.5894999999999995,0,0,0,0,1,0
F-cHexCH2_Gly-L-Nle-dP-Mono34,-5.03,1601,0.641,1.2408999999999997,0.44439999999999996,0.5884999999999998,-0.177,0.4757,0,0,0,0,1,0
F-cHexCH2_Gly-Me_dL-Nle-P-Et_Gly,-5.01,1685,0.641,1.2408999999999997,0.7051000000000001,0.5884999999999998,-0.177,-0.31949999999999995,0,0,0,0,0,0
F-cHexCH2_Gly-Me_dL-Nle-P-Mono1,-6.37,1694,0.641,1.2408999999999997,0.7051000000000001,0.5884999999999998,-0.177,0.5894999999999995,0,0,0,0,0,0
F-cHexCH2_Gly-Me_dL-Nle-P-Mono34,-5.35,1691,0.641,1.2408999999999997,0.7051000000000001,0.5884999999999998,-0.177,0.4757,0,0,0,0,0,0
F-cHexCH2_Gly-Me_dL-Nle-dP-Et_Gly,-5.43,1721,0.641,1.2408999999999997,0.7051000000000001,0.5884999999999998,-0.177,-0.31949999999999995,0,0,0,0,1,0
F-cHexCH2_Gly-Me_dL-Nle-dP-Mono1,-7.17,1730,0.641,1.2408999999999997,0.7051000000000001,0.5884999999999998,-0.177,0.5894999999999995,0,0,0,0,1,0
F-cHexCH2_Gly-Me_dL-Nle-dP-Mono34,-5.77,1727,0.641,1.2408999999999997,0.7051000000000001,0.5884999999999998,-0.177,0.4757,0,0,0,0,1,0
F-cHexCH2_Gly-dL-Nle-P-Et_Gly,-4.96,1703,0.641,1.2408999999999997,0.44439999999999996,0.5884999999999998,-0.177,-0.31949999999999995,0,0,1,0,0,0
F-cHexCH2_Gly-dL-Nle-P-Mono1,-5.61,1712,0.641,1.2408999999999997,0.44439999999999996,0.5884999999999998,-0.177,0.5894999999999995,0,0,1,0,0,0
F-cHexCH2_Gly-dL-Nle-P-Mono34,-5.02,1709,0.641,1.2408999999999997,0.44439999999999996,0.5884999999999998,-0.177,0.4757,0,0,1,0,0,0
F-cHexCH2_Gly-dL-Nle-dP-Et_Gly,-4.76,1739,0.641,1.2408999999999997,0.44439999999999996,0.5884999999999998,-0.177,-0.31949999999999995,0,0,1,0,1,0
F-cHexCH2_Gly-dL-Nle-dP-Mono1,-5.89,1748,0.641,1.2408999999999997,0.44439999999999996,0.5884999999999998,-0.177,0.5894999999999995,0,0,1,0,1,0
F-cHexCH2_Gly-dL-Nle-dP-Mono34,-4.97,1745,0.641,1.2408999999999997,0.44439999999999996,0.5884999999999998,-0.177,0.4757,0,0,1,0,1,0
F-cHexCH2_Gly-meL-Nle-P-Et_Gly,-5.07,1541,0.641,1.2408999999999997,0.7051000000000001,0.5884999999999998,-0.177,-0.31949999999999995,0,0,0,0,0,0
F-cHexCH2_Gly-meL-Nle-P-Mono1,-6.65,1550,0.641,1.2408999999999997,0.7051000000000001,0.5884999999999998,-0.177,0.5894999999999995,0,0,0,0,0,0
F-cHexCH2_Gly-meL-Nle-P-Mono34,-5.39,1547,0.641,1.2408999999999997,0.7051000000000001,0.5884999999999998,-0.177,0.4757,0,0,0,0,0,0
F-cHexCH2_Gly-meL-Nle-dP-Bn(4-Cl)_Gly,-8.61,1357,0.641,1.2408999999999997,0.7051000000000001,0.5884999999999998,-0.177,1.5141999999999995,0,0,0,0,1,0
F-cHexCH2_Gly-meL-Nle-dP-Et_Gly,-5.455,1157,0.641,1.2408999999999997,0.7051000000000001,0.5884999999999998,-0.177,-0.31949999999999995,0,0,0,0,1,0
F-cHexCH2_Gly-meL-Nle-dP-Mono1,-7.425,1437,0.641,1.2408999999999997,0.7051000000000001,0.5884999999999998,-0.177,0.5894999999999995,0,0,0,0,1,0
F-cHexCH2_Gly-meL-Nle-dP-Mono34,-5.985,1277,0.641,1.2408999999999997,0.7051000000000001,0.5884999999999998,-0.177,0.4757,0,0,0,0,1,0
F-cHexCH2_Gly-meL-Nle-dP-Mono42,-5.32,1317,0.641,1.2408999999999997,0.7051000000000001,0.5884999999999998,-0.177,-1.0071999999999994,0,0,0,0,1,0
F-cHexCH2_Gly-meL-Nle-dP-Mono43,-8.53,1397,0.641,1.2408999999999997,0.7051000000000001,0.5884999999999998,-0.177,1.6834999999999998,0,0,0,0,1,0
F-cHexCH2_Gly-meL-Nle-dP-Mono44,-7.35,1477,0.641,1.2408999999999997,0.7051000000000001,0.5884999999999998,-0.177,1.0473000000000001,0,0,0,0,1,0
F-cHexCH2_Gly-meL-Nle-dP-Mono45,-6.95,1517,0.641,1.2408999999999997,0.7051000000000001,0.5884999999999998,-0.177,1.1055999999999997,0,0,0,0,1,0
F-cHexCH2_Gly-meL-Nle-dP-Pr_Gly,-6.23,1197,0.641,1.2408999999999997,0.7051000000000001,0.5884999999999998,-0.177,0.0706,0,0,0,0,1,0
F-cHexCH2_Gly-meL-Nle-dP-iBu_Gly,-6.82,1237,0.641,1.2408999999999997,0.7051000000000001,0.5884999999999998,-0.177,0.3166,0,0,0,0,1,0
F-pentyl_Gly-L-Nle-P-Et_Gly,-5.23,1556,0.641,0.8507999999999998,0.44439999999999996,0.5884999999999998,-0.177,-0.31949999999999995,0,0,0,0,0,0
F-pentyl_Gly-L-Nle-P-Mono1,-5.09,1567,0.641,0.8507999999999998,0.44439999999999996,0.5884999999999998,-0.177,0.5894999999999995,0,0,0,0,0,0
F-pentyl_Gly-L-Nle-P-Mono34,-4.92,1564,0.641,0.8507999999999998,0.44439999999999996,0.5884999999999998,-0.177,0.4757,0,0,0,0,0,0
F-pentyl_Gly-L-Nle-dP-Et_Gly,-5.13,1592,0.641,0.8507999999999998,0.44439999999999996,0.5884999999999998,-0.177,-0.31949999999999995,0,0,0,0,1,0
F-pentyl_Gly-L-Nle-dP-Mono1,-5.24,1603,0.641,0.8507999999999998,0.44439999999999996,0.5884999999999998,-0.177,0.5894999999999995,0,0,0,0,1,0
F-pentyl_Gly-L-Nle-dP-Mono34,-4.95,1600,0.641,0.8507999999999998,0.44439999999999996,0.5884999999999998,-0.177,0.4757,0,0,0,0,1,0
F-pentyl_Gly-Me_dL-Nle-P-Et_Gly,-4.85,1682,0.641,0.8507999999999998,0.7051000000000001,0.5884999999999998,-0.177,-0.31949999999999995,0,0,0,0,0,0
F-pentyl_Gly-Me_dL-Nle-P-Mono1,-5.81,1693,0.641,0.8507999999999998,0.7051000000000001,0.5884999999999998,-0.177,0.5894999999999995,0,0,0,0,0,0
F-pentyl_Gly-Me_dL-Nle-P-Mono34,-5.08,1690,0.641,0.8507999999999998,0.7051000000000001,0.5884999999999998,-0.177,0.4757,0,0,0,0,0,0
F-pentyl_Gly-Me_dL-Nle-dP-Et_Gly,-5.11,1718,0.641,0.8507999999999998,0.7051000000000001,0.5884999999999998,-0.177,-0.31949999999999995,0,0,0,0,1,0
F-pentyl_Gly-Me_dL-Nle-dP-Mono1,-8.26,1729,0.641,0.8507999999999998,0.7051000000000001,0.5884999999999998,-0.177,0.5894999999999995,0,0,0,0,1,0
F-pentyl_Gly-Me_dL-Nle-dP-Mono34,-5.58,1726,0.641,0.8507999999999998,0.7051000000000001,0.5884999999999998,-0.177,0.4757,0,0,0,0,1,0
F-pentyl_Gly-dL-Nle-P-Et_Gly,-5.05,1700,0.641,0.8507999999999998,0.44439999999999996,0.5884999999999998,-0.177,-0.31949999999999995,0,0,1,0,0,0
F-pentyl_Gly-dL-Nle-P-Mono1,-5.26,1711,0.641,0.8507999999999998,0.44439999999999996,0.5884999999999998,-0.177,0.5894999999999995,0,0,1,0,0,0
F-pentyl_Gly-dL-Nle-P-Mono34,-4.94,1708,0.641,0.8507999999999998,0.44439999999999996,0.5884999999999998,-0.177,0.4757,0,0,1,0,0,0
F-pentyl_Gly-dL-Nle-dP-Et_Gly,-4.81,1736,0.641,0.8507999999999998,0.44439999999999996,0.5884999999999998,-0.177,-0.31949999999999995,0,0,1,0,1,0
F-pentyl_Gly-dL-Nle-dP-Mono1,-5.23,1747,0.641,0.8507999999999998,0.44439999999999996,0.5884999999999998,-0.177,0.5894999999999995,0,0,1,0,1,0
F-pentyl_Gly-dL-Nle-dP-Mono34,-4.81,1744,0.641,0.8507999999999998,0.44439999999999996,0.5884999999999998,-0.177,0.4757,0,0,1,0,1,0
F-pentyl_Gly-meL-Nle-P-Et_Gly,-4.89,1538,0.641,0.8507999999999998,0.7051000000000001,0.5884999999999998,-0.177,-0.31949999999999995,0,0,0,0,0,0
F-pentyl_Gly-meL-Nle-P-Mono1,-6.06,1549,0.641,0.8507999999999998,0.7051000000000001,0.5884999999999998,-0.177,0.5894999999999995,0,0,0,0,0,0
F-pentyl_Gly-meL-Nle-P-Mono34,-5.08,1546,0.641,0.8507999999999998,0.7051000000000001,0.5884999999999998,-0.177,0.4757,0,0,0,0,0,0
F-pentyl_Gly-meL-Nle-dP-Bn(4-Cl)_Gly,-8.04,1350,0.641,0.8507999999999998,0.7051000000000001,0.5884999999999998,-0.177,1.5141999999999995,0,0,0,0,1,0
F-pentyl_Gly-meL-Nle-dP-Et_Gly,-5.07,1150,0.641,0.8507999999999998,0.7051000000000001,0.5884999999999998,-0.177,-0.31949999999999995,0,0,0,0,1,0
F-pentyl_Gly-meL-Nle-dP-Mono1,-7.04,1430,0.641,0.8507999999999998,0.7051000000000001,0.5884999999999998,-0.177,0.5894999999999995,0,0,0,0,1,0
F-pentyl_Gly-meL-Nle-dP-Mono34,-5.475,1270,0.641,0.8507999999999998,0.7051000000000001,0.5884999999999998,-0.177,0.4757,0,0,0,0,1,0
F-pentyl_Gly-meL-Nle-dP-Mono42,-5.28,1310,0.641,0.8507999999999998,0.7051000000000001,0.5884999999999998,-0.177,-1.0071999999999994,0,0,0,0,1,0
F-pentyl_Gly-meL-Nle-dP-Mono43,-8.51,1390,0.641,0.8507999999999998,0.7051000000000001,0.5884999999999998,-0.177,1.6834999999999998,0,0,0,0,1,0
F-pentyl_Gly-meL-Nle-dP-Mono44,-6.99,1470,0.641,0.8507999999999998,0.7051000000000001,0.5884999999999998,-0.177,1.0473000000000001,0,0,0,0,1,0
F-pentyl_Gly-meL-Nle-dP-Mono45,-6.9,1510,0.641,0.8507999999999998,0.7051000000000001,0.5884999999999998,-0.177,1.1055999999999997,0,0,0,0,1,0
F-pentyl_Gly-meL-Nle-dP-Pr_Gly,-5.56,1190,0.641,0.8507999999999998,0.7051000000000001,0.5884999999999998,-0.177,0.0706,0,0,0,0,1,0
F-pentyl_Gly-meL-Nle-dP-iBu_Gly,-5.97,1230,0.641,0.8507999999999998,0.7051000000000001,0.5884999999999998,-0.177,0.3166,0,0,0,0,1,0
G-T-F-L-Y-A,-7.7,1100,-0.9702999999999999,-1.2208999999999997,0.641,0.44439999999999996,0.3466,-0.5817999999999999,0,0,0,0,0,0
G-T-F-L-Y-T,-7.7,1102,-0.9702999999999999,-1.2208999999999997,0.641,0.44439999999999996,0.3466,-1.2208999999999997,0,0,0,0,0,0
G-T-F-L-Y-V,-7.4,1098,-0.9702999999999999,-1.2208999999999997,0.641,0.44439999999999996,0.3466,0.05430000000000007,0,0,0,0,0,0
G-V-G-F-Y-I,-8.0,1099,-0.9702999999999999,0.05430000000000007,-0.9702999999999999,0.641,0.3466,0.44439999999999996,0,0,0,0,0,0
Hph-3Pal-dP-PhPr_Gly-Nva(Ph)-dF,-5.74,1850,1.0311,0.0360000000000002,-0.177,1.2933999999999999,1.4212,0.641,0,0,1,0,0,1
I-dL-I-I-dP-Ala(indol-2-yl),-6.39,1072,0.44439999999999996,0.44439999999999996,0.44439999999999996,0.44439999999999996,-0.177,1.1223,0,1,0,0,1,0
L-3-pyridylethyl_Gly-meL-Nle-dP-Bn(4-Cl)_Gly,-5.36,1351,0.44439999999999996,0.29829999999999934,0.7051000000000001,0.5884999999999998,-0.177,1.5141999999999995,0,0,0,0,1,0
L-3-pyridylethyl_Gly-meL-Nle-dP-Et_Gly,-6.14,1151,0.44439999999999996,0.29829999999999934,0.7051000000000001,0.5884999999999998,-0.177,-0.31949999999999995,0,0,0,0,1,0
L-3-pyridylethyl_Gly-meL-Nle-dP-Mono1,-5.3,1431,0.44439999999999996,0.29829999999999934,0.7051000000000001,0.5884999999999998,-0.177,0.5894999999999995,0,0,0,0,1,0
L-3-pyridylethyl_Gly-meL-Nle-dP-Mono34,-5.48,1271,0.44439999999999996,0.29829999999999934,0.7051000000000001,0.5884999999999998,-0.177,0.4757,0,0,0,0,1,0
L-3-pyridylethyl_Gly-meL-Nle-dP-Mono42,-6.58,1311,0.44439999999999996,0.29829999999999934,0.7051000000000001,0.5884999999999998,-0.177,-1.0071999999999994,0,0,0,0,1,0
L-3-pyridylethyl_Gly-meL-Nle-dP-Mono43,-5.68,1391,0.44439999999999996,0.29829999999999934,0.7051000000000001,0.5884999999999998,-0.177,1.6834999999999998,0,0,0,0,1,0
L-3-pyridylethyl_Gly-meL-Nle-dP-Mono44,-5.16,1471,0.44439999999999996,0.29829999999999934,0.7051000000000001,0.5884999999999998,-0.177,1.0473000000000001,0,0,0,0,1,0
L-3-pyridylethyl_Gly-meL-Nle-dP-Mono45,-5.59,1511,0.44439999999999996,0.29829999999999934,0.7051000000000001,0.5884999999999998,-0.177,1.1055999999999997,0,0,0,0,1,0
L-3-pyridylethyl_Gly-meL-Nle-dP-Pr_Gly,-5.62,1191,0.44439999999999996,0.29829999999999934,0.7051000000000001,0.5884999999999998,-0.177,0.0706,0,0,0,0,1,0
L-3-pyridylethyl_Gly-meL-Nle-dP-iBu_Gly,-5.29,1231,0.44439999999999996,0.29829999999999934,0.7051000000000001,0.5884999999999998,-0.177,0.3166,0,0,0,0,1,0
L-Bn_Gly-meL-Nle-dP-Bn(4-Cl)_Gly,-6.63,1346,0.44439999999999996,0.8607999999999996,0.7051000000000001,0.5884999999999998,-0.177,1.5141999999999995,0,0,0,0,1,0
L-Bn_Gly-meL-Nle-dP-Et_Gly,-4.99,1146,0.44439999999999996,0.8607999999999996,0.7051000000000001,0.5884999999999998,-0.177,-0.31949999999999995,0,0,0,0,1,0
L-Bn_Gly-meL-Nle-dP-Mono1,-6.67,1426,0.44439999999999996,0.8607999999999996,0.7051000000000001,0.5884999999999998,-0.177,0.5894999999999995,0,0,0,0,1,0
L-Bn_Gly-meL-Nle-dP-Mono34,-5.17,1266,0.44439999999999996,0.8607999999999996,0.7051000000000001,0.5884999999999998,-0.177,0.4757,0,0,0,0,1,0
L-Bn_Gly-meL-Nle-dP-Mono42,-5.4,1306,0.44439999999999996,0.8607999999999996,0.7051000000000001,0.5884999999999998,-0.177,-1.0071999999999994,0,0,0,0,1,0
L-Bn_Gly-meL-Nle-dP-Mono43,-7.53,1386,0.44439999999999996,0.8607999999999996,0.7051000000000001,0.5884999999999998,-0.177,1.6834999999999998,0,0,0,0,1,0
L-Bn_Gly-meL-Nle-dP-Mono44,-6.49,1466,0.44439999999999996,0.8607999999999996,0.7051000000000001,0.5884999999999998,-0.177,1.0473000000000001,0,0,0,0,1,0
L-Bn_Gly-meL-Nle-dP-Mono45,-5.66,1506,0.44439999999999996,0.8607999999999996,0.7051000000000001,0.5884999999999998,-0.177,1.1055999999999997,0,0,0,0,1,0
L-Bn_Gly-meL-Nle-dP-Pr_Gly,-5.2,1186,0.44439999999999996,0.8607999999999996,0.7051000000000001,0.5884999999999998,-0.177,0.0706,0,0,0,0,1,0
L-Bn_Gly-meL-Nle-dP-iBu_Gly,-5.44,1226,0.44439999999999996,0.8607999999999996,0.7051000000000001,0.5884999999999998,-0.177,0.3166,0,0,0,0,1,0
L-F-P-L-L-I,-4.4,1842,0.44439999999999996,0.641,-0.177,0.44439999999999996,0.44439999999999996,0.44439999999999996,0,0,0,0,0,0
L-F-dP-L-L-I,-4.82,1846,0.44439999999999996,0.641,-0.177,0.44439999999999996,0.44439999999999996,0.44439999999999996,0,0,1,0,0,0
L-L-L-L-dP-Y,-7.3,6,0.44439999999999996,0.44439999999999996,0.44439999999999996,0.44439999999999996,-0.177,0.3466,0,0,0,0,1,0
L-L-L-dL-P-Y,-7.1,4,0.44439999999999996,0.44439999999999996,0.44439999999999996,0.44439999999999996,-0.177,0.3466,0,0,0,1,0,0
L-L-dL-dL-P-Y,-7.3,8,0.44439999999999996,0.44439999999999996,0.44439999999999996,0.44439999999999996,-0.177,0.3466,0,0,1,1,0,0
L-L-dL-dP-P-Ala(indol-2-yl),-6.72,1068,0.44439999999999996,0.44439999999999996,0.44439999999999996,-0.177,-0.177,1.1223,0,0,1,1,0,0
L-L-dL-dP-P-Y,-7.05,1046,0.44439999999999996,0.44439999999999996,0.44439999999999996,-0.177,-0.177,0.3466,0,0,1,1,0,0
L-MeOEt_Gly-meL-Nle-dP-Bn(4-Cl)_Gly,-5.34,1339,0.44439999999999996,-0.6929999999999994,0.7051000000000001,0.5884999999999998,-0.177,1.5141999999999995,0,0,0,0,1,0
L-MeOEt_Gly-meL-Nle-dP-Et_Gly,-5.55,1139,0.44439999999999996,-0.6929999999999994,0.7051000000000001,0.5884999999999998,-0.177,-0.31949999999999995,0,0,0,0,1,0
L-MeOEt_Gly-meL-Nle-dP-Mono1,-5.04,1419,0.44439999999999996,-0.6929999999999994,0.7051000000000001,0.5884999999999998,-0.177,0.5894999999999995,0,0,0,0,1,0
L-MeOEt_Gly-meL-Nle-dP-Mono34,-5.05,1259,0.44439999999999996,-0.6929999999999994,0.7051000000000001,0.5884999999999998,-0.177,0.4757,0,0,0,0,1,0
L-MeOEt_Gly-meL-Nle-dP-Mono42,-6.64,1299,0.44439999999999996,-0.6929999999999994,0.7051000000000001,0.5884999999999998,-0.177,-1.0071999999999994,0,0,0,0,1,0
L-MeOEt_Gly-meL-Nle-dP-Mono43,-5.75,1379,0.44439999999999996,-0.6929999999999994,0.7051000000000001,0.5884999999999998,-0.177,1.6834999999999998,0,0,0,0,1,0
L-MeOEt_Gly-meL-Nle-dP-Mono44,-5.11,1459,0.44439999999999996,-0.6929999999999994,0.7051000000000001,0.5884999999999998,-0.177,1.0473000000000001,0,0,0,0,1,0
L-MeOEt_Gly-meL-Nle-dP-Mono45,-5.23,1499,0.44439999999999996,-0.6929999999999994,0.7051000000000001,0.5884999999999998,-0.177,1.1055999999999997,0,0,0,0,1,0
L-MeOEt_Gly-meL-Nle-dP-Pr_Gly,-5.16,1179,0.44439999999999996,-0.6929999999999994,0.7051000000000001,0.5884999999999998,-0.177,0.0706,0,0,0,0,1,0
L-MeOEt_Gly-meL-Nle-dP-iBu_Gly,-5.01,1219,0.44439999999999996,-0.6929999999999994,0.7051000000000001,0.5884999999999998,-0.177,0.3166,0,0,0,0,1,0
L-Me_dA-Me_Abu-L-dP-meF,-4.62,2308,0.44439999999999996,-0.3211000000000002,0.06899999999999967,0.44439999999999996,-0.177,0.9017,0,0,0,0,1,0
L-Me_dA-Me_Abu-L-dP-meY,-5.35,2323,0.44439999999999996,-0.3211000000000002,0.06899999999999967,0.44439999999999996,-0.177,0.6072999999999997,0,0,0,0,1,0
L-Me_dA-Me_Cha-Cha-dP-meF,-5.5,2317,0.44439999999999996,-0.3211000000000002,1.6294,1.3687,-0.177,0.9017,0,0,0,0,1,0
L-Me_dA-meA-L-dP-meA,-5.31,2303,0.44439999999999996,-0.3211000000000002,-0.3211000000000002,0.44439999999999996,-0.177,-0.3211000000000002,0,0,0,0,1,0
L-Me_dA-meA-L-dP-meF,-4.73,2307,0.44439999999999996,-0.3211000000000002,-0.3211000000000002,0.44439999999999996,-0.177,0.9017,0,0,0,0,1,0
L-Me_dA-meA-L-dP-meY,-5.66,2322,0.44439999999999996,-0.3211000000000002,-0.3211000000000002,0.44439999999999996,-0.177,0.6072999999999997,0,0,0,0,1,0
L-Me_dA-meL-L-Me_dA-meF,-4.64,2365,0.44439999999999996,-0.3211000000000002,0.7051000000000001,0.44439999999999996,-0.3211000000000002,0.9017,0,0,0,0,0,0
L-Me_dA-meL-L-dP-meF,-4.52,2311,0.44439999999999996,-0.3211000000000002,0.7051000000000001,0.44439999999999996,-0.177,0.9017,0,0,0,0,1,0
L-Me_dA-meL-L-dP-meY,-4.92,2325,0.44439999999999996,-0.3211000000000002,0.7051000000000001,0.44439999999999996,-0.177,0.6072999999999997,0,0,0,0,1,0
L-Me_dAbu-Me_Abu-L-dP-meF,-4.49,2310,0.44439999999999996,0.06899999999999967,0.06899999999999967,0.44439999999999996,-0.177,0.9017,0,0,0,0,1,0
L-Me_dAbu-Me_Abu-L-dP-meY,-4.78,2324,0.44439999999999996,0.06899999999999967,0.06899999999999967,0.44439999999999996,-0.177,0.6072999999999997,0,0,0,0,1,0
L-Me_dAbu-Me_Cha-Cha-dP-meF,-6.02,2319,0.44439999999999996,0.06899999999999967,1.6294,1.3687,-0.177,0.9017,0,0,0,0,1,0
L-Me_dAbu-Me_Cha-Cha-dP-meY,-5.9,2331,0.44439999999999996,0.06899999999999967,1.6294,1.3687,-0.177,0.6072999999999997,0,0,0,0,1,0
L-Me_dAbu-meA-L-dP-meA,-5.51,2304,0.44439999999999996,0.06899999999999967,-0.3211000000000002,0.44439999999999996,-0.177,-0.3211000000000002,0,0,0,0,1,0
L-Me_dAbu-meL-L-dP-Me_Cha,-4.9,2314,0.44439999999999996,0.06899999999999967,0.7051000000000001,0.44439999999999996,-0.177,1.6294,0,0,0,0,1,0
L-Me_dAbu-meL-L-dP-meF,-4.51,2313,0.44439999999999996,0.06899999999999967,0.7051000000000001,0.44439999999999996,-0.177,0.9017,0,0,0,0,1,0
L-Me_dAbu-meL-L-dP-meY,-4.79,2327,0.44439999999999996,0.06899999999999967,0.7051000000000001,0.44439999999999996,-0.177,0.6072999999999997,0,0,0,0,1,0
L-Me_dF-meL-L-dP-meY,-5.16,2329,0.44439999999999996,0.9017,0.7051000000000001,0.44439999999999996,-0.177,0.6072999999999997,0,0,0,0,1,0
L-Me_dL-L-L-dP-Y,-6.11,1050,0.44439999999999996,0.7051000000000001,0.44439999999999996,0.44439999999999996,-0.177,0.3466,0,0,0,0,1,0
L-Me_dL-L-L-dP-meY,-5.82,1054,0.44439999999999996,0.7051000000000001,0.44439999999999996,0.44439999999999996,-0.177,0.6072999999999997,0,0,0,0,1,0
L-Me_dL-Me_Cha-Cha-dP-meF,-6.96,2321,0.44439999999999996,0.7051000000000001,1.6294,1.3687,-0.177,0.9017,0,0,0,0,1,0
L-Me_dL-Me_Cha-Cha-dP-meY,-6.5,2333,0.44439999999999996,0.7051000000000001,1.6294,1.3687,-0.177,0.6072999999999997,0,0,0,0,1,0
L-Me_dL-Me_Cha-L-dP-meF,-5.79,2318,0.44439999999999996,0.7051000000000001,1.6294,0.44439999999999996,-0.177,0.9017,0,0,0,0,1,0
L-Me_dL-Me_Cha-L-dP-meY,-5.63,2330,0.44439999999999996,0.7051000000000001,1.6294,0.44439999999999996,-0.177,0.6072999999999997,0,0,0,0,1,0
L-Me_dL-iBu_Gly-L-dP-Bn(4-OH)_Gly,-5.44,1038,0.44439999999999996,0.7051000000000001,0.3166,0.44439999999999996,-0.177,0.5663999999999996,0,0,0,0,1,0
L-Me_dL-iBu_Gly-L-dP-meY,-5.51,1034,0.44439999999999996,0.7051000000000001,0.3166,0.44439999999999996,-0.177,0.6072999999999997,0,0,0,0,1,0
L-Me_dL-meA-L-dP-meA,-4.75,2306,0.44439999999999996,0.7051000000000001,-0.3211000000000002,0.44439999999999996,-0.177,-0.3211000000000002,0,0,0,0,1,0
L-Me_dL-meA-L-dP-meF,-4.64,2312,0.44439999999999996,0.7051000000000001,-0.3211000000000002,0.44439999999999996,-0.177,0.9017,0,0,0,0,1,0
L-Me_dL-meA-L-dP-meY,-5.19,2326,0.44439999999999996,0.7051000000000001,-0.3211000000000002,0.44439999999999996,-0.177,0.6072999999999997,0,0,0,0,1,0
L-Me_dL-meL-A-dP-meF,-4.59,2362,0.44439999999999996,0.7051000000000001,0.7051000000000001,-0.5817999999999999,-0.177,0.9017,0,0,0,0,1,0
L-Me_dL-meL-L-Me_dA-meF,-4.9,2363,0.44439999999999996,0.7051000000000001,0.7051000000000001,0.44439999999999996,-0.3211000000000002,0.9017,0,0,0,0,0,0
L-Me_dL-meL-L-Me_dL-meY,-7.0,1029,0.44439999999999996,0.7051000000000001,0.7051000000000001,0.44439999999999996,0.7051000000000001,0.6072999999999997,0,0,0,0,0,0
L-Me_dL-meL-L-dP-2-pyridylmethyl_Gly,-4.74,1041,0.44439999999999996,0.7051000000000001,0.7051000000000001,0.44439999999999996,-0.177,0.25579999999999964,0,0,0,0,1,0
L-Me_dL-meL-L-dP-Bn(4-OH)_Gly,-5.2,1035,0.44439999999999996,0.7051000000000001,0.7051000000000001,0.44439999999999996,-0.177,0.5663999999999996,0,0,0,0,1,0
L-Me_dL-meL-L-dP-Me_Cha,-5.61,2316,0.44439999999999996,0.7051000000000001,0.7051000000000001,0.44439999999999996,-0.177,1.6294,0,0,0,0,1,0
L-Me_dL-meL-L-dP-Mono32,-6.0,1042,0.44439999999999996,0.7051000000000001,0.7051000000000001,0.44439999999999996,-0.177,1.8795999999999997,0,0,0,0,1,0
L-Me_dL-meL-L-dP-Mono33,-5.09,1043,0.44439999999999996,0.7051000000000001,0.7051000000000001,0.44439999999999996,-0.177,-1.0496999999999996,0,0,0,0,1,0
L-Me_dL-meL-L-dP-Mono34,-5.04,1044,0.44439999999999996,0.7051000000000001,0.7051000000000001,0.44439999999999996,-0.177,0.4757,0,0,0,0,1,0
L-Me_dL-meL-L-dP-Y,-6.02,1053,0.44439999999999996,0.7051000000000001,0.7051000000000001,0.44439999999999996,-0.177,0.3466,0,0,0,0,1,0
L-Me_dL-meL-L-dP-meA,-4.6,2309,0.44439999999999996,0.7051000000000001,0.7051000000000001,0.44439999999999996,-0.177,-0.3211000000000002,0,0,0,0,1,0
L-Me_dL-meL-L-dP-meF,-4.71,2315,0.44439999999999996,0.7051000000000001,0.7051000000000001,0.44439999999999996,-0.177,0.9017,0,0,0,0,1,0
L-Me_dL-meL-L-dP-meY,-5.408333333333334,25,0.44439999999999996,0.7051000000000001,0.7051000000000001,0.44439999999999996,-0.177,0.6072999999999997,0,0,0,0,1,0
L-Me_dL-meL-S-dP-meY,-6.12,31,0.44439999999999996,0.7051000000000001,0.7051000000000001,-1.6093999999999997,-0.177,0.6072999999999997,0,0,0,0,1,0
L-Me_dL-meS-L-dP-meY,-5.8,30,0.44439999999999996,0.7051000000000001,-1.3486999999999996,0.44439999999999996,-0.177,0.6072999999999997,0,0,0,0,1,0
L-Me_dNva-Me_Cha-Cha-dP-meF,-6.49,2320,0.44439999999999996,0.45910000000000006,1.6294,1.3687,-0.177,0.9017,0,0,0,0,1,0
L-Me_dNva-Me_Cha-Cha-dP-meY,-6.22,2332,0.44439999999999996,0.45910000000000006,1.6294,1.3687,-0.177,0.6072999999999997,0,0,0,0,1,0
L-Me_dNva-meA-L-dP-meA,-4.85,2305,0.44439999999999996,0.45910000000000006,-0.3211000000000002,0.44439999999999996,-0.177,-0.3211000000000002,0,0,0,0,1,0
L-Mono38-meL-Nle-dP-Bn(4-Cl)_Gly,-5.22,1349,0.44439999999999996,0.08719999999999994,0.7051000000000001,0.5884999999999998,-0.177,1.5141999999999995,0,0,0,0,1,0
L-Mono38-meL-Nle-dP-Et_Gly,-5.75,1149,0.44439999999999996,0.08719999999999994,0.7051000000000001,0.5884999999999998,-0.177,-0.31949999999999995,0,0,0,0,1,0
L-Mono38-meL-Nle-dP-Mono1,-5.02,1429,0.44439999999999996,0.08719999999999994,0.7051000000000001,0.5884999999999998,-0.177,0.5894999999999995,0,0,0,0,1,0
L-Mono38-meL-Nle-dP-Mono34,-5.14,1269,0.44439999999999996,0.08719999999999994,0.7051000000000001,0.5884999999999998,-0.177,0.4757,0,0,0,0,1,0
L-Mono38-meL-Nle-dP-Mono42,-6.87,1309,0.44439999999999996,0.08719999999999994,0.7051000000000001,0.5884999999999998,-0.177,-1.0071999999999994,0,0,0,0,1,0
L-Mono38-meL-Nle-dP-Mono43,-5.36,1389,0.44439999999999996,0.08719999999999994,0.7051000000000001,0.5884999999999998,-0.177,1.6834999999999998,0,0,0,0,1,0
L-Mono38-meL-Nle-dP-Mono44,-5.05,1469,0.44439999999999996,0.08719999999999994,0.7051000000000001,0.5884999999999998,-0.177,1.0473000000000001,0,0,0,0,1,0
L-Mono38-meL-Nle-dP-Mono45,-5.38,1509,0.44439999999999996,0.08719999999999994,0.7051000000000001,0.5884999999999998,-0.177,1.1055999999999997,0,0,0,0,1,0
L-Mono38-meL-Nle-dP-Pr_Gly,-5.34,1189,0.44439999999999996,0.08719999999999994,0.7051000000000001,0.5884999999999998,-0.177,0.0706,0,0,0,0,1,0
L-Mono38-meL-Nle-dP-iBu_Gly,-5.07,1229,0.44439999999999996,0.08719999999999994,0.7051000000000001,0.5884999999999998,-0.177,0.3166,0,0,0,0,1,0
L-Mono39-meL-Nle-dP-Bn(4-Cl)_Gly,-7.56,1353,0.44439999999999996,0.7395999999999998,0.7051000000000001,0.5884999999999998,-0.177,1.5141999999999995,0,0,0,0,1,0
L-Mono39-meL-Nle-dP-Et_Gly,-5.19,1153,0.44439999999999996,0.7395999999999998,0.7051000000000001,0.5884999999999998,-0.177,-0.31949999999999995,0,0,0,0,1,0
L-Mono39-meL-Nle-dP-Mono1,-7.06,1433,0.44439999999999996,0.7395999999999998,0.7051000000000001,0.5884999999999998,-0.177,0.5894999999999995,0,0,0,0,1,0
L-Mono39-meL-Nle-dP-Mono34,-5.5,1273,0.44439999999999996,0.7395999999999998,0.7051000000000001,0.5884999999999998,-0.177,0.4757,0,0,0,0,1,0
L-Mono39-meL-Nle-dP-Mono42,-5.6,1313,0.44439999999999996,0.7395999999999998,0.7051000000000001,0.5884999999999998,-0.177,-1.0071999999999994,0,0,0,0,1,0
L-Mono39-meL-Nle-dP-Mono43,-7.39,1393,0.44439999999999996,0.7395999999999998,0.7051000000000001,0.5884999999999998,-0.177,1.6834999999999998,0,0,0,0,1,0
L-Mono39-meL-Nle-dP-Mono44,-6.64,1473,0.44439999999999996,0.7395999999999998,0.7051000000000001,0.5884999999999998,-0.177,1.0473000000000001,0,0,0,0,1,0
L-Mono39-meL-Nle-dP-Mono45,-6.23,1513,0.44439999999999996,0.7395999999999998,0.7051000000000001,0.5884999999999998,-0.177,1.1055999999999997,0,0,0,0,1,0
L-Mono39-meL-Nle-dP-Pr_Gly,-5.59,1193,0.44439999999999996,0.7395999999999998,0.7051000000000001,0.5884999999999998,-0.177,0.0706,0,0,0,0,1,0
L-Mono39-meL-Nle-dP-iBu_Gly,-5.89,1233,0.44439999999999996,0.7395999999999998,0.7051000000000001,0.5884999999999998,-0.177,0.3166,0,0,0,0,1,0
L-Mono40-meL-Nle-dP-Bn(4-Cl)_Gly,-5.52,1354,0.44439999999999996,0.02690000000000009,0.7051000000000001,0.5884999999999998,-0.177,1.5141999999999995,0,0,0,0,1,0
L-Mono40-meL-Nle-dP-Et_Gly,-6.0,1154,0.44439999999999996,0.02690000000000009,0.7051000000000001,0.5884999999999998,-0.177,-0.31949999999999995,0,0,0,0,1,0
L-Mono40-meL-Nle-dP-Mono1,-5.44,1434,0.44439999999999996,0.02690000000000009,0.7051000000000001,0.5884999999999998,-0.177,0.5894999999999995,0,0,0,0,1,0
L-Mono40-meL-Nle-dP-Mono34,-5.43,1274,0.44439999999999996,0.02690000000000009,0.7051000000000001,0.5884999999999998,-0.177,0.4757,0,0,0,0,1,0
L-Mono40-meL-Nle-dP-Mono42,-7.04,1314,0.44439999999999996,0.02690000000000009,0.7051000000000001,0.5884999999999998,-0.177,-1.0071999999999994,0,0,0,0,1,0
L-Mono40-meL-Nle-dP-Mono43,-5.83,1394,0.44439999999999996,0.02690000000000009,0.7051000000000001,0.5884999999999998,-0.177,1.6834999999999998,0,0,0,0,1,0
L-Mono40-meL-Nle-dP-Mono44,-5.33,1474,0.44439999999999996,0.02690000000000009,0.7051000000000001,0.5884999999999998,-0.177,1.0473000000000001,0,0,0,0,1,0
L-Mono40-meL-Nle-dP-Mono45,-5.74,1514,0.44439999999999996,0.02690000000000009,0.7051000000000001,0.5884999999999998,-0.177,1.1055999999999997,0,0,0,0,1,0
L-Mono40-meL-Nle-dP-Pr_Gly,-5.59,1194,0.44439999999999996,0.02690000000000009,0.7051000000000001,0.5884999999999998,-0.177,0.0706,0,0,0,0,1,0
L-Mono40-meL-Nle-dP-iBu_Gly,-5.3,1234,0.44439999999999996,0.02690000000000009,0.7051000000000001,0.5884999999999998,-0.177,0.3166,0,0,0,0,1,0
L-Mono41-meL-Nle-dP-Bn(4-Cl)_Gly,-5.68,1356,0.44439999999999996,-0.3269000000000002,0.7051000000000001,0.5884999999999998,-0.177,1.5141999999999995,0,0,0,0,1,0
L-Mono41-meL-Nle-dP-Et_Gly,-7.02,1156,0.44439999999999996,-0.3269000000000002,0.7051000000000001,0.5884999999999998,-0.177,-0.31949999999999995,0,0,0,0,1,0
L-Mono41-meL-Nle-dP-Mono1,-5.99,1436,0.44439999999999996,-0.3269000000000002,0.7051000000000001,0.5884999999999998,-0.177,0.5894999999999995,0,0,0,0,1,0
L-Mono41-meL-Nle-dP-Mono34,-6.47,1276,0.44439999999999996,-0.3269000000000002,0.7051000000000001,0.5884999999999998,-0.177,0.4757,0,0,0,0,1,0
L-Mono41-meL-Nle-dP-Mono42,-7.77,1316,0.44439999999999996,-0.3269000000000002,0.7051000000000001,0.5884999999999998,-0.177,-1.0071999999999994,0,0,0,0,1,0
L-Mono41-meL-Nle-dP-Mono43,-5.9,1396,0.44439999999999996,-0.3269000000000002,0.7051000000000001,0.5884999999999998,-0.177,1.6834999999999998,0,0,0,0,1,0
L-Mono41-meL-Nle-dP-Mono44,-5.71,1476,0.44439999999999996,-0.3269000000000002,0.7051000000000001,0.5884999999999998,-0.177,1.0473000000000001,0,0,0,0,1,0
L-Mono41-meL-Nle-dP-Mono45,-6.3,1516,0.44439999999999996,-0.3269000000000002,0.7051000000000001,0.5884999999999998,-0.177,1.1055999999999997,0,0,0,0,1,0
L-Mono41-meL-Nle-dP-Pr_Gly,-6.54,1196,0.44439999999999996,-0.3269000000000002,0.7051000000000001,0.5884999999999998,-0.177,0.0706,0,0,0,0,1,0
L-Mono41-meL-Nle-dP-iBu_Gly,-6.27,1236,0.44439999999999996,-0.3269000000000002,0.7051000000000001,0.5884999999999998,-0.177,0.3166,0,0,0,0,1,0
L-PhPr_Gly-meL-Nle-dP-Bn(4-Cl)_Gly,-7.97,1352,0.44439999999999996,1.2933999999999999,0.7051000000000001,0.5884999999999998,-0.177,1.5141999999999995,0,0,0,0,1,0
L-PhPr_Gly-meL-Nle-dP-Et_Gly,-5.11,1152,0.44439999999999996,1.2933999999999999,0.7051000000000001,0.5884999999999998,-0.177,-0.31949999999999995,0,0,0,0,1,0
L-PhPr_Gly-meL-Nle-dP-Mono1,-7.44,1432,0.44439999999999996,1.2933999999999999,0.7051000000000001,0.5884999999999998,-0.177,0.5894999999999995,0,0,0,0,1,0
L-PhPr_Gly-meL-Nle-dP-Mono34,-5.6,1272,0.44439999999999996,1.2933999999999999,0.7051000000000001,0.5884999999999998,-0.177,0.4757,0,0,0,0,1,0
L-PhPr_Gly-meL-Nle-dP-Mono42,-5.31,1312,0.44439999999999996,1.2933999999999999,0.7051000000000001,0.5884999999999998,-0.177,-1.0071999999999994,0,0,0,0,1,0
L-PhPr_Gly-meL-Nle-dP-Mono44,-6.97,1472,0.44439999999999996,1.2933999999999999,0.7051000000000001,0.5884999999999998,-0.177,1.0473000000000001,0,0,0,0,1,0
L-PhPr_Gly-meL-Nle-dP-Mono45,-6.24,1512,0.44439999999999996,1.2933999999999999,0.7051000000000001,0.5884999999999998,-0.177,1.1055999999999997,0,0,0,0,1,0
L-PhPr_Gly-meL-Nle-dP-Pr_Gly,-5.57,1192,0.44439999999999996,1.2933999999999999,0.7051000000000001,0.5884999999999998,-0.177,0.0706,0,0,0,0,1,0
L-PhPr_Gly-meL-Nle-dP-iBu_Gly,-6.02,1232,0.44439999999999996,1.2933999999999999,0.7051000000000001,0.5884999999999998,-0.177,0.3166,0,0,0,0,1,0
L-cHexCH2_Gly-meL-Nle-dP-Bn(4-Cl)_Gly,-7.1,1348,0.44439999999999996,1.2408999999999997,0.7051000000000001,0.5884999999999998,-0.177,1.5141999999999995,0,0,0,0,1,0
L-cHexCH2_Gly-meL-Nle-dP-Et_Gly,-5.17,1148,0.44439999999999996,1.2408999999999997,0.7051000000000001,0.5884999999999998,-0.177,-0.31949999999999995,0,0,0,0,1,0
L-cHexCH2_Gly-meL-Nle-dP-Mono1,-7.5,1428,0.44439999999999996,1.2408999999999997,0.7051000000000001,0.5884999999999998,-0.177,0.5894999999999995,0,0,0,0,1,0
L-cHexCH2_Gly-meL-Nle-dP-Mono34,-5.76,1268,0.44439999999999996,1.2408999999999997,0.7051000000000001,0.5884999999999998,-0.177,0.4757,0,0,0,0,1,0
L-cHexCH2_Gly-meL-Nle-dP-Mono42,-5.18,1308,0.44439999999999996,1.2408999999999997,0.7051000000000001,0.5884999999999998,-0.177,-1.0071999999999994,0,0,0,0,1,0
L-cHexCH2_Gly-meL-Nle-dP-Mono43,-8.15,1388,0.44439999999999996,1.2408999999999997,0.7051000000000001,0.5884999999999998,-0.177,1.6834999999999998,0,0,0,0,1,0
L-cHexCH2_Gly-meL-Nle-dP-Mono44,-6.93,1468,0.44439999999999996,1.2408999999999997,0.7051000000000001,0.5884999999999998,-0.177,1.0473000000000001,0,0,0,0,1,0
L-cHexCH2_Gly-meL-Nle-dP-Mono45,-6.31,1508,0.44439999999999996,1.2408999999999997,0.7051000000000001,0.5884999999999998,-0.177,1.1055999999999997,0,0,0,0,1,0
L-cHexCH2_Gly-meL-Nle-dP-Pr_Gly,-5.7,1188,0.44439999999999996,1.2408999999999997,0.7051000000000001,0.5884999999999998,-0.177,0.0706,0,0,0,0,1,0
L-cHexCH2_Gly-meL-Nle-dP-iBu_Gly,-6.2,1228,0.44439999999999996,1.2408999999999997,0.7051000000000001,0.5884999999999998,-0.177,0.3166,0,0,0,0,1,0
L-dA-A-L-dP-F,-5.58,2334,0.44439999999999996,-0.5817999999999999,-0.5817999999999999,0.44439999999999996,-0.177,0.641,0,1,0,0,1,0
L-dA-Cha-Cha-dP-F,-5.39,2339,0.44439999999999996,-0.5817999999999999,1.3687,1.3687,-0.177,0.641,0,1,0,0,1,0
L-dA-Cha-Cha-dP-Y,-5.85,2347,0.44439999999999996,-0.5817999999999999,1.3687,1.3687,-0.177,0.3466,0,1,0,0,1,0
L-dA-L-L-dP-Y,-6.09,2344,0.44439999999999996,-0.5817999999999999,0.44439999999999996,0.44439999999999996,-0.177,0.3466,0,1,0,0,1,0
L-dAbu-A-L-dP-F,-5.53,2335,0.44439999999999996,-0.19169999999999998,-0.5817999999999999,0.44439999999999996,-0.177,0.641,0,1,0,0,1,0
L-dAbu-Abu-L-dP-F,-5.39,2336,0.44439999999999996,-0.19169999999999998,-0.19169999999999998,0.44439999999999996,-0.177,0.641,0,1,0,0,1,0
L-dAbu-Cha-Cha-dP-F,-5.36,2341,0.44439999999999996,-0.19169999999999998,1.3687,1.3687,-0.177,0.641,0,1,0,0,1,0
L-dAbu-Cha-Cha-dP-Y,-5.84,2349,0.44439999999999996,-0.19169999999999998,1.3687,1.3687,-0.177,0.3466,0,1,0,0,1,0
L-dAbu-L-L-dP-Y,-6.04,2345,0.44439999999999996,-0.19169999999999998,0.44439999999999996,0.44439999999999996,-0.177,0.3466,0,1,0,0,1,0
L-dF-P-F-dL-I,-4.4,1843,0.44439999999999996,0.641,-0.177,0.641,0.44439999999999996,0.44439999999999996,0,1,0,0,1,0
L-dF-P-F-dL-L,-4.41,1841,0.44439999999999996,0.641,-0.177,0.641,0.44439999999999996,0.44439999999999996,0,1,0,0,1,0
L-dF-P-L-dL-L,-4.48,1840,0.44439999999999996,0.641,-0.177,0.44439999999999996,0.44439999999999996,0.44439999999999996,0,1,0,0,1,0
L-dF-dP-F-dL-I,-4.74,1847,0.44439999999999996,0.641,-0.177,0.641,0.44439999999999996,0.44439999999999996,0,1,1,0,1,0
L-dF-dP-F-dL-L,-4.96,1845,0.44439999999999996,0.641,-0.177,0.641,0.44439999999999996,0.44439999999999996,0,1,1,0,1,0
L-dF-dP-L-dL-L,-5.1,1844,0.44439999999999996,0.641,-0.177,0.44439999999999996,0.44439999999999996,0.44439999999999996,0,1,1,0,1,0
L-dL-Abu-L-dP-F,-5.12,2337,0.44439999999999996,0.44439999999999996,-0.19169999999999998,0.44439999999999996,-0.177,0.641,0,1,0,0,1,0
L-dL-Cha-Cha-dP-F,-5.64,2343,0.44439999999999996,0.44439999999999996,1.3687,1.3687,-0.177,0.641,0,1,0,0,1,0
L-dL-Cha-Cha-dP-Y,-5.96,2351,0.44439999999999996,0.44439999999999996,1.3687,1.3687,-0.177,0.3466,0,1,0,0,1,0
L-dL-Cha-L-dP-F,-5.02,2340,0.44439999999999996,0.44439999999999996,1.3687,0.44439999999999996,-0.177,0.641,0,1,0,0,1,0
L-dL-Cha-L-dP-Y,-5.75,2348,0.44439999999999996,0.44439999999999996,1.3687,0.44439999999999996,-0.177,0.3466,0,1,0,0,1,0
L-dL-L-L-dP-(N->O)Tyr,-5.54,2457,0.44439999999999996,0.44439999999999996,0.44439999999999996,0.44439999999999996,-0.177,0.38020000000000015,0,1,0,0,1,0
L-dL-L-L-dP-Ala(indol-2-yl),-5.78,1071,0.44439999999999996,0.44439999999999996,0.44439999999999996,0.44439999999999996,-0.177,1.1223,0,1,0,0,1,0
L-dL-L-L-dP-F,-5.06,2338,0.44439999999999996,0.44439999999999996,0.44439999999999996,0.44439999999999996,-0.177,0.641,0,1,0,0,1,0
L-dL-L-L-dP-Y,-6.434,10,0.44439999999999996,0.44439999999999996,0.44439999999999996,0.44439999999999996,-0.177,0.3466,0,1,0,0,1,0
L-dL-L-L-dP-meY,-5.89,1052,0.44439999999999996,0.44439999999999996,0.44439999999999996,0.44439999999999996,-0.177,0.6072999999999997,0,1,0,0,1,0
L-dL-L-dL-dP-Y,-7.529999999999999,9,0.44439999999999996,0.44439999999999996,0.44439999999999996,0.44439999999999996,-0.177,0.3466,0,1,0,1,1,0
L-dL-dL-dL-P-Ala(indol-2-yl),-5.48,1067,0.44439999999999996,0.44439999999999996,0.44439999999999996,0.44439999999999996,-0.177,1.1223,0,1,1,1,0,0
L-dL-dL-dL-P-Y,-6.495,5,0.44439999999999996,0.44439999999999996,0.44439999999999996,0.44439999999999996,-0.177,0.3466,0,1,1,1,0,0
L-dL-meL-L-dP-Y,-6.12,1051,0.44439999999999996,0.44439999999999996,0.7051000000000001,0.44439999999999996,-0.177,0.3466,0,1,0,0,1,0
L-dL-meL-L-dP-meY,-5.88,1055,0.44439999999999996,0.44439999999999996,0.7051000000000001,0.44439999999999996,-0.177,0.6072999999999997,0,1,0,0,1,0
L-dNva-Cha-Cha-dP-F,-5.46,2342,0.44439999999999996,0.19839999999999997,1.3687,1.3687,-0.177,0.641,0,1,0,0,1,0
L-dNva-Cha-Cha-dP-Y,-5.86,2350,0.44439999999999996,0.19839999999999997,1.3687,1.3687,-0.177,0.3466,0,1,0,0,1,0
L-dP-meL-L-dP-meF,-4.57,2366,0.44439999999999996,-0.177,0.7051000000000001,0.44439999999999996,-0.177,0.9017,0,1,0,0,1,0
L-dP-meL-L-dP-meY,-5.17,1031,0.44439999999999996,-0.177,0.7051000000000001,0.44439999999999996,-0.177,0.6072999999999997,0,1,0,0,1,0
L-dP-meY-L-Me_dL-Me_Abu(morpholino),-5.92,46,0.44439999999999996,-0.177,0.6072999999999997,0.44439999999999996,0.7051000000000001,-0.6186999999999989,0,1,0,0,0,0
L-dP-meY-L-Me_dL-Me_Cha,-6.74,43,0.44439999999999996,-0.177,0.6072999999999997,0.44439999999999996,0.7051000000000001,1.6294,0,1,0,0,0,0
L-dP-meY-L-Me_dL-Me_Lys(Me),-6.63,42,0.44439999999999996,-0.177,0.6072999999999997,0.44439999999999996,0.7051000000000001,0.04870000000000013,0,1,0,0,0,0
L-dP-meY-L-Me_dL-Mono3,-6.15,44,0.44439999999999996,-0.177,0.6072999999999997,0.44439999999999996,0.7051000000000001,0.5349999999999999,0,1,0,0,0,0
L-dP-meY-L-Me_dL-Mono4,-5.84,45,0.44439999999999996,-0.177,0.6072999999999997,0.44439999999999996,0.7051000000000001,0.061600000000000044,0,1,0,0,0,0
L-dP-meY-L-Me_dL-Mono5,-6.2,47,0.44439999999999996,-0.177,0.6072999999999997,0.44439999999999996,0.7051000000000001,-1.0920999999999987,0,1,0,0,0,0
L-dP-meY-L-Me_dL-meA,-5.26,36,0.44439999999999996,-0.177,0.6072999999999997,0.44439999999999996,0.7051000000000001,-0.3211000000000002,0,1,0,0,0,0
L-dP-meY-L-Me_dL-meD,-6.34,40,0.44439999999999996,-0.177,0.6072999999999997,0.44439999999999996,0.7051000000000001,-0.8662999999999996,0,1,0,0,0,0
L-dP-meY-L-Me_dL-meF,-5.24,38,0.44439999999999996,-0.177,0.6072999999999997,0.44439999999999996,0.7051000000000001,0.9017,0,1,0,0,0,0
L-dP-meY-L-Me_dL-meI,-5.49,35,0.44439999999999996,-0.177,0.6072999999999997,0.44439999999999996,0.7051000000000001,0.7051000000000001,0,1,0,0,0,0
L-dP-meY-L-Me_dL-meK,-6.56,41,0.44439999999999996,-0.177,0.6072999999999997,0.44439999999999996,0.7051000000000001,-0.21200000000000002,0,1,0,0,0,0
L-dP-meY-L-Me_dL-meL,-5.31,32,0.44439999999999996,-0.177,0.6072999999999997,0.44439999999999996,0.7051000000000001,0.7051000000000001,0,1,0,0,0,0
L-dP-meY-L-Me_dL-meS,-5.81,33,0.44439999999999996,-0.177,0.6072999999999997,0.44439999999999996,0.7051000000000001,-1.3486999999999996,0,1,0,0,0,0
L-dP-meY-L-Me_dL-meT,-5.33,34,0.44439999999999996,-0.177,0.6072999999999997,0.44439999999999996,0.7051000000000001,-0.9601999999999997,0,1,0,0,0,0
L-dP-meY-L-Me_dL-meW,-6.66,39,0.44439999999999996,-0.177,0.6072999999999997,0.44439999999999996,0.7051000000000001,1.383,0,1,0,0,0,0
L-dP-meY-L-Me_dL-meY,-5.89,37,0.44439999999999996,-0.177,0.6072999999999997,0.44439999999999996,0.7051000000000001,0.6072999999999997,0,1,0,0,0,0
L-iBu_Gly-iBu_Gly-L-dP-Bn(4-OH)_Gly,-5.54,1039,0.44439999999999996,0.3166,0.3166,0.44439999999999996,-0.177,0.5663999999999996,0,0,0,0,1,0
L-iBu_Gly-iBu_Gly-L-dP-meY,-5.6,1036,0.44439999999999996,0.3166,0.3166,0.44439999999999996,-0.177,0.6072999999999997,0,0,0,0,1,0
L-iBu_Gly-meL-L-dP-Bn(4-OH)_Gly,-5.14,1037,0.44439999999999996,0.3166,0.7051000000000001,0.44439999999999996,-0.177,0.5663999999999996,0,0,0,0,1,0
L-iBu_Gly-meL-L-dP-meY,-5.13,1033,0.44439999999999996,0.3166,0.7051000000000001,0.44439999999999996,-0.177,0.6072999999999997,0,0,0,0,1,0
L-pentyl_Gly-meL-Nle-dP-Bn(4-Cl)_Gly,-7.39,1341,0.44439999999999996,0.8507999999999998,0.7051000000000001,0.5884999999999998,-0.177,1.5141999999999995,0,0,0,0,1,0
L-pentyl_Gly-meL-Nle-dP-Et_Gly,-4.94,1141,0.44439999999999996,0.8507999999999998,0.7051000000000001,0.5884999999999998,-0.177,-0.31949999999999995,0,0,0,0,1,0
L-pentyl_Gly-meL-Nle-dP-Mono1,-6.56,1421,0.44439999999999996,0.8507999999999998,0.7051000000000001,0.5884999999999998,-0.177,0.5894999999999995,0,0,0,0,1,0
L-pentyl_Gly-meL-Nle-dP-Mono34,-5.24,1261,0.44439999999999996,0.8507999999999998,0.7051000000000001,0.5884999999999998,-0.177,0.4757,0,0,0,0,1,0
L-pentyl_Gly-meL-Nle-dP-Mono42,-5.27,1301,0.44439999999999996,0.8507999999999998,0.7051000000000001,0.5884999999999998,-0.177,-1.0071999999999994,0,0,0,0,1,0
L-pentyl_Gly-meL-Nle-dP-Mono43,-6.71,1381,0.44439999999999996,0.8507999999999998,0.7051000000000001,0.5884999999999998,-0.177,1.6834999999999998,0,0,0,0,1,0
L-pentyl_Gly-meL-Nle-dP-Mono44,-6.58,1461,0.44439999999999996,0.8507999999999998,0.7051000000000001,0.5884999999999998,-0.177,1.0473000000000001,0,0,0,0,1,0
L-pentyl_Gly-meL-Nle-dP-Mono45,-5.59,1501,0.44439999999999996,0.8507999999999998,0.7051000000000001,0.5884999999999998,-0.177,1.1055999999999997,0,0,0,0,1,0
L-pentyl_Gly-meL-Nle-dP-Pr_Gly,-5.23,1181,0.44439999999999996,0.8507999999999998,0.7051000000000001,0.5884999999999998,-0.177,0.0706,0,0,0,0,1,0
L-pentyl_Gly-meL-Nle-dP-iBu_Gly,-5.54,1221,0.44439999999999996,0.8507999999999998,0.7051000000000001,0.5884999999999998,-0.177,0.3166,0,0,0,0,1,0
Me_Tza-3Pal-dP-PhPr_Gly-Nva(Ph)-Me_dF,-5.4,1861,0.3581999999999996,0.0360000000000002,-0.177,1.2933999999999999,1.4212,0.9017,0,0,1,0,0,0
Me_Tza-3Pal-dP-PhPr_Gly-Nva(Ph)-dF,-5.57,1860,0.3581999999999996,0.0360000000000002,-0.177,1.2933999999999999,1.4212,0.641,0,0,1,0,0,1
Me_dA-A-A-A-A-meA,-8.3,1019,-0.3211000000000002,-0.5817999999999999,-0.5817999999999999,-0.5817999999999999,-0.5817999999999999,-0.3211000000000002,0,0,0,0,0,0
Me_dA-A-A-A-meA-A,-8.2,1021,-0.3211000000000002,-0.5817999999999999,-0.5817999999999999,-0.5817999999999999,-0.3211000000000002,-0.5817999999999999,0,0,0,0,0,0
Me_dA-Bn_Gly-Bn_Gly-P-Bn_Gly-F,-6.11,3410,-0.3211000000000002,0.8607999999999996,0.8607999999999996,-0.177,0.8607999999999996,0.641,0,0,0,0,0,0
Me_dA-Bn_Gly-Bn_Gly-dP-Bn_Gly-F,-6.28,3576,-0.3211000000000002,0.8607999999999996,0.8607999999999996,-0.177,0.8607999999999996,0.641,0,0,0,1,0,0
Me_dA-Bn_Gly-L-P-L-F,-5.78,3366,-0.3211000000000002,0.8607999999999996,0.44439999999999996,-0.177,0.44439999999999996,0.641,0,0,0,0,0,0
Me_dA-Bn_Gly-L-dP-L-F,-5.83,3540,-0.3211000000000002,0.8607999999999996,0.44439999999999996,-0.177,0.44439999999999996,0.641,0,0,0,1,0,0
Me_dA-Bn_Gly-Me_dL-P-Me_dL-F,-4.97,3390,-0.3211000000000002,0.8607999999999996,0.7051000000000001,-0.177,0.7051000000000001,0.641,0,0,0,0,0,0
Me_dA-Bn_Gly-bHph-P-L-F,-5.89,3406,-0.3211000000000002,0.8607999999999996,1.0310999999999995,-0.177,0.44439999999999996,0.641,0,0,0,0,0,0
Me_dA-Bn_Gly-bHph-dP-dL-F,-5.99,3570,-0.3211000000000002,0.8607999999999996,1.0310999999999995,-0.177,0.44439999999999996,0.641,0,0,0,1,1,0
Me_dA-Bn_Gly-dL-P-dL-F,-5.07,3354,-0.3211000000000002,0.8607999999999996,0.44439999999999996,-0.177,0.44439999999999996,0.641,0,0,1,0,1,0
Me_dA-Bn_Gly-dL-dP-dL-F,-6.04,3524,-0.3211000000000002,0.8607999999999996,0.44439999999999996,-0.177,0.44439999999999996,0.641,0,0,1,1,1,0
Me_dA-Bn_Gly-meL-P-meL-F,-4.85,3398,-0.3211000000000002,0.8607999999999996,0.7051000000000001,-0.177,0.7051000000000001,0.641,0,0,0,0,0,0
Me_dA-L-Bn_Gly-P-Bn_Gly-F,-5.49,3400,-0.3211000000000002,0.44439999999999996,0.8607999999999996,-0.177,0.8607999999999996,0.641,0,0,0,0,0,0
Me_dA-L-Bn_Gly-P-L-F,-5.22,3368,-0.3211000000000002,0.44439999999999996,0.8607999999999996,-0.177,0.44439999999999996,0.641,0,0,0,0,0,0
Me_dA-L-Bn_Gly-P-Me_dL-F,-5.09,3380,-0.3211000000000002,0.44439999999999996,0.8607999999999996,-0.177,0.7051000000000001,0.641,0,0,0,0,0,0
Me_dA-L-Bn_Gly-P-meL-F,-5.07,3386,-0.3211000000000002,0.44439999999999996,0.8607999999999996,-0.177,0.7051000000000001,0.641,0,0,0,0,0,0
Me_dA-L-Bn_Gly-dP-Bn_Gly-F,-5.72,3566,-0.3211000000000002,0.44439999999999996,0.8607999999999996,-0.177,0.8607999999999996,0.641,0,0,0,1,0,0
Me_dA-L-Bn_Gly-dP-L-F,-6.46,3539,-0.3211000000000002,0.44439999999999996,0.8607999999999996,-0.177,0.44439999999999996,0.641,0,0,0,1,0,0
Me_dA-L-Bn_Gly-dP-Me_dL-F,-5.21,3551,-0.3211000000000002,0.44439999999999996,0.8607999999999996,-0.177,0.7051000000000001,0.641,0,0,0,1,0,0
Me_dA-L-Bn_Gly-dP-meL-F,-5.14,3558,-0.3211000000000002,0.44439999999999996,0.8607999999999996,-0.177,0.7051000000000001,0.641,0,0,0,1,0,0
Me_dA-L-L-P-Bn_Gly-F,-5.77,3367,-0.3211000000000002,0.44439999999999996,0.44439999999999996,-0.177,0.8607999999999996,0.641,0,0,0,0,0,0
Me_dA-L-L-P-L-F,-6.26,3326,-0.3211000000000002,0.44439999999999996,0.44439999999999996,-0.177,0.44439999999999996,0.641,0,0,0,0,0,0
Me_dA-L-L-P-Me_dL-F,-5.37,3338,-0.3211000000000002,0.44439999999999996,0.44439999999999996,-0.177,0.7051000000000001,0.641,0,0,0,0,0,0
Me_dA-L-L-P-dL-F,-6.36,3324,-0.3211000000000002,0.44439999999999996,0.44439999999999996,-0.177,0.44439999999999996,0.641,0,0,0,0,1,0
Me_dA-L-L-P-meL-F,-5.4,3343,-0.3211000000000002,0.44439999999999996,0.44439999999999996,-0.177,0.7051000000000001,0.641,0,0,0,0,0,0
Me_dA-L-L-dP-L-F,-7.2,3498,-0.3211000000000002,0.44439999999999996,0.44439999999999996,-0.177,0.44439999999999996,0.641,0,0,0,1,0,0
Me_dA-L-L-dP-Me_dL-F,-5.46,3511,-0.3211000000000002,0.44439999999999996,0.44439999999999996,-0.177,0.7051000000000001,0.641,0,0,0,1,0,0
Me_dA-L-L-dP-dL-F,-6.41,3497,-0.3211000000000002,0.44439999999999996,0.44439999999999996,-0.177,0.44439999999999996,0.641,0,0,0,1,1,0
Me_dA-L-L-dP-meL-F,-5.41,3516,-0.3211000000000002,0.44439999999999996,0.44439999999999996,-0.177,0.7051000000000001,0.641,0,0,0,1,0,0
Me_dA-L-Me_dL-P-Bn_Gly-F,-5.14,3381,-0.3211000000000002,0.44439999999999996,0.7051000000000001,-0.177,0.8607999999999996,0.641,0,0,0,0,0,0
Me_dA-L-Me_dL-P-L-F,-5.02,3341,-0.3211000000000002,0.44439999999999996,0.7051000000000001,-0.177,0.44439999999999996,0.641,0,0,0,0,0,0
Me_dA-L-Me_dL-P-Me_dL-F,-4.86,3349,-0.3211000000000002,0.44439999999999996,0.7051000000000001,-0.177,0.7051000000000001,0.641,0,0,0,0,0,0
Me_dA-L-Me_dL-P-dL-F,-5.14,3332,-0.3211000000000002,0.44439999999999996,0.7051000000000001,-0.177,0.44439999999999996,0.641,0,0,0,0,1,0
Me_dA-L-Me_dL-P-meL-F,-4.85,3357,-0.3211000000000002,0.44439999999999996,0.7051000000000001,-0.177,0.7051000000000001,0.641,0,0,0,0,0,0
Me_dA-L-Me_dL-dP-Bn_Gly-F,-5.3,3550,-0.3211000000000002,0.44439999999999996,0.7051000000000001,-0.177,0.8607999999999996,0.641,0,0,0,1,0,0
Me_dA-L-Me_dL-dP-L-F,-5.41,3510,-0.3211000000000002,0.44439999999999996,0.7051000000000001,-0.177,0.44439999999999996,0.641,0,0,0,1,0,0
Me_dA-L-Me_dL-dP-Me_dL-F,-5.25,3518,-0.3211000000000002,0.44439999999999996,0.7051000000000001,-0.177,0.7051000000000001,0.641,0,0,0,1,0,0
Me_dA-L-Me_dL-dP-dL-F,-5.25,3503,-0.3211000000000002,0.44439999999999996,0.7051000000000001,-0.177,0.44439999999999996,0.641,0,0,0,1,1,0
Me_dA-L-Me_dL-dP-meL-F,-4.82,3530,-0.3211000000000002,0.44439999999999996,0.7051000000000001,-0.177,0.7051000000000001,0.641,0,0,0,1,0,0
Me_dA-L-bHph-P-Bn_Gly-F,-6.01,3405,-0.3211000000000002,0.44439999999999996,1.0310999999999995,-0.177,0.8607999999999996,0.641,0,0,0,0,0,0
Me_dA-L-bHph-P-L-F,-5.96,3384,-0.3211000000000002,0.44439999999999996,1.0310999999999995,-0.177,0.44439999999999996,0.641,0,0,0,0,0,0
Me_dA-L-bHph-dP-L-F,-6.17,3557,-0.3211000000000002,0.44439999999999996,1.0310999999999995,-0.177,0.44439999999999996,0.641,0,0,0,1,0,0
Me_dA-L-bHph-dP-dL-F,-6.33,3548,-0.3211000000000002,0.44439999999999996,1.0310999999999995,-0.177,0.44439999999999996,0.641,0,0,0,1,1,0
Me_dA-L-dL-P-Bn_Gly-F,-5.97,3363,-0.3211000000000002,0.44439999999999996,0.44439999999999996,-0.177,0.8607999999999996,0.641,0,0,1,0,0,0
Me_dA-L-dL-P-L-F,-5.08,3325,-0.3211000000000002,0.44439999999999996,0.44439999999999996,-0.177,0.44439999999999996,0.641,0,0,1,0,0,0
Me_dA-L-dL-P-Me_dL-F,-5.19,3331,-0.3211000000000002,0.44439999999999996,0.44439999999999996,-0.177,0.7051000000000001,0.641,0,0,1,0,0,0
Me_dA-L-dL-P-dL-F,-6.12,3321,-0.3211000000000002,0.44439999999999996,0.44439999999999996,-0.177,0.44439999999999996,0.641,0,0,1,0,1,0
Me_dA-L-dL-P-meL-F,-5.02,3339,-0.3211000000000002,0.44439999999999996,0.44439999999999996,-0.177,0.7051000000000001,0.641,0,0,1,0,0,0
Me_dA-L-dL-dP-Bn_Gly-F,-5.69,3535,-0.3211000000000002,0.44439999999999996,0.44439999999999996,-0.177,0.8607999999999996,0.641,0,0,1,1,0,0
Me_dA-L-dL-dP-L-F,-6.39,3495,-0.3211000000000002,0.44439999999999996,0.44439999999999996,-0.177,0.44439999999999996,0.641,0,0,1,1,0,0
Me_dA-L-dL-dP-Me_dL-F,-5.52,3501,-0.3211000000000002,0.44439999999999996,0.44439999999999996,-0.177,0.7051000000000001,0.641,0,0,1,1,0,0
Me_dA-L-dL-dP-dL-F,-6.13,3493,-0.3211000000000002,0.44439999999999996,0.44439999999999996,-0.177,0.44439999999999996,0.641,0,0,1,1,1,0
Me_dA-L-meL-P-Bn_Gly-F,-5.07,3385,-0.3211000000000002,0.44439999999999996,0.7051000000000001,-0.177,0.8607999999999996,0.641,0,0,0,0,0,0
Me_dA-L-meL-P-Me_dL-F,-4.75,3356,-0.3211000000000002,0.44439999999999996,0.7051000000000001,-0.177,0.7051000000000001,0.641,0,0,0,0,0,0
Me_dA-L-meL-P-dL-F,-5.38,3336,-0.3211000000000002,0.44439999999999996,0.7051000000000001,-0.177,0.44439999999999996,0.641,0,0,0,0,1,0
Me_dA-L-meL-dP-Bn_Gly-F,-4.9,3559,-0.3211000000000002,0.44439999999999996,0.7051000000000001,-0.177,0.8607999999999996,0.641,0,0,0,1,0,0
Me_dA-L-meL-dP-L-F,-5.29,3514,-0.3211000000000002,0.44439999999999996,0.7051000000000001,-0.177,0.44439999999999996,0.641,0,0,0,1,0,0
Me_dA-L-meL-dP-Me_dL-F,-4.84,3528,-0.3211000000000002,0.44439999999999996,0.7051000000000001,-0.177,0.7051000000000001,0.641,0,0,0,1,0,0
Me_dA-L-meL-dP-dL-F,-5.72,3508,-0.3211000000000002,0.44439999999999996,0.7051000000000001,-0.177,0.44439999999999996,0.641,0,0,0,1,1,0
Me_dA-L-meL-dP-meL-F,-4.87,3537,-0.3211000000000002,0.44439999999999996,0.7051000000000001,-0.177,0.7051000000000001,0.641,0,0,0,1,0,0
Me_dA-Me_dL-Bn_Gly-P-Bn_Gly-F,-5.42,3403,-0.3211000000000002,0.7051000000000001,0.8607999999999996,-0.177,0.8607999999999996,0.641,0,0,0,0,0,0
Me_dA-Me_dL-Bn_Gly-P-Me_dL-F,-5.01,3391,-0.3211000000000002,0.7051000000000001,0.8607999999999996,-0.177,0.7051000000000001,0.641,0,0,0,0,0,0
Me_dA-Me_dL-Bn_Gly-P-dL-F,-6.22,3371,-0.3211000000000002,0.7051000000000001,0.8607999999999996,-0.177,0.44439999999999996,0.641,0,0,0,0,1,0
Me_dA-Me_dL-Bn_Gly-dP-Bn_Gly-F,-5.31,3571,-0.3211000000000002,0.7051000000000001,0.8607999999999996,-0.177,0.8607999999999996,0.641,0,0,0,1,0,0
Me_dA-Me_dL-Bn_Gly-dP-L-F,-5.95,3549,-0.3211000000000002,0.7051000000000001,0.8607999999999996,-0.177,0.44439999999999996,0.641,0,0,0,1,0,0
Me_dA-Me_dL-Bn_Gly-dP-dL-F,-5.26,3544,-0.3211000000000002,0.7051000000000001,0.8607999999999996,-0.177,0.44439999999999996,0.641,0,0,0,1,1,0
Me_dA-Me_dL-Bn_Gly-dP-meL-F,-5.09,3563,-0.3211000000000002,0.7051000000000001,0.8607999999999996,-0.177,0.7051000000000001,0.641,0,0,0,1,0,0
Me_dA-Me_dL-L-P-Bn_Gly-F,-4.73,3382,-0.3211000000000002,0.7051000000000001,0.44439999999999996,-0.177,0.8607999999999996,0.641,0,0,0,0,0,0
Me_dA-Me_dL-L-P-L-F,-5.16,3342,-0.3211000000000002,0.7051000000000001,0.44439999999999996,-0.177,0.44439999999999996,0.641,0,0,0,0,0,0
Me_dA-Me_dL-L-P-dL-F,-4.97,3335,-0.3211000000000002,0.7051000000000001,0.44439999999999996,-0.177,0.44439999999999996,0.641,0,0,0,0,1,0
Me_dA-Me_dL-L-P-meL-F,-4.73,3360,-0.3211000000000002,0.7051000000000001,0.44439999999999996,-0.177,0.7051000000000001,0.641,0,0,0,0,0,0
Me_dA-Me_dL-L-dP-Bn_Gly-F,-5.55,3555,-0.3211000000000002,0.7051000000000001,0.44439999999999996,-0.177,0.8607999999999996,0.641,0,0,0,1,0,0
Me_dA-Me_dL-L-dP-L-F,-5.1,3513,-0.3211000000000002,0.7051000000000001,0.44439999999999996,-0.177,0.44439999999999996,0.641,0,0,0,1,0,0
Me_dA-Me_dL-L-dP-Me_dL-F,-5.06,3523,-0.3211000000000002,0.7051000000000001,0.44439999999999996,-0.177,0.7051000000000001,0.641,0,0,0,1,0,0
Me_dA-Me_dL-L-dP-dL-F,-5.51,3505,-0.3211000000000002,0.7051000000000001,0.44439999999999996,-0.177,0.44439999999999996,0.641,0,0,0,1,1,0
Me_dA-Me_dL-L-dP-meL-F,-5.04,3532,-0.3211000000000002,0.7051000000000001,0.44439999999999996,-0.177,0.7051000000000001,0.641,0,0,0,1,0,0
Me_dA-Me_dL-Me_dL-P-dL-F,-4.82,3346,-0.3211000000000002,0.7051000000000001,0.7051000000000001,-0.177,0.44439999999999996,0.641,0,0,0,0,1,0
Me_dA-Me_dL-bHph-P-Bn_Gly-F,-5.54,3408,-0.3211000000000002,0.7051000000000001,1.0310999999999995,-0.177,0.8607999999999996,0.641,0,0,0,0,0,0
Me_dA-Me_dL-bHph-P-L-F,-5.42,3394,-0.3211000000000002,0.7051000000000001,1.0310999999999995,-0.177,0.44439999999999996,0.641,0,0,0,0,0,0
Me_dA-Me_dL-bHph-P-dL-F,-5.29,3389,-0.3211000000000002,0.7051000000000001,1.0310999999999995,-0.177,0.44439999999999996,0.641,0,0,0,0,1,0
Me_dA-Me_dL-bHph-P-meL-F,-5.22,3401,-0.3211000000000002,0.7051000000000001,1.0310999999999995,-0.177,0.7051000000000001,0.641,0,0,0,0,0,0
Me_dA-Me_dL-bHph-dP-Me_dL-F,-5.58,3567,-0.3211000000000002,0.7051000000000001,1.0310999999999995,-0.177,0.7051000000000001,0.641,0,0,0,1,0,0
Me_dA-Me_dL-bHph-dP-dL-F,-5.66,3561,-0.3211000000000002,0.7051000000000001,1.0310999999999995,-0.177,0.44439999999999996,0.641,0,0,0,1,1,0
Me_dA-Me_dL-dL-P-Bn_Gly-F,-4.94,3375,-0.3211000000000002,0.7051000000000001,0.44439999999999996,-0.177,0.8607999999999996,0.641,0,0,1,0,0,0
Me_dA-Me_dL-dL-P-Me_dL-F,-4.79,3345,-0.3211000000000002,0.7051000000000001,0.44439999999999996,-0.177,0.7051000000000001,0.641,0,0,1,0,0,0
Me_dA-Me_dL-dL-P-dL-F,-5.25,3328,-0.3211000000000002,0.7051000000000001,0.44439999999999996,-0.177,0.44439999999999996,0.641,0,0,1,0,1,0
Me_dA-Me_dL-dL-P-meL-F,-4.85,3352,-0.3211000000000002,0.7051000000000001,0.44439999999999996,-0.177,0.7051000000000001,0.641,0,0,1,0,0,0
Me_dA-Me_dL-dL-dP-Me_dL-F,-4.83,3517,-0.3211000000000002,0.7051000000000001,0.44439999999999996,-0.177,0.7051000000000001,0.641,0,0,1,1,0,0
Me_dA-Me_dL-dL-dP-dL-F,-5.86,3500,-0.3211000000000002,0.7051000000000001,0.44439999999999996,-0.177,0.44439999999999996,0.641,0,0,1,1,1,0
Me_dA-Me_dL-meL-P-Bn_Gly-F,-4.94,3395,-0.3211000000000002,0.7051000000000001,0.7051000000000001,-0.177,0.8607999999999996,0.641,0,0,0,0,0,0
Me_dA-Me_dL-meL-P-Me_dL-F,-4.8,3369,-0.3211000000000002,0.7051000000000001,0.7051000000000001,-0.177,0.7051000000000001,0.641,0,0,0,0,0,0
Me_dA-Me_dL-meL-P-dL-F,-5.7,3347,-0.3211000000000002,0.7051000000000001,0.7051000000000001,-0.177,0.44439999999999996,0.641,0,0,0,0,1,0
Me_dA-Me_dL-meL-P-meL-F,-4.77,3376,-0.3211000000000002,0.7051000000000001,0.7051000000000001,-0.177,0.7051000000000001,0.641,0,0,0,0,0,0
Me_dA-Me_dL-meL-dP-Bn_Gly-F,-5.43,3564,-0.3211000000000002,0.7051000000000001,0.7051000000000001,-0.177,0.8607999999999996,0.641,0,0,0,1,0,0
Me_dA-Me_dL-meL-dP-L-F,-5.55,3526,-0.3211000000000002,0.7051000000000001,0.7051000000000001,-0.177,0.44439999999999996,0.641,0,0,0,1,0,0
Me_dA-Me_dL-meL-dP-Me_dL-F,-5.06,3542,-0.3211000000000002,0.7051000000000001,0.7051000000000001,-0.177,0.7051000000000001,0.641,0,0,0,1,0,0
Me_dA-Me_dL-meL-dP-dL-F,-5.04,3522,-0.3211000000000002,0.7051000000000001,0.7051000000000001,-0.177,0.44439999999999996,0.641,0,0,0,1,1,0
Me_dA-Me_dL-meL-dP-meL-F,-4.97,3546,-0.3211000000000002,0.7051000000000001,0.7051000000000001,-0.177,0.7051000000000001,0.641,0,0,0,1,0,0
Me_dA-Sar-F-Me_dL-P-Y,-7.15,1086,-0.3211000000000002,-0.7096000000000002,0.641,0.7051000000000001,-0.177,0.3466,0,0,0,0,0,0
Me_dA-Sar-F-Me_dL-meL-Y,-6.03,1087,-0.3211000000000002,-0.7096000000000002,0.641,0.7051000000000001,0.7051000000000001,0.3466,0,0,0,0,0,0
Me_dA-Sar-dF-L-P-Y,-6.85,1089,-0.3211000000000002,-0.7096000000000002,0.641,0.44439999999999996,-0.177,0.3466,0,0,1,0,0,0
Me_dA-dL-Bn_Gly-P-Bn_Gly-F,-5.43,3396,-0.3211000000000002,0.44439999999999996,0.8607999999999996,-0.177,0.8607999999999996,0.641,0,1,0,0,0,0
Me_dA-dL-Bn_Gly-P-Me_dL-F,-5.3,3373,-0.3211000000000002,0.44439999999999996,0.8607999999999996,-0.177,0.7051000000000001,0.641,0,1,0,0,0,0
Me_dA-dL-Bn_Gly-dP-Bn_Gly-F,-6.22,3565,-0.3211000000000002,0.44439999999999996,0.8607999999999996,-0.177,0.8607999999999996,0.641,0,1,0,1,0,0
Me_dA-dL-Bn_Gly-dP-Me_dL-F,-5.09,3543,-0.3211000000000002,0.44439999999999996,0.8607999999999996,-0.177,0.7051000000000001,0.641,0,1,0,1,0,0
Me_dA-dL-Bn_Gly-dP-meL-F,-5.21,3552,-0.3211000000000002,0.44439999999999996,0.8607999999999996,-0.177,0.7051000000000001,0.641,0,1,0,1,0,0
Me_dA-dL-L-P-Bn_Gly-F,-5.69,3364,-0.3211000000000002,0.44439999999999996,0.44439999999999996,-0.177,0.8607999999999996,0.641,0,1,0,0,0,0
Me_dA-dL-L-P-Me_dL-F,-5.16,3333,-0.3211000000000002,0.44439999999999996,0.44439999999999996,-0.177,0.7051000000000001,0.641,0,1,0,0,0,0
Me_dA-dL-L-P-dL-F,-5.49,3322,-0.3211000000000002,0.44439999999999996,0.44439999999999996,-0.177,0.44439999999999996,0.641,0,1,0,0,1,0
Me_dA-dL-L-P-meL-F,-5.28,3337,-0.3211000000000002,0.44439999999999996,0.44439999999999996,-0.177,0.7051000000000001,0.641,0,1,0,0,0,0
Me_dA-dL-L-dP-Bn_Gly-F,-5.28,3534,-0.3211000000000002,0.44439999999999996,0.44439999999999996,-0.177,0.8607999999999996,0.641,0,1,0,1,0,0
Me_dA-dL-L-dP-L-F,-6.12,3496,-0.3211000000000002,0.44439999999999996,0.44439999999999996,-0.177,0.44439999999999996,0.641,0,1,0,1,0,0
Me_dA-dL-L-dP-Me_dL-F,-5.18,3504,-0.3211000000000002,0.44439999999999996,0.44439999999999996,-0.177,0.7051000000000001,0.641,0,1,0,1,0,0
Me_dA-dL-L-dP-dL-F,-5.26,3494,-0.3211000000000002,0.44439999999999996,0.44439999999999996,-0.177,0.44439999999999996,0.641,0,1,0,1,1,0
Me_dA-dL-L-dP-meL-F,-4.96,3512,-0.3211000000000002,0.44439999999999996,0.44439999999999996,-0.177,0.7051000000000001,0.641,0,1,0,1,0,0
Me_dA-dL-Me_dL-P-Bn_Gly-F,-5.13,3372,-0.3211000000000002,0.44439999999999996,0.7051000000000001,-0.177,0.8607999999999996,0.641,0,1,0,0,0,0
Me_dA-dL-Me_dL-P-dL-F,-4.94,3329,-0.3211000000000002,0.44439999999999996,0.7051000000000001,-0.177,0.44439999999999996,0.641,0,1,0,0,1,0
Me_dA-dL-Me_dL-dP-meL-F,-4.95,3519,-0.3211000000000002,0.44439999999999996,0.7051000000000001,-0.177,0.7051000000000001,0.641,0,1,0,1,0,0
Me_dA-dL-bHph-P-Bn_Gly-F,-5.9,3402,-0.3211000000000002,0.44439999999999996,1.0310999999999995,-0.177,0.8607999999999996,0.641,0,1,0,0,0,0
Me_dA-dL-bHph-P-L-F,-5.89,3378,-0.3211000000000002,0.44439999999999996,1.0310999999999995,-0.177,0.44439999999999996,0.641,0,1,0,0,0,0
Me_dA-dL-bHph-P-Me_dL-F,-5.66,3388,-0.3211000000000002,0.44439999999999996,1.0310999999999995,-0.177,0.7051000000000001,0.641,0,1,0,0,0,0
Me_dA-dL-bHph-P-dL-F,-5.26,3374,-0.3211000000000002,0.44439999999999996,1.0310999999999995,-0.177,0.44439999999999996,0.641,0,1,0,0,1,0
Me_dA-dL-bHph-P-meL-F,-5.51,3392,-0.3211000000000002,0.44439999999999996,1.0310999999999995,-0.177,0.7051000000000001,0.641,0,1,0,0,0,0
Me_dA-dL-bHph-dP-Bn_Gly-F,-5.59,3569,-0.3211000000000002,0.44439999999999996,1.0310999999999995,-0.177,0.8607999999999996,0.641,0,1,0,1,0,0
Me_dA-dL-dL-P-Bn_Gly-F,-5.77,3353,-0.3211000000000002,0.44439999999999996,0.44439999999999996,-0.177,0.8607999999999996,0.641,0,1,1,0,0,0
Me_dA-dL-dL-P-L-F,-5.4,3320,-0.3211000000000002,0.44439999999999996,0.44439999999999996,-0.177,0.44439999999999996,0.641,0,1,1,0,0,0
Me_dA-dL-dL-P-Me_dL-F,-5.8,3327,-0.3211000000000002,0.44439999999999996,0.44439999999999996,-0.177,0.7051000000000001,0.641,0,1,1,0,0,0
Me_dA-dL-dL-dP-Bn_Gly-F,-5.63,3525,-0.3211000000000002,0.44439999999999996,0.44439999999999996,-0.177,0.8607999999999996,0.641,0,1,1,1,0,0
Me_dA-dL-dL-dP-L-F,-6.55,3492,-0.3211000000000002,0.44439999999999996,0.44439999999999996,-0.177,0.44439999999999996,0.641,0,1,1,1,0,0
Me_dA-dL-dL-dP-Me_dL-F,-5.97,3499,-0.3211000000000002,0.44439999999999996,0.44439999999999996,-0.177,0.7051000000000001,0.641,0,1,1,1,0,0
Me_dA-dL-dL-dP-dL-F,-5.23,3491,-0.3211000000000002,0.44439999999999996,0.44439999999999996,-0.177,0.44439999999999996,0.641,0,1,1,1,1,0
Me_dA-dL-dL-dP-meL-F,-5.76,3502,-0.3211000000000002,0.44439999999999996,0.44439999999999996,-0.177,0.7051000000000001,0.641,0,1,1,1,0,0
Me_dA-dL-meL-P-Me_dL-F,-5.21,3351,-0.3211000000000002,0.44439999999999996,0.7051000000000001,-0.177,0.7051000000000001,0.641,0,1,0,0,0,0
Me_dA-dL-meL-P-dL-F,-5.05,3334,-0.3211000000000002,0.44439999999999996,0.7051000000000001,-0.177,0.44439999999999996,0.641,0,1,0,0,1,0
Me_dA-dL-meL-P-meL-F,-4.86,3355,-0.3211000000000002,0.44439999999999996,0.7051000000000001,-0.177,0.7051000000000001,0.641,0,1,0,0,0,0
Me_dA-dL-meL-dP-Bn_Gly-F,-5.25,3553,-0.3211000000000002,0.44439999999999996,0.7051000000000001,-0.177,0.8607999999999996,0.641,0,1,0,1,0,0
Me_dA-dL-meL-dP-L-F,-5.53,3509,-0.3211000000000002,0.44439999999999996,0.7051000000000001,-0.177,0.44439999999999996,0.641,0,1,0,1,0,0
Me_dA-dL-meL-dP-dL-F,-5.2,3507,-0.3211000000000002,0.44439999999999996,0.7051000000000001,-0.177,0.44439999999999996,0.641,0,1,0,1,1,0
Me_dA-dL-meL-dP-meL-F,-4.91,3529,-0.3211000000000002,0.44439999999999996,0.7051000000000001,-0.177,0.7051000000000001,0.641,0,1,0,1,0,0
Me_dA-meA-A-meA-meA-A,-7.0,1023,-0.3211000000000002,-0.3211000000000002,-0.5817999999999999,-0.3211000000000002,-0.3211000000000002,-0.5817999999999999,0,0,0,0,0,0
Me_dA-meL-Bn_Gly-P-Bn_Gly-F,-5.3,3407,-0.3211000000000002,0.7051000000000001,0.8607999999999996,-0.177,0.8607999999999996,0.641,0,0,0,0,0,0
Me_dA-meL-Bn_Gly-P-Me_dL-F,-5.3,3393,-0.3211000000000002,0.7051000000000001,0.8607999999999996,-0.177,0.7051000000000001,0.641,0,0,0,0,0,0
Me_dA-meL-Bn_Gly-P-meL-F,-4.94,3399,-0.3211000000000002,0.7051000000000001,0.8607999999999996,-0.177,0.7051000000000001,0.641,0,0,0,0,0,0
Me_dA-meL-Bn_Gly-dP-Bn_Gly-F,-5.45,3573,-0.3211000000000002,0.7051000000000001,0.8607999999999996,-0.177,0.8607999999999996,0.641,0,0,0,1,0,0
Me_dA-meL-Bn_Gly-dP-Me_dL-F,-5.49,3562,-0.3211000000000002,0.7051000000000001,0.8607999999999996,-0.177,0.7051000000000001,0.641,0,0,0,1,0,0
Me_dA-meL-Bn_Gly-dP-dL-F,-5.52,3554,-0.3211000000000002,0.7051000000000001,0.8607999999999996,-0.177,0.44439999999999996,0.641,0,0,0,1,1,0
Me_dA-meL-L-P-Bn_Gly-F,-4.93,3387,-0.3211000000000002,0.7051000000000001,0.44439999999999996,-0.177,0.8607999999999996,0.641,0,0,0,0,0,0
Me_dA-meL-L-P-L-F,-5.79,3344,-0.3211000000000002,0.7051000000000001,0.44439999999999996,-0.177,0.44439999999999996,0.641,0,0,0,0,0,0
Me_dA-meL-L-P-Me_dL-F,-4.81,3361,-0.3211000000000002,0.7051000000000001,0.44439999999999996,-0.177,0.7051000000000001,0.641,0,0,0,0,0,0
Me_dA-meL-L-P-dL-F,-5.13,3340,-0.3211000000000002,0.7051000000000001,0.44439999999999996,-0.177,0.44439999999999996,0.641,0,0,0,0,1,0
Me_dA-meL-L-P-meL-F,-4.77,3365,-0.3211000000000002,0.7051000000000001,0.44439999999999996,-0.177,0.7051000000000001,0.641,0,0,0,0,0,0
Me_dA-meL-L-dP-Bn_Gly-F,-5.22,3560,-0.3211000000000002,0.7051000000000001,0.44439999999999996,-0.177,0.8607999999999996,0.641,0,0,0,1,0,0
Me_dA-meL-L-dP-L-F,-5.4,3515,-0.3211000000000002,0.7051000000000001,0.44439999999999996,-0.177,0.44439999999999996,0.641,0,0,0,1,0,0
Me_dA-meL-L-dP-Me_dL-F,-4.89,3531,-0.3211000000000002,0.7051000000000001,0.44439999999999996,-0.177,0.7051000000000001,0.641,0,0,0,1,0,0
Me_dA-meL-L-dP-meL-F,-4.85,3538,-0.3211000000000002,0.7051000000000001,0.44439999999999996,-0.177,0.7051000000000001,0.641,0,0,0,1,0,0
Me_dA-meL-Me_dL-P-L-F,-4.81,3358,-0.3211000000000002,0.7051000000000001,0.7051000000000001,-0.177,0.44439999999999996,0.641,0,0,0,0,0,0
Me_dA-meL-Me_dL-P-Me_dL-F,-4.76,3370,-0.3211000000000002,0.7051000000000001,0.7051000000000001,-0.177,0.7051000000000001,0.641,0,0,0,0,0,0
Me_dA-meL-Me_dL-P-dL-F,-4.78,3350,-0.3211000000000002,0.7051000000000001,0.7051000000000001,-0.177,0.44439999999999996,0.641,0,0,0,0,1,0
Me_dA-meL-Me_dL-P-meL-F,-4.85,3377,-0.3211000000000002,0.7051000000000001,0.7051000000000001,-0.177,0.7051000000000001,0.641,0,0,0,0,0,0
Me_dA-meL-Me_dL-dP-Me_dL-F,-4.9,3541,-0.3211000000000002,0.7051000000000001,0.7051000000000001,-0.177,0.7051000000000001,0.641,0,0,0,1,0,0
Me_dA-meL-Me_dL-dP-dL-F,-5.09,3521,-0.3211000000000002,0.7051000000000001,0.7051000000000001,-0.177,0.44439999999999996,0.641,0,0,0,1,1,0
Me_dA-meL-Me_dL-dP-meL-F,-4.87,3545,-0.3211000000000002,0.7051000000000001,0.7051000000000001,-0.177,0.7051000000000001,0.641,0,0,0,1,0,0
Me_dA-meL-bHph-P-Bn_Gly-F,-5.36,3409,-0.3211000000000002,0.7051000000000001,1.0310999999999995,-0.177,0.8607999999999996,0.641,0,0,0,0,0,0
Me_dA-meL-bHph-P-meL-F,-5.1,3404,-0.3211000000000002,0.7051000000000001,1.0310999999999995,-0.177,0.7051000000000001,0.641,0,0,0,0,0,0
Me_dA-meL-bHph-dP-Me_dL-F,-5.4,3568,-0.3211000000000002,0.7051000000000001,1.0310999999999995,-0.177,0.7051000000000001,0.641,0,0,0,1,0,0
Me_dA-meL-bHph-dP-meL-F,-5.19,3572,-0.3211000000000002,0.7051000000000001,1.0310999999999995,-0.177,0.7051000000000001,0.641,0,0,0,1,0,0
Me_dA-meL-dL-P-Bn_Gly-F,-5.26,3379,-0.3211000000000002,0.7051000000000001,0.44439999999999996,-0.177,0.8607999999999996,0.641,0,0,1,0,0,0
Me_dA-meL-dL-P-Me_dL-F,-4.96,3348,-0.3211000000000002,0.7051000000000001,0.44439999999999996,-0.177,0.7051000000000001,0.641,0,0,1,0,0,0
Me_dA-meL-dL-P-dL-F,-5.55,3330,-0.3211000000000002,0.7051000000000001,0.44439999999999996,-0.177,0.44439999999999996,0.641,0,0,1,0,1,0
Me_dA-meL-dL-P-meL-F,-4.8,3359,-0.3211000000000002,0.7051000000000001,0.44439999999999996,-0.177,0.7051000000000001,0.641,0,0,1,0,0,0
Me_dA-meL-dL-dP-Me_dL-F,-5.05,3520,-0.3211000000000002,0.7051000000000001,0.44439999999999996,-0.177,0.7051000000000001,0.641,0,0,1,1,0,0
Me_dA-meL-dL-dP-dL-F,-5.18,3506,-0.3211000000000002,0.7051000000000001,0.44439999999999996,-0.177,0.44439999999999996,0.641,0,0,1,1,1,0
Me_dA-meL-dL-dP-meL-F,-4.96,3527,-0.3211000000000002,0.7051000000000001,0.44439999999999996,-0.177,0.7051000000000001,0.641,0,0,1,1,0,0
Me_dA-meL-meL-P-Bn_Gly-F,-4.85,3397,-0.3211000000000002,0.7051000000000001,0.7051000000000001,-0.177,0.8607999999999996,0.641,0,0,0,0,0,0
Me_dA-meL-meL-P-meL-F,-4.77,3383,-0.3211000000000002,0.7051000000000001,0.7051000000000001,-0.177,0.7051000000000001,0.641,0,0,0,0,0,0
Me_dA-meL-meL-dP-L-F,-5.47,3536,-0.3211000000000002,0.7051000000000001,0.7051000000000001,-0.177,0.44439999999999996,0.641,0,0,0,1,0,0
Me_dA-meL-meL-dP-meL-F,-4.81,3556,-0.3211000000000002,0.7051000000000001,0.7051000000000001,-0.177,0.7051000000000001,0.641,0,0,0,1,0,0
Me_dF-dA-P-Me_dV-F-P,-5.58,7224,0.9017,-0.5817999999999999,-0.177,0.3149999999999997,0.641,-0.177,0,1,0,0,0,0
Me_dL-L-L-dP-Y-L,-5.55,7459,0.7051000000000001,0.44439999999999996,0.44439999999999996,-0.177,0.3466,0.44439999999999996,0,0,0,1,0,0
Me_dL-Me_dL-L-Me_dL-P-Y,-7.0,1060,0.7051000000000001,0.7051000000000001,0.44439999999999996,0.7051000000000001,-0.177,0.3466,0,0,0,0,0,0
Me_dL-Me_dL-L-dL-P-Y,-6.17,1063,0.7051000000000001,0.7051000000000001,0.44439999999999996,0.44439999999999996,-0.177,0.3466,0,0,0,1,0,0
Me_dL-Me_dL-dL-meL-P-Y,-5.73,1059,0.7051000000000001,0.7051000000000001,0.44439999999999996,0.7051000000000001,-0.177,0.3466,0,0,1,0,0,0
Me_dL-meL-L-dP-meY-L,-4.4,1027,0.7051000000000001,0.7051000000000001,0.44439999999999996,-0.177,0.6072999999999997,0.44439999999999996,0,0,0,1,0,0
Me_dL-meL-L-meL-P-Y,-5.64,1065,0.7051000000000001,0.7051000000000001,0.44439999999999996,0.7051000000000001,-0.177,0.3466,0,0,0,0,0,0
Me_dL-meL-L-meL-dP-meY,-5.39,26,0.7051000000000001,0.7051000000000001,0.44439999999999996,0.7051000000000001,-0.177,0.6072999999999997,0,0,0,0,1,0
Me_dL-meL-meL-meL-dP-meY,-5.21,28,0.7051000000000001,0.7051000000000001,0.7051000000000001,0.7051000000000001,-0.177,0.6072999999999997,0,0,0,0,1,0
Me_dV-dF-meL-dP-F-P,-4.94,7226,0.3149999999999997,0.641,0.7051000000000001,-0.177,0.641,-0.177,0,1,0,1,0,0
Mono14-A-F-P-I-P,-5.715,929,1.8872,-0.5817999999999999,0.641,-0.177,0.44439999999999996,-0.177,0,0,0,0,0,0
Mono14-A-F-P-L-P,-5.28,984,1.8872,-0.5817999999999999,0.641,-0.177,0.44439999999999996,-0.177,0,0,0,0,0,0
Mono14-A-F-P-T-P,-6.7,988,1.8872,-0.5817999999999999,0.641,-0.177,-1.2208999999999997,-0.177,0,0,0,0,0,0
Mono14-A-F-P-V-P,-5.31,986,1.8872,-0.5817999999999999,0.641,-0.177,0.05430000000000007,-0.177,0,0,0,0,0,0
Mono14-A-F-P-meI-P,-5.89,990,1.8872,-0.5817999999999999,0.641,-0.177,0.7051000000000001,-0.177,0,0,0,0,0,0
Mono14-A-meF-P-I-P,-4.96,991,1.8872,-0.5817999999999999,0.9017,-0.177,0.44439999999999996,-0.177,0,0,0,0,0,0
Mono14-A-meF-P-V-P,-5.04,992,1.8872,-0.5817999999999999,0.9017,-0.177,0.05430000000000007,-0.177,0,0,0,0,0,0
Mono14-I-F-P-I-P,-5.21,994,1.8872,0.44439999999999996,0.641,-0.177,0.44439999999999996,-0.177,0,0,0,0,0,0
Mono14-I-meF-P-I-P,-5.82,997,1.8872,0.44439999999999996,0.9017,-0.177,0.44439999999999996,-0.177,0,0,0,0,0,0
Mono14-L-F-P-I-P,-5.33,995,1.8872,0.44439999999999996,0.641,-0.177,0.44439999999999996,-0.177,0,0,0,0,0,0
Mono14-L-meF-P-I-P,-4.76,998,1.8872,0.44439999999999996,0.9017,-0.177,0.44439999999999996,-0.177,0,0,0,0,0,0
Mono14-Tle-F-P-I-P,-5.79,931,1.8872,0.44439999999999996,0.641,-0.177,0.44439999999999996,-0.177,0,0,0,0,0,0
Mono14-Tle-meF-P-I-P,-5.35,930,1.8872,0.44439999999999996,0.9017,-0.177,0.44439999999999996,-0.177,0,0,0,0,0,0
Mono14-meA-F-P-I-P,-6.3,989,1.8872,-0.3211000000000002,0.641,-0.177,0.44439999999999996,-0.177,0,0,0,0,0,0
Mono16-P-I-meV-meA-Bal,-7.1,944,-0.5783000000000003,-0.177,0.44439999999999996,0.3149999999999997,-0.3211000000000002,-0.5802,0,0,0,0,0,0
Mono16-P-V-meV-meA-Bal,-7.4,945,-0.5783000000000003,-0.177,0.05430000000000007,0.3149999999999997,-0.3211000000000002,-0.5802,0,0,0,0,0,0
Mono30-A-F-P-I-P,-5.25,983,1.8872,-0.5817999999999999,0.641,-0.177,0.44439999999999996,-0.177,0,0,0,0,0,0
Mono31-A-F-P-I-P,-5.32,985,1.4971,-0.5817999999999999,0.641,-0.177,0.44439999999999996,-0.177,0,0,0,0,0,0
Mono31-V-F-P-V-P,-5.33,987,1.4971,0.05430000000000007,0.641,-0.177,0.05430000000000007,-0.177,0,0,0,0,0,0
Nal-3-pyridylethyl_Gly-meL-Nle-dP-Bn(4-Cl)_Gly,-8.45,1369,1.7942,0.29829999999999934,0.7051000000000001,0.5884999999999998,-0.177,1.5141999999999995,0,0,0,0,1,0
Nal-3-pyridylethyl_Gly-meL-Nle-dP-Et_Gly,-5.51,1169,1.7942,0.29829999999999934,0.7051000000000001,0.5884999999999998,-0.177,-0.31949999999999995,0,0,0,0,1,0
Nal-3-pyridylethyl_Gly-meL-Nle-dP-Mono1,-7.42,1449,1.7942,0.29829999999999934,0.7051000000000001,0.5884999999999998,-0.177,0.5894999999999995,0,0,0,0,1,0
Nal-3-pyridylethyl_Gly-meL-Nle-dP-Mono34,-5.32,1289,1.7942,0.29829999999999934,0.7051000000000001,0.5884999999999998,-0.177,0.4757,0,0,0,0,1,0
Nal-3-pyridylethyl_Gly-meL-Nle-dP-Mono42,-6.02,1329,1.7942,0.29829999999999934,0.7051000000000001,0.5884999999999998,-0.177,-1.0071999999999994,0,0,0,0,1,0
Nal-3-pyridylethyl_Gly-meL-Nle-dP-Mono43,-7.62,1409,1.7942,0.29829999999999934,0.7051000000000001,0.5884999999999998,-0.177,1.6834999999999998,0,0,0,0,1,0
Nal-3-pyridylethyl_Gly-meL-Nle-dP-Mono44,-6.93,1489,1.7942,0.29829999999999934,0.7051000000000001,0.5884999999999998,-0.177,1.0473000000000001,0,0,0,0,1,0
Nal-3-pyridylethyl_Gly-meL-Nle-dP-Mono45,-6.41,1529,1.7942,0.29829999999999934,0.7051000000000001,0.5884999999999998,-0.177,1.1055999999999997,0,0,0,0,1,0
Nal-3-pyridylethyl_Gly-meL-Nle-dP-Pr_Gly,-5.43,1209,1.7942,0.29829999999999934,0.7051000000000001,0.5884999999999998,-0.177,0.0706,0,0,0,0,1,0
Nal-3-pyridylethyl_Gly-meL-Nle-dP-iBu_Gly,-5.53,1249,1.7942,0.29829999999999934,0.7051000000000001,0.5884999999999998,-0.177,0.3166,0,0,0,0,1,0
Nal-Bn_Gly-meL-Nle-dP-Bn(4-Cl)_Gly,-9.46,1366,1.7942,0.8607999999999996,0.7051000000000001,0.5884999999999998,-0.177,1.5141999999999995,0,0,0,0,1,0
Nal-Bn_Gly-meL-Nle-dP-Et_Gly,-6.08,1166,1.7942,0.8607999999999996,0.7051000000000001,0.5884999999999998,-0.177,-0.31949999999999995,0,0,0,0,1,0
Nal-Bn_Gly-meL-Nle-dP-Mono1,-8.53,1446,1.7942,0.8607999999999996,0.7051000000000001,0.5884999999999998,-0.177,0.5894999999999995,0,0,0,0,1,0
Nal-Bn_Gly-meL-Nle-dP-Mono34,-6.55,1286,1.7942,0.8607999999999996,0.7051000000000001,0.5884999999999998,-0.177,0.4757,0,0,0,0,1,0
Nal-Bn_Gly-meL-Nle-dP-Mono42,-5.92,1326,1.7942,0.8607999999999996,0.7051000000000001,0.5884999999999998,-0.177,-1.0071999999999994,0,0,0,0,1,0
Nal-Bn_Gly-meL-Nle-dP-Mono43,-8.95,1406,1.7942,0.8607999999999996,0.7051000000000001,0.5884999999999998,-0.177,1.6834999999999998,0,0,0,0,1,0
Nal-Bn_Gly-meL-Nle-dP-Mono44,-7.88,1486,1.7942,0.8607999999999996,0.7051000000000001,0.5884999999999998,-0.177,1.0473000000000001,0,0,0,0,1,0
Nal-Bn_Gly-meL-Nle-dP-Mono45,-7.34,1526,1.7942,0.8607999999999996,0.7051000000000001,0.5884999999999998,-0.177,1.1055999999999997,0,0,0,0,1,0
Nal-Bn_Gly-meL-Nle-dP-Pr_Gly,-6.74,1206,1.7942,0.8607999999999996,0.7051000000000001,0.5884999999999998,-0.177,0.0706,0,0,0,0,1,0
Nal-Bn_Gly-meL-Nle-dP-iBu_Gly,-7.78,1246,1.7942,0.8607999999999996,0.7051000000000001,0.5884999999999998,-0.177,0.3166,0,0,0,0,1,0
Nal-MeOEt_Gly-meL-Nle-dP-Bn(4-Cl)_Gly,-7.82,1360,1.7942,-0.6929999999999994,0.7051000000000001,0.5884999999999998,-0.177,1.5141999999999995,0,0,0,0,1,0
Nal-MeOEt_Gly-meL-Nle-dP-Et_Gly,-5.17,1160,1.7942,-0.6929999999999994,0.7051000000000001,0.5884999999999998,-0.177,-0.31949999999999995,0,0,0,0,1,0
Nal-MeOEt_Gly-meL-Nle-dP-Mono1,-7.13,1440,1.7942,-0.6929999999999994,0.7051000000000001,0.5884999999999998,-0.177,0.5894999999999995,0,0,0,0,1,0
Nal-MeOEt_Gly-meL-Nle-dP-Mono34,-5.26,1280,1.7942,-0.6929999999999994,0.7051000000000001,0.5884999999999998,-0.177,0.4757,0,0,0,0,1,0
Nal-MeOEt_Gly-meL-Nle-dP-Mono42,-5.73,1320,1.7942,-0.6929999999999994,0.7051000000000001,0.5884999999999998,-0.177,-1.0071999999999994,0,0,0,0,1,0
Nal-MeOEt_Gly-meL-Nle-dP-Mono43,-7.74,1400,1.7942,-0.6929999999999994,0.7051000000000001,0.5884999999999998,-0.177,1.6834999999999998,0,0,0,0,1,0
Nal-MeOEt_Gly-meL-Nle-dP-Mono44,-6.9,1480,1.7942,-0.6929999999999994,0.7051000000000001,0.5884999999999998,-0.177,1.0473000000000001,0,0,0,0,1,0
Nal-MeOEt_Gly-meL-Nle-dP-Mono45,-6.17,1520,1.7942,-0.6929999999999994,0.7051000000000001,0.5884999999999998,-0.177,1.1055999999999997,0,0,0,0,1,0
Nal-MeOEt_Gly-meL-Nle-dP-Pr_Gly,-5.34,1200,1.7942,-0.6929999999999994,0.7051000000000001,0.5884999999999998,-0.177,0.0706,0,0,0,0,1,0
Nal-MeOEt_Gly-meL-Nle-dP-iBu_Gly,-5.65,1240,1.7942,-0.6929999999999994,0.7051000000000001,0.5884999999999998,-0.177,0.3166,0,0,0,0,1,0
Nal-Mono38-meL-Nle-dP-Bn(4-Cl)_Gly,-7.82,1368,1.7942,0.08719999999999994,0.7051000000000001,0.5884999999999998,-0.177,1.5141999999999995,0,0,0,0,1,0
Nal-Mono38-meL-Nle-dP-Et_Gly,-5.23,1168,1.7942,0.08719999999999994,0.7051000000000001,0.5884999999999998,-0.177,-0.31949999999999995,0,0,0,0,1,0
Nal-Mono38-meL-Nle-dP-Mono1,-7.16,1448,1.7942,0.08719999999999994,0.7051000000000001,0.5884999999999998,-0.177,0.5894999999999995,0,0,0,0,1,0
Nal-Mono38-meL-Nle-dP-Mono34,-5.28,1288,1.7942,0.08719999999999994,0.7051000000000001,0.5884999999999998,-0.177,0.4757,0,0,0,0,1,0
Nal-Mono38-meL-Nle-dP-Mono42,-5.84,1328,1.7942,0.08719999999999994,0.7051000000000001,0.5884999999999998,-0.177,-1.0071999999999994,0,0,0,0,1,0
Nal-Mono38-meL-Nle-dP-Mono43,-7.61,1408,1.7942,0.08719999999999994,0.7051000000000001,0.5884999999999998,-0.177,1.6834999999999998,0,0,0,0,1,0
Nal-Mono38-meL-Nle-dP-Mono44,-6.64,1488,1.7942,0.08719999999999994,0.7051000000000001,0.5884999999999998,-0.177,1.0473000000000001,0,0,0,0,1,0
Nal-Mono38-meL-Nle-dP-Mono45,-6.29,1528,1.7942,0.08719999999999994,0.7051000000000001,0.5884999999999998,-0.177,1.1055999999999997,0,0,0,0,1,0
Nal-Mono38-meL-Nle-dP-Pr_Gly,-5.37,1208,1.7942,0.08719999999999994,0.7051000000000001,0.5884999999999998,-0.177,0.0706,0,0,0,0,1,0
Nal-Mono38-meL-Nle-dP-iBu_Gly,-5.53,1248,1.7942,0.08719999999999994,0.7051000000000001,0.5884999999999998,-0.177,0.3166,0,0,0,0,1,0
Nal-Mono39-meL-Nle-dP-Bn(4-Cl)_Gly,-9.41,1371,1.7942,0.7395999999999998,0.7051000000000001,0.5884999999999998,-0.177,1.5141999999999995,0,0,0,0,1,0
Nal-Mono39-meL-Nle-dP-Et_Gly,-6.32,1171,1.7942,0.7395999999999998,0.7051000000000001,0.5884999999999998,-0.177,-0.31949999999999995,0,0,0,0,1,0
Nal-Mono39-meL-Nle-dP-Mono1,-8.88,1451,1.7942,0.7395999999999998,0.7051000000000001,0.5884999999999998,-0.177,0.5894999999999995,0,0,0,0,1,0
Nal-Mono39-meL-Nle-dP-Mono34,-6.8,1291,1.7942,0.7395999999999998,0.7051000000000001,0.5884999999999998,-0.177,0.4757,0,0,0,0,1,0
Nal-Mono39-meL-Nle-dP-Mono42,-6.5,1331,1.7942,0.7395999999999998,0.7051000000000001,0.5884999999999998,-0.177,-1.0071999999999994,0,0,0,0,1,0
Nal-Mono39-meL-Nle-dP-Mono43,-7.95,1411,1.7942,0.7395999999999998,0.7051000000000001,0.5884999999999998,-0.177,1.6834999999999998,0,0,0,0,1,0
Nal-Mono39-meL-Nle-dP-Mono44,-8.27,1491,1.7942,0.7395999999999998,0.7051000000000001,0.5884999999999998,-0.177,1.0473000000000001,0,0,0,0,1,0
Nal-Mono39-meL-Nle-dP-Mono45,-7.68,1531,1.7942,0.7395999999999998,0.7051000000000001,0.5884999999999998,-0.177,1.1055999999999997,0,0,0,0,1,0
Nal-Mono39-meL-Nle-dP-Pr_Gly,-7.29,1211,1.7942,0.7395999999999998,0.7051000000000001,0.5884999999999998,-0.177,0.0706,0,0,0,0,1,0
Nal-Mono39-meL-Nle-dP-iBu_Gly,-7.97,1251,1.7942,0.7395999999999998,0.7051000000000001,0.5884999999999998,-0.177,0.3166,0,0,0,0,1,0
Nal-Mono40-meL-Nle-dP-Bn(4-Cl)_Gly,-7.99,1372,1.7942,0.02690000000000009,0.7051000000000001,0.5884999999999998,-0.177,1.5141999999999995,0,0,0,0,1,0
Nal-Mono40-meL-Nle-dP-Et_Gly,-5.47,1172,1.7942,0.02690000000000009,0.7051000000000001,0.5884999999999998,-0.177,-0.31949999999999995,0,0,0,0,1,0
Nal-Mono40-meL-Nle-dP-Mono1,-7.6,1452,1.7942,0.02690000000000009,0.7051000000000001,0.5884999999999998,-0.177,0.5894999999999995,0,0,0,0,1,0
Nal-Mono40-meL-Nle-dP-Mono34,-5.44,1292,1.7942,0.02690000000000009,0.7051000000000001,0.5884999999999998,-0.177,0.4757,0,0,0,0,1,0
Nal-Mono40-meL-Nle-dP-Mono42,-6.05,1332,1.7942,0.02690000000000009,0.7051000000000001,0.5884999999999998,-0.177,-1.0071999999999994,0,0,0,0,1,0
Nal-Mono40-meL-Nle-dP-Mono43,-8.0,1412,1.7942,0.02690000000000009,0.7051000000000001,0.5884999999999998,-0.177,1.6834999999999998,0,0,0,0,1,0
Nal-Mono40-meL-Nle-dP-Mono44,-6.85,1492,1.7942,0.02690000000000009,0.7051000000000001,0.5884999999999998,-0.177,1.0473000000000001,0,0,0,0,1,0
Nal-Mono40-meL-Nle-dP-Mono45,-6.58,1532,1.7942,0.02690000000000009,0.7051000000000001,0.5884999999999998,-0.177,1.1055999999999997,0,0,0,0,1,0
Nal-Mono40-meL-Nle-dP-Pr_Gly,-5.53,1212,1.7942,0.02690000000000009,0.7051000000000001,0.5884999999999998,-0.177,0.0706,0,0,0,0,1,0
Nal-Mono40-meL-Nle-dP-iBu_Gly,-5.65,1252,1.7942,0.02690000000000009,0.7051000000000001,0.5884999999999998,-0.177,0.3166,0,0,0,0,1,0
Nal-Mono41-meL-Nle-dP-Bn(4-Cl)_Gly,-7.11,1373,1.7942,-0.3269000000000002,0.7051000000000001,0.5884999999999998,-0.177,1.5141999999999995,0,0,0,0,1,0
Nal-Mono41-meL-Nle-dP-Et_Gly,-5.85,1173,1.7942,-0.3269000000000002,0.7051000000000001,0.5884999999999998,-0.177,-0.31949999999999995,0,0,0,0,1,0
Nal-Mono41-meL-Nle-dP-Mono1,-6.5,1453,1.7942,-0.3269000000000002,0.7051000000000001,0.5884999999999998,-0.177,0.5894999999999995,0,0,0,0,1,0
Nal-Mono41-meL-Nle-dP-Mono34,-5.82,1293,1.7942,-0.3269000000000002,0.7051000000000001,0.5884999999999998,-0.177,0.4757,0,0,0,0,1,0
Nal-Mono41-meL-Nle-dP-Mono42,-6.47,1333,1.7942,-0.3269000000000002,0.7051000000000001,0.5884999999999998,-0.177,-1.0071999999999994,0,0,0,0,1,0
Nal-Mono41-meL-Nle-dP-Mono43,-7.28,1413,1.7942,-0.3269000000000002,0.7051000000000001,0.5884999999999998,-0.177,1.6834999999999998,0,0,0,0,1,0
Nal-Mono41-meL-Nle-dP-Mono44,-6.36,1493,1.7942,-0.3269000000000002,0.7051000000000001,0.5884999999999998,-0.177,1.0473000000000001,0,0,0,0,1,0
Nal-Mono41-meL-Nle-dP-Mono45,-6.06,1533,1.7942,-0.3269000000000002,0.7051000000000001,0.5884999999999998,-0.177,1.1055999999999997,0,0,0,0,1,0
Nal-Mono41-meL-Nle-dP-Pr_Gly,-5.76,1213,1.7942,-0.3269000000000002,0.7051000000000001,0.5884999999999998,-0.177,0.0706,0,0,0,0,1,0
Nal-Mono41-meL-Nle-dP-iBu_Gly,-5.69,1253,1.7942,-0.3269000000000002,0.7051000000000001,0.5884999999999998,-0.177,0.3166,0,0,0,0,1,0
Nal-PhPr_Gly-meL-Nle-dP-Et_Gly,-7.08,1170,1.7942,1.2933999999999999,0.7051000000000001,0.5884999999999998,-0.177,-0.31949999999999995,0,0,0,0,1,0
Nal-PhPr_Gly-meL-Nle-dP-Mono1,-9.29,1450,1.7942,1.2933999999999999,0.7051000000000001,0.5884999999999998,-0.177,0.5894999999999995,0,0,0,0,1,0
Nal-PhPr_Gly-meL-Nle-dP-Mono34,-7.0,1290,1.7942,1.2933999999999999,0.7051000000000001,0.5884999999999998,-0.177,0.4757,0,0,0,0,1,0
Nal-PhPr_Gly-meL-Nle-dP-Mono42,-6.37,1330,1.7942,1.2933999999999999,0.7051000000000001,0.5884999999999998,-0.177,-1.0071999999999994,0,0,0,0,1,0
Nal-PhPr_Gly-meL-Nle-dP-Mono43,-9.27,1410,1.7942,1.2933999999999999,0.7051000000000001,0.5884999999999998,-0.177,1.6834999999999998,0,0,0,0,1,0
Nal-PhPr_Gly-meL-Nle-dP-Mono45,-7.8,1530,1.7942,1.2933999999999999,0.7051000000000001,0.5884999999999998,-0.177,1.1055999999999997,0,0,0,0,1,0
Nal-PhPr_Gly-meL-Nle-dP-Pr_Gly,-7.44,1210,1.7942,1.2933999999999999,0.7051000000000001,0.5884999999999998,-0.177,0.0706,0,0,0,0,1,0
Nal-PhPr_Gly-meL-Nle-dP-iBu_Gly,-8.95,1250,1.7942,1.2933999999999999,0.7051000000000001,0.5884999999999998,-0.177,0.3166,0,0,0,0,1,0
Nal-cHexCH2_Gly-meL-Nle-dP-Et_Gly,-6.58,1167,1.7942,1.2408999999999997,0.7051000000000001,0.5884999999999998,-0.177,-0.31949999999999995,0,0,0,0,1,0
Nal-cHexCH2_Gly-meL-Nle-dP-Mono1,-9.12,1447,1.7942,1.2408999999999997,0.7051000000000001,0.5884999999999998,-0.177,0.5894999999999995,0,0,0,0,1,0
Nal-cHexCH2_Gly-meL-Nle-dP-Mono34,-6.98,1287,1.7942,1.2408999999999997,0.7051000000000001,0.5884999999999998,-0.177,0.4757,0,0,0,0,1,0
Nal-cHexCH2_Gly-meL-Nle-dP-Mono42,-6.42,1327,1.7942,1.2408999999999997,0.7051000000000001,0.5884999999999998,-0.177,-1.0071999999999994,0,0,0,0,1,0
Nal-cHexCH2_Gly-meL-Nle-dP-Mono43,-8.84,1407,1.7942,1.2408999999999997,0.7051000000000001,0.5884999999999998,-0.177,1.6834999999999998,0,0,0,0,1,0
Nal-cHexCH2_Gly-meL-Nle-dP-Mono45,-7.83,1527,1.7942,1.2408999999999997,0.7051000000000001,0.5884999999999998,-0.177,1.1055999999999997,0,0,0,0,1,0
Nal-cHexCH2_Gly-meL-Nle-dP-Pr_Gly,-7.24,1207,1.7942,1.2408999999999997,0.7051000000000001,0.5884999999999998,-0.177,0.0706,0,0,0,0,1,0
Nal-cHexCH2_Gly-meL-Nle-dP-iBu_Gly,-8.71,1247,1.7942,1.2408999999999997,0.7051000000000001,0.5884999999999998,-0.177,0.3166,0,0,0,0,1,0
Nal-pentyl_Gly-meL-Nle-dP-Et_Gly,-6.49,1163,1.7942,0.8507999999999998,0.7051000000000001,0.5884999999999998,-0.177,-0.31949999999999995,0,0,0,0,1,0
Nal-pentyl_Gly-meL-Nle-dP-Mono1,-8.89,1443,1.7942,0.8507999999999998,0.7051000000000001,0.5884999999999998,-0.177,0.5894999999999995,0,0,0,0,1,0
Nal-pentyl_Gly-meL-Nle-dP-Mono34,-7.19,1283,1.7942,0.8507999999999998,0.7051000000000001,0.5884999999999998,-0.177,0.4757,0,0,0,0,1,0
Nal-pentyl_Gly-meL-Nle-dP-Mono42,-5.79,1323,1.7942,0.8507999999999998,0.7051000000000001,0.5884999999999998,-0.177,-1.0071999999999994,0,0,0,0,1,0
Nal-pentyl_Gly-meL-Nle-dP-Mono43,-8.11,1403,1.7942,0.8507999999999998,0.7051000000000001,0.5884999999999998,-0.177,1.6834999999999998,0,0,0,0,1,0
Nal-pentyl_Gly-meL-Nle-dP-Mono44,-7.96,1483,1.7942,0.8507999999999998,0.7051000000000001,0.5884999999999998,-0.177,1.0473000000000001,0,0,0,0,1,0
Nal-pentyl_Gly-meL-Nle-dP-Mono45,-7.8,1523,1.7942,0.8507999999999998,0.7051000000000001,0.5884999999999998,-0.177,1.1055999999999997,0,0,0,0,1,0
Nal-pentyl_Gly-meL-Nle-dP-Pr_Gly,-7.2,1203,1.7942,0.8507999999999998,0.7051000000000001,0.5884999999999998,-0.177,0.0706,0,0,0,0,1,0
Nal-pentyl_Gly-meL-Nle-dP-iBu_Gly,-8.59,1243,1.7942,0.8507999999999998,0.7051000000000001,0.5884999999999998,-0.177,0.3166,0,0,0,0,1,0
Nva(Ph)-3Pal-dP-PhPr_Gly-Nva(Ph)-dF,-5.92,1849,1.4212,0.0360000000000002,-0.177,1.2933999999999999,1.4212,0.641,0,0,1,0,0,1
P-A-L-A-F-A,-7.33,1132,-0.177,-0.5817999999999999,0.44439999999999996,-0.5817999999999999,0.641,-0.5817999999999999,0,0,0,0,0,0
P-A-L-G-F-A,-7.13,1131,-0.177,-0.5817999999999999,0.44439999999999996,-0.9702999999999999,0.641,-0.5817999999999999,0,0,0,0,0,0
P-F-F-Ala(indol-2-yl)-V-L,-6.43,1095,-0.177,0.641,0.641,1.1223,0.05430000000000007,0.44439999999999996,0,0,0,0,0,0
P-F-L-L-F-A,-4.94,1133,-0.177,0.641,0.44439999999999996,0.44439999999999996,0.641,-0.5817999999999999,0,0,0,0,0,0
P-F-Y-P-G-L,-8.0,1096,-0.177,0.641,0.3466,-0.177,-0.9702999999999999,0.44439999999999996,0,0,0,0,0,0
P-G-L-A-F-A,-8.06,1130,-0.177,-0.9702999999999999,0.44439999999999996,-0.5817999999999999,0.641,-0.5817999999999999,0,0,0,0,0,0
P-G-L-G-F-A,-7.445,1129,-0.177,-0.9702999999999999,0.44439999999999996,-0.9702999999999999,0.641,-0.5817999999999999,0,0,0,0,0,0
P-Mono28-Me_dL-Me_dL-Sta-Me_dL,-5.52,978,-0.177,1.3907000000000003,0.7051000000000001,0.7051000000000001,0.19539999999999969,0.7051000000000001,0,0,0,0,0,0
"P-Mono28-meL-meL-Sta(3R,4R)-meL",-5.52,976,-0.177,1.3907000000000003,0.7051000000000001,0.7051000000000001,0.19539999999999969,0.7051000000000001,0,0,0,0,0,0
P-Mono29-Me_dL-Me_dL-Sta-Me_dL,-5.0,979,-0.177,1.3907000000000003,0.7051000000000001,0.7051000000000001,0.19539999999999969,0.7051000000000001,0,0,0,0,0,0
"P-Mono29-meL-meL-Sta(3R,4R)-meL",-4.96,977,-0.177,1.3907000000000003,0.7051000000000001,0.7051000000000001,0.19539999999999969,0.7051000000000001,0,0,0,0,0,0
P-P-V-dF-P-dF,-5.62,7221,-0.177,-0.177,0.05430000000000007,0.641,-0.177,0.641,0,0,0,1,0,1
P-P-meV-dF-P-dF,-5.44,7222,-0.177,-0.177,0.3149999999999997,0.641,-0.177,0.641,0,0,0,1,0,1
P-S-dL-F-F-A,-7.2,1824,-0.177,-1.6093999999999997,0.44439999999999996,0.641,0.641,-0.5817999999999999,0,0,1,0,0,0
P-Sta-Me_dL-Me_dL-Sta-Me_dL,-5.52,974,-0.177,0.19539999999999969,0.7051000000000001,0.7051000000000001,0.19539999999999969,0.7051000000000001,0,0,0,0,0,0
P-Sta-meL-meL-Sta-meL,-5.1,967,-0.177,0.19539999999999969,0.7051000000000001,0.7051000000000001,0.19539999999999969,0.7051000000000001,0,0,0,0,0,0
P-dCha-W-R-Cys(EtO2H)_NH2-1-Nal,-6.59,7450,-0.177,1.3687,1.1223000000000003,-1.338429999999999,-1.3832000000000002,1.7942,0,1,0,0,0,0
P-dCha-W-R-Cys(EtO2H)_NH2-A,-6.82,7448,-0.177,1.3687,1.1223000000000003,-1.338429999999999,-1.3832000000000002,-0.5817999999999999,0,1,0,0,0,0
P-dCha-W-R-Cys(EtO2H)_NH2-F,-6.4,7449,-0.177,1.3687,1.1223000000000003,-1.338429999999999,-1.3832000000000002,0.641,0,1,0,0,0,0
P-dCha-W-R-Glu_NH2-A,-6.96,7445,-0.177,1.3687,1.1223000000000003,-1.338429999999999,-1.3362000000000005,-0.5817999999999999,0,1,0,0,0,0
P-dCha-W-R-Glu_NH2-F,-6.57,7446,-0.177,1.3687,1.1223000000000003,-1.338429999999999,-1.3362000000000005,0.641,0,1,0,0,0,0
Pr_Gly-Bn_Gly-Bn_Gly-P-Bn_Gly-F,-5.87,2839,0.0706,0.8607999999999996,0.8607999999999996,-0.177,0.8607999999999996,0.641,0,0,0,0,0,0
Pr_Gly-Bn_Gly-Bn_Gly-dP-Bn_Gly-F,-5.92,2768,0.0706,0.8607999999999996,0.8607999999999996,-0.177,0.8607999999999996,0.641,0,0,0,1,0,0
Pr_Gly-Bn_Gly-L-dP-L-F,-5.64,2735,0.0706,0.8607999999999996,0.44439999999999996,-0.177,0.44439999999999996,0.641,0,0,0,1,0,0
Pr_Gly-Bn_Gly-Me_dL-dP-Me_dL-F,-5.54,2752,0.0706,0.8607999999999996,0.7051000000000001,-0.177,0.7051000000000001,0.641,0,0,0,1,0,0
Pr_Gly-Bn_Gly-bHph-P-dL-F,-5.85,2837,0.0706,0.8607999999999996,1.0310999999999995,-0.177,0.44439999999999996,0.641,0,0,0,0,1,0
Pr_Gly-Bn_Gly-dL-P-dL-F,-5.45,2796,0.0706,0.8607999999999996,0.44439999999999996,-0.177,0.44439999999999996,0.641,0,0,1,0,1,0
Pr_Gly-Bn_Gly-dL-dP-dL-F,-5.85,2721,0.0706,0.8607999999999996,0.44439999999999996,-0.177,0.44439999999999996,0.641,0,0,1,1,1,0
Pr_Gly-L-Bn_Gly-P-Bn_Gly-F,-5.28,2834,0.0706,0.44439999999999996,0.8607999999999996,-0.177,0.8607999999999996,0.641,0,0,0,0,0,0
Pr_Gly-L-Bn_Gly-P-Me_dL-F,-4.83,2818,0.0706,0.44439999999999996,0.8607999999999996,-0.177,0.7051000000000001,0.641,0,0,0,0,0,0
Pr_Gly-L-Bn_Gly-P-dL-F,-5.65,2802,0.0706,0.44439999999999996,0.8607999999999996,-0.177,0.44439999999999996,0.641,0,0,0,0,1,0
Pr_Gly-L-Bn_Gly-P-meL-F,-4.87,2823,0.0706,0.44439999999999996,0.8607999999999996,-0.177,0.7051000000000001,0.641,0,0,0,0,0,0
Pr_Gly-L-Bn_Gly-dP-Bn_Gly-F,-5.18,2762,0.0706,0.44439999999999996,0.8607999999999996,-0.177,0.8607999999999996,0.641,0,0,0,1,0,0
Pr_Gly-L-Bn_Gly-dP-L-F,-5.89,2734,0.0706,0.44439999999999996,0.8607999999999996,-0.177,0.44439999999999996,0.641,0,0,0,1,0,0
Pr_Gly-L-Bn_Gly-dP-dL-F,-6.11,2729,0.0706,0.44439999999999996,0.8607999999999996,-0.177,0.44439999999999996,0.641,0,0,0,1,1,0
Pr_Gly-L-L-P-Bn_Gly-F,-5.42,2806,0.0706,0.44439999999999996,0.44439999999999996,-0.177,0.8607999999999996,0.641,0,0,0,0,0,0
Pr_Gly-L-L-P-Me_dL-F,-4.99,2783,0.0706,0.44439999999999996,0.44439999999999996,-0.177,0.7051000000000001,0.641,0,0,0,0,0,0
Pr_Gly-L-L-P-dL-F,-6.08,2773,0.0706,0.44439999999999996,0.44439999999999996,-0.177,0.44439999999999996,0.641,0,0,0,0,1,0
Pr_Gly-L-L-P-meL-F,-5.03,2785,0.0706,0.44439999999999996,0.44439999999999996,-0.177,0.7051000000000001,0.641,0,0,0,0,0,0
Pr_Gly-L-L-dP-Bn_Gly-F,-5.39,2736,0.0706,0.44439999999999996,0.44439999999999996,-0.177,0.8607999999999996,0.641,0,0,0,1,0,0
Pr_Gly-L-L-dP-L-F,-6.62,2696,0.0706,0.44439999999999996,0.44439999999999996,-0.177,0.44439999999999996,0.641,0,0,0,1,0,0
Pr_Gly-L-L-dP-Me_dL-F,-5.15,2709,0.0706,0.44439999999999996,0.44439999999999996,-0.177,0.7051000000000001,0.641,0,0,0,1,0,0
Pr_Gly-L-L-dP-meL-F,-5.16,2713,0.0706,0.44439999999999996,0.44439999999999996,-0.177,0.7051000000000001,0.641,0,0,0,1,0,0
Pr_Gly-L-Me_dL-P-Bn_Gly-F,-4.98,2819,0.0706,0.44439999999999996,0.7051000000000001,-0.177,0.8607999999999996,0.641,0,0,0,0,0,0
Pr_Gly-L-Me_dL-P-L-F,-5.2,2782,0.0706,0.44439999999999996,0.7051000000000001,-0.177,0.44439999999999996,0.641,0,0,0,0,0,0
Pr_Gly-L-Me_dL-dP-Bn_Gly-F,-5.13,2747,0.0706,0.44439999999999996,0.7051000000000001,-0.177,0.8607999999999996,0.641,0,0,0,1,0,0
Pr_Gly-L-Me_dL-dP-dL-F,-5.21,2701,0.0706,0.44439999999999996,0.7051000000000001,-0.177,0.44439999999999996,0.641,0,0,0,1,1,0
Pr_Gly-L-bHph-P-L-F,-5.99,2821,0.0706,0.44439999999999996,1.0310999999999995,-0.177,0.44439999999999996,0.641,0,0,0,0,0,0
Pr_Gly-L-bHph-dP-dL-F,-6.09,2745,0.0706,0.44439999999999996,1.0310999999999995,-0.177,0.44439999999999996,0.641,0,0,0,1,1,0
Pr_Gly-L-dL-P-Bn_Gly-F,-5.59,2804,0.0706,0.44439999999999996,0.44439999999999996,-0.177,0.8607999999999996,0.641,0,0,1,0,0,0
Pr_Gly-L-dL-P-Me_dL-F,-4.93,2778,0.0706,0.44439999999999996,0.44439999999999996,-0.177,0.7051000000000001,0.641,0,0,1,0,0,0
Pr_Gly-L-dL-P-dL-F,-5.73,2771,0.0706,0.44439999999999996,0.44439999999999996,-0.177,0.44439999999999996,0.641,0,0,1,0,1,0
Pr_Gly-L-dL-dP-Me_dL-F,-5.07,2699,0.0706,0.44439999999999996,0.44439999999999996,-0.177,0.7051000000000001,0.641,0,0,1,1,0,0
Pr_Gly-L-dL-dP-dL-F,-6.04,2693,0.0706,0.44439999999999996,0.44439999999999996,-0.177,0.44439999999999996,0.641,0,0,1,1,1,0
Pr_Gly-L-meL-P-Bn_Gly-F,-4.99,2822,0.0706,0.44439999999999996,0.7051000000000001,-0.177,0.8607999999999996,0.641,0,0,0,0,0,0
Pr_Gly-L-meL-dP-Bn_Gly-F,-5.13,2750,0.0706,0.44439999999999996,0.7051000000000001,-0.177,0.8607999999999996,0.641,0,0,0,1,0,0
Pr_Gly-L-meL-dP-L-F,-5.21,2712,0.0706,0.44439999999999996,0.7051000000000001,-0.177,0.44439999999999996,0.641,0,0,0,1,0,0
Pr_Gly-L-meL-dP-Me_dL-F,-4.86,2725,0.0706,0.44439999999999996,0.7051000000000001,-0.177,0.7051000000000001,0.641,0,0,0,1,0,0
Pr_Gly-L-meL-dP-dL-F,-5.68,2706,0.0706,0.44439999999999996,0.7051000000000001,-0.177,0.44439999999999996,0.641,0,0,0,1,1,0
Pr_Gly-L-meL-dP-meL-F,-5.01,2732,0.0706,0.44439999999999996,0.7051000000000001,-0.177,0.7051000000000001,0.641,0,0,0,1,0,0
Pr_Gly-Me_dL-Bn_Gly-P-Bn_Gly-F,-5.59,2836,0.0706,0.7051000000000001,0.8607999999999996,-0.177,0.8607999999999996,0.641,0,0,0,0,0,0
Pr_Gly-Me_dL-Bn_Gly-P-Me_dL-F,-5.02,2826,0.0706,0.7051000000000001,0.8607999999999996,-0.177,0.7051000000000001,0.641,0,0,0,0,0,0
Pr_Gly-Me_dL-Bn_Gly-P-dL-F,-6.23,2810,0.0706,0.7051000000000001,0.8607999999999996,-0.177,0.44439999999999996,0.641,0,0,0,0,1,0
Pr_Gly-Me_dL-Bn_Gly-P-meL-F,-5.14,2828,0.0706,0.7051000000000001,0.8607999999999996,-0.177,0.7051000000000001,0.641,0,0,0,0,0,0
Pr_Gly-Me_dL-Bn_Gly-dP-Bn_Gly-F,-5.76,2764,0.0706,0.7051000000000001,0.8607999999999996,-0.177,0.8607999999999996,0.641,0,0,0,1,0,0
Pr_Gly-Me_dL-Bn_Gly-dP-Me_dL-F,-5.34,2755,0.0706,0.7051000000000001,0.8607999999999996,-0.177,0.7051000000000001,0.641,0,0,0,1,0,0
Pr_Gly-Me_dL-Bn_Gly-dP-dL-F,-5.33,2741,0.0706,0.7051000000000001,0.8607999999999996,-0.177,0.44439999999999996,0.641,0,0,0,1,1,0
Pr_Gly-Me_dL-Bn_Gly-dP-meL-F,-5.59,2756,0.0706,0.7051000000000001,0.8607999999999996,-0.177,0.7051000000000001,0.641,0,0,0,1,0,0
Pr_Gly-Me_dL-L-P-Bn_Gly-F,-5.69,2816,0.0706,0.7051000000000001,0.44439999999999996,-0.177,0.8607999999999996,0.641,0,0,0,0,0,0
Pr_Gly-Me_dL-L-P-Me_dL-F,-4.82,2794,0.0706,0.7051000000000001,0.44439999999999996,-0.177,0.7051000000000001,0.641,0,0,0,0,0,0
Pr_Gly-Me_dL-L-P-dL-F,-4.92,2779,0.0706,0.7051000000000001,0.44439999999999996,-0.177,0.44439999999999996,0.641,0,0,0,0,1,0
Pr_Gly-Me_dL-L-P-meL-F,-4.74,2799,0.0706,0.7051000000000001,0.44439999999999996,-0.177,0.7051000000000001,0.641,0,0,0,0,0,0
Pr_Gly-Me_dL-L-dP-Bn_Gly-F,-5.37,2746,0.0706,0.7051000000000001,0.44439999999999996,-0.177,0.8607999999999996,0.641,0,0,0,1,0,0
Pr_Gly-Me_dL-L-dP-Me_dL-F,-4.96,2719,0.0706,0.7051000000000001,0.44439999999999996,-0.177,0.7051000000000001,0.641,0,0,0,1,0,0
Pr_Gly-Me_dL-L-dP-dL-F,-5.3,2704,0.0706,0.7051000000000001,0.44439999999999996,-0.177,0.44439999999999996,0.641,0,0,0,1,1,0
Pr_Gly-Me_dL-L-dP-meL-F,-5.05,2728,0.0706,0.7051000000000001,0.44439999999999996,-0.177,0.7051000000000001,0.641,0,0,0,1,0,0
Pr_Gly-Me_dL-Me_dL-P-Me_dL-F,-4.84,2807,0.0706,0.7051000000000001,0.7051000000000001,-0.177,0.7051000000000001,0.641,0,0,0,0,0,0
Pr_Gly-Me_dL-Me_dL-P-dL-F,-4.8,2789,0.0706,0.7051000000000001,0.7051000000000001,-0.177,0.44439999999999996,0.641,0,0,0,0,1,0
Pr_Gly-Me_dL-Me_dL-dP-Bn_Gly-F,-5.7,2753,0.0706,0.7051000000000001,0.7051000000000001,-0.177,0.8607999999999996,0.641,0,0,0,1,0,0
Pr_Gly-Me_dL-Me_dL-dP-Me_dL-F,-5.28,2737,0.0706,0.7051000000000001,0.7051000000000001,-0.177,0.7051000000000001,0.641,0,0,0,1,0,0
Pr_Gly-Me_dL-bHph-P-L-F,-5.56,2827,0.0706,0.7051000000000001,1.0310999999999995,-0.177,0.44439999999999996,0.641,0,0,0,0,0,0
Pr_Gly-Me_dL-dL-P-Bn_Gly-F,-5.89,2811,0.0706,0.7051000000000001,0.44439999999999996,-0.177,0.8607999999999996,0.641,0,0,1,0,0,0
Pr_Gly-Me_dL-dL-P-Me_dL-F,-4.82,2788,0.0706,0.7051000000000001,0.44439999999999996,-0.177,0.7051000000000001,0.641,0,0,1,0,0,0
Pr_Gly-Me_dL-dL-P-dL-F,-4.89,2776,0.0706,0.7051000000000001,0.44439999999999996,-0.177,0.44439999999999996,0.641,0,0,1,0,1,0
Pr_Gly-Me_dL-dL-dP-L-F,-5.3,2700,0.0706,0.7051000000000001,0.44439999999999996,-0.177,0.44439999999999996,0.641,0,0,1,1,0,0
Pr_Gly-Me_dL-dL-dP-Me_dL-F,-5.1,2714,0.0706,0.7051000000000001,0.44439999999999996,-0.177,0.7051000000000001,0.641,0,0,1,1,0,0
Pr_Gly-Me_dL-dL-dP-dL-F,-5.76,2698,0.0706,0.7051000000000001,0.44439999999999996,-0.177,0.44439999999999996,0.641,0,0,1,1,1,0
Pr_Gly-Me_dL-dL-dP-meL-F,-4.89,2718,0.0706,0.7051000000000001,0.44439999999999996,-0.177,0.7051000000000001,0.641,0,0,1,1,0,0
Pr_Gly-Me_dL-meL-P-Bn_Gly-F,-4.97,2829,0.0706,0.7051000000000001,0.7051000000000001,-0.177,0.8607999999999996,0.641,0,0,0,0,0,0
Pr_Gly-Me_dL-meL-P-Me_dL-F,-4.82,2808,0.0706,0.7051000000000001,0.7051000000000001,-0.177,0.7051000000000001,0.641,0,0,0,0,0,0
Pr_Gly-Me_dL-meL-P-dL-F,-5.37,2790,0.0706,0.7051000000000001,0.7051000000000001,-0.177,0.44439999999999996,0.641,0,0,0,0,1,0
Pr_Gly-Me_dL-meL-P-meL-F,-4.72,2813,0.0706,0.7051000000000001,0.7051000000000001,-0.177,0.7051000000000001,0.641,0,0,0,0,0,0
Pr_Gly-Me_dL-meL-dP-Bn_Gly-F,-5.15,2759,0.0706,0.7051000000000001,0.7051000000000001,-0.177,0.8607999999999996,0.641,0,0,0,1,0,0
Pr_Gly-Me_dL-meL-dP-L-F,-5.01,2724,0.0706,0.7051000000000001,0.7051000000000001,-0.177,0.44439999999999996,0.641,0,0,0,1,0,0
Pr_Gly-Me_dL-meL-dP-Me_dL-F,-5.09,2739,0.0706,0.7051000000000001,0.7051000000000001,-0.177,0.7051000000000001,0.641,0,0,0,1,0,0
Pr_Gly-Me_dL-meL-dP-dL-F,-5.04,2717,0.0706,0.7051000000000001,0.7051000000000001,-0.177,0.44439999999999996,0.641,0,0,0,1,1,0
Pr_Gly-Me_dL-meL-dP-meL-F,-5.08,2743,0.0706,0.7051000000000001,0.7051000000000001,-0.177,0.7051000000000001,0.641,0,0,0,1,0,0
Pr_Gly-dL-Bn_Gly-P-Bn_Gly-F,-5.83,2831,0.0706,0.44439999999999996,0.8607999999999996,-0.177,0.8607999999999996,0.641,0,1,0,0,0,0
Pr_Gly-dL-Bn_Gly-P-L-F,-5.55,2801,0.0706,0.44439999999999996,0.8607999999999996,-0.177,0.44439999999999996,0.641,0,1,0,0,0,0
Pr_Gly-dL-Bn_Gly-P-Me_dL-F,-5.24,2812,0.0706,0.44439999999999996,0.8607999999999996,-0.177,0.7051000000000001,0.641,0,1,0,0,0,0
Pr_Gly-dL-Bn_Gly-P-meL-F,-4.88,2817,0.0706,0.44439999999999996,0.8607999999999996,-0.177,0.7051000000000001,0.641,0,1,0,0,0,0
Pr_Gly-dL-Bn_Gly-dP-L-F,-5.77,2730,0.0706,0.44439999999999996,0.8607999999999996,-0.177,0.44439999999999996,0.641,0,1,0,1,0,0
Pr_Gly-dL-Bn_Gly-dP-Me_dL-F,-5.35,2740,0.0706,0.44439999999999996,0.8607999999999996,-0.177,0.7051000000000001,0.641,0,1,0,1,0,0
Pr_Gly-dL-Bn_Gly-dP-dL-F,-5.43,2722,0.0706,0.44439999999999996,0.8607999999999996,-0.177,0.44439999999999996,0.641,0,1,0,1,1,0
Pr_Gly-dL-Bn_Gly-dP-meL-F,-5.04,2749,0.0706,0.44439999999999996,0.8607999999999996,-0.177,0.7051000000000001,0.641,0,1,0,1,0,0
Pr_Gly-dL-L-P-Bn_Gly-F,-5.5,2803,0.0706,0.44439999999999996,0.44439999999999996,-0.177,0.8607999999999996,0.641,0,1,0,0,0,0
Pr_Gly-dL-L-P-L-F,-4.94,2774,0.0706,0.44439999999999996,0.44439999999999996,-0.177,0.44439999999999996,0.641,0,1,0,0,0,0
Pr_Gly-dL-L-P-dL-F,-5.26,2772,0.0706,0.44439999999999996,0.44439999999999996,-0.177,0.44439999999999996,0.641,0,1,0,0,1,0
Pr_Gly-dL-L-P-meL-F,-5.0,2781,0.0706,0.44439999999999996,0.44439999999999996,-0.177,0.7051000000000001,0.641,0,1,0,0,0,0
Pr_Gly-dL-L-dP-Bn_Gly-F,-5.01,2731,0.0706,0.44439999999999996,0.44439999999999996,-0.177,0.8607999999999996,0.641,0,1,0,1,0,0
Pr_Gly-dL-L-dP-L-F,-6.0,2695,0.0706,0.44439999999999996,0.44439999999999996,-0.177,0.44439999999999996,0.641,0,1,0,1,0,0
Pr_Gly-dL-L-dP-dL-F,-5.18,2694,0.0706,0.44439999999999996,0.44439999999999996,-0.177,0.44439999999999996,0.641,0,1,0,1,1,0
Pr_Gly-dL-L-dP-meL-F,-4.8,2711,0.0706,0.44439999999999996,0.44439999999999996,-0.177,0.7051000000000001,0.641,0,1,0,1,0,0
Pr_Gly-dL-Me_dL-P-Me_dL-F,-4.83,2787,0.0706,0.44439999999999996,0.7051000000000001,-0.177,0.7051000000000001,0.641,0,1,0,0,0,0
Pr_Gly-dL-Me_dL-P-dL-F,-4.96,2777,0.0706,0.44439999999999996,0.7051000000000001,-0.177,0.44439999999999996,0.641,0,1,0,0,1,0
Pr_Gly-dL-bHph-P-Bn_Gly-F,-6.07,2835,0.0706,0.44439999999999996,1.0310999999999995,-0.177,0.8607999999999996,0.641,0,1,0,0,0,0
Pr_Gly-dL-bHph-P-L-F,-5.55,2815,0.0706,0.44439999999999996,1.0310999999999995,-0.177,0.44439999999999996,0.641,0,1,0,0,0,0
Pr_Gly-dL-bHph-P-Me_dL-F,-5.67,2825,0.0706,0.44439999999999996,1.0310999999999995,-0.177,0.7051000000000001,0.641,0,1,0,0,0,0
Pr_Gly-dL-bHph-dP-Bn_Gly-F,-5.19,2765,0.0706,0.44439999999999996,1.0310999999999995,-0.177,0.8607999999999996,0.641,0,1,0,1,0,0
Pr_Gly-dL-bHph-dP-L-F,-6.11,2744,0.0706,0.44439999999999996,1.0310999999999995,-0.177,0.44439999999999996,0.641,0,1,0,1,0,0
Pr_Gly-dL-bHph-dP-Me_dL-F,-5.33,2754,0.0706,0.44439999999999996,1.0310999999999995,-0.177,0.7051000000000001,0.641,0,1,0,1,0,0
Pr_Gly-dL-dL-P-Bn_Gly-F,-5.88,2795,0.0706,0.44439999999999996,0.44439999999999996,-0.177,0.8607999999999996,0.641,0,1,1,0,0,0
Pr_Gly-dL-dL-P-L-F,-5.08,2770,0.0706,0.44439999999999996,0.44439999999999996,-0.177,0.44439999999999996,0.641,0,1,1,0,0,0
Pr_Gly-dL-dL-P-Me_dL-F,-5.95,2775,0.0706,0.44439999999999996,0.44439999999999996,-0.177,0.7051000000000001,0.641,0,1,1,0,0,0
Pr_Gly-dL-dL-dP-Bn_Gly-F,-5.93,2720,0.0706,0.44439999999999996,0.44439999999999996,-0.177,0.8607999999999996,0.641,0,1,1,1,0,0
Pr_Gly-dL-dL-dP-L-F,-5.9,2692,0.0706,0.44439999999999996,0.44439999999999996,-0.177,0.44439999999999996,0.641,0,1,1,1,0,0
Pr_Gly-dL-dL-dP-Me_dL-F,-6.02,2697,0.0706,0.44439999999999996,0.44439999999999996,-0.177,0.7051000000000001,0.641,0,1,1,1,0,0
Pr_Gly-dL-dL-dP-dL-F,-4.93,2691,0.0706,0.44439999999999996,0.44439999999999996,-0.177,0.44439999999999996,0.641,0,1,1,1,1,0
Pr_Gly-dL-dL-dP-meL-F,-5.47,2702,0.0706,0.44439999999999996,0.44439999999999996,-0.177,0.7051000000000001,0.641,0,1,1,1,0,0
Pr_Gly-dL-meL-P-Bn_Gly-F,-5.08,2820,0.0706,0.44439999999999996,0.7051000000000001,-0.177,0.8607999999999996,0.641,0,1,0,0,0,0
Pr_Gly-dL-meL-P-Me_dL-F,-4.92,2791,0.0706,0.44439999999999996,0.7051000000000001,-0.177,0.7051000000000001,0.641,0,1,0,0,0,0
Pr_Gly-dL-meL-P-meL-F,-4.76,2797,0.0706,0.44439999999999996,0.7051000000000001,-0.177,0.7051000000000001,0.641,0,1,0,0,0,0
Pr_Gly-dL-meL-dP-L-F,-5.29,2708,0.0706,0.44439999999999996,0.7051000000000001,-0.177,0.44439999999999996,0.641,0,1,0,1,0,0
Pr_Gly-dL-meL-dP-dL-F,-5.02,2705,0.0706,0.44439999999999996,0.7051000000000001,-0.177,0.44439999999999996,0.641,0,1,0,1,1,0
Pr_Gly-meL-Bn_Gly-P-Bn_Gly-F,-5.58,2838,0.0706,0.7051000000000001,0.8607999999999996,-0.177,0.8607999999999996,0.641,0,0,0,0,0,0
Pr_Gly-meL-Bn_Gly-P-meL-F,-4.93,2832,0.0706,0.7051000000000001,0.8607999999999996,-0.177,0.7051000000000001,0.641,0,0,0,0,0,0
Pr_Gly-meL-Bn_Gly-dP-Bn_Gly-F,-5.7,2767,0.0706,0.7051000000000001,0.8607999999999996,-0.177,0.8607999999999996,0.641,0,0,0,1,0,0
Pr_Gly-meL-Bn_Gly-dP-dL-F,-5.13,2748,0.0706,0.7051000000000001,0.8607999999999996,-0.177,0.44439999999999996,0.641,0,0,0,1,1,0
Pr_Gly-meL-Bn_Gly-dP-meL-F,-5.15,2761,0.0706,0.7051000000000001,0.8607999999999996,-0.177,0.7051000000000001,0.641,0,0,0,1,0,0
Pr_Gly-meL-L-P-Bn_Gly-F,-4.95,2824,0.0706,0.7051000000000001,0.44439999999999996,-0.177,0.8607999999999996,0.641,0,0,0,0,0,0
Pr_Gly-meL-L-P-L-F,-5.4,2786,0.0706,0.7051000000000001,0.44439999999999996,-0.177,0.44439999999999996,0.641,0,0,0,0,0,0
Pr_Gly-meL-L-P-Me_dL-F,-4.8,2800,0.0706,0.7051000000000001,0.44439999999999996,-0.177,0.7051000000000001,0.641,0,0,0,0,0,0
Pr_Gly-meL-L-P-dL-F,-4.93,2784,0.0706,0.7051000000000001,0.44439999999999996,-0.177,0.44439999999999996,0.641,0,0,0,0,1,0
Pr_Gly-meL-L-P-meL-F,-4.82,2805,0.0706,0.7051000000000001,0.44439999999999996,-0.177,0.7051000000000001,0.641,0,0,0,0,0,0
Pr_Gly-meL-L-dP-Bn_Gly-F,-5.25,2751,0.0706,0.7051000000000001,0.44439999999999996,-0.177,0.8607999999999996,0.641,0,0,0,1,0,0
Pr_Gly-meL-L-dP-Me_dL-F,-4.98,2727,0.0706,0.7051000000000001,0.44439999999999996,-0.177,0.7051000000000001,0.641,0,0,0,1,0,0
Pr_Gly-meL-L-dP-dL-F,-5.0,2710,0.0706,0.7051000000000001,0.44439999999999996,-0.177,0.44439999999999996,0.641,0,0,0,1,1,0
Pr_Gly-meL-L-dP-meL-F,-4.96,2733,0.0706,0.7051000000000001,0.44439999999999996,-0.177,0.7051000000000001,0.641,0,0,0,1,0,0
Pr_Gly-meL-Me_dL-P-Bn_Gly-F,-5.09,2830,0.0706,0.7051000000000001,0.7051000000000001,-0.177,0.8607999999999996,0.641,0,0,0,0,0,0
Pr_Gly-meL-Me_dL-P-L-F,-4.71,2798,0.0706,0.7051000000000001,0.7051000000000001,-0.177,0.44439999999999996,0.641,0,0,0,0,0,0
Pr_Gly-meL-Me_dL-P-Me_dL-F,-4.77,2809,0.0706,0.7051000000000001,0.7051000000000001,-0.177,0.7051000000000001,0.641,0,0,0,0,0,0
Pr_Gly-meL-Me_dL-P-dL-F,-4.71,2793,0.0706,0.7051000000000001,0.7051000000000001,-0.177,0.44439999999999996,0.641,0,0,0,0,1,0
Pr_Gly-meL-Me_dL-P-meL-F,-4.83,2814,0.0706,0.7051000000000001,0.7051000000000001,-0.177,0.7051000000000001,0.641,0,0,0,0,0,0
Pr_Gly-meL-Me_dL-dP-Bn_Gly-F,-5.1,2757,0.0706,0.7051000000000001,0.7051000000000001,-0.177,0.8607999999999996,0.641,0,0,0,1,0,0
Pr_Gly-meL-Me_dL-dP-Me_dL-F,-5.13,2738,0.0706,0.7051000000000001,0.7051000000000001,-0.177,0.7051000000000001,0.641,0,0,0,1,0,0
Pr_Gly-meL-Me_dL-dP-dL-F,-5.05,2716,0.0706,0.7051000000000001,0.7051000000000001,-0.177,0.44439999999999996,0.641,0,0,0,1,1,0
Pr_Gly-meL-Me_dL-dP-meL-F,-4.87,2742,0.0706,0.7051000000000001,0.7051000000000001,-0.177,0.7051000000000001,0.641,0,0,0,1,0,0
Pr_Gly-meL-bHph-dP-Me_dL-F,-5.38,2763,0.0706,0.7051000000000001,1.0310999999999995,-0.177,0.7051000000000001,0.641,0,0,0,1,0,0
Pr_Gly-meL-bHph-dP-dL-F,-5.35,2758,0.0706,0.7051000000000001,1.0310999999999995,-0.177,0.44439999999999996,0.641,0,0,0,1,1,0
Pr_Gly-meL-bHph-dP-meL-F,-5.28,2766,0.0706,0.7051000000000001,1.0310999999999995,-0.177,0.7051000000000001,0.641,0,0,0,1,0,0
Pr_Gly-meL-dL-P-L-F,-5.85,2780,0.0706,0.7051000000000001,0.44439999999999996,-0.177,0.44439999999999996,0.641,0,0,1,0,0,0
Pr_Gly-meL-dL-P-Me_dL-F,-4.82,2792,0.0706,0.7051000000000001,0.44439999999999996,-0.177,0.7051000000000001,0.641,0,0,1,0,0,0
Pr_Gly-meL-dL-dP-L-F,-5.22,2707,0.0706,0.7051000000000001,0.44439999999999996,-0.177,0.44439999999999996,0.641,0,0,1,1,0,0
Pr_Gly-meL-dL-dP-Me_dL-F,-5.16,2715,0.0706,0.7051000000000001,0.44439999999999996,-0.177,0.7051000000000001,0.641,0,0,1,1,0,0
Pr_Gly-meL-dL-dP-dL-F,-5.19,2703,0.0706,0.7051000000000001,0.44439999999999996,-0.177,0.44439999999999996,0.641,0,0,1,1,1,0
Pr_Gly-meL-dL-dP-meL-F,-4.83,2726,0.0706,0.7051000000000001,0.44439999999999996,-0.177,0.7051000000000001,0.641,0,0,1,1,0,0
Pr_Gly-meL-meL-P-Bn_Gly-F,-4.88,2833,0.0706,0.7051000000000001,0.7051000000000001,-0.177,0.8607999999999996,0.641,0,0,0,0,0,0
Pr_Gly-meL-meL-dP-Bn_Gly-F,-5.19,2760,0.0706,0.7051000000000001,0.7051000000000001,-0.177,0.8607999999999996,0.641,0,0,0,1,0,0
Pr_Gly-meL-meL-dP-dL-F,-5.32,2723,0.0706,0.7051000000000001,0.7051000000000001,-0.177,0.44439999999999996,0.641,0,0,0,1,1,0
S-Me_dL-meL-L-dP-meY,-5.72,29,-1.6093999999999997,0.7051000000000001,0.7051000000000001,0.44439999999999996,-0.177,0.6072999999999997,0,0,0,0,1,0
Sar-T-F-L-Y-T,-7.7,1105,-0.7096000000000002,-1.2208999999999997,0.641,0.44439999999999996,0.3466,-1.2208999999999997,0,0,0,0,0,0
Sar-meT-F-L-Y-T,-8.0,1106,-0.7096000000000002,-0.9601999999999997,0.641,0.44439999999999996,0.3466,-1.2208999999999997,0,0,0,0,0,0
Tyr(Me)-P-L-L-dP-dL,-7.27,13,0.6496,-0.177,0.44439999999999996,0.44439999999999996,-0.177,0.44439999999999996,0,0,0,0,1,1
Tyr(Me)-P-L-dL-dL-dL,-7.16,14,0.6496,-0.177,0.44439999999999996,0.44439999999999996,0.44439999999999996,0.44439999999999996,0,0,0,1,1,1
Tyr(Me)-P-dL-L-dL-dL,-6.68,16,0.6496,-0.177,0.44439999999999996,0.44439999999999996,0.44439999999999996,0.44439999999999996,0,0,1,0,1,1
Tyr(Me)-P-dL-dL-dL-L,-6.47,11,0.6496,-0.177,0.44439999999999996,0.44439999999999996,0.44439999999999996,0.44439999999999996,0,0,1,1,1,0
Tyr(Me)-P-dL-dL-dL-dL,-6.52,15,0.6496,-0.177,0.44439999999999996,0.44439999999999996,0.44439999999999996,0.44439999999999996,0,0,1,1,1,1
Tyr(Me)-P-dP-dL-L-L,-7.05,12,0.6496,-0.177,-0.177,0.44439999999999996,0.44439999999999996,0.44439999999999996,0,0,1,1,0,0
Tyr(Me)-dP-L-L-dL-L,-6.75,18,0.6496,-0.177,0.44439999999999996,0.44439999999999996,0.44439999999999996,0.44439999999999996,0,1,0,0,1,0
Tza-3Pal-dP-PhPr_Gly-Nva(Ph)-dF,-6.15,1851,0.09749999999999986,0.0360000000000002,-0.177,1.2933999999999999,1.4212,0.641,0,0,1,0,0,1
W-3Pal-dP-PhPr_Gly-Nva(Ph)-dF,-6.05,1848,1.1223000000000003,0.0360000000000002,-0.177,1.2933999999999999,1.4212,0.641,0,0,1,0,0,1
Y-(N->O)Leu-dL-L-L-dP,-5.51,2458,0.3466,0.478,0.44439999999999996,0.44439999999999996,0.44439999999999996,-0.177,0,0,1,0,0,1
Y-L-Me_dL-L-L-dP,-6.22,2464,0.3466,0.44439999999999996,0.7051000000000001,0.44439999999999996,0.44439999999999996,-0.177,0,0,0,0,0,1
Y-L-d(N->O)Leu-L-L-dP,-6.4,2459,0.3466,0.44439999999999996,0.478,0.44439999999999996,0.44439999999999996,-0.177,0,0,1,0,0,1
Y-L-dL-(N->O)Leu-L-dP,-5.39,2460,0.3466,0.44439999999999996,0.44439999999999996,0.478,0.44439999999999996,-0.177,0,0,1,0,0,1
Y-L-dL-L-(N->O)Leu-dP,-5.54,2461,0.3466,0.44439999999999996,0.44439999999999996,0.44439999999999996,0.478,-0.177,0,0,1,0,0,1
Y-L-dL-L-L-dP,-6.52,2456,0.3466,0.44439999999999996,0.44439999999999996,0.44439999999999996,0.44439999999999996,-0.177,0,0,1,0,0,1
Y-L-dL-L-meL-dP,-6.3,2466,0.3466,0.44439999999999996,0.44439999999999996,0.44439999999999996,0.7051000000000001,-0.177,0,0,1,0,0,1
Y-L-dL-meL-L-dP,-5.66,2465,0.3466,0.44439999999999996,0.44439999999999996,0.7051000000000001,0.44439999999999996,-0.177,0,0,1,0,0,1
Y-meL-dL-L-L-dP,-6.22,2463,0.3466,0.7051000000000001,0.44439999999999996,0.44439999999999996,0.44439999999999996,-0.177,0,0,1,0,0,1
bHph-Bn_Gly-Bn_Gly-P-Bn_Gly-F,-6.17,2689,1.0310999999999995,0.8607999999999996,0.8607999999999996,-0.177,0.8607999999999996,0.641,0,0,0,0,0,0
bHph-Bn_Gly-Bn_Gly-dP-Bn_Gly-F,-5.86,2592,1.0310999999999995,0.8607999999999996,0.8607999999999996,-0.177,0.8607999999999996,0.641,0,0,0,1,0,0
bHph-Bn_Gly-L-P-L-F,-5.83,2641,1.0310999999999995,0.8607999999999996,0.44439999999999996,-0.177,0.44439999999999996,0.641,0,0,0,0,0,0
bHph-Bn_Gly-L-dP-L-F,-5.51,2558,1.0310999999999995,0.8607999999999996,0.44439999999999996,-0.177,0.44439999999999996,0.641,0,0,0,1,0,0
bHph-Bn_Gly-Me_dL-dP-Me_dL-F,-5.26,2576,1.0310999999999995,0.8607999999999996,0.7051000000000001,-0.177,0.7051000000000001,0.641,0,0,0,1,0,0
bHph-Bn_Gly-bHph-P-Bn_Gly-F,-5.81,2690,1.0310999999999995,0.8607999999999996,1.0310999999999995,-0.177,0.8607999999999996,0.641,0,0,0,0,0,0
bHph-Bn_Gly-bHph-P-L-F,-6.02,2684,1.0310999999999995,0.8607999999999996,1.0310999999999995,-0.177,0.44439999999999996,0.641,0,0,0,0,0,0
bHph-Bn_Gly-bHph-P-Me_dL-F,-5.47,2686,1.0310999999999995,0.8607999999999996,1.0310999999999995,-0.177,0.7051000000000001,0.641,0,0,0,0,0,0
bHph-Bn_Gly-bHph-P-dL-F,-6.08,2682,1.0310999999999995,0.8607999999999996,1.0310999999999995,-0.177,0.44439999999999996,0.641,0,0,0,0,1,0
bHph-Bn_Gly-bHph-dP-Bn_Gly-F,-5.73,2593,1.0310999999999995,0.8607999999999996,1.0310999999999995,-0.177,0.8607999999999996,0.641,0,0,0,1,0,0
bHph-Bn_Gly-bHph-dP-L-F,-6.41,2590,1.0310999999999995,0.8607999999999996,1.0310999999999995,-0.177,0.44439999999999996,0.641,0,0,0,1,0,0
bHph-Bn_Gly-bHph-dP-dL-F,-5.96,2587,1.0310999999999995,0.8607999999999996,1.0310999999999995,-0.177,0.44439999999999996,0.641,0,0,0,1,1,0
bHph-Bn_Gly-dL-P-dL-F,-5.94,2629,1.0310999999999995,0.8607999999999996,0.44439999999999996,-0.177,0.44439999999999996,0.641,0,0,1,0,1,0
bHph-Bn_Gly-dL-dP-dL-F,-5.98,2545,1.0310999999999995,0.8607999999999996,0.44439999999999996,-0.177,0.44439999999999996,0.641,0,0,1,1,1,0
bHph-L-Bn_Gly-P-Bn_Gly-F,-5.78,2678,1.0310999999999995,0.44439999999999996,0.8607999999999996,-0.177,0.8607999999999996,0.641,0,0,0,0,0,0
bHph-L-Bn_Gly-P-L-F,-5.78,2642,1.0310999999999995,0.44439999999999996,0.8607999999999996,-0.177,0.44439999999999996,0.641,0,0,0,0,0,0
bHph-L-Bn_Gly-P-Me_dL-F,-5.47,2656,1.0310999999999995,0.44439999999999996,0.8607999999999996,-0.177,0.7051000000000001,0.641,0,0,0,0,0,0
bHph-L-Bn_Gly-P-meL-F,-5.37,2663,1.0310999999999995,0.44439999999999996,0.8607999999999996,-0.177,0.7051000000000001,0.641,0,0,0,0,0,0
bHph-L-Bn_Gly-dP-L-F,-5.97,2557,1.0310999999999995,0.44439999999999996,0.8607999999999996,-0.177,0.44439999999999996,0.641,0,0,0,1,0,0
bHph-L-Bn_Gly-dP-Me_dL-F,-5.38,2570,1.0310999999999995,0.44439999999999996,0.8607999999999996,-0.177,0.7051000000000001,0.641,0,0,0,1,0,0
bHph-L-Bn_Gly-dP-dL-F,-5.32,2553,1.0310999999999995,0.44439999999999996,0.8607999999999996,-0.177,0.44439999999999996,0.641,0,0,0,1,1,0
bHph-L-Bn_Gly-dP-meL-F,-5.23,2575,1.0310999999999995,0.44439999999999996,0.8607999999999996,-0.177,0.7051000000000001,0.641,0,0,0,1,0,0
bHph-L-L-P-Bn_Gly-F,-5.91,2643,1.0310999999999995,0.44439999999999996,0.44439999999999996,-0.177,0.8607999999999996,0.641,0,0,0,0,0,0
bHph-L-L-P-L-F,-6.47,2600,1.0310999999999995,0.44439999999999996,0.44439999999999996,-0.177,0.44439999999999996,0.641,0,0,0,0,0,0
bHph-L-L-P-Me_dL-F,-5.54,2612,1.0310999999999995,0.44439999999999996,0.44439999999999996,-0.177,0.7051000000000001,0.641,0,0,0,0,0,0
bHph-L-L-P-dL-F,-6.32,2597,1.0310999999999995,0.44439999999999996,0.44439999999999996,-0.177,0.44439999999999996,0.641,0,0,0,0,1,0
bHph-L-L-P-meL-F,-5.67,2618,1.0310999999999995,0.44439999999999996,0.44439999999999996,-0.177,0.7051000000000001,0.641,0,0,0,0,0,0
bHph-L-L-dP-L-F,-5.14,2521,1.0310999999999995,0.44439999999999996,0.44439999999999996,-0.177,0.44439999999999996,0.641,0,0,0,1,0,0
bHph-L-L-dP-Me_dL-F,-5.36,2531,1.0310999999999995,0.44439999999999996,0.44439999999999996,-0.177,0.7051000000000001,0.641,0,0,0,1,0,0
bHph-L-L-dP-dL-F,-4.85,2520,1.0310999999999995,0.44439999999999996,0.44439999999999996,-0.177,0.44439999999999996,0.641,0,0,0,1,1,0
bHph-L-L-dP-meL-F,-5.39,2535,1.0310999999999995,0.44439999999999996,0.44439999999999996,-0.177,0.7051000000000001,0.641,0,0,0,1,0,0
bHph-L-Me_dL-P-Bn_Gly-F,-5.6,2657,1.0310999999999995,0.44439999999999996,0.7051000000000001,-0.177,0.8607999999999996,0.641,0,0,0,0,0,0
bHph-L-Me_dL-P-L-F,-5.16,2613,1.0310999999999995,0.44439999999999996,0.7051000000000001,-0.177,0.44439999999999996,0.641,0,0,0,0,0,0
bHph-L-Me_dL-P-Me_dL-F,-5.19,2627,1.0310999999999995,0.44439999999999996,0.7051000000000001,-0.177,0.7051000000000001,0.641,0,0,0,0,0,0
bHph-L-Me_dL-P-dL-F,-5.33,2606,1.0310999999999995,0.44439999999999996,0.7051000000000001,-0.177,0.44439999999999996,0.641,0,0,0,0,1,0
bHph-L-Me_dL-P-meL-F,-5.22,2633,1.0310999999999995,0.44439999999999996,0.7051000000000001,-0.177,0.7051000000000001,0.641,0,0,0,0,0,0
bHph-L-Me_dL-dP-Me_dL-F,-5.29,2540,1.0310999999999995,0.44439999999999996,0.7051000000000001,-0.177,0.7051000000000001,0.641,0,0,0,1,0,0
bHph-L-Me_dL-dP-dL-F,-5.48,2526,1.0310999999999995,0.44439999999999996,0.7051000000000001,-0.177,0.44439999999999996,0.641,0,0,0,1,1,0
bHph-L-Me_dL-dP-meL-F,-5.31,2549,1.0310999999999995,0.44439999999999996,0.7051000000000001,-0.177,0.7051000000000001,0.641,0,0,0,1,0,0
bHph-L-bHph-P-L-F,-5.93,2661,1.0310999999999995,0.44439999999999996,1.0310999999999995,-0.177,0.44439999999999996,0.641,0,0,0,0,0,0
bHph-L-bHph-P-dL-F,-5.73,2652,1.0310999999999995,0.44439999999999996,1.0310999999999995,-0.177,0.44439999999999996,0.641,0,0,0,0,1,0
bHph-L-bHph-P-meL-F,-5.61,2675,1.0310999999999995,0.44439999999999996,1.0310999999999995,-0.177,0.7051000000000001,0.641,0,0,0,0,0,0
bHph-L-bHph-dP-L-F,-5.26,2573,1.0310999999999995,0.44439999999999996,1.0310999999999995,-0.177,0.44439999999999996,0.641,0,0,0,1,0,0
bHph-L-bHph-dP-Me_dL-F,-5.54,2579,1.0310999999999995,0.44439999999999996,1.0310999999999995,-0.177,0.7051000000000001,0.641,0,0,0,1,0,0
bHph-L-bHph-dP-dL-F,-4.97,2567,1.0310999999999995,0.44439999999999996,1.0310999999999995,-0.177,0.44439999999999996,0.641,0,0,0,1,1,0
bHph-L-bHph-dP-meL-F,-5.37,2583,1.0310999999999995,0.44439999999999996,1.0310999999999995,-0.177,0.7051000000000001,0.641,0,0,0,1,0,0
bHph-L-dL-P-Bn_Gly-F,-5.57,2638,1.0310999999999995,0.44439999999999996,0.44439999999999996,-0.177,0.8607999999999996,0.641,0,0,1,0,0,0
bHph-L-dL-P-L-F,-4.84,2599,1.0310999999999995,0.44439999999999996,0.44439999999999996,-0.177,0.44439999999999996,0.641,0,0,1,0,0,0
bHph-L-dL-P-Me_dL-F,-4.97,2608,1.0310999999999995,0.44439999999999996,0.44439999999999996,-0.177,0.7051000000000001,0.641,0,0,1,0,0,0
bHph-L-dL-P-dL-F,-5.56,2595,1.0310999999999995,0.44439999999999996,0.44439999999999996,-0.177,0.44439999999999996,0.641,0,0,1,0,1,0
bHph-L-dL-P-meL-F,-5.05,2614,1.0310999999999995,0.44439999999999996,0.44439999999999996,-0.177,0.7051000000000001,0.641,0,0,1,0,0,0
bHph-L-dL-dP-Bn_Gly-F,-5.42,2552,1.0310999999999995,0.44439999999999996,0.44439999999999996,-0.177,0.8607999999999996,0.641,0,0,1,1,0,0
bHph-L-dL-dP-L-F,-5.77,2518,1.0310999999999995,0.44439999999999996,0.44439999999999996,-0.177,0.44439999999999996,0.641,0,0,1,1,0,0
bHph-L-dL-dP-Me_dL-F,-5.07,2528,1.0310999999999995,0.44439999999999996,0.44439999999999996,-0.177,0.7051000000000001,0.641,0,0,1,1,0,0
bHph-L-dL-dP-dL-F,-6.02,2516,1.0310999999999995,0.44439999999999996,0.44439999999999996,-0.177,0.44439999999999996,0.641,0,0,1,1,1,0
bHph-L-dL-dP-meL-F,-5.27,2532,1.0310999999999995,0.44439999999999996,0.44439999999999996,-0.177,0.7051000000000001,0.641,0,0,1,1,0,0
bHph-L-meL-P-Bn_Gly-F,-5.39,2664,1.0310999999999995,0.44439999999999996,0.7051000000000001,-0.177,0.8607999999999996,0.641,0,0,0,0,0,0
bHph-L-meL-P-L-F,-5.58,2617,1.0310999999999995,0.44439999999999996,0.7051000000000001,-0.177,0.44439999999999996,0.641,0,0,0,0,0,0
bHph-L-meL-P-dL-F,-6.17,2610,1.0310999999999995,0.44439999999999996,0.7051000000000001,-0.177,0.44439999999999996,0.641,0,0,0,0,1,0
bHph-L-meL-P-meL-F,-5.14,2639,1.0310999999999995,0.44439999999999996,0.7051000000000001,-0.177,0.7051000000000001,0.641,0,0,0,0,0,0
bHph-L-meL-dP-L-F,-5.18,2536,1.0310999999999995,0.44439999999999996,0.7051000000000001,-0.177,0.44439999999999996,0.641,0,0,0,1,0,0
bHph-L-meL-dP-Me_dL-F,-5.21,2551,1.0310999999999995,0.44439999999999996,0.7051000000000001,-0.177,0.7051000000000001,0.641,0,0,0,1,0,0
bHph-L-meL-dP-meL-F,-5.09,2555,1.0310999999999995,0.44439999999999996,0.7051000000000001,-0.177,0.7051000000000001,0.641,0,0,0,1,0,0
bHph-Me_dL-Bn_Gly-P-Me_dL-F,-5.49,2667,1.0310999999999995,0.7051000000000001,0.8607999999999996,-0.177,0.7051000000000001,0.641,0,0,0,0,0,0
bHph-Me_dL-Bn_Gly-P-dL-F,-5.81,2648,1.0310999999999995,0.7051000000000001,0.8607999999999996,-0.177,0.44439999999999996,0.641,0,0,0,0,1,0
bHph-Me_dL-Bn_Gly-P-meL-F,-5.43,2671,1.0310999999999995,0.7051000000000001,0.8607999999999996,-0.177,0.7051000000000001,0.641,0,0,0,0,0,0
bHph-Me_dL-Bn_Gly-dP-Bn_Gly-F,-5.46,2589,1.0310999999999995,0.7051000000000001,0.8607999999999996,-0.177,0.8607999999999996,0.641,0,0,0,1,0,0
bHph-Me_dL-Bn_Gly-dP-dL-F,-5.63,2563,1.0310999999999995,0.7051000000000001,0.8607999999999996,-0.177,0.44439999999999996,0.641,0,0,0,1,1,0
bHph-Me_dL-Bn_Gly-dP-meL-F,-5.82,2580,1.0310999999999995,0.7051000000000001,0.8607999999999996,-0.177,0.7051000000000001,0.641,0,0,0,1,0,0
bHph-Me_dL-L-P-Bn_Gly-F,-5.38,2659,1.0310999999999995,0.7051000000000001,0.44439999999999996,-0.177,0.8607999999999996,0.641,0,0,0,0,0,0
bHph-Me_dL-L-P-L-F,-5.67,2616,1.0310999999999995,0.7051000000000001,0.44439999999999996,-0.177,0.44439999999999996,0.641,0,0,0,0,0,0
bHph-Me_dL-L-P-Me_dL-F,-5.24,2628,1.0310999999999995,0.7051000000000001,0.44439999999999996,-0.177,0.7051000000000001,0.641,0,0,0,0,0,0
bHph-Me_dL-L-P-dL-F,-5.37,2609,1.0310999999999995,0.7051000000000001,0.44439999999999996,-0.177,0.44439999999999996,0.641,0,0,0,0,1,0
bHph-Me_dL-L-P-meL-F,-5.1,2634,1.0310999999999995,0.7051000000000001,0.44439999999999996,-0.177,0.7051000000000001,0.641,0,0,0,0,0,0
bHph-Me_dL-L-dP-Bn_Gly-F,-5.56,2572,1.0310999999999995,0.7051000000000001,0.44439999999999996,-0.177,0.8607999999999996,0.641,0,0,0,1,0,0
bHph-Me_dL-L-dP-L-F,-5.26,2533,1.0310999999999995,0.7051000000000001,0.44439999999999996,-0.177,0.44439999999999996,0.641,0,0,0,1,0,0
bHph-Me_dL-L-dP-Me_dL-F,-5.32,2544,1.0310999999999995,0.7051000000000001,0.44439999999999996,-0.177,0.7051000000000001,0.641,0,0,0,1,0,0
bHph-Me_dL-L-dP-dL-F,-5.17,2530,1.0310999999999995,0.7051000000000001,0.44439999999999996,-0.177,0.44439999999999996,0.641,0,0,0,1,1,0
bHph-Me_dL-Me_dL-P-Me_dL-F,-5.16,2644,1.0310999999999995,0.7051000000000001,0.7051000000000001,-0.177,0.7051000000000001,0.641,0,0,0,0,0,0
bHph-Me_dL-Me_dL-P-dL-F,-5.22,2621,1.0310999999999995,0.7051000000000001,0.7051000000000001,-0.177,0.44439999999999996,0.641,0,0,0,0,1,0
bHph-Me_dL-Me_dL-dP-Me_dL-F,-5.32,2559,1.0310999999999995,0.7051000000000001,0.7051000000000001,-0.177,0.7051000000000001,0.641,0,0,0,1,0,0
bHph-Me_dL-bHph-P-Bn_Gly-F,-5.56,2687,1.0310999999999995,0.7051000000000001,1.0310999999999995,-0.177,0.8607999999999996,0.641,0,0,0,0,0,0
bHph-Me_dL-bHph-P-L-F,-5.72,2670,1.0310999999999995,0.7051000000000001,1.0310999999999995,-0.177,0.44439999999999996,0.641,0,0,0,0,0,0
bHph-Me_dL-bHph-P-meL-F,-5.41,2680,1.0310999999999995,0.7051000000000001,1.0310999999999995,-0.177,0.7051000000000001,0.641,0,0,0,0,0,0
bHph-Me_dL-dL-P-Bn_Gly-F,-5.31,2649,1.0310999999999995,0.7051000000000001,0.44439999999999996,-0.177,0.8607999999999996,0.641,0,0,1,0,0,0
bHph-Me_dL-dL-P-Me_dL-F,-5.11,2622,1.0310999999999995,0.7051000000000001,0.44439999999999996,-0.177,0.7051000000000001,0.641,0,0,1,0,0,0
bHph-Me_dL-dL-P-dL-F,-5.19,2603,1.0310999999999995,0.7051000000000001,0.44439999999999996,-0.177,0.44439999999999996,0.641,0,0,1,0,1,0
bHph-Me_dL-dL-P-meL-F,-5.11,2626,1.0310999999999995,0.7051000000000001,0.44439999999999996,-0.177,0.7051000000000001,0.641,0,0,1,0,0,0
bHph-Me_dL-dL-dP-Bn_Gly-F,-5.48,2564,1.0310999999999995,0.7051000000000001,0.44439999999999996,-0.177,0.8607999999999996,0.641,0,0,1,1,0,0
bHph-Me_dL-dL-dP-Me_dL-F,-5.09,2538,1.0310999999999995,0.7051000000000001,0.44439999999999996,-0.177,0.7051000000000001,0.641,0,0,1,1,0,0
bHph-Me_dL-dL-dP-dL-F,-5.92,2524,1.0310999999999995,0.7051000000000001,0.44439999999999996,-0.177,0.44439999999999996,0.641,0,0,1,1,1,0
bHph-Me_dL-dL-dP-meL-F,-5.11,2543,1.0310999999999995,0.7051000000000001,0.44439999999999996,-0.177,0.7051000000000001,0.641,0,0,1,1,0,0
bHph-Me_dL-meL-P-Me_dL-F,-5.25,2645,1.0310999999999995,0.7051000000000001,0.7051000000000001,-0.177,0.7051000000000001,0.641,0,0,0,0,0,0
bHph-Me_dL-meL-P-dL-F,-5.21,2624,1.0310999999999995,0.7051000000000001,0.7051000000000001,-0.177,0.44439999999999996,0.641,0,0,0,0,1,0
bHph-Me_dL-meL-P-meL-F,-5.19,2650,1.0310999999999995,0.7051000000000001,0.7051000000000001,-0.177,0.7051000000000001,0.641,0,0,0,0,0,0
bHph-Me_dL-meL-dP-Me_dL-F,-5.38,2561,1.0310999999999995,0.7051000000000001,0.7051000000000001,-0.177,0.7051000000000001,0.641,0,0,0,1,0,0
bHph-Me_dL-meL-dP-meL-F,-5.53,2566,1.0310999999999995,0.7051000000000001,0.7051000000000001,-0.177,0.7051000000000001,0.641,0,0,0,1,0,0
bHph-dL-Bn_Gly-P-Bn_Gly-F,-6.02,2673,1.0310999999999995,0.44439999999999996,0.8607999999999996,-0.177,0.8607999999999996,0.641,0,1,0,0,0,0
bHph-dL-Bn_Gly-P-L-F,-5.55,2636,1.0310999999999995,0.44439999999999996,0.8607999999999996,-0.177,0.44439999999999996,0.641,0,1,0,0,0,0
bHph-dL-Bn_Gly-P-dL-F,-5.7,2630,1.0310999999999995,0.44439999999999996,0.8607999999999996,-0.177,0.44439999999999996,0.641,0,1,0,0,1,0
bHph-dL-Bn_Gly-P-meL-F,-5.57,2654,1.0310999999999995,0.44439999999999996,0.8607999999999996,-0.177,0.7051000000000001,0.641,0,1,0,0,0,0
bHph-dL-Bn_Gly-dP-Bn_Gly-F,-5.79,2582,1.0310999999999995,0.44439999999999996,0.8607999999999996,-0.177,0.8607999999999996,0.641,0,1,0,1,0,0
bHph-dL-Bn_Gly-dP-dL-F,-5.3,2547,1.0310999999999995,0.44439999999999996,0.8607999999999996,-0.177,0.44439999999999996,0.641,0,1,0,1,1,0
bHph-dL-L-P-Bn_Gly-F,-5.83,2637,1.0310999999999995,0.44439999999999996,0.44439999999999996,-0.177,0.8607999999999996,0.641,0,1,0,0,0,0
bHph-dL-L-P-L-F,-5.78,2598,1.0310999999999995,0.44439999999999996,0.44439999999999996,-0.177,0.44439999999999996,0.641,0,1,0,0,0,0
bHph-dL-L-P-Me_dL-F,-5.65,2607,1.0310999999999995,0.44439999999999996,0.44439999999999996,-0.177,0.7051000000000001,0.641,0,1,0,0,0,0
bHph-dL-L-P-dL-F,-5.92,2596,1.0310999999999995,0.44439999999999996,0.44439999999999996,-0.177,0.44439999999999996,0.641,0,1,0,0,1,0
bHph-dL-L-P-meL-F,-5.7,2611,1.0310999999999995,0.44439999999999996,0.44439999999999996,-0.177,0.7051000000000001,0.641,0,1,0,0,0,0
bHph-dL-L-dP-Bn_Gly-F,-5.74,2554,1.0310999999999995,0.44439999999999996,0.44439999999999996,-0.177,0.8607999999999996,0.641,0,1,0,1,0,0
bHph-dL-L-dP-L-F,-4.8,2519,1.0310999999999995,0.44439999999999996,0.44439999999999996,-0.177,0.44439999999999996,0.641,0,1,0,1,0,0
bHph-dL-L-dP-Me_dL-F,-5.38,2529,1.0310999999999995,0.44439999999999996,0.44439999999999996,-0.177,0.7051000000000001,0.641,0,1,0,1,0,0
bHph-dL-L-dP-dL-F,-5.03,2517,1.0310999999999995,0.44439999999999996,0.44439999999999996,-0.177,0.44439999999999996,0.641,0,1,0,1,1,0
bHph-dL-L-dP-meL-F,-5.12,2534,1.0310999999999995,0.44439999999999996,0.44439999999999996,-0.177,0.7051000000000001,0.641,0,1,0,1,0,0
bHph-dL-Me_dL-P-Me_dL-F,-5.13,2620,1.0310999999999995,0.44439999999999996,0.7051000000000001,-0.177,0.7051000000000001,0.641,0,1,0,0,0,0
bHph-dL-Me_dL-P-dL-F,-5.26,2601,1.0310999999999995,0.44439999999999996,0.7051000000000001,-0.177,0.44439999999999996,0.641,0,1,0,0,1,0
bHph-dL-Me_dL-dP-L-F,-5.77,2525,1.0310999999999995,0.44439999999999996,0.7051000000000001,-0.177,0.44439999999999996,0.641,0,1,0,1,0,0
bHph-dL-Me_dL-dP-dL-F,-5.12,2522,1.0310999999999995,0.44439999999999996,0.7051000000000001,-0.177,0.44439999999999996,0.641,0,1,0,1,1,0
bHph-dL-Me_dL-dP-meL-F,-5.1,2539,1.0310999999999995,0.44439999999999996,0.7051000000000001,-0.177,0.7051000000000001,0.641,0,1,0,1,0,0
bHph-dL-bHph-P-Bn_Gly-F,-6.2,2681,1.0310999999999995,0.44439999999999996,1.0310999999999995,-0.177,0.8607999999999996,0.641,0,1,0,0,0,0
bHph-dL-bHph-P-L-F,-5.69,2653,1.0310999999999995,0.44439999999999996,1.0310999999999995,-0.177,0.44439999999999996,0.641,0,1,0,0,0,0
bHph-dL-bHph-P-Me_dL-F,-5.88,2666,1.0310999999999995,0.44439999999999996,1.0310999999999995,-0.177,0.7051000000000001,0.641,0,1,0,0,0,0
bHph-dL-bHph-P-dL-F,-5.73,2647,1.0310999999999995,0.44439999999999996,1.0310999999999995,-0.177,0.44439999999999996,0.641,0,1,0,0,1,0
bHph-dL-bHph-P-meL-F,-5.68,2668,1.0310999999999995,0.44439999999999996,1.0310999999999995,-0.177,0.7051000000000001,0.641,0,1,0,0,0,0
bHph-dL-bHph-dP-Bn_Gly-F,-5.76,2588,1.0310999999999995,0.44439999999999996,1.0310999999999995,-0.177,0.8607999999999996,0.641,0,1,0,1,0,0
bHph-dL-bHph-dP-L-F,-5.01,2569,1.0310999999999995,0.44439999999999996,1.0310999999999995,-0.177,0.44439999999999996,0.641,0,1,0,1,0,0
bHph-dL-bHph-dP-Me_dL-F,-5.55,2577,1.0310999999999995,0.44439999999999996,1.0310999999999995,-0.177,0.7051000000000001,0.641,0,1,0,1,0,0
bHph-dL-bHph-dP-dL-F,-5.3,2562,1.0310999999999995,0.44439999999999996,1.0310999999999995,-0.177,0.44439999999999996,0.641,0,1,0,1,1,0
bHph-dL-bHph-dP-meL-F,-5.63,2578,1.0310999999999995,0.44439999999999996,1.0310999999999995,-0.177,0.7051000000000001,0.641,0,1,0,1,0,0
bHph-dL-dL-P-Bn_Gly-F,-5.47,2631,1.0310999999999995,0.44439999999999996,0.44439999999999996,-0.177,0.8607999999999996,0.641,0,1,1,0,0,0
bHph-dL-dL-P-Me_dL-F,-5.36,2602,1.0310999999999995,0.44439999999999996,0.44439999999999996,-0.177,0.7051000000000001,0.641,0,1,1,0,0,0
bHph-dL-dL-P-dL-F,-5.81,2594,1.0310999999999995,0.44439999999999996,0.44439999999999996,-0.177,0.44439999999999996,0.641,0,1,1,0,1,0
bHph-dL-dL-P-meL-F,-5.13,2605,1.0310999999999995,0.44439999999999996,0.44439999999999996,-0.177,0.7051000000000001,0.641,0,1,1,0,0,0
bHph-dL-dL-dP-Bn_Gly-F,-5.82,2546,1.0310999999999995,0.44439999999999996,0.44439999999999996,-0.177,0.8607999999999996,0.641,0,1,1,1,0,0
bHph-dL-dL-dP-L-F,-6.52,2515,1.0310999999999995,0.44439999999999996,0.44439999999999996,-0.177,0.44439999999999996,0.641,0,1,1,1,0,0
bHph-dL-dL-dP-Me_dL-F,-5.32,2523,1.0310999999999995,0.44439999999999996,0.44439999999999996,-0.177,0.7051000000000001,0.641,0,1,1,1,0,0
bHph-dL-dL-dP-dL-F,-6.15,2514,1.0310999999999995,0.44439999999999996,0.44439999999999996,-0.177,0.44439999999999996,0.641,0,1,1,1,1,0
bHph-dL-meL-P-Bn_Gly-F,-5.28,2658,1.0310999999999995,0.44439999999999996,0.7051000000000001,-0.177,0.8607999999999996,0.641,0,1,0,0,0,0
bHph-dL-meL-P-L-F,-5.41,2615,1.0310999999999995,0.44439999999999996,0.7051000000000001,-0.177,0.44439999999999996,0.641,0,1,0,0,0,0
bHph-dL-meL-P-Me_dL-F,-5.33,2623,1.0310999999999995,0.44439999999999996,0.7051000000000001,-0.177,0.7051000000000001,0.641,0,1,0,0,0,0
bHph-dL-meL-P-dL-F,-5.49,2604,1.0310999999999995,0.44439999999999996,0.7051000000000001,-0.177,0.44439999999999996,0.641,0,1,0,0,1,0
bHph-dL-meL-P-meL-F,-5.02,2632,1.0310999999999995,0.44439999999999996,0.7051000000000001,-0.177,0.7051000000000001,0.641,0,1,0,0,0,0
bHph-dL-meL-dP-Bn_Gly-F,-5.13,2571,1.0310999999999995,0.44439999999999996,0.7051000000000001,-0.177,0.8607999999999996,0.641,0,1,0,1,0,0
bHph-dL-meL-dP-Me_dL-F,-5.35,2542,1.0310999999999995,0.44439999999999996,0.7051000000000001,-0.177,0.7051000000000001,0.641,0,1,0,1,0,0
bHph-dL-meL-dP-dL-F,-5.6,2527,1.0310999999999995,0.44439999999999996,0.7051000000000001,-0.177,0.44439999999999996,0.641,0,1,0,1,1,0
bHph-dL-meL-dP-meL-F,-5.5,2550,1.0310999999999995,0.44439999999999996,0.7051000000000001,-0.177,0.7051000000000001,0.641,0,1,0,1,0,0
bHph-meL-Bn_Gly-P-Bn_Gly-F,-5.46,2685,1.0310999999999995,0.7051000000000001,0.8607999999999996,-0.177,0.8607999999999996,0.641,0,0,0,0,0,0
bHph-meL-Bn_Gly-P-L-F,-5.69,2662,1.0310999999999995,0.7051000000000001,0.8607999999999996,-0.177,0.44439999999999996,0.641,0,0,0,0,0,0
bHph-meL-Bn_Gly-P-Me_dL-F,-5.33,2669,1.0310999999999995,0.7051000000000001,0.8607999999999996,-0.177,0.7051000000000001,0.641,0,0,0,0,0,0
bHph-meL-Bn_Gly-P-dL-F,-5.93,2651,1.0310999999999995,0.7051000000000001,0.8607999999999996,-0.177,0.44439999999999996,0.641,0,0,0,0,1,0
bHph-meL-Bn_Gly-P-meL-F,-5.29,2677,1.0310999999999995,0.7051000000000001,0.8607999999999996,-0.177,0.7051000000000001,0.641,0,0,0,0,0,0
bHph-meL-Bn_Gly-dP-Bn_Gly-F,-5.83,2591,1.0310999999999995,0.7051000000000001,0.8607999999999996,-0.177,0.8607999999999996,0.641,0,0,0,1,0,0
bHph-meL-Bn_Gly-dP-L-F,-5.48,2574,1.0310999999999995,0.7051000000000001,0.8607999999999996,-0.177,0.44439999999999996,0.641,0,0,0,1,0,0
bHph-meL-Bn_Gly-dP-Me_dL-F,-5.41,2581,1.0310999999999995,0.7051000000000001,0.8607999999999996,-0.177,0.7051000000000001,0.641,0,0,0,1,0,0
bHph-meL-Bn_Gly-dP-meL-F,-5.37,2584,1.0310999999999995,0.7051000000000001,0.8607999999999996,-0.177,0.7051000000000001,0.641,0,0,0,1,0,0
bHph-meL-L-P-Bn_Gly-F,-5.39,2665,1.0310999999999995,0.7051000000000001,0.44439999999999996,-0.177,0.8607999999999996,0.641,0,0,0,0,0,0
bHph-meL-L-P-L-F,-5.74,2619,1.0310999999999995,0.7051000000000001,0.44439999999999996,-0.177,0.44439999999999996,0.641,0,0,0,0,0,0
bHph-meL-L-P-Me_dL-F,-5.26,2635,1.0310999999999995,0.7051000000000001,0.44439999999999996,-0.177,0.7051000000000001,0.641,0,0,0,0,0,0
bHph-meL-L-P-meL-F,-5.18,2640,1.0310999999999995,0.7051000000000001,0.44439999999999996,-0.177,0.7051000000000001,0.641,0,0,0,0,0,0
bHph-meL-L-dP-L-F,-5.39,2537,1.0310999999999995,0.7051000000000001,0.44439999999999996,-0.177,0.44439999999999996,0.641,0,0,0,1,0,0
bHph-meL-L-dP-Me_dL-F,-5.34,2548,1.0310999999999995,0.7051000000000001,0.44439999999999996,-0.177,0.7051000000000001,0.641,0,0,0,1,0,0
bHph-meL-L-dP-meL-F,-5.31,2556,1.0310999999999995,0.7051000000000001,0.44439999999999996,-0.177,0.7051000000000001,0.641,0,0,0,1,0,0
bHph-meL-Me_dL-P-Bn_Gly-F,-5.52,2672,1.0310999999999995,0.7051000000000001,0.7051000000000001,-0.177,0.8607999999999996,0.641,0,0,0,0,0,0
bHph-meL-Me_dL-P-Me_dL-F,-5.29,2646,1.0310999999999995,0.7051000000000001,0.7051000000000001,-0.177,0.7051000000000001,0.641,0,0,0,0,0,0
bHph-meL-Me_dL-dP-Me_dL-F,-5.24,2560,1.0310999999999995,0.7051000000000001,0.7051000000000001,-0.177,0.7051000000000001,0.641,0,0,0,1,0,0
bHph-meL-bHph-P-Bn_Gly-F,-5.54,2688,1.0310999999999995,0.7051000000000001,1.0310999999999995,-0.177,0.8607999999999996,0.641,0,0,0,0,0,0
bHph-meL-bHph-P-L-F,-5.71,2674,1.0310999999999995,0.7051000000000001,1.0310999999999995,-0.177,0.44439999999999996,0.641,0,0,0,0,0,0
bHph-meL-bHph-P-meL-F,-5.32,2683,1.0310999999999995,0.7051000000000001,1.0310999999999995,-0.177,0.7051000000000001,0.641,0,0,0,0,0,0
bHph-meL-bHph-dP-Me_dL-F,-4.99,2586,1.0310999999999995,0.7051000000000001,1.0310999999999995,-0.177,0.7051000000000001,0.641,0,0,0,1,0,0
bHph-meL-dL-P-Bn_Gly-F,-5.48,2655,1.0310999999999995,0.7051000000000001,0.44439999999999996,-0.177,0.8607999999999996,0.641,0,0,1,0,0,0
bHph-meL-dL-P-Me_dL-F,-5.16,2625,1.0310999999999995,0.7051000000000001,0.44439999999999996,-0.177,0.7051000000000001,0.641,0,0,1,0,0,0
bHph-meL-dL-dP-Bn_Gly-F,-6.19,2568,1.0310999999999995,0.7051000000000001,0.44439999999999996,-0.177,0.8607999999999996,0.641,0,0,1,1,0,0
bHph-meL-dL-dP-Me_dL-F,-5.0,2541,1.0310999999999995,0.7051000000000001,0.44439999999999996,-0.177,0.7051000000000001,0.641,0,0,1,1,0,0
bHph-meL-meL-P-Bn_Gly-F,-5.23,2676,1.0310999999999995,0.7051000000000001,0.7051000000000001,-0.177,0.8607999999999996,0.641,0,0,0,0,0,0
bHph-meL-meL-P-meL-F,-5.29,2660,1.0310999999999995,0.7051000000000001,0.7051000000000001,-0.177,0.7051000000000001,0.641,0,0,0,0,0,0
bHph-meL-meL-dP-Me_dL-F,-5.21,2565,1.0310999999999995,0.7051000000000001,0.7051000000000001,-0.177,0.7051000000000001,0.641,0,0,0,1,0,0
d(N->O)Gly(allyl)-P-I-meV-meA-Bal,-6.29,942,0.008000000000000007,-0.177,0.44439999999999996,0.3149999999999997,-0.3211000000000002,-0.5802,1,0,0,0,0,0
d(N->O)Leu-P-I-V-meA-Bal,-6.66,943,0.478,-0.177,0.44439999999999996,0.05430000000000007,-0.3211000000000002,-0.5802,1,0,0,0,0,0
d(N->O)Leu-P-I-meV-meA-Bal,-5.29,940,0.478,-0.177,0.44439999999999996,0.3149999999999997,-0.3211000000000002,-0.5802,1,0,0,0,0,0
d(N->O)Leu-P-V-meV-meA-Bal,-5.89,941,0.478,-0.177,0.05430000000000007,0.3149999999999997,-0.3211000000000002,-0.5802,1,0,0,0,0,0
dA-A-meA-A-meA-A,-8.0,1094,-0.5817999999999999,-0.5817999999999999,-0.3211000000000002,-0.5817999999999999,-0.3211000000000002,-0.5817999999999999,1,0,0,0,0,0
dA-Bn_Gly-Bn_Gly-P-Bn_Gly-F,-6.06,3024,-0.5817999999999999,0.8607999999999996,0.8607999999999996,-0.177,0.8607999999999996,0.641,1,0,0,0,0,0
dA-Bn_Gly-Bn_Gly-dP-Bn_Gly-F,-6.17,3215,-0.5817999999999999,0.8607999999999996,0.8607999999999996,-0.177,0.8607999999999996,0.641,1,0,0,1,0,0
dA-Bn_Gly-L-P-L-F,-6.08,2979,-0.5817999999999999,0.8607999999999996,0.44439999999999996,-0.177,0.44439999999999996,0.641,1,0,0,0,0,0
dA-Bn_Gly-L-dP-L-F,-6.06,3170,-0.5817999999999999,0.8607999999999996,0.44439999999999996,-0.177,0.44439999999999996,0.641,1,0,0,1,0,0
dA-Bn_Gly-Me_dL-P-Me_dL-F,-5.44,3002,-0.5817999999999999,0.8607999999999996,0.7051000000000001,-0.177,0.7051000000000001,0.641,1,0,0,0,0,0
dA-Bn_Gly-Me_dL-dP-Me_dL-F,-5.48,3197,-0.5817999999999999,0.8607999999999996,0.7051000000000001,-0.177,0.7051000000000001,0.641,1,0,0,1,0,0
dA-Bn_Gly-bHph-P-Bn_Gly-F,-5.65,3025,-0.5817999999999999,0.8607999999999996,1.0310999999999995,-0.177,0.8607999999999996,0.641,1,0,0,0,0,0
dA-Bn_Gly-bHph-P-L-F,-6.07,3019,-0.5817999999999999,0.8607999999999996,1.0310999999999995,-0.177,0.44439999999999996,0.641,1,0,0,0,0,0
dA-Bn_Gly-bHph-P-dL-F,-6.33,3017,-0.5817999999999999,0.8607999999999996,1.0310999999999995,-0.177,0.44439999999999996,0.641,1,0,0,0,1,0
dA-Bn_Gly-bHph-P-meL-F,-5.53,3023,-0.5817999999999999,0.8607999999999996,1.0310999999999995,-0.177,0.7051000000000001,0.641,1,0,0,0,0,0
dA-Bn_Gly-bHph-dP-meL-F,-5.63,3214,-0.5817999999999999,0.8607999999999996,1.0310999999999995,-0.177,0.7051000000000001,0.641,1,0,0,1,0,0
dA-Bn_Gly-dL-P-dL-F,-6.2,2965,-0.5817999999999999,0.8607999999999996,0.44439999999999996,-0.177,0.44439999999999996,0.641,1,0,1,0,1,0
dA-Bn_Gly-dL-dP-dL-F,-6.42,3153,-0.5817999999999999,0.8607999999999996,0.44439999999999996,-0.177,0.44439999999999996,0.641,1,0,1,1,1,0
dA-Bn_Gly-meL-P-meL-F,-5.44,3010,-0.5817999999999999,0.8607999999999996,0.7051000000000001,-0.177,0.7051000000000001,0.641,1,0,0,0,0,0
dA-Bn_Gly-meL-dP-meL-F,-5.27,3206,-0.5817999999999999,0.8607999999999996,0.7051000000000001,-0.177,0.7051000000000001,0.641,1,0,0,1,0,0
dA-G-F-L-P-Y,-7.52,1083,-0.5817999999999999,-0.9702999999999999,0.641,0.44439999999999996,-0.177,0.3466,1,0,0,0,0,0
dA-G-F-dL-L-Y,-7.7,1080,-0.5817999999999999,-0.9702999999999999,0.641,0.44439999999999996,0.44439999999999996,0.3466,1,0,0,1,0,0
dA-G-F-dL-P-Y,-7.15,1079,-0.5817999999999999,-0.9702999999999999,0.641,0.44439999999999996,-0.177,0.3466,1,0,0,1,0,0
dA-G-dF-L-P-Y,-8.0,1082,-0.5817999999999999,-0.9702999999999999,0.641,0.44439999999999996,-0.177,0.3466,1,0,1,0,0,0
dA-L-Bn_Gly-P-Bn_Gly-F,-6.22,3013,-0.5817999999999999,0.44439999999999996,0.8607999999999996,-0.177,0.8607999999999996,0.641,1,0,0,0,0,0
dA-L-Bn_Gly-P-dL-F,-6.63,2973,-0.5817999999999999,0.44439999999999996,0.8607999999999996,-0.177,0.44439999999999996,0.641,1,0,0,0,1,0
dA-L-Bn_Gly-P-meL-F,-5.59,2997,-0.5817999999999999,0.44439999999999996,0.8607999999999996,-0.177,0.7051000000000001,0.641,1,0,0,0,0,0
dA-L-Bn_Gly-dP-Bn_Gly-F,-5.74,3208,-0.5817999999999999,0.44439999999999996,0.8607999999999996,-0.177,0.8607999999999996,0.641,1,0,0,1,0,0
dA-L-Bn_Gly-dP-L-F,-5.82,3171,-0.5817999999999999,0.44439999999999996,0.8607999999999996,-0.177,0.44439999999999996,0.641,1,0,0,1,0,0
dA-L-Bn_Gly-dP-dL-F,-5.99,3165,-0.5817999999999999,0.44439999999999996,0.8607999999999996,-0.177,0.44439999999999996,0.641,1,0,0,1,1,0
dA-L-Bn_Gly-dP-meL-F,-5.04,3193,-0.5817999999999999,0.44439999999999996,0.8607999999999996,-0.177,0.7051000000000001,0.641,1,0,0,1,0,0
dA-L-L-P-Bn_Gly-F,-6.27,2978,-0.5817999999999999,0.44439999999999996,0.44439999999999996,-0.177,0.8607999999999996,0.641,1,0,0,0,0,0
dA-L-L-P-L-F,-7.02,2935,-0.5817999999999999,0.44439999999999996,0.44439999999999996,-0.177,0.44439999999999996,0.641,1,0,0,0,0,0
dA-L-L-P-Me_dL-F,-6.33,2949,-0.5817999999999999,0.44439999999999996,0.44439999999999996,-0.177,0.7051000000000001,0.641,1,0,0,0,0,0
dA-L-L-P-dL-F,-6.89,2934,-0.5817999999999999,0.44439999999999996,0.44439999999999996,-0.177,0.44439999999999996,0.641,1,0,0,0,1,0
dA-L-L-P-meL-F,-6.27,2952,-0.5817999999999999,0.44439999999999996,0.44439999999999996,-0.177,0.7051000000000001,0.641,1,0,0,0,0,0
dA-L-L-dP-Bn_Gly-F,-5.68,3172,-0.5817999999999999,0.44439999999999996,0.44439999999999996,-0.177,0.8607999999999996,0.641,1,0,0,1,0,0
dA-L-L-dP-L-F,-6.61,3124,-0.5817999999999999,0.44439999999999996,0.44439999999999996,-0.177,0.44439999999999996,0.641,1,0,0,1,0,0
dA-L-L-dP-Me_dL-F,-5.2,3139,-0.5817999999999999,0.44439999999999996,0.44439999999999996,-0.177,0.7051000000000001,0.641,1,0,0,1,0,0
dA-L-L-dP-dL-F,-6.34,3123,-0.5817999999999999,0.44439999999999996,0.44439999999999996,-0.177,0.44439999999999996,0.641,1,0,0,1,1,0
dA-L-L-dP-meL-F,-5.64,3142,-0.5817999999999999,0.44439999999999996,0.44439999999999996,-0.177,0.7051000000000001,0.641,1,0,0,1,0,0
dA-L-Me_dL-P-Bn_Gly-F,-5.78,2992,-0.5817999999999999,0.44439999999999996,0.7051000000000001,-0.177,0.8607999999999996,0.641,1,0,0,0,0,0
dA-L-Me_dL-P-dL-F,-5.85,2943,-0.5817999999999999,0.44439999999999996,0.7051000000000001,-0.177,0.44439999999999996,0.641,1,0,0,0,1,0
dA-L-Me_dL-P-meL-F,-5.78,2968,-0.5817999999999999,0.44439999999999996,0.7051000000000001,-0.177,0.7051000000000001,0.641,1,0,0,0,0,0
dA-L-Me_dL-dP-Bn_Gly-F,-5.9,3185,-0.5817999999999999,0.44439999999999996,0.7051000000000001,-0.177,0.8607999999999996,0.641,1,0,0,1,0,0
dA-L-Me_dL-dP-L-F,-6.15,3137,-0.5817999999999999,0.44439999999999996,0.7051000000000001,-0.177,0.44439999999999996,0.641,1,0,0,1,0,0
dA-L-Me_dL-dP-Me_dL-F,-6.27,3147,-0.5817999999999999,0.44439999999999996,0.7051000000000001,-0.177,0.7051000000000001,0.641,1,0,0,1,0,0
dA-L-Me_dL-dP-dL-F,-5.93,3132,-0.5817999999999999,0.44439999999999996,0.7051000000000001,-0.177,0.44439999999999996,0.641,1,0,0,1,1,0
dA-L-Me_dL-dP-meL-F,-5.47,3158,-0.5817999999999999,0.44439999999999996,0.7051000000000001,-0.177,0.7051000000000001,0.641,1,0,0,1,0,0
dA-L-bHph-P-Bn_Gly-F,-5.96,3020,-0.5817999999999999,0.44439999999999996,1.0310999999999995,-0.177,0.8607999999999996,0.641,1,0,0,0,0,0
dA-L-bHph-P-L-F,-6.61,2995,-0.5817999999999999,0.44439999999999996,1.0310999999999995,-0.177,0.44439999999999996,0.641,1,0,0,0,0,0
dA-L-bHph-P-dL-F,-6.86,2989,-0.5817999999999999,0.44439999999999996,1.0310999999999995,-0.177,0.44439999999999996,0.641,1,0,0,0,1,0
dA-L-bHph-dP-Bn_Gly-F,-5.8,3212,-0.5817999999999999,0.44439999999999996,1.0310999999999995,-0.177,0.8607999999999996,0.641,1,0,0,1,0,0
dA-L-bHph-dP-dL-F,-5.06,3188,-0.5817999999999999,0.44439999999999996,1.0310999999999995,-0.177,0.44439999999999996,0.641,1,0,0,1,1,0
dA-L-dL-P-Bn_Gly-F,-6.32,2975,-0.5817999999999999,0.44439999999999996,0.44439999999999996,-0.177,0.8607999999999996,0.641,1,0,1,0,0,0
dA-L-dL-P-dL-F,-6.22,2932,-0.5817999999999999,0.44439999999999996,0.44439999999999996,-0.177,0.44439999999999996,0.641,1,0,1,0,1,0
dA-L-dL-P-meL-F,-5.87,2948,-0.5817999999999999,0.44439999999999996,0.44439999999999996,-0.177,0.7051000000000001,0.641,1,0,1,0,0,0
dA-L-dL-dP-Bn_Gly-F,-5.89,3164,-0.5817999999999999,0.44439999999999996,0.44439999999999996,-0.177,0.8607999999999996,0.641,1,0,1,1,0,0
dA-L-dL-dP-Me_dL-F,-5.85,3131,-0.5817999999999999,0.44439999999999996,0.44439999999999996,-0.177,0.7051000000000001,0.641,1,0,1,1,0,0
dA-L-dL-dP-dL-F,-6.34,3121,-0.5817999999999999,0.44439999999999996,0.44439999999999996,-0.177,0.44439999999999996,0.641,1,0,1,1,1,0
dA-L-meL-P-Me_dL-F,-6.47,2966,-0.5817999999999999,0.44439999999999996,0.7051000000000001,-0.177,0.7051000000000001,0.641,1,0,0,0,0,0
dA-L-meL-P-dL-F,-7.12,2946,-0.5817999999999999,0.44439999999999996,0.7051000000000001,-0.177,0.44439999999999996,0.641,1,0,0,0,1,0
dA-L-meL-P-meL-F,-6.02,2976,-0.5817999999999999,0.44439999999999996,0.7051000000000001,-0.177,0.7051000000000001,0.641,1,0,0,0,0,0
dA-L-meL-dP-Bn_Gly-F,-5.44,3194,-0.5817999999999999,0.44439999999999996,0.7051000000000001,-0.177,0.8607999999999996,0.641,1,0,0,1,0,0
dA-L-meL-dP-L-F,-5.16,3143,-0.5817999999999999,0.44439999999999996,0.7051000000000001,-0.177,0.44439999999999996,0.641,1,0,0,1,0,0
dA-L-meL-dP-meL-F,-4.81,3168,-0.5817999999999999,0.44439999999999996,0.7051000000000001,-0.177,0.7051000000000001,0.641,1,0,0,1,0,0
dA-Me_dL-Bn_Gly-P-L-F,-6.09,2990,-0.5817999999999999,0.7051000000000001,0.8607999999999996,-0.177,0.44439999999999996,0.641,1,0,0,0,0,0
dA-Me_dL-Bn_Gly-P-Me_dL-F,-5.89,3001,-0.5817999999999999,0.7051000000000001,0.8607999999999996,-0.177,0.7051000000000001,0.641,1,0,0,0,0,0
dA-Me_dL-Bn_Gly-P-meL-F,-5.6,3006,-0.5817999999999999,0.7051000000000001,0.8607999999999996,-0.177,0.7051000000000001,0.641,1,0,0,0,0,0
dA-Me_dL-Bn_Gly-dP-L-F,-6.1,3184,-0.5817999999999999,0.7051000000000001,0.8607999999999996,-0.177,0.44439999999999996,0.641,1,0,0,1,0,0
dA-Me_dL-Bn_Gly-dP-Me_dL-F,-5.69,3198,-0.5817999999999999,0.7051000000000001,0.8607999999999996,-0.177,0.7051000000000001,0.641,1,0,0,1,0,0
dA-Me_dL-Bn_Gly-dP-dL-F,-5.2,3179,-0.5817999999999999,0.7051000000000001,0.8607999999999996,-0.177,0.44439999999999996,0.641,1,0,0,1,1,0
dA-Me_dL-Bn_Gly-dP-meL-F,-5.0,3202,-0.5817999999999999,0.7051000000000001,0.8607999999999996,-0.177,0.7051000000000001,0.641,1,0,0,1,0,0
dA-Me_dL-L-P-Bn_Gly-F,-5.44,2993,-0.5817999999999999,0.7051000000000001,0.44439999999999996,-0.177,0.8607999999999996,0.641,1,0,0,0,0,0
dA-Me_dL-L-P-L-F,-5.89,2951,-0.5817999999999999,0.7051000000000001,0.44439999999999996,-0.177,0.44439999999999996,0.641,1,0,0,0,0,0
dA-Me_dL-L-P-Me_dL-F,-5.3,2960,-0.5817999999999999,0.7051000000000001,0.44439999999999996,-0.177,0.7051000000000001,0.641,1,0,0,0,0,0
dA-Me_dL-L-P-dL-F,-5.8,2945,-0.5817999999999999,0.7051000000000001,0.44439999999999996,-0.177,0.44439999999999996,0.641,1,0,0,0,1,0
dA-Me_dL-L-P-meL-F,-5.3,2970,-0.5817999999999999,0.7051000000000001,0.44439999999999996,-0.177,0.7051000000000001,0.641,1,0,0,0,0,0
dA-Me_dL-L-dP-Bn_Gly-F,-5.18,3189,-0.5817999999999999,0.7051000000000001,0.44439999999999996,-0.177,0.8607999999999996,0.641,1,0,0,1,0,0
dA-Me_dL-L-dP-L-F,-5.42,3140,-0.5817999999999999,0.7051000000000001,0.44439999999999996,-0.177,0.44439999999999996,0.641,1,0,0,1,0,0
dA-Me_dL-L-dP-Me_dL-F,-4.89,3151,-0.5817999999999999,0.7051000000000001,0.44439999999999996,-0.177,0.7051000000000001,0.641,1,0,0,1,0,0
dA-Me_dL-L-dP-dL-F,-5.24,3135,-0.5817999999999999,0.7051000000000001,0.44439999999999996,-0.177,0.44439999999999996,0.641,1,0,0,1,1,0
dA-Me_dL-L-dP-meL-F,-4.91,3162,-0.5817999999999999,0.7051000000000001,0.44439999999999996,-0.177,0.7051000000000001,0.641,1,0,0,1,0,0
dA-Me_dL-Me_dL-P-Bn_Gly-F,-5.37,3003,-0.5817999999999999,0.7051000000000001,0.7051000000000001,-0.177,0.8607999999999996,0.641,1,0,0,0,0,0
dA-Me_dL-Me_dL-P-Me_dL-F,-5.2,2980,-0.5817999999999999,0.7051000000000001,0.7051000000000001,-0.177,0.7051000000000001,0.641,1,0,0,0,0,0
dA-Me_dL-Me_dL-P-dL-F,-5.18,2956,-0.5817999999999999,0.7051000000000001,0.7051000000000001,-0.177,0.44439999999999996,0.641,1,0,0,0,1,0
dA-Me_dL-Me_dL-P-meL-F,-5.35,2983,-0.5817999999999999,0.7051000000000001,0.7051000000000001,-0.177,0.7051000000000001,0.641,1,0,0,0,0,0
dA-Me_dL-bHph-P-Bn_Gly-F,-5.53,3022,-0.5817999999999999,0.7051000000000001,1.0310999999999995,-0.177,0.8607999999999996,0.641,1,0,0,0,0,0
dA-Me_dL-bHph-P-L-F,-5.93,3005,-0.5817999999999999,0.7051000000000001,1.0310999999999995,-0.177,0.44439999999999996,0.641,1,0,0,0,0,0
dA-Me_dL-bHph-P-dL-F,-5.87,3000,-0.5817999999999999,0.7051000000000001,1.0310999999999995,-0.177,0.44439999999999996,0.641,1,0,0,0,1,0
dA-Me_dL-bHph-P-meL-F,-5.41,3015,-0.5817999999999999,0.7051000000000001,1.0310999999999995,-0.177,0.7051000000000001,0.641,1,0,0,0,0,0
dA-Me_dL-bHph-dP-dL-F,-5.81,3196,-0.5817999999999999,0.7051000000000001,1.0310999999999995,-0.177,0.44439999999999996,0.641,1,0,0,1,1,0
dA-Me_dL-bHph-dP-meL-F,-5.3,3209,-0.5817999999999999,0.7051000000000001,1.0310999999999995,-0.177,0.7051000000000001,0.641,1,0,0,1,0,0
dA-Me_dL-dL-P-Bn_Gly-F,-5.53,2985,-0.5817999999999999,0.7051000000000001,0.44439999999999996,-0.177,0.8607999999999996,0.641,1,0,1,0,0,0
dA-Me_dL-dL-P-L-F,-6.06,2944,-0.5817999999999999,0.7051000000000001,0.44439999999999996,-0.177,0.44439999999999996,0.641,1,0,1,0,0,0
dA-Me_dL-dL-P-Me_dL-F,-5.58,2955,-0.5817999999999999,0.7051000000000001,0.44439999999999996,-0.177,0.7051000000000001,0.641,1,0,1,0,0,0
dA-Me_dL-dL-P-dL-F,-5.88,2937,-0.5817999999999999,0.7051000000000001,0.44439999999999996,-0.177,0.44439999999999996,0.641,1,0,1,0,1,0
dA-Me_dL-dL-P-meL-F,-5.38,2959,-0.5817999999999999,0.7051000000000001,0.44439999999999996,-0.177,0.7051000000000001,0.641,1,0,1,0,0,0
dA-Me_dL-dL-dP-Bn_Gly-F,-5.66,3178,-0.5817999999999999,0.7051000000000001,0.44439999999999996,-0.177,0.8607999999999996,0.641,1,0,1,1,0,0
dA-Me_dL-dL-dP-Me_dL-F,-5.43,3144,-0.5817999999999999,0.7051000000000001,0.44439999999999996,-0.177,0.7051000000000001,0.641,1,0,1,1,0,0
dA-Me_dL-dL-dP-dL-F,-6.2,3127,-0.5817999999999999,0.7051000000000001,0.44439999999999996,-0.177,0.44439999999999996,0.641,1,0,1,1,1,0
dA-Me_dL-dL-dP-meL-F,-5.3,3149,-0.5817999999999999,0.7051000000000001,0.44439999999999996,-0.177,0.7051000000000001,0.641,1,0,1,1,0,0
dA-Me_dL-meL-P-Me_dL-F,-5.32,2981,-0.5817999999999999,0.7051000000000001,0.7051000000000001,-0.177,0.7051000000000001,0.641,1,0,0,0,0,0
dA-Me_dL-meL-P-meL-F,-5.27,2986,-0.5817999999999999,0.7051000000000001,0.7051000000000001,-0.177,0.7051000000000001,0.641,1,0,0,0,0,0
dA-Me_dL-meL-dP-Bn_Gly-F,-5.26,3203,-0.5817999999999999,0.7051000000000001,0.7051000000000001,-0.177,0.8607999999999996,0.641,1,0,0,1,0,0
dA-Me_dL-meL-dP-L-F,-5.82,3155,-0.5817999999999999,0.7051000000000001,0.7051000000000001,-0.177,0.44439999999999996,0.641,1,0,0,1,0,0
dA-Me_dL-meL-dP-Me_dL-F,-5.07,3174,-0.5817999999999999,0.7051000000000001,0.7051000000000001,-0.177,0.7051000000000001,0.641,1,0,0,1,0,0
dA-Me_dL-meL-dP-dL-F,-5.07,3150,-0.5817999999999999,0.7051000000000001,0.7051000000000001,-0.177,0.44439999999999996,0.641,1,0,0,1,1,0
dA-Me_dL-meL-dP-meL-F,-4.99,3181,-0.5817999999999999,0.7051000000000001,0.7051000000000001,-0.177,0.7051000000000001,0.641,1,0,0,1,0,0
dA-Mono38-L-Nle-P-Et_Gly,-8.88,1626,-0.5817999999999999,0.08719999999999994,0.44439999999999996,0.5884999999999998,-0.177,-0.31949999999999995,1,0,0,0,0,0
dA-Mono38-L-Nle-P-Mono1,-7.03,1635,-0.5817999999999999,0.08719999999999994,0.44439999999999996,0.5884999999999998,-0.177,0.5894999999999995,1,0,0,0,0,0
dA-Mono38-L-Nle-P-Mono34,-7.92,1630,-0.5817999999999999,0.08719999999999994,0.44439999999999996,0.5884999999999998,-0.177,0.4757,1,0,0,0,0,0
dA-Mono38-L-Nle-dP-Et_Gly,-8.8,1662,-0.5817999999999999,0.08719999999999994,0.44439999999999996,0.5884999999999998,-0.177,-0.31949999999999995,1,0,0,0,1,0
dA-Mono38-L-Nle-dP-Mono1,-7.23,1671,-0.5817999999999999,0.08719999999999994,0.44439999999999996,0.5884999999999998,-0.177,0.5894999999999995,1,0,0,0,1,0
dA-Mono38-L-Nle-dP-Mono34,-7.84,1666,-0.5817999999999999,0.08719999999999994,0.44439999999999996,0.5884999999999998,-0.177,0.4757,1,0,0,0,1,0
dA-Mono38-Me_dL-Nle-P-Et_Gly,-7.68,1752,-0.5817999999999999,0.08719999999999994,0.7051000000000001,0.5884999999999998,-0.177,-0.31949999999999995,1,0,0,0,0,0
dA-Mono38-Me_dL-Nle-P-Mono1,-6.64,1761,-0.5817999999999999,0.08719999999999994,0.7051000000000001,0.5884999999999998,-0.177,0.5894999999999995,1,0,0,0,0,0
dA-Mono38-Me_dL-Nle-P-Mono34,-7.42,1756,-0.5817999999999999,0.08719999999999994,0.7051000000000001,0.5884999999999998,-0.177,0.4757,1,0,0,0,0,0
dA-Mono38-Me_dL-Nle-dP-Et_Gly,-7.19,1788,-0.5817999999999999,0.08719999999999994,0.7051000000000001,0.5884999999999998,-0.177,-0.31949999999999995,1,0,0,0,1,0
dA-Mono38-Me_dL-Nle-dP-Mono1,-6.05,1797,-0.5817999999999999,0.08719999999999994,0.7051000000000001,0.5884999999999998,-0.177,0.5894999999999995,1,0,0,0,1,0
dA-Mono38-Me_dL-Nle-dP-Mono34,-6.66,1792,-0.5817999999999999,0.08719999999999994,0.7051000000000001,0.5884999999999998,-0.177,0.4757,1,0,0,0,1,0
dA-Mono38-dL-Nle-P-Et_Gly,-8.0,1770,-0.5817999999999999,0.08719999999999994,0.44439999999999996,0.5884999999999998,-0.177,-0.31949999999999995,1,0,1,0,0,0
dA-Mono38-dL-Nle-P-Mono1,-6.64,1779,-0.5817999999999999,0.08719999999999994,0.44439999999999996,0.5884999999999998,-0.177,0.5894999999999995,1,0,1,0,0,0
dA-Mono38-dL-Nle-P-Mono34,-7.5,1774,-0.5817999999999999,0.08719999999999994,0.44439999999999996,0.5884999999999998,-0.177,0.4757,1,0,1,0,0,0
dA-Mono38-dL-Nle-dP-Et_Gly,-7.14,1806,-0.5817999999999999,0.08719999999999994,0.44439999999999996,0.5884999999999998,-0.177,-0.31949999999999995,1,0,1,0,1,0
dA-Mono38-dL-Nle-dP-Mono1,-5.89,1815,-0.5817999999999999,0.08719999999999994,0.44439999999999996,0.5884999999999998,-0.177,0.5894999999999995,1,0,1,0,1,0
dA-Mono38-dL-Nle-dP-Mono34,-6.6,1810,-0.5817999999999999,0.08719999999999994,0.44439999999999996,0.5884999999999998,-0.177,0.4757,1,0,1,0,1,0
dA-Mono38-meL-Nle-P-Et_Gly,-7.56,1608,-0.5817999999999999,0.08719999999999994,0.7051000000000001,0.5884999999999998,-0.177,-0.31949999999999995,1,0,0,0,0,0
dA-Mono38-meL-Nle-P-Mono1,-6.54,1617,-0.5817999999999999,0.08719999999999994,0.7051000000000001,0.5884999999999998,-0.177,0.5894999999999995,1,0,0,0,0,0
dA-Mono38-meL-Nle-P-Mono34,-7.04,1612,-0.5817999999999999,0.08719999999999994,0.7051000000000001,0.5884999999999998,-0.177,0.4757,1,0,0,0,0,0
dA-Mono38-meL-Nle-dP-Et_Gly,-7.92,1644,-0.5817999999999999,0.08719999999999994,0.7051000000000001,0.5884999999999998,-0.177,-0.31949999999999995,1,0,0,0,1,0
dA-Mono38-meL-Nle-dP-Mono1,-6.66,1653,-0.5817999999999999,0.08719999999999994,0.7051000000000001,0.5884999999999998,-0.177,0.5894999999999995,1,0,0,0,1,0
dA-Mono38-meL-Nle-dP-Mono34,-7.33,1648,-0.5817999999999999,0.08719999999999994,0.7051000000000001,0.5884999999999998,-0.177,0.4757,1,0,0,0,1,0
dA-cHexCH2_Gly-L-Nle-P-Et_Gly,-6.48,1625,-0.5817999999999999,1.2408999999999997,0.44439999999999996,0.5884999999999998,-0.177,-0.31949999999999995,1,0,0,0,0,0
dA-cHexCH2_Gly-L-Nle-P-Mono1,-5.39,1634,-0.5817999999999999,1.2408999999999997,0.44439999999999996,0.5884999999999998,-0.177,0.5894999999999995,1,0,0,0,0,0
dA-cHexCH2_Gly-L-Nle-P-Mono34,-5.96,1629,-0.5817999999999999,1.2408999999999997,0.44439999999999996,0.5884999999999998,-0.177,0.4757,1,0,0,0,0,0
dA-cHexCH2_Gly-L-Nle-dP-Et_Gly,-6.65,1661,-0.5817999999999999,1.2408999999999997,0.44439999999999996,0.5884999999999998,-0.177,-0.31949999999999995,1,0,0,0,1,0
dA-cHexCH2_Gly-L-Nle-dP-Mono1,-5.56,1670,-0.5817999999999999,1.2408999999999997,0.44439999999999996,0.5884999999999998,-0.177,0.5894999999999995,1,0,0,0,1,0
dA-cHexCH2_Gly-L-Nle-dP-Mono34,-5.86,1665,-0.5817999999999999,1.2408999999999997,0.44439999999999996,0.5884999999999998,-0.177,0.4757,1,0,0,0,1,0
dA-cHexCH2_Gly-Me_dL-Nle-P-Et_Gly,-5.75,1751,-0.5817999999999999,1.2408999999999997,0.7051000000000001,0.5884999999999998,-0.177,-0.31949999999999995,1,0,0,0,0,0
dA-cHexCH2_Gly-Me_dL-Nle-P-Mono1,-5.1,1760,-0.5817999999999999,1.2408999999999997,0.7051000000000001,0.5884999999999998,-0.177,0.5894999999999995,1,0,0,0,0,0
dA-cHexCH2_Gly-Me_dL-Nle-P-Mono34,-5.3,1755,-0.5817999999999999,1.2408999999999997,0.7051000000000001,0.5884999999999998,-0.177,0.4757,1,0,0,0,0,0
dA-cHexCH2_Gly-Me_dL-Nle-dP-Et_Gly,-5.57,1787,-0.5817999999999999,1.2408999999999997,0.7051000000000001,0.5884999999999998,-0.177,-0.31949999999999995,1,0,0,0,1,0
dA-cHexCH2_Gly-Me_dL-Nle-dP-Mono1,-5.13,1796,-0.5817999999999999,1.2408999999999997,0.7051000000000001,0.5884999999999998,-0.177,0.5894999999999995,1,0,0,0,1,0
dA-cHexCH2_Gly-Me_dL-Nle-dP-Mono34,-5.09,1791,-0.5817999999999999,1.2408999999999997,0.7051000000000001,0.5884999999999998,-0.177,0.4757,1,0,0,0,1,0
dA-cHexCH2_Gly-dL-Nle-P-Et_Gly,-6.34,1769,-0.5817999999999999,1.2408999999999997,0.44439999999999996,0.5884999999999998,-0.177,-0.31949999999999995,1,0,1,0,0,0
dA-cHexCH2_Gly-dL-Nle-P-Mono1,-5.42,1778,-0.5817999999999999,1.2408999999999997,0.44439999999999996,0.5884999999999998,-0.177,0.5894999999999995,1,0,1,0,0,0
dA-cHexCH2_Gly-dL-Nle-P-Mono34,-5.81,1773,-0.5817999999999999,1.2408999999999997,0.44439999999999996,0.5884999999999998,-0.177,0.4757,1,0,1,0,0,0
dA-cHexCH2_Gly-dL-Nle-dP-Et_Gly,-6.0,1805,-0.5817999999999999,1.2408999999999997,0.44439999999999996,0.5884999999999998,-0.177,-0.31949999999999995,1,0,1,0,1,0
dA-cHexCH2_Gly-dL-Nle-dP-Mono1,-5.19,1814,-0.5817999999999999,1.2408999999999997,0.44439999999999996,0.5884999999999998,-0.177,0.5894999999999995,1,0,1,0,1,0
dA-cHexCH2_Gly-dL-Nle-dP-Mono34,-5.44,1809,-0.5817999999999999,1.2408999999999997,0.44439999999999996,0.5884999999999998,-0.177,0.4757,1,0,1,0,1,0
dA-cHexCH2_Gly-meL-Nle-P-Et_Gly,-5.32,1607,-0.5817999999999999,1.2408999999999997,0.7051000000000001,0.5884999999999998,-0.177,-0.31949999999999995,1,0,0,0,0,0
dA-cHexCH2_Gly-meL-Nle-P-Mono1,-5.09,1616,-0.5817999999999999,1.2408999999999997,0.7051000000000001,0.5884999999999998,-0.177,0.5894999999999995,1,0,0,0,0,0
dA-cHexCH2_Gly-meL-Nle-P-Mono34,-4.97,1611,-0.5817999999999999,1.2408999999999997,0.7051000000000001,0.5884999999999998,-0.177,0.4757,1,0,0,0,0,0
dA-cHexCH2_Gly-meL-Nle-dP-Et_Gly,-5.98,1643,-0.5817999999999999,1.2408999999999997,0.7051000000000001,0.5884999999999998,-0.177,-0.31949999999999995,1,0,0,0,1,0
dA-cHexCH2_Gly-meL-Nle-dP-Mono1,-5.31,1652,-0.5817999999999999,1.2408999999999997,0.7051000000000001,0.5884999999999998,-0.177,0.5894999999999995,1,0,0,0,1,0
dA-cHexCH2_Gly-meL-Nle-dP-Mono34,-5.47,1647,-0.5817999999999999,1.2408999999999997,0.7051000000000001,0.5884999999999998,-0.177,0.4757,1,0,0,0,1,0
dA-dL-Bn_Gly-P-Bn_Gly-F,-6.22,3008,-0.5817999999999999,0.44439999999999996,0.8607999999999996,-0.177,0.8607999999999996,0.641,1,1,0,0,0,0
dA-dL-Bn_Gly-P-L-F,-6.21,2972,-0.5817999999999999,0.44439999999999996,0.8607999999999996,-0.177,0.44439999999999996,0.641,1,1,0,0,0,0
dA-dL-Bn_Gly-P-Me_dL-F,-6.34,2984,-0.5817999999999999,0.44439999999999996,0.8607999999999996,-0.177,0.7051000000000001,0.641,1,1,0,0,0,0
dA-dL-Bn_Gly-P-dL-F,-6.45,2964,-0.5817999999999999,0.44439999999999996,0.8607999999999996,-0.177,0.44439999999999996,0.641,1,1,0,0,1,0
dA-dL-Bn_Gly-dP-Bn_Gly-F,-6.15,3204,-0.5817999999999999,0.44439999999999996,0.8607999999999996,-0.177,0.8607999999999996,0.641,1,1,0,1,0,0
dA-dL-Bn_Gly-dP-L-F,-6.75,3163,-0.5817999999999999,0.44439999999999996,0.8607999999999996,-0.177,0.44439999999999996,0.641,1,1,0,1,0,0
dA-dL-Bn_Gly-dP-Me_dL-F,-6.09,3177,-0.5817999999999999,0.44439999999999996,0.8607999999999996,-0.177,0.7051000000000001,0.641,1,1,0,1,0,0
dA-dL-Bn_Gly-dP-dL-F,-5.73,3154,-0.5817999999999999,0.44439999999999996,0.8607999999999996,-0.177,0.44439999999999996,0.641,1,1,0,1,1,0
dA-dL-Bn_Gly-dP-meL-F,-5.89,3187,-0.5817999999999999,0.44439999999999996,0.8607999999999996,-0.177,0.7051000000000001,0.641,1,1,0,1,0,0
dA-dL-L-P-Bn_Gly-F,-6.34,2974,-0.5817999999999999,0.44439999999999996,0.44439999999999996,-0.177,0.8607999999999996,0.641,1,1,0,0,0,0
dA-dL-L-P-L-F,-7.26,2933,-0.5817999999999999,0.44439999999999996,0.44439999999999996,-0.177,0.44439999999999996,0.641,1,1,0,0,0,0
dA-dL-L-P-Me_dL-F,-5.85,2942,-0.5817999999999999,0.44439999999999996,0.44439999999999996,-0.177,0.7051000000000001,0.641,1,1,0,0,0,0
dA-dL-L-P-meL-F,-6.31,2947,-0.5817999999999999,0.44439999999999996,0.44439999999999996,-0.177,0.7051000000000001,0.641,1,1,0,0,0,0
dA-dL-L-dP-Bn_Gly-F,-5.48,3166,-0.5817999999999999,0.44439999999999996,0.44439999999999996,-0.177,0.8607999999999996,0.641,1,1,0,1,0,0
dA-dL-L-dP-L-F,-6.8,3122,-0.5817999999999999,0.44439999999999996,0.44439999999999996,-0.177,0.44439999999999996,0.641,1,1,0,1,0,0
dA-dL-L-dP-Me_dL-F,-5.38,3133,-0.5817999999999999,0.44439999999999996,0.44439999999999996,-0.177,0.7051000000000001,0.641,1,1,0,1,0,0
dA-dL-Me_dL-P-L-F,-5.67,2940,-0.5817999999999999,0.44439999999999996,0.7051000000000001,-0.177,0.44439999999999996,0.641,1,1,0,0,0,0
dA-dL-Me_dL-P-Me_dL-F,-6.37,2954,-0.5817999999999999,0.44439999999999996,0.7051000000000001,-0.177,0.7051000000000001,0.641,1,1,0,0,0,0
dA-dL-Me_dL-P-dL-F,-5.69,2938,-0.5817999999999999,0.44439999999999996,0.7051000000000001,-0.177,0.44439999999999996,0.641,1,1,0,0,1,0
dA-dL-Me_dL-P-meL-F,-5.92,2957,-0.5817999999999999,0.44439999999999996,0.7051000000000001,-0.177,0.7051000000000001,0.641,1,1,0,0,0,0
dA-dL-Me_dL-dP-Bn_Gly-F,-6.37,3175,-0.5817999999999999,0.44439999999999996,0.7051000000000001,-0.177,0.8607999999999996,0.641,1,1,0,1,0,0
dA-dL-Me_dL-dP-dL-F,-6.1,3126,-0.5817999999999999,0.44439999999999996,0.7051000000000001,-0.177,0.44439999999999996,0.641,1,1,0,1,1,0
dA-dL-Me_dL-dP-meL-F,-6.25,3145,-0.5817999999999999,0.44439999999999996,0.7051000000000001,-0.177,0.7051000000000001,0.641,1,1,0,1,0,0
dA-dL-bHph-P-Bn_Gly-F,-6.56,3016,-0.5817999999999999,0.44439999999999996,1.0310999999999995,-0.177,0.8607999999999996,0.641,1,1,0,0,0,0
dA-dL-bHph-P-Me_dL-F,-6.75,2999,-0.5817999999999999,0.44439999999999996,1.0310999999999995,-0.177,0.7051000000000001,0.641,1,1,0,0,0,0
dA-dL-bHph-P-meL-F,-6.19,3004,-0.5817999999999999,0.44439999999999996,1.0310999999999995,-0.177,0.7051000000000001,0.641,1,1,0,0,0,0
dA-dL-bHph-dP-Bn_Gly-F,-5.54,3210,-0.5817999999999999,0.44439999999999996,1.0310999999999995,-0.177,0.8607999999999996,0.641,1,1,0,1,0,0
dA-dL-bHph-dP-dL-F,-6.01,3176,-0.5817999999999999,0.44439999999999996,1.0310999999999995,-0.177,0.44439999999999996,0.641,1,1,0,1,1,0
dA-dL-dL-P-Bn_Gly-F,-6.63,2963,-0.5817999999999999,0.44439999999999996,0.44439999999999996,-0.177,0.8607999999999996,0.641,1,1,1,0,0,0
dA-dL-dL-P-L-F,-5.43,2931,-0.5817999999999999,0.44439999999999996,0.44439999999999996,-0.177,0.44439999999999996,0.641,1,1,1,0,0,0
dA-dL-dL-P-Me_dL-F,-6.77,2936,-0.5817999999999999,0.44439999999999996,0.44439999999999996,-0.177,0.7051000000000001,0.641,1,1,1,0,0,0
dA-dL-dL-P-dL-F,-6.7,2930,-0.5817999999999999,0.44439999999999996,0.44439999999999996,-0.177,0.44439999999999996,0.641,1,1,1,0,1,0
dA-dL-dL-P-meL-F,-6.79,2939,-0.5817999999999999,0.44439999999999996,0.44439999999999996,-0.177,0.7051000000000001,0.641,1,1,1,0,0,0
dA-dL-dL-dP-Bn_Gly-F,-6.72,3152,-0.5817999999999999,0.44439999999999996,0.44439999999999996,-0.177,0.8607999999999996,0.641,1,1,1,1,0,0
dA-dL-dL-dP-Me_dL-F,-6.75,3125,-0.5817999999999999,0.44439999999999996,0.44439999999999996,-0.177,0.7051000000000001,0.641,1,1,1,1,0,0
dA-dL-dL-dP-dL-F,-6.43,3119,-0.5817999999999999,0.44439999999999996,0.44439999999999996,-0.177,0.44439999999999996,0.641,1,1,1,1,1,0
dA-dL-dL-dP-meL-F,-6.99,3129,-0.5817999999999999,0.44439999999999996,0.44439999999999996,-0.177,0.7051000000000001,0.641,1,1,1,1,0,0
dA-dL-meL-P-Me_dL-F,-6.49,2958,-0.5817999999999999,0.44439999999999996,0.7051000000000001,-0.177,0.7051000000000001,0.641,1,1,0,0,0,0
dA-dL-meL-P-meL-F,-5.96,2967,-0.5817999999999999,0.44439999999999996,0.7051000000000001,-0.177,0.7051000000000001,0.641,1,1,0,0,0,0
dA-dL-meL-dP-Me_dL-F,-5.47,3146,-0.5817999999999999,0.44439999999999996,0.7051000000000001,-0.177,0.7051000000000001,0.641,1,1,0,1,0,0
dA-dL-meL-dP-meL-F,-5.5,3159,-0.5817999999999999,0.44439999999999996,0.7051000000000001,-0.177,0.7051000000000001,0.641,1,1,0,1,0,0
dA-meA-(N->O)Val(3-OH)-A-(N->O)Leu-Me_dF,-5.19,954,-0.5817999999999999,-0.3211000000000002,-0.7971999999999999,-0.5817999999999999,0.478,0.9017,1,0,0,0,0,0
dA-meA-(N->O)Val-A-(N->O)Leu-Me_dF,-5.14,953,-0.5817999999999999,-0.3211000000000002,0.08789999999999998,-0.5817999999999999,0.478,0.9017,1,0,0,0,0,0
dA-meL-Bn_Gly-P-Bn_Gly-F,-5.34,3021,-0.5817999999999999,0.7051000000000001,0.8607999999999996,-0.177,0.8607999999999996,0.641,1,0,0,0,0,0
dA-meL-Bn_Gly-P-L-F,-5.98,2996,-0.5817999999999999,0.7051000000000001,0.8607999999999996,-0.177,0.44439999999999996,0.641,1,0,0,0,0,0
dA-meL-Bn_Gly-P-dL-F,-5.79,2991,-0.5817999999999999,0.7051000000000001,0.8607999999999996,-0.177,0.44439999999999996,0.641,1,0,0,0,1,0
dA-meL-Bn_Gly-P-meL-F,-5.35,3011,-0.5817999999999999,0.7051000000000001,0.8607999999999996,-0.177,0.7051000000000001,0.641,1,0,0,0,0,0
dA-meL-Bn_Gly-dP-Bn_Gly-F,-5.57,3213,-0.5817999999999999,0.7051000000000001,0.8607999999999996,-0.177,0.8607999999999996,0.641,1,0,0,1,0,0
dA-meL-Bn_Gly-dP-L-F,-6.49,3192,-0.5817999999999999,0.7051000000000001,0.8607999999999996,-0.177,0.44439999999999996,0.641,1,0,0,1,0,0
dA-meL-Bn_Gly-dP-Me_dL-F,-5.25,3201,-0.5817999999999999,0.7051000000000001,0.8607999999999996,-0.177,0.7051000000000001,0.641,1,0,0,1,0,0
dA-meL-Bn_Gly-dP-meL-F,-5.34,3205,-0.5817999999999999,0.7051000000000001,0.8607999999999996,-0.177,0.7051000000000001,0.641,1,0,0,1,0,0
dA-meL-L-P-Bn_Gly-F,-5.5,2998,-0.5817999999999999,0.7051000000000001,0.44439999999999996,-0.177,0.8607999999999996,0.641,1,0,0,0,0,0
dA-meL-L-P-L-F,-6.21,2953,-0.5817999999999999,0.7051000000000001,0.44439999999999996,-0.177,0.44439999999999996,0.641,1,0,0,0,0,0
dA-meL-L-P-Me_dL-F,-5.49,2971,-0.5817999999999999,0.7051000000000001,0.44439999999999996,-0.177,0.7051000000000001,0.641,1,0,0,0,0,0
dA-meL-L-P-dL-F,-5.83,2950,-0.5817999999999999,0.7051000000000001,0.44439999999999996,-0.177,0.44439999999999996,0.641,1,0,0,0,1,0
dA-meL-L-P-meL-F,-5.32,2977,-0.5817999999999999,0.7051000000000001,0.44439999999999996,-0.177,0.7051000000000001,0.641,1,0,0,0,0,0
dA-meL-L-dP-Bn_Gly-F,-5.2,3195,-0.5817999999999999,0.7051000000000001,0.44439999999999996,-0.177,0.8607999999999996,0.641,1,0,0,1,0,0
dA-meL-L-dP-L-F,-5.99,3141,-0.5817999999999999,0.7051000000000001,0.44439999999999996,-0.177,0.44439999999999996,0.641,1,0,0,1,0,0
dA-meL-L-dP-Me_dL-F,-4.88,3160,-0.5817999999999999,0.7051000000000001,0.44439999999999996,-0.177,0.7051000000000001,0.641,1,0,0,1,0,0
dA-meL-L-dP-dL-F,-5.19,3138,-0.5817999999999999,0.7051000000000001,0.44439999999999996,-0.177,0.44439999999999996,0.641,1,0,0,1,1,0
dA-meL-L-dP-meL-F,-4.87,3169,-0.5817999999999999,0.7051000000000001,0.44439999999999996,-0.177,0.7051000000000001,0.641,1,0,0,1,0,0
dA-meL-Me_dL-P-Bn_Gly-F,-5.37,3007,-0.5817999999999999,0.7051000000000001,0.7051000000000001,-0.177,0.8607999999999996,0.641,1,0,0,0,0,0
dA-meL-Me_dL-P-Me_dL-F,-5.23,2982,-0.5817999999999999,0.7051000000000001,0.7051000000000001,-0.177,0.7051000000000001,0.641,1,0,0,0,0,0
dA-meL-Me_dL-P-dL-F,-5.14,2961,-0.5817999999999999,0.7051000000000001,0.7051000000000001,-0.177,0.44439999999999996,0.641,1,0,0,0,1,0
dA-meL-Me_dL-P-meL-F,-5.28,2987,-0.5817999999999999,0.7051000000000001,0.7051000000000001,-0.177,0.7051000000000001,0.641,1,0,0,0,0,0
dA-meL-Me_dL-dP-Bn_Gly-F,-5.57,3200,-0.5817999999999999,0.7051000000000001,0.7051000000000001,-0.177,0.8607999999999996,0.641,1,0,0,1,0,0
dA-meL-Me_dL-dP-Me_dL-F,-5.68,3173,-0.5817999999999999,0.7051000000000001,0.7051000000000001,-0.177,0.7051000000000001,0.641,1,0,0,1,0,0
dA-meL-Me_dL-dP-meL-F,-5.02,3180,-0.5817999999999999,0.7051000000000001,0.7051000000000001,-0.177,0.7051000000000001,0.641,1,0,0,1,0,0
dA-meL-bHph-P-L-F,-6.0,3009,-0.5817999999999999,0.7051000000000001,1.0310999999999995,-0.177,0.44439999999999996,0.641,1,0,0,0,0,0
dA-meL-bHph-P-Me_dL-F,-5.58,3014,-0.5817999999999999,0.7051000000000001,1.0310999999999995,-0.177,0.7051000000000001,0.641,1,0,0,0,0,0
dA-meL-bHph-P-meL-F,-5.32,3018,-0.5817999999999999,0.7051000000000001,1.0310999999999995,-0.177,0.7051000000000001,0.641,1,0,0,0,0,0
dA-meL-bHph-dP-dL-F,-5.54,3199,-0.5817999999999999,0.7051000000000001,1.0310999999999995,-0.177,0.44439999999999996,0.641,1,0,0,1,1,0
dA-meL-bHph-dP-meL-F,-5.29,3211,-0.5817999999999999,0.7051000000000001,1.0310999999999995,-0.177,0.7051000000000001,0.641,1,0,0,1,0,0
dA-meL-dL-P-Me_dL-F,-5.16,2962,-0.5817999999999999,0.7051000000000001,0.44439999999999996,-0.177,0.7051000000000001,0.641,1,0,1,0,0,0
dA-meL-dL-P-dL-F,-6.26,2941,-0.5817999999999999,0.7051000000000001,0.44439999999999996,-0.177,0.44439999999999996,0.641,1,0,1,0,1,0
dA-meL-dL-P-meL-F,-5.37,2969,-0.5817999999999999,0.7051000000000001,0.44439999999999996,-0.177,0.7051000000000001,0.641,1,0,1,0,0,0
dA-meL-dL-dP-Bn_Gly-F,-5.48,3186,-0.5817999999999999,0.7051000000000001,0.44439999999999996,-0.177,0.8607999999999996,0.641,1,0,1,1,0,0
dA-meL-dL-dP-L-F,-6.61,3136,-0.5817999999999999,0.7051000000000001,0.44439999999999996,-0.177,0.44439999999999996,0.641,1,0,1,1,0,0
dA-meL-dL-dP-Me_dL-F,-5.66,3148,-0.5817999999999999,0.7051000000000001,0.44439999999999996,-0.177,0.7051000000000001,0.641,1,0,1,1,0,0
dA-meL-dL-dP-dL-F,-5.49,3134,-0.5817999999999999,0.7051000000000001,0.44439999999999996,-0.177,0.44439999999999996,0.641,1,0,1,1,1,0
dA-meL-dL-dP-meL-F,-5.23,3156,-0.5817999999999999,0.7051000000000001,0.44439999999999996,-0.177,0.7051000000000001,0.641,1,0,1,1,0,0
dA-meL-meL-P-Bn_Gly-F,-5.37,3012,-0.5817999999999999,0.7051000000000001,0.7051000000000001,-0.177,0.8607999999999996,0.641,1,0,0,0,0,0
dA-meL-meL-P-Me_dL-F,-5.19,2988,-0.5817999999999999,0.7051000000000001,0.7051000000000001,-0.177,0.7051000000000001,0.641,1,0,0,0,0,0
dA-meL-meL-P-meL-F,-5.22,2994,-0.5817999999999999,0.7051000000000001,0.7051000000000001,-0.177,0.7051000000000001,0.641,1,0,0,0,0,0
dA-meL-meL-dP-Bn_Gly-F,-5.37,3207,-0.5817999999999999,0.7051000000000001,0.7051000000000001,-0.177,0.8607999999999996,0.641,1,0,0,1,0,0
dA-meL-meL-dP-L-F,-5.57,3167,-0.5817999999999999,0.7051000000000001,0.7051000000000001,-0.177,0.44439999999999996,0.641,1,0,0,1,0,0
dA-meL-meL-dP-Me_dL-F,-5.01,3182,-0.5817999999999999,0.7051000000000001,0.7051000000000001,-0.177,0.7051000000000001,0.641,1,0,0,1,0,0
dA-meL-meL-dP-dL-F,-5.94,3157,-0.5817999999999999,0.7051000000000001,0.7051000000000001,-0.177,0.44439999999999996,0.641,1,0,0,1,1,0
dA-meL-meL-dP-meL-F,-5.0,3190,-0.5817999999999999,0.7051000000000001,0.7051000000000001,-0.177,0.7051000000000001,0.641,1,0,0,1,0,0
dA-pentyl_Gly-L-Nle-P-Et_Gly,-6.48,1624,-0.5817999999999999,0.8507999999999998,0.44439999999999996,0.5884999999999998,-0.177,-0.31949999999999995,1,0,0,0,0,0
dA-pentyl_Gly-L-Nle-P-Mono1,-5.68,1633,-0.5817999999999999,0.8507999999999998,0.44439999999999996,0.5884999999999998,-0.177,0.5894999999999995,1,0,0,0,0,0
dA-pentyl_Gly-L-Nle-P-Mono34,-6.45,1627,-0.5817999999999999,0.8507999999999998,0.44439999999999996,0.5884999999999998,-0.177,0.4757,1,0,0,0,0,0
dA-pentyl_Gly-L-Nle-dP-Et_Gly,-6.84,1660,-0.5817999999999999,0.8507999999999998,0.44439999999999996,0.5884999999999998,-0.177,-0.31949999999999995,1,0,0,0,1,0
dA-pentyl_Gly-L-Nle-dP-Mono1,-5.67,1669,-0.5817999999999999,0.8507999999999998,0.44439999999999996,0.5884999999999998,-0.177,0.5894999999999995,1,0,0,0,1,0
dA-pentyl_Gly-L-Nle-dP-Mono34,-5.97,1663,-0.5817999999999999,0.8507999999999998,0.44439999999999996,0.5884999999999998,-0.177,0.4757,1,0,0,0,1,0
dA-pentyl_Gly-Me_dL-Nle-P-Et_Gly,-6.26,1750,-0.5817999999999999,0.8507999999999998,0.7051000000000001,0.5884999999999998,-0.177,-0.31949999999999995,1,0,0,0,0,0
dA-pentyl_Gly-Me_dL-Nle-P-Mono1,-5.33,1759,-0.5817999999999999,0.8507999999999998,0.7051000000000001,0.5884999999999998,-0.177,0.5894999999999995,1,0,0,0,0,0
dA-pentyl_Gly-Me_dL-Nle-P-Mono34,-5.72,1753,-0.5817999999999999,0.8507999999999998,0.7051000000000001,0.5884999999999998,-0.177,0.4757,1,0,0,0,0,0
dA-pentyl_Gly-Me_dL-Nle-dP-Et_Gly,-5.99,1786,-0.5817999999999999,0.8507999999999998,0.7051000000000001,0.5884999999999998,-0.177,-0.31949999999999995,1,0,0,0,1,0
dA-pentyl_Gly-Me_dL-Nle-dP-Mono1,-5.1,1795,-0.5817999999999999,0.8507999999999998,0.7051000000000001,0.5884999999999998,-0.177,0.5894999999999995,1,0,0,0,1,0
dA-pentyl_Gly-Me_dL-Nle-dP-Mono34,-5.38,1789,-0.5817999999999999,0.8507999999999998,0.7051000000000001,0.5884999999999998,-0.177,0.4757,1,0,0,0,1,0
dA-pentyl_Gly-dL-Nle-P-Et_Gly,-6.71,1768,-0.5817999999999999,0.8507999999999998,0.44439999999999996,0.5884999999999998,-0.177,-0.31949999999999995,1,0,1,0,0,0
dA-pentyl_Gly-dL-Nle-P-Mono1,-5.68,1777,-0.5817999999999999,0.8507999999999998,0.44439999999999996,0.5884999999999998,-0.177,0.5894999999999995,1,0,1,0,0,0
dA-pentyl_Gly-dL-Nle-P-Mono34,-6.18,1771,-0.5817999999999999,0.8507999999999998,0.44439999999999996,0.5884999999999998,-0.177,0.4757,1,0,1,0,0,0
dA-pentyl_Gly-dL-Nle-dP-Et_Gly,-6.36,1804,-0.5817999999999999,0.8507999999999998,0.44439999999999996,0.5884999999999998,-0.177,-0.31949999999999995,1,0,1,0,1,0
dA-pentyl_Gly-dL-Nle-dP-Mono1,-5.31,1813,-0.5817999999999999,0.8507999999999998,0.44439999999999996,0.5884999999999998,-0.177,0.5894999999999995,1,0,1,0,1,0
dA-pentyl_Gly-dL-Nle-dP-Mono34,-5.81,1807,-0.5817999999999999,0.8507999999999998,0.44439999999999996,0.5884999999999998,-0.177,0.4757,1,0,1,0,1,0
dA-pentyl_Gly-meL-Nle-P-Et_Gly,-5.76,1606,-0.5817999999999999,0.8507999999999998,0.7051000000000001,0.5884999999999998,-0.177,-0.31949999999999995,1,0,0,0,0,0
dA-pentyl_Gly-meL-Nle-P-Mono1,-5.14,1615,-0.5817999999999999,0.8507999999999998,0.7051000000000001,0.5884999999999998,-0.177,0.5894999999999995,1,0,0,0,0,0
dA-pentyl_Gly-meL-Nle-P-Mono34,-5.23,1609,-0.5817999999999999,0.8507999999999998,0.7051000000000001,0.5884999999999998,-0.177,0.4757,1,0,0,0,0,0
dA-pentyl_Gly-meL-Nle-dP-Et_Gly,-6.43,1642,-0.5817999999999999,0.8507999999999998,0.7051000000000001,0.5884999999999998,-0.177,-0.31949999999999995,1,0,0,0,1,0
dA-pentyl_Gly-meL-Nle-dP-Mono1,-5.45,1651,-0.5817999999999999,0.8507999999999998,0.7051000000000001,0.5884999999999998,-0.177,0.5894999999999995,1,0,0,0,1,0
dA-pentyl_Gly-meL-Nle-dP-Mono34,-5.79,1645,-0.5817999999999999,0.8507999999999998,0.7051000000000001,0.5884999999999998,-0.177,0.4757,1,0,0,0,1,0
dAla(indol-2-yl)-K-T-F-P-F,-7.1,1076,1.1223,-0.4726999999999995,-1.2208999999999997,0.641,-0.177,0.641,1,0,0,0,0,0
dAla(indol-2-yl)-dK-T-dF-P-F,-7.05,1077,1.1223,-0.4726999999999995,-1.2208999999999997,0.641,-0.177,0.641,1,1,0,1,0,0
dF-Me_Nle-Me_Nle-Nle-Me_Nle-Mono100,-5.1,5648,0.641,0.8492,0.8492,0.5884999999999998,0.8492,-1.1224999999999996,1,0,0,0,0,0
dF-Me_Nle-Nle-Me_Nle-Nle-Mono100,-4.6,5646,0.641,0.8492,0.5884999999999998,0.8492,0.5884999999999998,-1.1224999999999996,1,0,0,0,0,0
dF-Me_Nle-Nle-Nle-Nle-Mono100,-5.1,5647,0.641,0.8492,0.5884999999999998,0.5884999999999998,0.5884999999999998,-1.1224999999999996,1,0,0,0,0,0
dF-Me_Nle-Nle-Nle-Nle-Mono101,-6.0,5649,0.641,0.8492,0.5884999999999998,0.5884999999999998,0.5884999999999998,-0.8617999999999992,1,0,0,0,0,0
dF-Me_Nle-Nle-P-Me_Nle-Mono100,-4.6,5658,0.641,0.8492,0.5884999999999998,-0.177,0.8492,-1.1224999999999996,1,0,0,0,0,0
dF-Mono38-L-Nle-P-Et_Gly,-7.24,1632,0.641,0.08719999999999994,0.44439999999999996,0.5884999999999998,-0.177,-0.31949999999999995,1,0,0,0,0,0
dF-Mono38-L-Nle-P-Mono1,-6.17,1641,0.641,0.08719999999999994,0.44439999999999996,0.5884999999999998,-0.177,0.5894999999999995,1,0,0,0,0,0
dF-Mono38-L-Nle-P-Mono34,-6.85,1638,0.641,0.08719999999999994,0.44439999999999996,0.5884999999999998,-0.177,0.4757,1,0,0,0,0,0
dF-Mono38-L-Nle-dP-Et_Gly,-6.99,1668,0.641,0.08719999999999994,0.44439999999999996,0.5884999999999998,-0.177,-0.31949999999999995,1,0,0,0,1,0
dF-Mono38-L-Nle-dP-Mono1,-5.9,1677,0.641,0.08719999999999994,0.44439999999999996,0.5884999999999998,-0.177,0.5894999999999995,1,0,0,0,1,0
dF-Mono38-L-Nle-dP-Mono34,-6.33,1674,0.641,0.08719999999999994,0.44439999999999996,0.5884999999999998,-0.177,0.4757,1,0,0,0,1,0
dF-Mono38-Me_dL-Nle-P-Et_Gly,-6.22,1758,0.641,0.08719999999999994,0.7051000000000001,0.5884999999999998,-0.177,-0.31949999999999995,1,0,0,0,0,0
dF-Mono38-Me_dL-Nle-P-Mono1,-5.43,1767,0.641,0.08719999999999994,0.7051000000000001,0.5884999999999998,-0.177,0.5894999999999995,1,0,0,0,0,0
dF-Mono38-Me_dL-Nle-P-Mono34,-5.81,1764,0.641,0.08719999999999994,0.7051000000000001,0.5884999999999998,-0.177,0.4757,1,0,0,0,0,0
dF-Mono38-Me_dL-Nle-dP-Et_Gly,-5.7,1794,0.641,0.08719999999999994,0.7051000000000001,0.5884999999999998,-0.177,-0.31949999999999995,1,0,0,0,1,0
dF-Mono38-Me_dL-Nle-dP-Mono1,-5.29,1803,0.641,0.08719999999999994,0.7051000000000001,0.5884999999999998,-0.177,0.5894999999999995,1,0,0,0,1,0
dF-Mono38-Me_dL-Nle-dP-Mono34,-5.26,1800,0.641,0.08719999999999994,0.7051000000000001,0.5884999999999998,-0.177,0.4757,1,0,0,0,1,0
dF-Mono38-dL-Nle-P-Et_Gly,-6.95,1776,0.641,0.08719999999999994,0.44439999999999996,0.5884999999999998,-0.177,-0.31949999999999995,1,0,1,0,0,0
dF-Mono38-dL-Nle-P-Mono1,-6.0,1785,0.641,0.08719999999999994,0.44439999999999996,0.5884999999999998,-0.177,0.5894999999999995,1,0,1,0,0,0
dF-Mono38-dL-Nle-P-Mono34,-6.56,1782,0.641,0.08719999999999994,0.44439999999999996,0.5884999999999998,-0.177,0.4757,1,0,1,0,0,0
dF-Mono38-dL-Nle-dP-Et_Gly,-6.15,1812,0.641,0.08719999999999994,0.44439999999999996,0.5884999999999998,-0.177,-0.31949999999999995,1,0,1,0,1,0
dF-Mono38-dL-Nle-dP-Mono1,-5.27,1821,0.641,0.08719999999999994,0.44439999999999996,0.5884999999999998,-0.177,0.5894999999999995,1,0,1,0,1,0
dF-Mono38-dL-Nle-dP-Mono34,-5.58,1818,0.641,0.08719999999999994,0.44439999999999996,0.5884999999999998,-0.177,0.4757,1,0,1,0,1,0
dF-Mono38-meL-Nle-P-Et_Gly,-6.73,1614,0.641,0.08719999999999994,0.7051000000000001,0.5884999999999998,-0.177,-0.31949999999999995,1,0,0,0,0,0
dF-Mono38-meL-Nle-P-Mono1,-6.17,1623,0.641,0.08719999999999994,0.7051000000000001,0.5884999999999998,-0.177,0.5894999999999995,1,0,0,0,0,0
dF-Mono38-meL-Nle-P-Mono34,-6.27,1620,0.641,0.08719999999999994,0.7051000000000001,0.5884999999999998,-0.177,0.4757,1,0,0,0,0,0
dF-Mono38-meL-Nle-dP-Et_Gly,-6.92,1650,0.641,0.08719999999999994,0.7051000000000001,0.5884999999999998,-0.177,-0.31949999999999995,1,0,0,0,1,0
dF-Mono38-meL-Nle-dP-Mono1,-6.27,1659,0.641,0.08719999999999994,0.7051000000000001,0.5884999999999998,-0.177,0.5894999999999995,1,0,0,0,1,0
dF-Mono38-meL-Nle-dP-Mono34,-6.52,1656,0.641,0.08719999999999994,0.7051000000000001,0.5884999999999998,-0.177,0.4757,1,0,0,0,1,0
dF-Nle-Me_Nle-Nle-Nle-Mono100,-5.7,5650,0.641,0.5884999999999998,0.8492,0.5884999999999998,0.5884999999999998,-1.1224999999999996,1,0,0,0,0,0
dF-Nle-Nle-Me_Nle-P-Mono100,-5.6,5654,0.641,0.5884999999999998,0.5884999999999998,0.8492,-0.177,-1.1224999999999996,1,0,0,0,0,0
dF-Nle-Nle-Nle-Nle-Mono100,-6.0,5645,0.641,0.5884999999999998,0.5884999999999998,0.5884999999999998,0.5884999999999998,-1.1224999999999996,1,0,0,0,0,0
dF-Nle-Nle-Nle-P-Mono100,-6.7,5653,0.641,0.5884999999999998,0.5884999999999998,0.5884999999999998,-0.177,-1.1224999999999996,1,0,0,0,0,0
dF-Nle-Nle-P-Nle-Mono100,-5.8,5657,0.641,0.5884999999999998,0.5884999999999998,-0.177,0.5884999999999998,-1.1224999999999996,1,0,0,0,0,0
dF-cHexCH2_Gly-L-Nle-P-Et_Gly,-5.28,1631,0.641,1.2408999999999997,0.44439999999999996,0.5884999999999998,-0.177,-0.31949999999999995,1,0,0,0,0,0
dF-cHexCH2_Gly-L-Nle-P-Mono1,-5.64,1640,0.641,1.2408999999999997,0.44439999999999996,0.5884999999999998,-0.177,0.5894999999999995,1,0,0,0,0,0
dF-cHexCH2_Gly-L-Nle-P-Mono34,-5.14,1637,0.641,1.2408999999999997,0.44439999999999996,0.5884999999999998,-0.177,0.4757,1,0,0,0,0,0
dF-cHexCH2_Gly-L-Nle-dP-Et_Gly,-5.3,1667,0.641,1.2408999999999997,0.44439999999999996,0.5884999999999998,-0.177,-0.31949999999999995,1,0,0,0,1,0
dF-cHexCH2_Gly-L-Nle-dP-Mono1,-5.62,1676,0.641,1.2408999999999997,0.44439999999999996,0.5884999999999998,-0.177,0.5894999999999995,1,0,0,0,1,0
dF-cHexCH2_Gly-L-Nle-dP-Mono34,-5.22,1673,0.641,1.2408999999999997,0.44439999999999996,0.5884999999999998,-0.177,0.4757,1,0,0,0,1,0
dF-cHexCH2_Gly-Me_dL-Nle-P-Et_Gly,-4.9,1757,0.641,1.2408999999999997,0.7051000000000001,0.5884999999999998,-0.177,-0.31949999999999995,1,0,0,0,0,0
dF-cHexCH2_Gly-Me_dL-Nle-P-Mono1,-5.94,1766,0.641,1.2408999999999997,0.7051000000000001,0.5884999999999998,-0.177,0.5894999999999995,1,0,0,0,0,0
dF-cHexCH2_Gly-Me_dL-Nle-P-Mono34,-5.01,1763,0.641,1.2408999999999997,0.7051000000000001,0.5884999999999998,-0.177,0.4757,1,0,0,0,0,0
dF-cHexCH2_Gly-Me_dL-Nle-dP-Et_Gly,-5.08,1793,0.641,1.2408999999999997,0.7051000000000001,0.5884999999999998,-0.177,-0.31949999999999995,1,0,0,0,1,0
dF-cHexCH2_Gly-Me_dL-Nle-dP-Mono1,-6.88,1802,0.641,1.2408999999999997,0.7051000000000001,0.5884999999999998,-0.177,0.5894999999999995,1,0,0,0,1,0
dF-cHexCH2_Gly-Me_dL-Nle-dP-Mono34,-5.48,1799,0.641,1.2408999999999997,0.7051000000000001,0.5884999999999998,-0.177,0.4757,1,0,0,0,1,0
dF-cHexCH2_Gly-dL-Nle-P-Et_Gly,-5.04,1775,0.641,1.2408999999999997,0.44439999999999996,0.5884999999999998,-0.177,-0.31949999999999995,1,0,1,0,0,0
dF-cHexCH2_Gly-dL-Nle-P-Mono1,-5.33,1784,0.641,1.2408999999999997,0.44439999999999996,0.5884999999999998,-0.177,0.5894999999999995,1,0,1,0,0,0
dF-cHexCH2_Gly-dL-Nle-P-Mono34,-4.87,1781,0.641,1.2408999999999997,0.44439999999999996,0.5884999999999998,-0.177,0.4757,1,0,1,0,0,0
dF-cHexCH2_Gly-dL-Nle-dP-Et_Gly,-5.03,1811,0.641,1.2408999999999997,0.44439999999999996,0.5884999999999998,-0.177,-0.31949999999999995,1,0,1,0,1,0
dF-cHexCH2_Gly-dL-Nle-dP-Mono1,-8.27,1820,0.641,1.2408999999999997,0.44439999999999996,0.5884999999999998,-0.177,0.5894999999999995,1,0,1,0,1,0
dF-cHexCH2_Gly-dL-Nle-dP-Mono34,-5.16,1817,0.641,1.2408999999999997,0.44439999999999996,0.5884999999999998,-0.177,0.4757,1,0,1,0,1,0
dF-cHexCH2_Gly-meL-Nle-P-Et_Gly,-5.1,1613,0.641,1.2408999999999997,0.7051000000000001,0.5884999999999998,-0.177,-0.31949999999999995,1,0,0,0,0,0
dF-cHexCH2_Gly-meL-Nle-P-Mono1,-5.95,1622,0.641,1.2408999999999997,0.7051000000000001,0.5884999999999998,-0.177,0.5894999999999995,1,0,0,0,0,0
dF-cHexCH2_Gly-meL-Nle-P-Mono34,-5.1,1619,0.641,1.2408999999999997,0.7051000000000001,0.5884999999999998,-0.177,0.4757,1,0,0,0,0,0
dF-cHexCH2_Gly-meL-Nle-dP-Et_Gly,-5.16,1649,0.641,1.2408999999999997,0.7051000000000001,0.5884999999999998,-0.177,-0.31949999999999995,1,0,0,0,1,0
dF-cHexCH2_Gly-meL-Nle-dP-Mono1,-5.8,1658,0.641,1.2408999999999997,0.7051000000000001,0.5884999999999998,-0.177,0.5894999999999995,1,0,0,0,1,0
dF-cHexCH2_Gly-meL-Nle-dP-Mono34,-5.15,1655,0.641,1.2408999999999997,0.7051000000000001,0.5884999999999998,-0.177,0.4757,1,0,0,0,1,0
dF-dA-P-dV-F-P,-6.37,7223,0.641,-0.5817999999999999,-0.177,0.05430000000000007,0.641,-0.177,1,1,0,1,0,0
dF-pentyl_Gly-L-Nle-P-Et_Gly,-5.53,1628,0.641,0.8507999999999998,0.44439999999999996,0.5884999999999998,-0.177,-0.31949999999999995,1,0,0,0,0,0
dF-pentyl_Gly-L-Nle-P-Mono1,-5.39,1639,0.641,0.8507999999999998,0.44439999999999996,0.5884999999999998,-0.177,0.5894999999999995,1,0,0,0,0,0
dF-pentyl_Gly-L-Nle-P-Mono34,-5.29,1636,0.641,0.8507999999999998,0.44439999999999996,0.5884999999999998,-0.177,0.4757,1,0,0,0,0,0
dF-pentyl_Gly-L-Nle-dP-Et_Gly,-5.41,1664,0.641,0.8507999999999998,0.44439999999999996,0.5884999999999998,-0.177,-0.31949999999999995,1,0,0,0,1,0
dF-pentyl_Gly-L-Nle-dP-Mono1,-5.43,1675,0.641,0.8507999999999998,0.44439999999999996,0.5884999999999998,-0.177,0.5894999999999995,1,0,0,0,1,0
dF-pentyl_Gly-L-Nle-dP-Mono34,-5.19,1672,0.641,0.8507999999999998,0.44439999999999996,0.5884999999999998,-0.177,0.4757,1,0,0,0,1,0
dF-pentyl_Gly-Me_dL-Nle-P-Et_Gly,-4.96,1754,0.641,0.8507999999999998,0.7051000000000001,0.5884999999999998,-0.177,-0.31949999999999995,1,0,0,0,0,0
dF-pentyl_Gly-Me_dL-Nle-P-Mono1,-5.43,1765,0.641,0.8507999999999998,0.7051000000000001,0.5884999999999998,-0.177,0.5894999999999995,1,0,0,0,0,0
dF-pentyl_Gly-Me_dL-Nle-P-Mono34,-4.86,1762,0.641,0.8507999999999998,0.7051000000000001,0.5884999999999998,-0.177,0.4757,1,0,0,0,0,0
dF-pentyl_Gly-Me_dL-Nle-dP-Et_Gly,-5.01,1790,0.641,0.8507999999999998,0.7051000000000001,0.5884999999999998,-0.177,-0.31949999999999995,1,0,0,0,1,0
dF-pentyl_Gly-Me_dL-Nle-dP-Mono34,-5.21,1798,0.641,0.8507999999999998,0.7051000000000001,0.5884999999999998,-0.177,0.4757,1,0,0,0,1,0
dF-pentyl_Gly-dL-Nle-P-Et_Gly,-5.23,1772,0.641,0.8507999999999998,0.44439999999999996,0.5884999999999998,-0.177,-0.31949999999999995,1,0,1,0,0,0
dF-pentyl_Gly-dL-Nle-P-Mono1,-5.12,1783,0.641,0.8507999999999998,0.44439999999999996,0.5884999999999998,-0.177,0.5894999999999995,1,0,1,0,0,0
dF-pentyl_Gly-dL-Nle-P-Mono34,-4.93,1780,0.641,0.8507999999999998,0.44439999999999996,0.5884999999999998,-0.177,0.4757,1,0,1,0,0,0
dF-pentyl_Gly-dL-Nle-dP-Et_Gly,-5.22,1808,0.641,0.8507999999999998,0.44439999999999996,0.5884999999999998,-0.177,-0.31949999999999995,1,0,1,0,1,0
dF-pentyl_Gly-dL-Nle-dP-Mono1,-5.44,1819,0.641,0.8507999999999998,0.44439999999999996,0.5884999999999998,-0.177,0.5894999999999995,1,0,1,0,1,0
dF-pentyl_Gly-dL-Nle-dP-Mono34,-5.03,1816,0.641,0.8507999999999998,0.44439999999999996,0.5884999999999998,-0.177,0.4757,1,0,1,0,1,0
dF-pentyl_Gly-meL-Nle-P-Et_Gly,-5.22,1610,0.641,0.8507999999999998,0.7051000000000001,0.5884999999999998,-0.177,-0.31949999999999995,1,0,0,0,0,0
dF-pentyl_Gly-meL-Nle-P-Mono1,-5.5,1621,0.641,0.8507999999999998,0.7051000000000001,0.5884999999999998,-0.177,0.5894999999999995,1,0,0,0,0,0
dF-pentyl_Gly-meL-Nle-P-Mono34,-5.09,1618,0.641,0.8507999999999998,0.7051000000000001,0.5884999999999998,-0.177,0.4757,1,0,0,0,0,0
dF-pentyl_Gly-meL-Nle-dP-Et_Gly,-5.34,1646,0.641,0.8507999999999998,0.7051000000000001,0.5884999999999998,-0.177,-0.31949999999999995,1,0,0,0,1,0
dF-pentyl_Gly-meL-Nle-dP-Mono1,-5.45,1657,0.641,0.8507999999999998,0.7051000000000001,0.5884999999999998,-0.177,0.5894999999999995,1,0,0,0,1,0
dF-pentyl_Gly-meL-Nle-dP-Mono34,-5.16,1654,0.641,0.8507999999999998,0.7051000000000001,0.5884999999999998,-0.177,0.4757,1,0,0,0,1,0
dI-P-Me_dF-dI-P-Me_dF,-4.92,7218,0.44439999999999996,-0.177,0.9017,0.44439999999999996,-0.177,0.9017,1,0,0,1,0,0
dI-P-dF-dI-P-dF,-5.48,7217,0.44439999999999996,-0.177,0.641,0.44439999999999996,-0.177,0.641,1,0,1,1,0,1
dL-L-L-L-P-Y,-6.23,1064,0.44439999999999996,0.44439999999999996,0.44439999999999996,0.44439999999999996,-0.177,0.3466,1,0,0,0,0,0
dL-L-L-L-dP-Y,-6.3,24,0.44439999999999996,0.44439999999999996,0.44439999999999996,0.44439999999999996,-0.177,0.3466,1,0,0,0,1,0
dL-L-L-dP-Tyr(O->S)-L,-5.13,7457,0.44439999999999996,0.44439999999999996,0.44439999999999996,-0.177,1.1474000000000002,0.44439999999999996,1,0,0,1,0,0
dL-L-L-dP-Y-L,-5.6,7452,0.44439999999999996,0.44439999999999996,0.44439999999999996,-0.177,0.3466,0.44439999999999996,1,0,0,1,0,0
dL-L-L-dP-Y-Leu(O->S),-5.14,7458,0.44439999999999996,0.44439999999999996,0.44439999999999996,-0.177,0.3466,1.2452,1,0,0,1,0,0
dL-L-L-dP-Y-meL,-5.21,7463,0.44439999999999996,0.44439999999999996,0.44439999999999996,-0.177,0.3466,0.7051000000000001,1,0,0,1,0,0
dL-L-L-dP-meY-L,-5.34,7462,0.44439999999999996,0.44439999999999996,0.44439999999999996,-0.177,0.6072999999999997,0.44439999999999996,1,0,0,1,0,0
dL-L-L-dPro(O->S)-Y-L,-5.38,7456,0.44439999999999996,0.44439999999999996,0.44439999999999996,0.6238,0.3466,0.44439999999999996,1,0,0,1,0,0
dL-L-Leu(O->S)-dP-Y-L,-5.51,7455,0.44439999999999996,0.44439999999999996,1.2452,-0.177,0.3466,0.44439999999999996,1,0,0,1,0,0
dL-L-meL-dP-Y-L,-5.49,7461,0.44439999999999996,0.44439999999999996,0.7051000000000001,-0.177,0.3466,0.44439999999999996,1,0,0,1,0,0
dL-Leu(O->S)-L-dP-Y-L,-5.37,7454,0.44439999999999996,1.2452,0.44439999999999996,-0.177,0.3466,0.44439999999999996,1,0,0,1,0,0
dL-dL-L-dL-P-Ala(indol-2-yl),-5.6,1070,0.44439999999999996,0.44439999999999996,0.44439999999999996,0.44439999999999996,-0.177,1.1223,1,1,0,1,0,0
dL-dL-L-dL-P-Y,-5.83,2,0.44439999999999996,0.44439999999999996,0.44439999999999996,0.44439999999999996,-0.177,0.3466,1,1,0,1,0,0
dL-dL-dL-L-P-Ala(indol-2-yl),-6.55,1069,0.44439999999999996,0.44439999999999996,0.44439999999999996,0.44439999999999996,-0.177,1.1223,1,1,1,0,0,0
dL-dL-dL-L-P-Y,-6.96,1047,0.44439999999999996,0.44439999999999996,0.44439999999999996,0.44439999999999996,-0.177,0.3466,1,1,1,0,0,0
dL-dL-dL-dL-P-Y,-7.0,3,0.44439999999999996,0.44439999999999996,0.44439999999999996,0.44439999999999996,-0.177,0.3466,1,1,1,1,0,0
dL-dL-dL-dL-dP-Y,-7.3,7,0.44439999999999996,0.44439999999999996,0.44439999999999996,0.44439999999999996,-0.177,0.3466,1,1,1,1,1,0
dL-meL-L-dP-Y-L,-5.04,7460,0.44439999999999996,0.7051000000000001,0.44439999999999996,-0.177,0.3466,0.44439999999999996,1,0,0,1,0,0
dLeu(O->S)-L-L-dP-Y-L,-4.97,7453,1.2452,0.44439999999999996,0.44439999999999996,-0.177,0.3466,0.44439999999999996,1,0,0,1,0,0
dP-Me_dF-dA-P-P-dL,-4.86,7220,-0.177,0.9017,-0.5817999999999999,-0.177,-0.177,0.44439999999999996,1,0,1,0,0,1
"dP-Sta(3R,4R)-meL-meL-Sta(3R,4R)-meL",-5.4,973,-0.177,0.19539999999999969,0.7051000000000001,0.7051000000000001,0.19539999999999969,0.7051000000000001,1,0,0,0,0,0
"dP-Sta(3R,4R)-meL-meL-Sta-meL",-4.92,968,-0.177,0.19539999999999969,0.7051000000000001,0.7051000000000001,0.19539999999999969,0.7051000000000001,1,0,0,0,0,0
"dP-Sta-Me_dL-Me_dL-Sta(3R,4R)-Me_dL",-5.15,975,-0.177,0.19539999999999969,0.7051000000000001,0.7051000000000001,0.19539999999999969,0.7051000000000001,1,0,0,0,0,0
dP-Sta-Me_dL-meL-Sta-meL,-5.15,969,-0.177,0.19539999999999969,0.7051000000000001,0.7051000000000001,0.19539999999999969,0.7051000000000001,1,0,0,0,0,0
dP-Sta-meL-Me_dL-Sta-meL,-5.7,970,-0.177,0.19539999999999969,0.7051000000000001,0.7051000000000001,0.19539999999999969,0.7051000000000001,1,0,0,0,0,0
"dP-Sta-meL-meL-Sta(3R,4R)-meL",-4.7,971,-0.177,0.19539999999999969,0.7051000000000001,0.7051000000000001,0.19539999999999969,0.7051000000000001,1,0,0,0,0,0
dP-Sta-meL-meL-Sta-Me_dL,-5.22,972,-0.177,0.19539999999999969,0.7051000000000001,0.7051000000000001,0.19539999999999969,0.7051000000000001,1,0,0,0,0,0
dP-Sta-meL-meL-Sta-meL,-6.0,966,-0.177,0.19539999999999969,0.7051000000000001,0.7051000000000001,0.19539999999999969,0.7051000000000001,1,0,0,0,0,0
dP-dA-Pye-dL-Abu-L,-8.39,7421,-0.177,-0.5817999999999999,-0.19910000000000033,0.44439999999999996,-0.19169999999999998,0.44439999999999996,1,1,0,1,0,0
dP-dA-Pye-dL-Hph-L,-6.61,7425,-0.177,-0.5817999999999999,-0.19910000000000033,0.44439999999999996,1.0311,0.44439999999999996,1,1,0,1,0,0
dP-dA-Pye-dL-L-L,-7.5,7422,-0.177,-0.5817999999999999,-0.19910000000000033,0.44439999999999996,0.44439999999999996,0.44439999999999996,1,1,0,1,0,0
dP-dA-Pye-dL-Nal-L,-6.29,7427,-0.177,-0.5817999999999999,-0.19910000000000033,0.44439999999999996,1.7942,0.44439999999999996,1,1,0,1,0,0
dP-dA-Pye-dL-Phg-L,-6.83,7424,-0.177,-0.5817999999999999,-0.19910000000000033,0.44439999999999996,0.7709999999999999,0.44439999999999996,1,1,0,1,0,0
dP-dAsn(Me2)-L-dL-L-L,-6.56,7439,-0.177,-1.1233999999999988,0.44439999999999996,0.44439999999999996,0.44439999999999996,0.44439999999999996,1,1,0,1,0,0
dP-dAsp(pyrrol-1-yl)-L-dL-L-L,-6.25,7438,-0.177,-0.5892000000000004,0.44439999999999996,0.44439999999999996,0.44439999999999996,0.44439999999999996,1,1,0,1,0,0
dP-dCha-Pye-dL-Abu-L,-6.39,7428,-0.177,1.3687,-0.19910000000000033,0.44439999999999996,-0.19169999999999998,0.44439999999999996,1,1,0,1,0,0
dP-dCha-Pye-dL-Hph-L,-5.4,7434,-0.177,1.3687,-0.19910000000000033,0.44439999999999996,1.0311,0.44439999999999996,1,1,0,1,0,0
dP-dCha-Pye-dL-L-L,-5.66,7431,-0.177,1.3687,-0.19910000000000033,0.44439999999999996,0.44439999999999996,0.44439999999999996,1,1,0,1,0,0
dP-dCha-Pye-dL-Nal-L,-5.43,7435,-0.177,1.3687,-0.19910000000000033,0.44439999999999996,1.7942,0.44439999999999996,1,1,0,1,0,0
dP-dCha-Pye-dL-Phg-L,-5.49,7433,-0.177,1.3687,-0.19910000000000033,0.44439999999999996,0.7709999999999999,0.44439999999999996,1,1,0,1,0,0
dP-dF-dA-P-P-dL,-5.7,7219,-0.177,0.641,-0.5817999999999999,-0.177,-0.177,0.44439999999999996,1,1,1,0,0,1
dP-dGln(Me2)-L-dL-L-L,-6.18,7437,-0.177,-0.7332999999999992,0.44439999999999996,0.44439999999999996,0.44439999999999996,0.44439999999999996,1,1,0,1,0,0
dP-dGlu(OMe)-L-dL-L-L,-5.72,7436,-0.177,-0.6484999999999999,0.44439999999999996,0.44439999999999996,0.44439999999999996,0.44439999999999996,1,1,0,1,0,0
dP-dL-L-L-L-Y,-5.836666666666666,1001,-0.177,0.44439999999999996,0.44439999999999996,0.44439999999999996,0.44439999999999996,0.3466,1,1,0,0,0,0
dP-dL-L-L-dL-Y,-5.086666666666667,1006,-0.177,0.44439999999999996,0.44439999999999996,0.44439999999999996,0.44439999999999996,0.3466,1,1,0,0,1,0
dP-dL-L-dL-L-L,-5.1,7400,-0.177,0.44439999999999996,0.44439999999999996,0.44439999999999996,0.44439999999999996,0.44439999999999996,1,1,0,1,0,0
dP-dL-L-dL-L-Pye,-6.74,7405,-0.177,0.44439999999999996,0.44439999999999996,0.44439999999999996,0.44439999999999996,-0.19910000000000033,1,1,0,1,0,0
dP-dL-L-dL-L-Y,-6.2299999999999995,1002,-0.177,0.44439999999999996,0.44439999999999996,0.44439999999999996,0.44439999999999996,0.3466,1,1,0,1,0,0
dP-dL-L-dL-Pye-L,-6.55,7404,-0.177,0.44439999999999996,0.44439999999999996,0.44439999999999996,-0.19910000000000033,0.44439999999999996,1,1,0,1,0,0
dP-dL-L-dL-dL-Y,-5.78,1005,-0.177,0.44439999999999996,0.44439999999999996,0.44439999999999996,0.44439999999999996,0.3466,1,1,0,1,1,0
dP-dL-L-dPye-L-L,-6.86,7403,-0.177,0.44439999999999996,0.44439999999999996,-0.19910000000000033,0.44439999999999996,0.44439999999999996,1,1,0,1,0,0
dP-dL-Pye-dL-Abu-L,-7.46,7423,-0.177,0.44439999999999996,-0.19910000000000033,0.44439999999999996,-0.19169999999999998,0.44439999999999996,1,1,0,1,0,0
dP-dL-Pye-dL-Hph-L,-5.98,7430,-0.177,0.44439999999999996,-0.19910000000000033,0.44439999999999996,1.0311,0.44439999999999996,1,1,0,1,0,0
dP-dL-Pye-dL-L-L,-6.67,7402,-0.177,0.44439999999999996,-0.19910000000000033,0.44439999999999996,0.44439999999999996,0.44439999999999996,1,1,0,1,0,0
dP-dL-Pye-dL-Nal-L,-5.73,7432,-0.177,0.44439999999999996,-0.19910000000000033,0.44439999999999996,1.7942,0.44439999999999996,1,1,0,1,0,0
dP-dL-Pye-dL-Phg-L,-6.2,7429,-0.177,0.44439999999999996,-0.19910000000000033,0.44439999999999996,0.7709999999999999,0.44439999999999996,1,1,0,1,0,0
dP-dL-dL-L-L-Y,-6.13,1000,-0.177,0.44439999999999996,0.44439999999999996,0.44439999999999996,0.44439999999999996,0.3466,1,1,1,0,0,0
dP-dL-dL-L-dL-Y,-5.21,1003,-0.177,0.44439999999999996,0.44439999999999996,0.44439999999999996,0.44439999999999996,0.3466,1,1,1,0,1,0
dP-dL-dL-dL-L-L,-5.09,7388,-0.177,0.44439999999999996,0.44439999999999996,0.44439999999999996,0.44439999999999996,0.44439999999999996,1,1,1,1,0,0
dP-dL-dL-dL-L-Pye,-6.2,7393,-0.177,0.44439999999999996,0.44439999999999996,0.44439999999999996,0.44439999999999996,-0.19910000000000033,1,1,1,1,0,0
dP-dL-dL-dL-L-Y,-6.239999999999999,1007,-0.177,0.44439999999999996,0.44439999999999996,0.44439999999999996,0.44439999999999996,0.3466,1,1,1,1,0,0
dP-dL-dL-dL-Pye-L,-6.5,7392,-0.177,0.44439999999999996,0.44439999999999996,0.44439999999999996,-0.19910000000000033,0.44439999999999996,1,1,1,1,0,0
dP-dL-dL-dL-dL-L,-5.3,7394,-0.177,0.44439999999999996,0.44439999999999996,0.44439999999999996,0.44439999999999996,0.44439999999999996,1,1,1,1,1,0
dP-dL-dL-dL-dL-Pye,-5.89,7399,-0.177,0.44439999999999996,0.44439999999999996,0.44439999999999996,0.44439999999999996,-0.19910000000000033,1,1,1,1,1,0
dP-dL-dL-dL-dL-Y,-6.3999999999999995,1004,-0.177,0.44439999999999996,0.44439999999999996,0.44439999999999996,0.44439999999999996,0.3466,1,1,1,1,1,0
dP-dL-dL-dL-dPye-L,-6.89,7398,-0.177,0.44439999999999996,0.44439999999999996,0.44439999999999996,-0.19910000000000033,0.44439999999999996,1,1,1,1,1,0
dP-dL-dL-dPye-L-L,-6.53,7391,-0.177,0.44439999999999996,0.44439999999999996,-0.19910000000000033,0.44439999999999996,0.44439999999999996,1,1,1,1,0,0
dP-dL-dL-dPye-dL-L,-5.96,7397,-0.177,0.44439999999999996,0.44439999999999996,-0.19910000000000033,0.44439999999999996,0.44439999999999996,1,1,1,1,1,0
dP-dL-dPye-dL-L-L,-6.19,7390,-0.177,0.44439999999999996,-0.19910000000000033,0.44439999999999996,0.44439999999999996,0.44439999999999996,1,1,1,1,0,0
dP-dL-dPye-dL-dL-L,-5.99,7396,-0.177,0.44439999999999996,-0.19910000000000033,0.44439999999999996,0.44439999999999996,0.44439999999999996,1,1,1,1,1,0
dP-dPye-A-dL-Abu-L,-7.53,7406,-0.177,-0.19910000000000033,-0.5817999999999999,0.44439999999999996,-0.19169999999999998,0.44439999999999996,1,1,0,1,0,0
dP-dPye-A-dL-Hph-L,-5.9,7410,-0.177,-0.19910000000000033,-0.5817999999999999,0.44439999999999996,1.0311,0.44439999999999996,1,1,0,1,0,0
dP-dPye-A-dL-L-L,-6.68,7407,-0.177,-0.19910000000000033,-0.5817999999999999,0.44439999999999996,0.44439999999999996,0.44439999999999996,1,1,0,1,0,0
dP-dPye-A-dL-Nal-L,-5.52,7412,-0.177,-0.19910000000000033,-0.5817999999999999,0.44439999999999996,1.7942,0.44439999999999996,1,1,0,1,0,0
dP-dPye-A-dL-Phg-L,-6.11,7409,-0.177,-0.19910000000000033,-0.5817999999999999,0.44439999999999996,0.7709999999999999,0.44439999999999996,1,1,0,1,0,0
dP-dPye-Cha-dL-Abu-L,-5.69,7413,-0.177,-0.19910000000000033,1.3687,0.44439999999999996,-0.19169999999999998,0.44439999999999996,1,1,0,1,0,0
dP-dPye-Cha-dL-Hph-L,-4.87,7419,-0.177,-0.19910000000000033,1.3687,0.44439999999999996,1.0311,0.44439999999999996,1,1,0,1,0,0
dP-dPye-Cha-dL-L-L,-5.05,7416,-0.177,-0.19910000000000033,1.3687,0.44439999999999996,0.44439999999999996,0.44439999999999996,1,1,0,1,0,0
dP-dPye-Cha-dL-Nal-L,-5.28,7420,-0.177,-0.19910000000000033,1.3687,0.44439999999999996,1.7942,0.44439999999999996,1,1,0,1,0,0
dP-dPye-Cha-dL-Phg-L,-4.85,7418,-0.177,-0.19910000000000033,1.3687,0.44439999999999996,0.7709999999999999,0.44439999999999996,1,1,0,1,0,0
dP-dPye-L-dL-Abu-L,-6.71,7408,-0.177,-0.19910000000000033,0.44439999999999996,0.44439999999999996,-0.19169999999999998,0.44439999999999996,1,1,0,1,0,0
dP-dPye-L-dL-Hph-L,-5.25,7415,-0.177,-0.19910000000000033,0.44439999999999996,0.44439999999999996,1.0311,0.44439999999999996,1,1,0,1,0,0
dP-dPye-L-dL-L-L,-5.865,7401,-0.177,-0.19910000000000033,0.44439999999999996,0.44439999999999996,0.44439999999999996,0.44439999999999996,1,1,0,1,0,0
dP-dPye-L-dL-Nal-L,-5.09,7417,-0.177,-0.19910000000000033,0.44439999999999996,0.44439999999999996,1.7942,0.44439999999999996,1,1,0,1,0,0
dP-dPye-L-dL-Phg-L,-5.23,7414,-0.177,-0.19910000000000033,0.44439999999999996,0.44439999999999996,0.7709999999999999,0.44439999999999996,1,1,0,1,0,0
dP-dPye-dL-dL-L-L,-5.77,7389,-0.177,-0.19910000000000033,0.44439999999999996,0.44439999999999996,0.44439999999999996,0.44439999999999996,1,1,1,1,0,0
dP-dPye-dL-dL-dL-L,-6.26,7395,-0.177,-0.19910000000000033,0.44439999999999996,0.44439999999999996,0.44439999999999996,0.44439999999999996,1,1,1,1,1,0
dP-meL-L-Me_dL-meL-Y,-4.7,1008,-0.177,0.7051000000000001,0.44439999999999996,0.7051000000000001,0.7051000000000001,0.3466,1,0,0,0,0,0
dP-meL-Me_dL-L-Me_dL-Y,-5.95,1010,-0.177,0.7051000000000001,0.7051000000000001,0.44439999999999996,0.7051000000000001,0.3466,1,0,0,0,0,0
dP-meL-Me_dL-L-meL-Y,-5.69,1009,-0.177,0.7051000000000001,0.7051000000000001,0.44439999999999996,0.7051000000000001,0.3466,1,0,0,0,0,0
dP-meL-Me_dL-Me_dL-L-Y,-5.67,1015,-0.177,0.7051000000000001,0.7051000000000001,0.7051000000000001,0.44439999999999996,0.3466,1,0,0,0,0,0
dP-meL-Me_dL-Me_dL-dL-Y,-4.79,1016,-0.177,0.7051000000000001,0.7051000000000001,0.7051000000000001,0.44439999999999996,0.3466,1,0,0,0,1,0
dP-meL-Me_dL-dL-Me_dL-Y,-6.36,1012,-0.177,0.7051000000000001,0.7051000000000001,0.44439999999999996,0.7051000000000001,0.3466,1,0,0,1,0,0
dP-meL-Me_dL-dL-meL-Y,-6.26,1011,-0.177,0.7051000000000001,0.7051000000000001,0.44439999999999996,0.7051000000000001,0.3466,1,0,0,1,0,0
dP-meL-Me_dL-meL-L-Y,-6.42,1013,-0.177,0.7051000000000001,0.7051000000000001,0.7051000000000001,0.44439999999999996,0.3466,1,0,0,0,0,0
dP-meL-Me_dL-meL-dL-Y,-4.63,1014,-0.177,0.7051000000000001,0.7051000000000001,0.7051000000000001,0.44439999999999996,0.3466,1,0,0,0,1,0
dP-meY-L-Me_dL-meL-L,-5.575,999,-0.177,0.6072999999999997,0.44439999999999996,0.7051000000000001,0.7051000000000001,0.44439999999999996,1,0,0,0,0,0
dTrp(O->S)-K-T-F-P-F,-5.62,7482,1.9231000000000003,-0.4726999999999995,-1.2208999999999997,0.641,-0.177,0.641,1,0,0,0,0,0
dV-dF-meL-dP-F-P,-5.22,7225,0.05430000000000007,0.641,0.7051000000000001,-0.177,0.641,-0.177,1,1,0,1,0,0
dW-K-T-F-P-F,-5.89,7481,1.1223000000000003,-0.4726999999999995,-1.2208999999999997,0.641,-0.177,0.641,1,0,0,0,0,0
dW-K-T-F-P-Phe(O->S),-5.82,7487,1.1223000000000003,-0.4726999999999995,-1.2208999999999997,0.641,-0.177,1.4418000000000002,1,0,0,0,0,0
dW-K-T-F-Pro(O->S)-F,-5.72,7486,1.1223000000000003,-0.4726999999999995,-1.2208999999999997,0.641,0.6238,0.641,1,0,0,0,0,0
dW-K-T-Phe(O->S)-P-F,-5.64,7485,1.1223000000000003,-0.4726999999999995,-1.2208999999999997,1.4418000000000002,-0.177,0.641,1,0,0,0,0,0
dW-K-Thr(O->S)-F-P-F,-6.0,7484,1.1223000000000003,-0.4726999999999995,-0.4201,0.641,-0.177,0.641,1,0,0,0,0,0
dW-Lys(O->S)-T-F-P-F,-5.54,7483,1.1223000000000003,0.3281000000000008,-1.2208999999999997,0.641,-0.177,0.641,1,0,0,0,0,0
iBu_Gly-Me_dL-meL-L-dP-meY,-5.26,1032,0.3166,0.7051000000000001,0.7051000000000001,0.44439999999999996,-0.177,0.6072999999999997,0,0,0,0,1,0
iBu_Gly-iBu_Gly-iBu_Gly-iBu_Gly-dP-Bn(4-OH)_Gly,-6.4,1040,0.3166,0.3166,0.3166,0.3166,-0.177,0.5663999999999996,0,0,0,0,1,0
meA-Bn_Gly-Bn_Gly-P-Bn_Gly-F,-5.71,3318,-0.3211000000000002,0.8607999999999996,0.8607999999999996,-0.177,0.8607999999999996,0.641,0,0,0,0,0,0
meA-Bn_Gly-Bn_Gly-dP-Bn_Gly-F,-6.22,3490,-0.3211000000000002,0.8607999999999996,0.8607999999999996,-0.177,0.8607999999999996,0.641,0,0,0,1,0,0
meA-Bn_Gly-L-P-L-F,-5.88,3268,-0.3211000000000002,0.8607999999999996,0.44439999999999996,-0.177,0.44439999999999996,0.641,0,0,0,0,0,0
meA-Bn_Gly-L-dP-L-F,-5.22,3451,-0.3211000000000002,0.8607999999999996,0.44439999999999996,-0.177,0.44439999999999996,0.641,0,0,0,1,0,0
meA-Bn_Gly-bHph-P-L-F,-6.11,3313,-0.3211000000000002,0.8607999999999996,1.0310999999999995,-0.177,0.44439999999999996,0.641,0,0,0,0,0,0
meA-Bn_Gly-bHph-P-dL-F,-6.07,3310,-0.3211000000000002,0.8607999999999996,1.0310999999999995,-0.177,0.44439999999999996,0.641,0,0,0,0,1,0
meA-Bn_Gly-bHph-P-meL-F,-5.28,3317,-0.3211000000000002,0.8607999999999996,1.0310999999999995,-0.177,0.7051000000000001,0.641,0,0,0,0,0,0
meA-Bn_Gly-bHph-dP-dL-F,-5.9,3483,-0.3211000000000002,0.8607999999999996,1.0310999999999995,-0.177,0.44439999999999996,0.641,0,0,0,1,1,0
meA-Bn_Gly-dL-P-dL-F,-5.0,3255,-0.3211000000000002,0.8607999999999996,0.44439999999999996,-0.177,0.44439999999999996,0.641,0,0,1,0,1,0
meA-Bn_Gly-meL-dP-meL-F,-5.1,3479,-0.3211000000000002,0.8607999999999996,0.7051000000000001,-0.177,0.7051000000000001,0.641,0,0,0,1,0,0
meA-L-Bn_Gly-P-Bn_Gly-F,-5.48,3305,-0.3211000000000002,0.44439999999999996,0.8607999999999996,-0.177,0.8607999999999996,0.641,0,0,0,0,0,0
meA-L-Bn_Gly-P-L-F,-5.36,3269,-0.3211000000000002,0.44439999999999996,0.8607999999999996,-0.177,0.44439999999999996,0.641,0,0,0,0,0,0
meA-L-Bn_Gly-P-Me_dL-F,-4.99,3286,-0.3211000000000002,0.44439999999999996,0.8607999999999996,-0.177,0.7051000000000001,0.641,0,0,0,0,0,0
meA-L-Bn_Gly-P-dL-F,-5.83,3263,-0.3211000000000002,0.44439999999999996,0.8607999999999996,-0.177,0.44439999999999996,0.641,0,0,0,0,1,0
meA-L-Bn_Gly-P-meL-F,-5.15,3290,-0.3211000000000002,0.44439999999999996,0.8607999999999996,-0.177,0.7051000000000001,0.641,0,0,0,0,0,0
meA-L-Bn_Gly-dP-Me_dL-F,-5.68,3461,-0.3211000000000002,0.44439999999999996,0.8607999999999996,-0.177,0.7051000000000001,0.641,0,0,0,1,0,0
meA-L-Bn_Gly-dP-meL-F,-5.56,3467,-0.3211000000000002,0.44439999999999996,0.8607999999999996,-0.177,0.7051000000000001,0.641,0,0,0,1,0,0
meA-L-L-P-Me_dL-F,-5.11,3240,-0.3211000000000002,0.44439999999999996,0.44439999999999996,-0.177,0.7051000000000001,0.641,0,0,0,0,0,0
meA-L-L-P-dL-F,-6.33,3220,-0.3211000000000002,0.44439999999999996,0.44439999999999996,-0.177,0.44439999999999996,0.641,0,0,0,0,1,0
meA-L-L-P-meL-F,-5.86,3242,-0.3211000000000002,0.44439999999999996,0.44439999999999996,-0.177,0.7051000000000001,0.641,0,0,0,0,0,0
meA-L-L-dP-L-F,-6.68,3417,-0.3211000000000002,0.44439999999999996,0.44439999999999996,-0.177,0.44439999999999996,0.641,0,0,0,1,0,0
meA-L-L-dP-Me_dL-F,-5.43,3431,-0.3211000000000002,0.44439999999999996,0.44439999999999996,-0.177,0.7051000000000001,0.641,0,0,0,1,0,0
meA-L-L-dP-dL-F,-6.06,3415,-0.3211000000000002,0.44439999999999996,0.44439999999999996,-0.177,0.44439999999999996,0.641,0,0,0,1,1,0
meA-L-L-dP-meL-F,-5.43,3434,-0.3211000000000002,0.44439999999999996,0.44439999999999996,-0.177,0.7051000000000001,0.641,0,0,0,1,0,0
meA-L-Me_dL-P-Bn_Gly-F,-4.88,3284,-0.3211000000000002,0.44439999999999996,0.7051000000000001,-0.177,0.8607999999999996,0.641,0,0,0,0,0,0
meA-L-Me_dL-P-L-F,-4.94,3241,-0.3211000000000002,0.44439999999999996,0.7051000000000001,-0.177,0.44439999999999996,0.641,0,0,0,0,0,0
meA-L-Me_dL-P-Me_dL-F,-4.0,3254,-0.3211000000000002,0.44439999999999996,0.7051000000000001,-0.177,0.7051000000000001,0.641,0,0,0,0,0,0
meA-L-Me_dL-P-dL-F,-4.83,3232,-0.3211000000000002,0.44439999999999996,0.7051000000000001,-0.177,0.44439999999999996,0.641,0,0,0,0,1,0
meA-L-Me_dL-P-meL-F,-4.67,3260,-0.3211000000000002,0.44439999999999996,0.7051000000000001,-0.177,0.7051000000000001,0.641,0,0,0,0,0,0
meA-L-bHph-P-Bn_Gly-F,-5.75,3314,-0.3211000000000002,0.44439999999999996,1.0310999999999995,-0.177,0.8607999999999996,0.641,0,0,0,0,0,0
meA-L-bHph-P-L-F,-6.08,3289,-0.3211000000000002,0.44439999999999996,1.0310999999999995,-0.177,0.44439999999999996,0.641,0,0,0,0,0,0
meA-L-bHph-dP-Bn_Gly-F,-5.81,3487,-0.3211000000000002,0.44439999999999996,1.0310999999999995,-0.177,0.8607999999999996,0.641,0,0,0,1,0,0
meA-L-bHph-dP-dL-F,-6.12,3458,-0.3211000000000002,0.44439999999999996,1.0310999999999995,-0.177,0.44439999999999996,0.641,0,0,0,1,1,0
meA-L-dL-P-Bn_Gly-F,-5.73,3264,-0.3211000000000002,0.44439999999999996,0.44439999999999996,-0.177,0.8607999999999996,0.641,0,0,1,0,0,0
meA-L-dL-P-L-F,-5.42,3222,-0.3211000000000002,0.44439999999999996,0.44439999999999996,-0.177,0.44439999999999996,0.641,0,0,1,0,0,0
meA-L-dL-P-Me_dL-F,-5.07,3229,-0.3211000000000002,0.44439999999999996,0.44439999999999996,-0.177,0.7051000000000001,0.641,0,0,1,0,0,0
meA-L-dL-P-dL-F,-5.61,3219,-0.3211000000000002,0.44439999999999996,0.44439999999999996,-0.177,0.44439999999999996,0.641,0,0,1,0,1,0
meA-L-dL-P-meL-F,-5.0,3239,-0.3211000000000002,0.44439999999999996,0.44439999999999996,-0.177,0.7051000000000001,0.641,0,0,1,0,0,0
meA-L-dL-dP-Bn_Gly-F,-6.08,3447,-0.3211000000000002,0.44439999999999996,0.44439999999999996,-0.177,0.8607999999999996,0.641,0,0,1,1,0,0
meA-L-meL-P-dL-F,-6.0,3234,-0.3211000000000002,0.44439999999999996,0.7051000000000001,-0.177,0.44439999999999996,0.641,0,0,0,0,1,0
meA-L-meL-dP-Bn_Gly-F,-5.31,3466,-0.3211000000000002,0.44439999999999996,0.7051000000000001,-0.177,0.8607999999999996,0.641,0,0,0,1,0,0
meA-L-meL-dP-L-F,-5.04,3435,-0.3211000000000002,0.44439999999999996,0.7051000000000001,-0.177,0.44439999999999996,0.641,0,0,0,1,0,0
meA-L-meL-dP-dL-F,-6.19,3428,-0.3211000000000002,0.44439999999999996,0.7051000000000001,-0.177,0.44439999999999996,0.641,0,0,0,1,1,0
meA-Me_dA-dA-Me_dA-Me_dA-dA,-7.1,1024,-0.3211000000000002,-0.3211000000000002,-0.5817999999999999,-0.3211000000000002,-0.3211000000000002,-0.5817999999999999,0,0,1,0,0,1
meA-Me_dL-Bn_Gly-P-Bn_Gly-F,-5.03,3311,-0.3211000000000002,0.7051000000000001,0.8607999999999996,-0.177,0.8607999999999996,0.641,0,0,0,0,0,0
meA-Me_dL-Bn_Gly-P-Me_dL-F,-4.67,3295,-0.3211000000000002,0.7051000000000001,0.8607999999999996,-0.177,0.7051000000000001,0.641,0,0,0,0,0,0
meA-Me_dL-Bn_Gly-P-dL-F,-5.84,3274,-0.3211000000000002,0.7051000000000001,0.8607999999999996,-0.177,0.44439999999999996,0.641,0,0,0,0,1,0
meA-Me_dL-Bn_Gly-P-meL-F,-4.0,3299,-0.3211000000000002,0.7051000000000001,0.8607999999999996,-0.177,0.7051000000000001,0.641,0,0,0,0,0,0
meA-Me_dL-Bn_Gly-dP-Bn_Gly-F,-5.89,3482,-0.3211000000000002,0.7051000000000001,0.8607999999999996,-0.177,0.8607999999999996,0.641,0,0,0,1,0,0
meA-Me_dL-Bn_Gly-dP-L-F,-5.61,3462,-0.3211000000000002,0.7051000000000001,0.8607999999999996,-0.177,0.44439999999999996,0.641,0,0,0,1,0,0
meA-Me_dL-Bn_Gly-dP-Me_dL-F,-5.18,3471,-0.3211000000000002,0.7051000000000001,0.8607999999999996,-0.177,0.7051000000000001,0.641,0,0,0,1,0,0
meA-Me_dL-Bn_Gly-dP-meL-F,-4.99,3476,-0.3211000000000002,0.7051000000000001,0.8607999999999996,-0.177,0.7051000000000001,0.641,0,0,0,1,0,0
meA-Me_dL-L-P-Bn_Gly-F,-4.94,3287,-0.3211000000000002,0.7051000000000001,0.44439999999999996,-0.177,0.8607999999999996,0.641,0,0,0,0,0,0
meA-Me_dL-L-P-L-F,-5.76,3237,-0.3211000000000002,0.7051000000000001,0.44439999999999996,-0.177,0.44439999999999996,0.641,0,0,0,0,0,0
meA-Me_dL-L-P-Me_dL-F,-4.0,3253,-0.3211000000000002,0.7051000000000001,0.44439999999999996,-0.177,0.7051000000000001,0.641,0,0,0,0,0,0
meA-Me_dL-L-P-meL-F,-4.0,3259,-0.3211000000000002,0.7051000000000001,0.44439999999999996,-0.177,0.7051000000000001,0.641,0,0,0,0,0,0
meA-Me_dL-L-dP-Bn_Gly-F,-5.19,3464,-0.3211000000000002,0.7051000000000001,0.44439999999999996,-0.177,0.8607999999999996,0.641,0,0,0,1,0,0
meA-Me_dL-L-dP-dL-F,-5.51,3424,-0.3211000000000002,0.7051000000000001,0.44439999999999996,-0.177,0.44439999999999996,0.641,0,0,0,1,1,0
meA-Me_dL-L-dP-meL-F,-4.87,3446,-0.3211000000000002,0.7051000000000001,0.44439999999999996,-0.177,0.7051000000000001,0.641,0,0,0,1,0,0
meA-Me_dL-Me_dL-P-Bn_Gly-F,-4.67,3294,-0.3211000000000002,0.7051000000000001,0.7051000000000001,-0.177,0.8607999999999996,0.641,0,0,0,0,0,0
meA-Me_dL-Me_dL-P-L-F,-4.62,3250,-0.3211000000000002,0.7051000000000001,0.7051000000000001,-0.177,0.44439999999999996,0.641,0,0,0,0,0,0
meA-Me_dL-Me_dL-P-Me_dL-F,-4.0,3270,-0.3211000000000002,0.7051000000000001,0.7051000000000001,-0.177,0.7051000000000001,0.641,0,0,0,0,0,0
meA-Me_dL-Me_dL-P-dL-F,-4.85,3246,-0.3211000000000002,0.7051000000000001,0.7051000000000001,-0.177,0.44439999999999996,0.641,0,0,0,0,1,0
meA-Me_dL-Me_dL-P-meL-F,-4.4,3271,-0.3211000000000002,0.7051000000000001,0.7051000000000001,-0.177,0.7051000000000001,0.641,0,0,0,0,0,0
meA-Me_dL-Me_dL-dP-Me_dL-F,-4.84,3452,-0.3211000000000002,0.7051000000000001,0.7051000000000001,-0.177,0.7051000000000001,0.641,0,0,0,1,0,0
meA-Me_dL-bHph-P-L-F,-6.18,3296,-0.3211000000000002,0.7051000000000001,1.0310999999999995,-0.177,0.44439999999999996,0.641,0,0,0,0,0,0
meA-Me_dL-bHph-P-Me_dL-F,-5.38,3306,-0.3211000000000002,0.7051000000000001,1.0310999999999995,-0.177,0.7051000000000001,0.641,0,0,0,0,0,0
meA-Me_dL-bHph-P-dL-F,-5.93,3292,-0.3211000000000002,0.7051000000000001,1.0310999999999995,-0.177,0.44439999999999996,0.641,0,0,0,0,1,0
meA-Me_dL-bHph-P-meL-F,-4.75,3308,-0.3211000000000002,0.7051000000000001,1.0310999999999995,-0.177,0.7051000000000001,0.641,0,0,0,0,0,0
meA-Me_dL-bHph-dP-Me_dL-F,-5.19,3481,-0.3211000000000002,0.7051000000000001,1.0310999999999995,-0.177,0.7051000000000001,0.641,0,0,0,1,0,0
meA-Me_dL-bHph-dP-dL-F,-5.75,3469,-0.3211000000000002,0.7051000000000001,1.0310999999999995,-0.177,0.44439999999999996,0.641,0,0,0,1,1,0
meA-Me_dL-dL-P-Bn_Gly-F,-5.16,3275,-0.3211000000000002,0.7051000000000001,0.44439999999999996,-0.177,0.8607999999999996,0.641,0,0,1,0,0,0
meA-Me_dL-dL-P-L-F,-6.01,3227,-0.3211000000000002,0.7051000000000001,0.44439999999999996,-0.177,0.44439999999999996,0.641,0,0,1,0,0,0
meA-Me_dL-dL-P-Me_dL-F,-4.79,3244,-0.3211000000000002,0.7051000000000001,0.44439999999999996,-0.177,0.7051000000000001,0.641,0,0,1,0,0,0
meA-Me_dL-dL-P-dL-F,-5.08,3223,-0.3211000000000002,0.7051000000000001,0.44439999999999996,-0.177,0.44439999999999996,0.641,0,0,1,0,1,0
meA-Me_dL-dL-P-meL-F,-4.74,3248,-0.3211000000000002,0.7051000000000001,0.44439999999999996,-0.177,0.7051000000000001,0.641,0,0,1,0,0,0
meA-Me_dL-dL-dP-L-F,-5.59,3422,-0.3211000000000002,0.7051000000000001,0.44439999999999996,-0.177,0.44439999999999996,0.641,0,0,1,1,0,0
meA-Me_dL-dL-dP-Me_dL-F,-5.19,3436,-0.3211000000000002,0.7051000000000001,0.44439999999999996,-0.177,0.7051000000000001,0.641,0,0,1,1,0,0
meA-Me_dL-dL-dP-dL-F,-5.7,3419,-0.3211000000000002,0.7051000000000001,0.44439999999999996,-0.177,0.44439999999999996,0.641,0,0,1,1,1,0
meA-Me_dL-dL-dP-meL-F,-4.86,3439,-0.3211000000000002,0.7051000000000001,0.44439999999999996,-0.177,0.7051000000000001,0.641,0,0,1,1,0,0
meA-Me_dL-meL-P-Bn_Gly-F,-4.76,3301,-0.3211000000000002,0.7051000000000001,0.7051000000000001,-0.177,0.8607999999999996,0.641,0,0,0,0,0,0
meA-Me_dL-meL-P-Me_dL-F,-4.0,3272,-0.3211000000000002,0.7051000000000001,0.7051000000000001,-0.177,0.7051000000000001,0.641,0,0,0,0,0,0
meA-Me_dL-meL-P-dL-F,-6.07,3247,-0.3211000000000002,0.7051000000000001,0.7051000000000001,-0.177,0.44439999999999996,0.641,0,0,0,0,1,0
meA-Me_dL-meL-P-meL-F,-4.0,3278,-0.3211000000000002,0.7051000000000001,0.7051000000000001,-0.177,0.7051000000000001,0.641,0,0,0,0,0,0
meA-Me_dL-meL-dP-Bn_Gly-F,-5.22,3477,-0.3211000000000002,0.7051000000000001,0.7051000000000001,-0.177,0.8607999999999996,0.641,0,0,0,1,0,0
meA-Me_dL-meL-dP-L-F,-5.26,3443,-0.3211000000000002,0.7051000000000001,0.7051000000000001,-0.177,0.44439999999999996,0.641,0,0,0,1,0,0
meA-Me_dL-meL-dP-Me_dL-F,-5.02,3454,-0.3211000000000002,0.7051000000000001,0.7051000000000001,-0.177,0.7051000000000001,0.641,0,0,0,1,0,0
meA-Me_dL-meL-dP-dL-F,-5.37,3438,-0.3211000000000002,0.7051000000000001,0.7051000000000001,-0.177,0.44439999999999996,0.641,0,0,0,1,1,0
meA-Me_dL-meL-dP-meL-F,-4.91,3457,-0.3211000000000002,0.7051000000000001,0.7051000000000001,-0.177,0.7051000000000001,0.641,0,0,0,1,0,0
meA-Sar-dF-dL-P-Y,-7.52,1088,-0.3211000000000002,-0.7096000000000002,0.641,0.44439999999999996,-0.177,0.3466,0,0,1,1,0,0
meA-d(N->O)Val-meV-d(N->O)Val-meV-d(N->O)Val,-5.45,948,-0.3211000000000002,0.08789999999999998,0.3149999999999997,0.08789999999999998,0.3149999999999997,0.08789999999999998,0,1,0,1,0,1
meA-dA-dA-dA-Me_dA-dA,-8.3,1022,-0.3211000000000002,-0.5817999999999999,-0.5817999999999999,-0.5817999999999999,-0.3211000000000002,-0.5817999999999999,0,1,1,1,0,1
meA-dA-dA-dA-dA-Me_dA,-8.2,1020,-0.3211000000000002,-0.5817999999999999,-0.5817999999999999,-0.5817999999999999,-0.5817999999999999,-0.3211000000000002,0,1,1,1,1,0
meA-dL-Bn_Gly-P-Bn_Gly-F,-5.48,3302,-0.3211000000000002,0.44439999999999996,0.8607999999999996,-0.177,0.8607999999999996,0.641,0,1,0,0,0,0
meA-dL-Bn_Gly-P-L-F,-5.44,3262,-0.3211000000000002,0.44439999999999996,0.8607999999999996,-0.177,0.44439999999999996,0.641,0,1,0,0,0,0
meA-dL-Bn_Gly-P-Me_dL-F,-5.17,3276,-0.3211000000000002,0.44439999999999996,0.8607999999999996,-0.177,0.7051000000000001,0.641,0,1,0,0,0,0
meA-dL-Bn_Gly-dP-Bn_Gly-F,-5.72,3478,-0.3211000000000002,0.44439999999999996,0.8607999999999996,-0.177,0.8607999999999996,0.641,0,1,0,1,0,0
meA-dL-Bn_Gly-dP-Me_dL-F,-5.35,3456,-0.3211000000000002,0.44439999999999996,0.8607999999999996,-0.177,0.7051000000000001,0.641,0,1,0,1,0,0
meA-dL-Bn_Gly-dP-dL-F,-5.2,3441,-0.3211000000000002,0.44439999999999996,0.8607999999999996,-0.177,0.44439999999999996,0.641,0,1,0,1,1,0
meA-dL-Bn_Gly-dP-meL-F,-5.11,3463,-0.3211000000000002,0.44439999999999996,0.8607999999999996,-0.177,0.7051000000000001,0.641,0,1,0,1,0,0
meA-dL-L-P-Bn_Gly-F,-5.35,3265,-0.3211000000000002,0.44439999999999996,0.44439999999999996,-0.177,0.8607999999999996,0.641,0,1,0,0,0,0
meA-dL-L-P-L-F,-6.05,3221,-0.3211000000000002,0.44439999999999996,0.44439999999999996,-0.177,0.44439999999999996,0.641,0,1,0,0,0,0
meA-dL-L-P-Me_dL-F,-5.13,3230,-0.3211000000000002,0.44439999999999996,0.44439999999999996,-0.177,0.7051000000000001,0.641,0,1,0,0,0,0
meA-dL-L-P-meL-F,-5.09,3238,-0.3211000000000002,0.44439999999999996,0.44439999999999996,-0.177,0.7051000000000001,0.641,0,1,0,0,0,0
meA-dL-L-dP-Bn_Gly-F,-5.79,3448,-0.3211000000000002,0.44439999999999996,0.44439999999999996,-0.177,0.8607999999999996,0.641,0,1,0,1,0,0
meA-dL-L-dP-L-F,-6.01,3416,-0.3211000000000002,0.44439999999999996,0.44439999999999996,-0.177,0.44439999999999996,0.641,0,1,0,1,0,0
meA-dL-L-dP-Me_dL-F,-5.06,3425,-0.3211000000000002,0.44439999999999996,0.44439999999999996,-0.177,0.7051000000000001,0.641,0,1,0,1,0,0
meA-dL-L-dP-dL-F,-5.15,3414,-0.3211000000000002,0.44439999999999996,0.44439999999999996,-0.177,0.44439999999999996,0.641,0,1,0,1,1,0
meA-dL-L-dP-meL-F,-4.89,3432,-0.3211000000000002,0.44439999999999996,0.44439999999999996,-0.177,0.7051000000000001,0.641,0,1,0,1,0,0
meA-dL-Me_dL-P-L-F,-4.9,3231,-0.3211000000000002,0.44439999999999996,0.7051000000000001,-0.177,0.44439999999999996,0.641,0,1,0,0,0,0
meA-dL-Me_dL-P-Me_dL-F,-4.86,3245,-0.3211000000000002,0.44439999999999996,0.7051000000000001,-0.177,0.7051000000000001,0.641,0,1,0,0,0,0
meA-dL-Me_dL-P-dL-F,-4.68,3225,-0.3211000000000002,0.44439999999999996,0.7051000000000001,-0.177,0.44439999999999996,0.641,0,1,0,0,1,0
meA-dL-Me_dL-P-meL-F,-4.0,3252,-0.3211000000000002,0.44439999999999996,0.7051000000000001,-0.177,0.7051000000000001,0.641,0,1,0,0,0,0
meA-dL-Me_dL-dP-Bn_Gly-F,-5.2,3455,-0.3211000000000002,0.44439999999999996,0.7051000000000001,-0.177,0.8607999999999996,0.641,0,1,0,1,0,0
meA-dL-Me_dL-dP-L-F,-5.71,3421,-0.3211000000000002,0.44439999999999996,0.7051000000000001,-0.177,0.44439999999999996,0.641,0,1,0,1,0,0
meA-dL-Me_dL-dP-dL-F,-4.99,3420,-0.3211000000000002,0.44439999999999996,0.7051000000000001,-0.177,0.44439999999999996,0.641,0,1,0,1,1,0
meA-dL-Me_dL-dP-meL-F,-5.15,3437,-0.3211000000000002,0.44439999999999996,0.7051000000000001,-0.177,0.7051000000000001,0.641,0,1,0,1,0,0
meA-dL-bHph-P-Bn_Gly-F,-6.17,3309,-0.3211000000000002,0.44439999999999996,1.0310999999999995,-0.177,0.8607999999999996,0.641,0,1,0,0,0,0
meA-dL-bHph-P-L-F,-5.8,3280,-0.3211000000000002,0.44439999999999996,1.0310999999999995,-0.177,0.44439999999999996,0.641,0,1,0,0,0,0
meA-dL-bHph-P-Me_dL-F,-5.86,3293,-0.3211000000000002,0.44439999999999996,1.0310999999999995,-0.177,0.7051000000000001,0.641,0,1,0,0,0,0
meA-dL-bHph-P-meL-F,-5.56,3298,-0.3211000000000002,0.44439999999999996,1.0310999999999995,-0.177,0.7051000000000001,0.641,0,1,0,0,0,0
meA-dL-bHph-dP-Bn_Gly-F,-5.64,3484,-0.3211000000000002,0.44439999999999996,1.0310999999999995,-0.177,0.8607999999999996,0.641,0,1,0,1,0,0
meA-dL-bHph-dP-L-F,-5.95,3459,-0.3211000000000002,0.44439999999999996,1.0310999999999995,-0.177,0.44439999999999996,0.641,0,1,0,1,0,0
meA-dL-bHph-dP-Me_dL-F,-5.53,3470,-0.3211000000000002,0.44439999999999996,1.0310999999999995,-0.177,0.7051000000000001,0.641,0,1,0,1,0,0
meA-dL-bHph-dP-meL-F,-5.17,3475,-0.3211000000000002,0.44439999999999996,1.0310999999999995,-0.177,0.7051000000000001,0.641,0,1,0,1,0,0
meA-dL-dL-P-Bn_Gly-F,-5.11,3256,-0.3211000000000002,0.44439999999999996,0.44439999999999996,-0.177,0.8607999999999996,0.641,0,1,1,0,0,0
meA-dL-dL-P-L-F,-5.8,3217,-0.3211000000000002,0.44439999999999996,0.44439999999999996,-0.177,0.44439999999999996,0.641,0,1,1,0,0,0
meA-dL-dL-P-Me_dL-F,-5.19,3224,-0.3211000000000002,0.44439999999999996,0.44439999999999996,-0.177,0.7051000000000001,0.641,0,1,1,0,0,0
meA-dL-dL-P-dL-F,-5.29,3216,-0.3211000000000002,0.44439999999999996,0.44439999999999996,-0.177,0.44439999999999996,0.641,0,1,1,0,1,0
meA-dL-dL-P-meL-F,-5.73,3226,-0.3211000000000002,0.44439999999999996,0.44439999999999996,-0.177,0.7051000000000001,0.641,0,1,1,0,0,0
meA-dL-dL-dP-Bn_Gly-F,-6.02,3440,-0.3211000000000002,0.44439999999999996,0.44439999999999996,-0.177,0.8607999999999996,0.641,0,1,1,1,0,0
meA-dL-dL-dP-L-F,-6.11,3412,-0.3211000000000002,0.44439999999999996,0.44439999999999996,-0.177,0.44439999999999996,0.641,0,1,1,1,0,0
meA-dL-dL-dP-dL-F,-5.06,3411,-0.3211000000000002,0.44439999999999996,0.44439999999999996,-0.177,0.44439999999999996,0.641,0,1,1,1,1,0
meA-dL-dL-dP-meL-F,-6.18,3423,-0.3211000000000002,0.44439999999999996,0.44439999999999996,-0.177,0.7051000000000001,0.641,0,1,1,1,0,0
meA-dL-meL-P-Bn_Gly-F,-4.98,3288,-0.3211000000000002,0.44439999999999996,0.7051000000000001,-0.177,0.8607999999999996,0.641,0,1,0,0,0,0
meA-dL-meL-P-L-F,-5.78,3235,-0.3211000000000002,0.44439999999999996,0.7051000000000001,-0.177,0.44439999999999996,0.641,0,1,0,0,0,0
meA-dL-meL-P-Me_dL-F,-4.98,3251,-0.3211000000000002,0.44439999999999996,0.7051000000000001,-0.177,0.7051000000000001,0.641,0,1,0,0,0,0
meA-dL-meL-P-dL-F,-5.12,3228,-0.3211000000000002,0.44439999999999996,0.7051000000000001,-0.177,0.44439999999999996,0.641,0,1,0,0,1,0
meA-dL-meL-P-meL-F,-4.5,3258,-0.3211000000000002,0.44439999999999996,0.7051000000000001,-0.177,0.7051000000000001,0.641,0,1,0,0,0,0
meA-dL-meL-dP-L-F,-5.49,3430,-0.3211000000000002,0.44439999999999996,0.7051000000000001,-0.177,0.44439999999999996,0.641,0,1,0,1,0,0
meA-dL-meL-dP-dL-F,-5.05,3426,-0.3211000000000002,0.44439999999999996,0.7051000000000001,-0.177,0.44439999999999996,0.641,0,1,0,1,1,0
meA-dL-meL-dP-meL-F,-4.96,3445,-0.3211000000000002,0.44439999999999996,0.7051000000000001,-0.177,0.7051000000000001,0.641,0,1,0,1,0,0
meA-meL-Bn_Gly-P-Bn_Gly-F,-5.14,3315,-0.3211000000000002,0.7051000000000001,0.8607999999999996,-0.177,0.8607999999999996,0.641,0,0,0,0,0,0
meA-meL-Bn_Gly-P-dL-F,-5.27,3283,-0.3211000000000002,0.7051000000000001,0.8607999999999996,-0.177,0.44439999999999996,0.641,0,0,0,0,1,0
meA-meL-Bn_Gly-P-meL-F,-4.81,3304,-0.3211000000000002,0.7051000000000001,0.8607999999999996,-0.177,0.7051000000000001,0.641,0,0,0,0,0,0
meA-meL-Bn_Gly-dP-Bn_Gly-F,-5.43,3488,-0.3211000000000002,0.7051000000000001,0.8607999999999996,-0.177,0.8607999999999996,0.641,0,0,0,1,0,0
meA-meL-Bn_Gly-dP-Me_dL-F,-5.44,3474,-0.3211000000000002,0.7051000000000001,0.8607999999999996,-0.177,0.7051000000000001,0.641,0,0,0,1,0,0
meA-meL-L-P-Bn_Gly-F,-4.77,3291,-0.3211000000000002,0.7051000000000001,0.44439999999999996,-0.177,0.8607999999999996,0.641,0,0,0,0,0,0
meA-meL-L-P-L-F,-5.97,3243,-0.3211000000000002,0.7051000000000001,0.44439999999999996,-0.177,0.44439999999999996,0.641,0,0,0,0,0,0
meA-meL-L-P-dL-F,-5.73,3236,-0.3211000000000002,0.7051000000000001,0.44439999999999996,-0.177,0.44439999999999996,0.641,0,0,0,0,1,0
meA-meL-L-P-meL-F,-4.0,3266,-0.3211000000000002,0.7051000000000001,0.44439999999999996,-0.177,0.7051000000000001,0.641,0,0,0,0,0,0
meA-meL-L-dP-Bn_Gly-F,-5.23,3468,-0.3211000000000002,0.7051000000000001,0.44439999999999996,-0.177,0.8607999999999996,0.641,0,0,0,1,0,0
meA-meL-L-dP-L-F,-5.29,3433,-0.3211000000000002,0.7051000000000001,0.44439999999999996,-0.177,0.44439999999999996,0.641,0,0,0,1,0,0
meA-meL-L-dP-Me_dL-F,-4.92,3444,-0.3211000000000002,0.7051000000000001,0.44439999999999996,-0.177,0.7051000000000001,0.641,0,0,0,1,0,0
meA-meL-L-dP-dL-F,-5.34,3429,-0.3211000000000002,0.7051000000000001,0.44439999999999996,-0.177,0.44439999999999996,0.641,0,0,0,1,1,0
meA-meL-L-dP-meL-F,-4.92,3449,-0.3211000000000002,0.7051000000000001,0.44439999999999996,-0.177,0.7051000000000001,0.641,0,0,0,1,0,0
meA-meL-Me_dL-P-Bn_Gly-F,-4.82,3300,-0.3211000000000002,0.7051000000000001,0.7051000000000001,-0.177,0.8607999999999996,0.641,0,0,0,0,0,0
meA-meL-Me_dL-P-Me_dL-F,-4.0,3273,-0.3211000000000002,0.7051000000000001,0.7051000000000001,-0.177,0.7051000000000001,0.641,0,0,0,0,0,0
meA-meL-Me_dL-P-meL-F,-4.72,3279,-0.3211000000000002,0.7051000000000001,0.7051000000000001,-0.177,0.7051000000000001,0.641,0,0,0,0,0,0
meA-meL-Me_dL-dP-Me_dL-F,-4.84,3453,-0.3211000000000002,0.7051000000000001,0.7051000000000001,-0.177,0.7051000000000001,0.641,0,0,0,1,0,0
meA-meL-bHph-P-Bn_Gly-F,-4.9,3316,-0.3211000000000002,0.7051000000000001,1.0310999999999995,-0.177,0.8607999999999996,0.641,0,0,0,0,0,0
meA-meL-bHph-P-Me_dL-F,-4.89,3307,-0.3211000000000002,0.7051000000000001,1.0310999999999995,-0.177,0.7051000000000001,0.641,0,0,0,0,0,0
meA-meL-bHph-P-dL-F,-5.69,3297,-0.3211000000000002,0.7051000000000001,1.0310999999999995,-0.177,0.44439999999999996,0.641,0,0,0,0,1,0
meA-meL-bHph-P-meL-F,-4.54,3312,-0.3211000000000002,0.7051000000000001,1.0310999999999995,-0.177,0.7051000000000001,0.641,0,0,0,0,0,0
meA-meL-bHph-dP-Bn_Gly-F,-5.45,3489,-0.3211000000000002,0.7051000000000001,1.0310999999999995,-0.177,0.8607999999999996,0.641,0,0,0,1,0,0
meA-meL-bHph-dP-dL-F,-5.6,3473,-0.3211000000000002,0.7051000000000001,1.0310999999999995,-0.177,0.44439999999999996,0.641,0,0,0,1,1,0
meA-meL-bHph-dP-meL-F,-5.22,3485,-0.3211000000000002,0.7051000000000001,1.0310999999999995,-0.177,0.7051000000000001,0.641,0,0,0,1,0,0
meA-meL-dL-P-Bn_Gly-F,-4.9,3285,-0.3211000000000002,0.7051000000000001,0.44439999999999996,-0.177,0.8607999999999996,0.641,0,0,1,0,0,0
meA-meL-dL-P-Me_dL-F,-4.72,3249,-0.3211000000000002,0.7051000000000001,0.44439999999999996,-0.177,0.7051000000000001,0.641,0,0,1,0,0,0
meA-meL-dL-P-dL-F,-4.88,3233,-0.3211000000000002,0.7051000000000001,0.44439999999999996,-0.177,0.44439999999999996,0.641,0,0,1,0,1,0
meA-meL-dL-P-meL-F,-4.69,3261,-0.3211000000000002,0.7051000000000001,0.44439999999999996,-0.177,0.7051000000000001,0.641,0,0,1,0,0,0
meA-meL-dL-dP-Bn_Gly-F,-5.7,3460,-0.3211000000000002,0.7051000000000001,0.44439999999999996,-0.177,0.8607999999999996,0.641,0,0,1,1,0,0
meA-meL-dL-dP-L-F,-5.88,3427,-0.3211000000000002,0.7051000000000001,0.44439999999999996,-0.177,0.44439999999999996,0.641,0,0,1,1,0,0
meA-meL-dL-dP-meL-F,-5.08,3442,-0.3211000000000002,0.7051000000000001,0.44439999999999996,-0.177,0.7051000000000001,0.641,0,0,1,1,0,0
meA-meL-meL-P-Bn_Gly-F,-5.75,3303,-0.3211000000000002,0.7051000000000001,0.7051000000000001,-0.177,0.8607999999999996,0.641,0,0,0,0,0,0
meA-meL-meL-P-Me_dL-F,-4.84,3277,-0.3211000000000002,0.7051000000000001,0.7051000000000001,-0.177,0.7051000000000001,0.641,0,0,0,0,0,0
meA-meL-meL-P-dL-F,-5.08,3257,-0.3211000000000002,0.7051000000000001,0.7051000000000001,-0.177,0.44439999999999996,0.641,0,0,0,0,1,0
meF-Me_Nle-Nle-Me_Nle-P-Mono100,-5.5,5652,0.9017,0.8492,0.5884999999999998,0.8492,-0.177,-1.1224999999999996,0,0,0,0,0,0
meF-Me_Nle-Nle-P-Me_Nle-Mono100,-4.5,5656,0.9017,0.8492,0.5884999999999998,-0.177,0.8492,-1.1224999999999996,0,0,0,0,0,0
meF-Nle-Nle-Me_Nle-Nle-Mono101,-4.3,5643,0.9017,0.5884999999999998,0.5884999999999998,0.8492,0.5884999999999998,-0.8617999999999992,0,0,0,0,0,0
meF-Nle-P-Me_Nle-Nle-Mono101,-4.5,5660,0.9017,0.5884999999999998,-0.177,0.8492,0.5884999999999998,-0.8617999999999992,0,0,0,0,0,0
meL-L-dL-dP-P-Y,-6.54,1062,0.7051000000000001,0.44439999999999996,0.44439999999999996,-0.177,-0.177,0.3466,0,0,1,1,0,0
meL-Me_dL-F-L-P-Y,-6.39,1092,0.7051000000000001,0.7051000000000001,0.641,0.44439999999999996,-0.177,0.3466,0,0,0,0,0,0
meL-Me_dL-dL-P-Me_dY-dL,-4.3,1028,0.7051000000000001,0.7051000000000001,0.44439999999999996,-0.177,0.6072999999999997,0.44439999999999996,0,0,1,0,0,1
meL-Me_dL-dL-dL-P-Y,-5.42,1057,0.7051000000000001,0.7051000000000001,0.44439999999999996,0.44439999999999996,-0.177,0.3466,0,0,1,1,0,0
meL-Me_dL-meL-L-dP-meY,-5.82,1061,0.7051000000000001,0.7051000000000001,0.7051000000000001,0.44439999999999996,-0.177,0.6072999999999997,0,0,0,0,1,0
meL-Me_dL-meL-meL-dP-meY,-5.46,27,0.7051000000000001,0.7051000000000001,0.7051000000000001,0.7051000000000001,-0.177,0.6072999999999997,0,0,0,0,1,0
meL-Sar-F-L-P-Y,-7.0,1091,0.7051000000000001,-0.7096000000000002,0.641,0.44439999999999996,-0.177,0.3466,0,0,0,0,0,0
meL-meL-dL-dP-P-Y,-5.95,1058,0.7051000000000001,0.7051000000000001,0.44439999999999996,-0.177,-0.177,0.3466,0,0,1,1,0,0
meV-d(N->O)Val-meV-d(N->O)Val-meV-d(N->O)Val,-4.73,946,0.3149999999999997,0.08789999999999998,0.3149999999999997,0.08789999999999998,0.3149999999999997,0.08789999999999998,0,1,0,1,0,1
meV-d(N->O)Val-meV-d(N->O)aIle-meV-d(N->O)Val,-5.66,949,0.3149999999999997,0.08789999999999998,0.3149999999999997,0.478,0.3149999999999997,0.08789999999999998,0,1,0,1,0,1
meV-d(N->O)aIle-meV-d(N->O)aIle-meV-d(N->O)Val,-5.34,947,0.3149999999999997,0.478,0.3149999999999997,0.478,0.3149999999999997,0.08789999999999998,0,1,0,1,0,1
meV-d(N->O)aIle-meV-d(N->O)aIle-meV-d(N->O)aIle,-5.99,950,0.3149999999999997,0.478,0.3149999999999997,0.478,0.3149999999999997,0.478,0,1,0,1,0,1
meY-L-dL-L-L-dP,-6.0,2462,0.6072999999999997,0.44439999999999996,0.44439999999999996,0.44439999999999996,0.44439999999999996,-0.177,0,0,1,0,0,1
