Pos_1_logP,Pos_2_logP,Pos_3_logP,Pos_4_logP,Pos_5_logP,Pos_6_logP,Pos_1_chirality,Pos_2_chirality,Pos_3_chirality,Pos_4_chirality,Pos_5_chirality,Pos_6_chirality,Pos_1_is_NSub,Pos_2_is_NSub,Pos_3_is_NSub,Pos_4_is_NSub,Pos_5_is_NSub,Pos_6_is_NSub
-0.5817999999999999,0.2982999999999993,0.7051000000000001,0.5884999999999998,-0.177,1.5141999999999995,-1.0,0.0,-1.0,-1.0,1.0,0.0,0.0,1.0,1.0,0.0,1.0,1.0
-0.5817999999999999,0.2982999999999993,0.7051000000000001,0.5884999999999998,-0.177,-0.3194999999999999,-1.0,0.0,-1.0,-1.0,1.0,0.0,0.0,1.0,1.0,0.0,1.0,1.0
-0.5817999999999999,0.2982999999999993,0.7051000000000001,0.5884999999999998,-0.177,0.5894999999999995,-1.0,0.0,-1.0,-1.0,1.0,0.0,0.0,1.0,1.0,0.0,1.0,1.0
-0.5817999999999999,0.2982999999999993,0.7051000000000001,0.5884999999999998,-0.177,0.4757,-1.0,0.0,-1.0,-1.0,1.0,0.0,0.0,1.0,1.0,0.0,1.0,1.0
-0.5817999999999999,0.2982999999999993,0.7051000000000001,0.5884999999999998,-0.177,-1.0071999999999994,-1.0,0.0,-1.0,-1.0,1.0,0.0,0.0,1.0,1.0,0.0,1.0,1.0
-0.5817999999999999,0.2982999999999993,0.7051000000000001,0.5884999999999998,-0.177,1.6834999999999998,-1.0,0.0,-1.0,-1.0,1.0,0.0,0.0,1.0,1.0,0.0,1.0,1.0
-0.5817999999999999,0.2982999999999993,0.7051000000000001,0.5884999999999998,-0.177,1.0473,-1.0,0.0,-1.0,-1.0,1.0,0.0,0.0,1.0,1.0,0.0,1.0,1.0
-0.5817999999999999,0.2982999999999993,0.7051000000000001,0.5884999999999998,-0.177,1.1055999999999997,-1.0,0.0,-1.0,-1.0,1.0,0.0,0.0,1.0,1.0,0.0,1.0,1.0
-0.5817999999999999,0.2982999999999993,0.7051000000000001,0.5884999999999998,-0.177,0.0706,-1.0,0.0,-1.0,-1.0,1.0,0.0,0.0,1.0,1.0,0.0,1.0,1.0
-0.5817999999999999,0.2982999999999993,0.7051000000000001,0.5884999999999998,-0.177,0.3166,-1.0,0.0,-1.0,-1.0,1.0,0.0,0.0,1.0,1.0,0.0,1.0,1.0
-0.5817999999999999,0.8607999999999996,0.8607999999999996,-0.177,0.8607999999999996,0.641,-1.0,0.0,0.0,-1.0,0.0,-1.0,0.0,1.0,1.0,1.0,1.0,0.0
-0.5817999999999999,0.8607999999999996,0.8607999999999996,-0.177,0.8607999999999996,0.641,-1.0,0.0,0.0,1.0,0.0,-1.0,0.0,1.0,1.0,1.0,1.0,0.0
-0.5817999999999999,0.8607999999999996,0.4443999999999999,-0.177,0.4443999999999999,0.641,-1.0,0.0,-1.0,-1.0,-1.0,-1.0,0.0,1.0,0.0,1.0,0.0,0.0
-0.5817999999999999,0.8607999999999996,0.4443999999999999,-0.177,0.4443999999999999,0.641,-1.0,0.0,-1.0,1.0,-1.0,-1.0,0.0,1.0,0.0,1.0,0.0,0.0
-0.5817999999999999,0.8607999999999996,0.7051000000000001,-0.177,0.7051000000000001,0.641,-1.0,0.0,1.0,-1.0,1.0,-1.0,0.0,1.0,1.0,1.0,1.0,0.0
-0.5817999999999999,0.8607999999999996,1.0310999999999997,-0.177,0.4443999999999999,0.641,-1.0,0.0,0.0,1.0,1.0,-1.0,0.0,1.0,1.0,1.0,0.0,0.0
-0.5817999999999999,0.8607999999999996,0.4443999999999999,-0.177,0.4443999999999999,0.641,-1.0,0.0,1.0,-1.0,1.0,-1.0,0.0,1.0,0.0,1.0,0.0,0.0
-0.5817999999999999,0.8607999999999996,0.4443999999999999,-0.177,0.4443999999999999,0.641,-1.0,0.0,1.0,1.0,1.0,-1.0,0.0,1.0,0.0,1.0,0.0,0.0
-0.5817999999999999,0.8607999999999996,0.7051000000000001,0.5884999999999998,-0.177,1.5141999999999995,-1.0,0.0,-1.0,-1.0,1.0,0.0,0.0,1.0,1.0,0.0,1.0,1.0
-0.5817999999999999,0.8607999999999996,0.7051000000000001,0.5884999999999998,-0.177,-0.3194999999999999,-1.0,0.0,-1.0,-1.0,1.0,0.0,0.0,1.0,1.0,0.0,1.0,1.0
-0.5817999999999999,0.8607999999999996,0.7051000000000001,0.5884999999999998,-0.177,0.5894999999999995,-1.0,0.0,-1.0,-1.0,1.0,0.0,0.0,1.0,1.0,0.0,1.0,1.0
-0.5817999999999999,0.8607999999999996,0.7051000000000001,0.5884999999999998,-0.177,0.4757,-1.0,0.0,-1.0,-1.0,1.0,0.0,0.0,1.0,1.0,0.0,1.0,1.0
-0.5817999999999999,0.8607999999999996,0.7051000000000001,0.5884999999999998,-0.177,-1.0071999999999994,-1.0,0.0,-1.0,-1.0,1.0,0.0,0.0,1.0,1.0,0.0,1.0,1.0
-0.5817999999999999,0.8607999999999996,0.7051000000000001,0.5884999999999998,-0.177,1.6834999999999998,-1.0,0.0,-1.0,-1.0,1.0,0.0,0.0,1.0,1.0,0.0,1.0,1.0
-0.5817999999999999,0.8607999999999996,0.7051000000000001,0.5884999999999998,-0.177,1.0473,-1.0,0.0,-1.0,-1.0,1.0,0.0,0.0,1.0,1.0,0.0,1.0,1.0
-0.5817999999999999,0.8607999999999996,0.7051000000000001,0.5884999999999998,-0.177,1.1055999999999997,-1.0,0.0,-1.0,-1.0,1.0,0.0,0.0,1.0,1.0,0.0,1.0,1.0
-0.5817999999999999,0.8607999999999996,0.7051000000000001,0.5884999999999998,-0.177,0.0706,-1.0,0.0,-1.0,-1.0,1.0,0.0,0.0,1.0,1.0,0.0,1.0,1.0
-0.5817999999999999,0.8607999999999996,0.7051000000000001,0.5884999999999998,-0.177,0.3166,-1.0,0.0,-1.0,-1.0,1.0,0.0,0.0,1.0,1.0,0.0,1.0,1.0
-0.5817999999999999,0.8607999999999996,0.7051000000000001,-0.177,0.7051000000000001,0.641,-1.0,0.0,-1.0,-1.0,-1.0,-1.0,0.0,1.0,1.0,1.0,1.0,0.0
-0.5817999999999999,0.8607999999999996,0.7051000000000001,-0.177,0.7051000000000001,0.641,-1.0,0.0,-1.0,1.0,-1.0,-1.0,0.0,1.0,1.0,1.0,1.0,0.0
-0.5817999999999999,-0.9703,0.641,0.4443999999999999,-0.177,0.3466,-1.0,0.0,-1.0,-1.0,1.0,-1.0,0.0,0.0,0.0,0.0,1.0,0.0
-0.5817999999999999,-0.9703,0.641,0.4443999999999999,-0.177,0.3466,-1.0,0.0,1.0,1.0,-1.0,-1.0,0.0,0.0,0.0,0.0,1.0,0.0
-0.5817999999999999,-0.9703,0.9017,0.7051000000000001,-0.177,0.6072999999999997,-1.0,0.0,-1.0,-1.0,1.0,-1.0,0.0,0.0,1.0,1.0,1.0,1.0
-0.5817999999999999,0.4443999999999999,0.8607999999999996,-0.177,0.8607999999999996,0.641,-1.0,-1.0,0.0,-1.0,0.0,-1.0,0.0,0.0,1.0,1.0,1.0,0.0
-0.5817999999999999,0.4443999999999999,0.8607999999999996,-0.177,0.7051000000000001,0.641,-1.0,-1.0,0.0,-1.0,1.0,-1.0,0.0,0.0,1.0,1.0,1.0,0.0
-0.5817999999999999,0.4443999999999999,0.8607999999999996,-0.177,0.4443999999999999,0.641,-1.0,-1.0,0.0,-1.0,1.0,-1.0,0.0,0.0,1.0,1.0,0.0,0.0
-0.5817999999999999,0.4443999999999999,0.8607999999999996,-0.177,0.7051000000000001,0.641,-1.0,-1.0,0.0,-1.0,-1.0,-1.0,0.0,0.0,1.0,1.0,1.0,0.0
-0.5817999999999999,0.4443999999999999,0.8607999999999996,-0.177,0.8607999999999996,0.641,-1.0,-1.0,0.0,1.0,0.0,-1.0,0.0,0.0,1.0,1.0,1.0,0.0
-0.5817999999999999,0.4443999999999999,0.8607999999999996,-0.177,0.4443999999999999,0.641,-1.0,-1.0,0.0,1.0,-1.0,-1.0,0.0,0.0,1.0,1.0,0.0,0.0
-0.5817999999999999,0.4443999999999999,0.8607999999999996,-0.177,0.4443999999999999,0.641,-1.0,-1.0,0.0,1.0,1.0,-1.0,0.0,0.0,1.0,1.0,0.0,0.0
-0.5817999999999999,0.4443999999999999,0.8607999999999996,-0.177,0.7051000000000001,0.641,-1.0,-1.0,0.0,1.0,-1.0,-1.0,0.0,0.0,1.0,1.0,1.0,0.0
-0.5817999999999999,0.4443999999999999,0.4443999999999999,-0.177,0.8607999999999996,0.641,-1.0,-1.0,-1.0,-1.0,0.0,-1.0,0.0,0.0,0.0,1.0,1.0,0.0
-0.5817999999999999,0.4443999999999999,0.4443999999999999,-0.177,0.7051000000000001,0.641,-1.0,-1.0,-1.0,-1.0,1.0,-1.0,0.0,0.0,0.0,1.0,1.0,0.0
-0.5817999999999999,0.4443999999999999,0.4443999999999999,-0.177,0.4443999999999999,0.641,-1.0,-1.0,-1.0,-1.0,1.0,-1.0,0.0,0.0,0.0,1.0,0.0,0.0
-0.5817999999999999,0.4443999999999999,0.4443999999999999,-0.177,0.7051000000000001,0.641,-1.0,-1.0,-1.0,-1.0,-1.0,-1.0,0.0,0.0,0.0,1.0,1.0,0.0
-0.5817999999999999,0.4443999999999999,0.4443999999999999,-0.177,0.8607999999999996,0.641,-1.0,-1.0,-1.0,1.0,0.0,-1.0,0.0,0.0,0.0,1.0,1.0,0.0
-0.5817999999999999,0.4443999999999999,0.4443999999999999,-0.177,0.4443999999999999,0.641,-1.0,-1.0,-1.0,1.0,-1.0,-1.0,0.0,0.0,0.0,1.0,0.0,0.0
-0.5817999999999999,0.4443999999999999,0.4443999999999999,-0.177,0.7051000000000001,0.641,-1.0,-1.0,-1.0,1.0,1.0,-1.0,0.0,0.0,0.0,1.0,1.0,0.0
-0.5817999999999999,0.4443999999999999,0.4443999999999999,-0.177,0.4443999999999999,0.641,-1.0,-1.0,-1.0,1.0,1.0,-1.0,0.0,0.0,0.0,1.0,0.0,0.0
-0.5817999999999999,0.4443999999999999,0.4443999999999999,-0.177,0.7051000000000001,0.641,-1.0,-1.0,-1.0,1.0,-1.0,-1.0,0.0,0.0,0.0,1.0,1.0,0.0
-0.5817999999999999,0.4443999999999999,0.7051000000000001,-0.177,0.8607999999999996,0.641,-1.0,-1.0,1.0,-1.0,0.0,-1.0,0.0,0.0,1.0,1.0,1.0,0.0
-0.5817999999999999,0.4443999999999999,0.7051000000000001,-0.177,0.4443999999999999,0.641,-1.0,-1.0,1.0,-1.0,-1.0,-1.0,0.0,0.0,1.0,1.0,0.0,0.0
-0.5817999999999999,0.4443999999999999,0.7051000000000001,-0.177,0.7051000000000001,0.641,-1.0,-1.0,1.0,-1.0,1.0,-1.0,0.0,0.0,1.0,1.0,1.0,0.0
-0.5817999999999999,0.4443999999999999,0.7051000000000001,-0.177,0.4443999999999999,0.641,-1.0,-1.0,1.0,-1.0,1.0,-1.0,0.0,0.0,1.0,1.0,0.0,0.0
-0.5817999999999999,0.4443999999999999,0.7051000000000001,-0.177,0.7051000000000001,0.641,-1.0,-1.0,1.0,-1.0,-1.0,-1.0,0.0,0.0,1.0,1.0,1.0,0.0
-0.5817999999999999,0.4443999999999999,0.7051000000000001,-0.177,0.7051000000000001,0.641,-1.0,-1.0,1.0,1.0,1.0,-1.0,0.0,0.0,1.0,1.0,1.0,0.0
-0.5817999999999999,0.4443999999999999,0.7051000000000001,-0.177,0.7051000000000001,0.641,-1.0,-1.0,1.0,1.0,-1.0,-1.0,0.0,0.0,1.0,1.0,1.0,0.0
-0.5817999999999999,0.4443999999999999,1.0310999999999997,-0.177,0.4443999999999999,0.641,-1.0,-1.0,0.0,-1.0,-1.0,-1.0,0.0,0.0,1.0,1.0,0.0,0.0
-0.5817999999999999,0.4443999999999999,1.0310999999999997,-0.177,0.7051000000000001,0.641,-1.0,-1.0,0.0,-1.0,1.0,-1.0,0.0,0.0,1.0,1.0,1.0,0.0
-0.5817999999999999,0.4443999999999999,1.0310999999999997,-0.177,0.7051000000000001,0.641,-1.0,-1.0,0.0,-1.0,-1.0,-1.0,0.0,0.0,1.0,1.0,1.0,0.0
-0.5817999999999999,0.4443999999999999,1.0310999999999997,-0.177,0.4443999999999999,0.641,-1.0,-1.0,0.0,1.0,-1.0,-1.0,0.0,0.0,1.0,1.0,0.0,0.0
-0.5817999999999999,0.4443999999999999,1.0310999999999997,-0.177,0.7051000000000001,0.641,-1.0,-1.0,0.0,1.0,1.0,-1.0,0.0,0.0,1.0,1.0,1.0,0.0
-0.5817999999999999,0.4443999999999999,1.0310999999999997,-0.177,0.4443999999999999,0.641,-1.0,-1.0,0.0,1.0,1.0,-1.0,0.0,0.0,1.0,1.0,0.0,0.0
-0.5817999999999999,0.4443999999999999,1.0310999999999997,-0.177,0.7051000000000001,0.641,-1.0,-1.0,0.0,1.0,-1.0,-1.0,0.0,0.0,1.0,1.0,1.0,0.0
-0.5817999999999999,0.4443999999999999,0.4443999999999999,-0.177,0.8607999999999996,0.641,-1.0,-1.0,1.0,-1.0,0.0,-1.0,0.0,0.0,0.0,1.0,1.0,0.0
-0.5817999999999999,0.4443999999999999,0.4443999999999999,-0.177,0.7051000000000001,0.641,-1.0,-1.0,1.0,-1.0,1.0,-1.0,0.0,0.0,0.0,1.0,1.0,0.0
-0.5817999999999999,0.4443999999999999,0.4443999999999999,-0.177,0.4443999999999999,0.641,-1.0,-1.0,1.0,-1.0,1.0,-1.0,0.0,0.0,0.0,1.0,0.0,0.0
-0.5817999999999999,0.4443999999999999,0.4443999999999999,-0.177,0.8607999999999996,0.641,-1.0,-1.0,1.0,1.0,0.0,-1.0,0.0,0.0,0.0,1.0,1.0,0.0
-0.5817999999999999,0.4443999999999999,0.4443999999999999,-0.177,0.7051000000000001,0.641,-1.0,-1.0,1.0,1.0,1.0,-1.0,0.0,0.0,0.0,1.0,1.0,0.0
-0.5817999999999999,0.4443999999999999,0.4443999999999999,-0.177,0.7051000000000001,0.641,-1.0,-1.0,1.0,1.0,-1.0,-1.0,0.0,0.0,0.0,1.0,1.0,0.0
-0.5817999999999999,0.4443999999999999,0.7051000000000001,-0.177,0.4443999999999999,0.641,-1.0,-1.0,-1.0,1.0,-1.0,-1.0,0.0,0.0,1.0,1.0,0.0,0.0
-0.5817999999999999,0.4443999999999999,0.7051000000000001,-0.177,0.7051000000000001,0.641,-1.0,-1.0,-1.0,1.0,1.0,-1.0,0.0,0.0,1.0,1.0,1.0,0.0
-0.5817999999999999,0.4443999999999999,0.7051000000000001,-0.177,0.4443999999999999,0.641,-1.0,-1.0,-1.0,1.0,1.0,-1.0,0.0,0.0,1.0,1.0,0.0,0.0
-0.5817999999999999,0.4443999999999999,0.7051000000000001,-0.177,0.7051000000000001,0.641,-1.0,-1.0,-1.0,1.0,-1.0,-1.0,0.0,0.0,1.0,1.0,1.0,0.0
-0.5817999999999999,-0.6929999999999994,0.7051000000000001,0.5884999999999998,-0.177,1.5141999999999995,-1.0,0.0,-1.0,-1.0,1.0,0.0,0.0,1.0,1.0,0.0,1.0,1.0
-0.5817999999999999,-0.6929999999999994,0.7051000000000001,0.5884999999999998,-0.177,-0.3194999999999999,-1.0,0.0,-1.0,-1.0,1.0,0.0,0.0,1.0,1.0,0.0,1.0,1.0
-0.5817999999999999,-0.6929999999999994,0.7051000000000001,0.5884999999999998,-0.177,0.5894999999999995,-1.0,0.0,-1.0,-1.0,1.0,0.0,0.0,1.0,1.0,0.0,1.0,1.0
-0.5817999999999999,-0.6929999999999994,0.7051000000000001,0.5884999999999998,-0.177,0.4757,-1.0,0.0,-1.0,-1.0,1.0,0.0,0.0,1.0,1.0,0.0,1.0,1.0
-0.5817999999999999,-0.6929999999999994,0.7051000000000001,0.5884999999999998,-0.177,-1.0071999999999994,-1.0,0.0,-1.0,-1.0,1.0,0.0,0.0,1.0,1.0,0.0,1.0,1.0
-0.5817999999999999,-0.6929999999999994,0.7051000000000001,0.5884999999999998,-0.177,1.6834999999999998,-1.0,0.0,-1.0,-1.0,1.0,0.0,0.0,1.0,1.0,0.0,1.0,1.0
-0.5817999999999999,-0.6929999999999994,0.7051000000000001,0.5884999999999998,-0.177,1.0473,-1.0,0.0,-1.0,-1.0,1.0,0.0,0.0,1.0,1.0,0.0,1.0,1.0
-0.5817999999999999,-0.6929999999999994,0.7051000000000001,0.5884999999999998,-0.177,1.1055999999999997,-1.0,0.0,-1.0,-1.0,1.0,0.0,0.0,1.0,1.0,0.0,1.0,1.0
-0.5817999999999999,-0.6929999999999994,0.7051000000000001,0.5884999999999998,-0.177,0.0706,-1.0,0.0,-1.0,-1.0,1.0,0.0,0.0,1.0,1.0,0.0,1.0,1.0
-0.5817999999999999,-0.6929999999999994,0.7051000000000001,0.5884999999999998,-0.177,0.3166,-1.0,0.0,-1.0,-1.0,1.0,0.0,0.0,1.0,1.0,0.0,1.0,1.0
-0.5817999999999999,0.7051000000000001,0.8607999999999996,-0.177,0.4443999999999999,0.641,-1.0,1.0,0.0,-1.0,-1.0,-1.0,0.0,1.0,1.0,1.0,0.0,0.0
-0.5817999999999999,0.7051000000000001,0.8607999999999996,-0.177,0.7051000000000001,0.641,-1.0,1.0,0.0,-1.0,1.0,-1.0,0.0,1.0,1.0,1.0,1.0,0.0
-0.5817999999999999,0.7051000000000001,0.8607999999999996,-0.177,0.4443999999999999,0.641,-1.0,1.0,0.0,-1.0,1.0,-1.0,0.0,1.0,1.0,1.0,0.0,0.0
-0.5817999999999999,0.7051000000000001,0.8607999999999996,-0.177,0.7051000000000001,0.641,-1.0,1.0,0.0,-1.0,-1.0,-1.0,0.0,1.0,1.0,1.0,1.0,0.0
-0.5817999999999999,0.7051000000000001,0.8607999999999996,-0.177,0.4443999999999999,0.641,-1.0,1.0,0.0,1.0,-1.0,-1.0,0.0,1.0,1.0,1.0,0.0,0.0
-0.5817999999999999,0.7051000000000001,0.8607999999999996,-0.177,0.7051000000000001,0.641,-1.0,1.0,0.0,1.0,-1.0,-1.0,0.0,1.0,1.0,1.0,1.0,0.0
-0.5817999999999999,0.7051000000000001,0.4443999999999999,-0.177,0.8607999999999996,0.641,-1.0,1.0,-1.0,-1.0,0.0,-1.0,0.0,1.0,0.0,1.0,1.0,0.0
-0.5817999999999999,0.7051000000000001,0.4443999999999999,-0.177,0.4443999999999999,0.641,-1.0,1.0,-1.0,-1.0,-1.0,-1.0,0.0,1.0,0.0,1.0,0.0,0.0
-0.5817999999999999,0.7051000000000001,0.4443999999999999,-0.177,0.7051000000000001,0.641,-1.0,1.0,-1.0,-1.0,1.0,-1.0,0.0,1.0,0.0,1.0,1.0,0.0
-0.5817999999999999,0.7051000000000001,0.4443999999999999,-0.177,0.7051000000000001,0.641,-1.0,1.0,-1.0,-1.0,-1.0,-1.0,0.0,1.0,0.0,1.0,1.0,0.0
-0.5817999999999999,0.7051000000000001,0.4443999999999999,-0.177,0.8607999999999996,0.641,-1.0,1.0,-1.0,1.0,0.0,-1.0,0.0,1.0,0.0,1.0,1.0,0.0
-0.5817999999999999,0.7051000000000001,0.4443999999999999,-0.177,0.4443999999999999,0.641,-1.0,1.0,-1.0,1.0,-1.0,-1.0,0.0,1.0,0.0,1.0,0.0,0.0
-0.5817999999999999,0.7051000000000001,0.4443999999999999,-0.177,0.7051000000000001,0.641,-1.0,1.0,-1.0,1.0,1.0,-1.0,0.0,1.0,0.0,1.0,1.0,0.0
-0.5817999999999999,0.7051000000000001,0.4443999999999999,-0.177,0.4443999999999999,0.641,-1.0,1.0,-1.0,1.0,1.0,-1.0,0.0,1.0,0.0,1.0,0.0,0.0
-0.5817999999999999,0.7051000000000001,0.4443999999999999,-0.177,0.7051000000000001,0.641,-1.0,1.0,-1.0,1.0,-1.0,-1.0,0.0,1.0,0.0,1.0,1.0,0.0
-0.5817999999999999,0.7051000000000001,0.7051000000000001,-0.177,0.8607999999999996,0.641,-1.0,1.0,1.0,-1.0,0.0,-1.0,0.0,1.0,1.0,1.0,1.0,0.0
-0.5817999999999999,0.7051000000000001,0.7051000000000001,-0.177,0.4443999999999999,0.641,-1.0,1.0,1.0,-1.0,-1.0,-1.0,0.0,1.0,1.0,1.0,0.0,0.0
-0.5817999999999999,0.7051000000000001,0.7051000000000001,-0.177,0.7051000000000001,0.641,-1.0,1.0,1.0,-1.0,1.0,-1.0,0.0,1.0,1.0,1.0,1.0,0.0
-0.5817999999999999,0.7051000000000001,0.7051000000000001,-0.177,0.4443999999999999,0.641,-1.0,1.0,1.0,-1.0,1.0,-1.0,0.0,1.0,1.0,1.0,0.0,0.0
-0.5817999999999999,0.7051000000000001,0.7051000000000001,-0.177,0.7051000000000001,0.641,-1.0,1.0,1.0,-1.0,-1.0,-1.0,0.0,1.0,1.0,1.0,1.0,0.0
-0.5817999999999999,0.7051000000000001,0.7051000000000001,-0.177,0.8607999999999996,0.641,-1.0,1.0,1.0,1.0,0.0,-1.0,0.0,1.0,1.0,1.0,1.0,0.0
-0.5817999999999999,0.7051000000000001,1.0310999999999997,-0.177,0.4443999999999999,0.641,-1.0,1.0,0.0,-1.0,-1.0,-1.0,0.0,1.0,1.0,1.0,0.0,0.0
-0.5817999999999999,0.7051000000000001,1.0310999999999997,-0.177,0.7051000000000001,0.641,-1.0,1.0,0.0,-1.0,1.0,-1.0,0.0,1.0,1.0,1.0,1.0,0.0
-0.5817999999999999,0.7051000000000001,1.0310999999999997,-0.177,0.4443999999999999,0.641,-1.0,1.0,0.0,1.0,1.0,-1.0,0.0,1.0,1.0,1.0,0.0,0.0
-0.5817999999999999,0.7051000000000001,0.4443999999999999,-0.177,0.8607999999999996,0.641,-1.0,1.0,1.0,-1.0,0.0,-1.0,0.0,1.0,0.0,1.0,1.0,0.0
-0.5817999999999999,0.7051000000000001,0.4443999999999999,-0.177,0.4443999999999999,0.641,-1.0,1.0,1.0,-1.0,-1.0,-1.0,0.0,1.0,0.0,1.0,0.0,0.0
-0.5817999999999999,0.7051000000000001,0.4443999999999999,-0.177,0.7051000000000001,0.641,-1.0,1.0,1.0,-1.0,1.0,-1.0,0.0,1.0,0.0,1.0,1.0,0.0
-0.5817999999999999,0.7051000000000001,0.4443999999999999,-0.177,0.4443999999999999,0.641,-1.0,1.0,1.0,-1.0,1.0,-1.0,0.0,1.0,0.0,1.0,0.0,0.0
-0.5817999999999999,0.7051000000000001,0.4443999999999999,-0.177,0.8607999999999996,0.641,-1.0,1.0,1.0,1.0,0.0,-1.0,0.0,1.0,0.0,1.0,1.0,0.0
-0.5817999999999999,0.7051000000000001,0.4443999999999999,-0.177,0.4443999999999999,0.641,-1.0,1.0,1.0,1.0,-1.0,-1.0,0.0,1.0,0.0,1.0,0.0,0.0
-0.5817999999999999,0.7051000000000001,0.4443999999999999,-0.177,0.7051000000000001,0.641,-1.0,1.0,1.0,1.0,1.0,-1.0,0.0,1.0,0.0,1.0,1.0,0.0
-0.5817999999999999,0.7051000000000001,0.4443999999999999,-0.177,0.4443999999999999,0.641,-1.0,1.0,1.0,1.0,1.0,-1.0,0.0,1.0,0.0,1.0,0.0,0.0
-0.5817999999999999,0.7051000000000001,0.4443999999999999,-0.177,0.7051000000000001,0.641,-1.0,1.0,1.0,1.0,-1.0,-1.0,0.0,1.0,0.0,1.0,1.0,0.0
-0.5817999999999999,0.7051000000000001,0.7051000000000001,-0.5817999999999999,-0.177,0.9017,-1.0,1.0,-1.0,-1.0,1.0,-1.0,0.0,1.0,1.0,0.0,1.0,1.0
-0.5817999999999999,0.7051000000000001,0.7051000000000001,0.4443999999999999,-0.177,0.9017,-1.0,1.0,-1.0,-1.0,1.0,-1.0,0.0,1.0,1.0,0.0,1.0,1.0
-0.5817999999999999,0.7051000000000001,0.7051000000000001,-0.177,0.8607999999999996,0.641,-1.0,1.0,-1.0,-1.0,0.0,-1.0,0.0,1.0,1.0,1.0,1.0,0.0
-0.5817999999999999,0.7051000000000001,0.7051000000000001,-0.177,0.7051000000000001,0.641,-1.0,1.0,-1.0,-1.0,1.0,-1.0,0.0,1.0,1.0,1.0,1.0,0.0
-0.5817999999999999,0.7051000000000001,0.7051000000000001,-0.177,0.4443999999999999,0.641,-1.0,1.0,-1.0,-1.0,1.0,-1.0,0.0,1.0,1.0,1.0,0.0,0.0
-0.5817999999999999,0.7051000000000001,0.7051000000000001,-0.177,0.7051000000000001,0.641,-1.0,1.0,-1.0,-1.0,-1.0,-1.0,0.0,1.0,1.0,1.0,1.0,0.0
-0.5817999999999999,0.7051000000000001,0.7051000000000001,-0.177,0.8607999999999996,0.641,-1.0,1.0,-1.0,1.0,0.0,-1.0,0.0,1.0,1.0,1.0,1.0,0.0
-0.5817999999999999,0.7051000000000001,0.7051000000000001,-0.177,0.4443999999999999,0.641,-1.0,1.0,-1.0,1.0,-1.0,-1.0,0.0,1.0,1.0,1.0,0.0,0.0
-0.5817999999999999,0.7051000000000001,0.7051000000000001,-0.177,0.7051000000000001,0.641,-1.0,1.0,-1.0,1.0,1.0,-1.0,0.0,1.0,1.0,1.0,1.0,0.0
-0.5817999999999999,0.7051000000000001,0.7051000000000001,-0.177,0.4443999999999999,0.641,-1.0,1.0,-1.0,1.0,1.0,-1.0,0.0,1.0,1.0,1.0,0.0,0.0
-0.5817999999999999,0.7051000000000001,0.7051000000000001,-0.177,0.7051000000000001,0.641,-1.0,1.0,-1.0,1.0,-1.0,-1.0,0.0,1.0,1.0,1.0,1.0,0.0
-0.5817999999999999,0.0871999999999999,0.4443999999999999,0.5884999999999998,-0.177,-0.3194999999999999,-1.0,0.0,-1.0,-1.0,-1.0,0.0,0.0,1.0,0.0,0.0,1.0,1.0
-0.5817999999999999,0.0871999999999999,0.4443999999999999,0.5884999999999998,-0.177,0.5894999999999995,-1.0,0.0,-1.0,-1.0,-1.0,0.0,0.0,1.0,0.0,0.0,1.0,1.0
-0.5817999999999999,0.0871999999999999,0.4443999999999999,0.5884999999999998,-0.177,0.4757,-1.0,0.0,-1.0,-1.0,-1.0,0.0,0.0,1.0,0.0,0.0,1.0,1.0
-0.5817999999999999,0.0871999999999999,0.4443999999999999,0.5884999999999998,-0.177,-0.3194999999999999,-1.0,0.0,-1.0,-1.0,1.0,0.0,0.0,1.0,0.0,0.0,1.0,1.0
-0.5817999999999999,0.0871999999999999,0.4443999999999999,0.5884999999999998,-0.177,0.5894999999999995,-1.0,0.0,-1.0,-1.0,1.0,0.0,0.0,1.0,0.0,0.0,1.0,1.0
-0.5817999999999999,0.0871999999999999,0.4443999999999999,0.5884999999999998,-0.177,0.4757,-1.0,0.0,-1.0,-1.0,1.0,0.0,0.0,1.0,0.0,0.0,1.0,1.0
-0.5817999999999999,0.0871999999999999,0.7051000000000001,0.5884999999999998,-0.177,-0.3194999999999999,-1.0,0.0,1.0,-1.0,-1.0,0.0,0.0,1.0,1.0,0.0,1.0,1.0
-0.5817999999999999,0.0871999999999999,0.7051000000000001,0.5884999999999998,-0.177,0.5894999999999995,-1.0,0.0,1.0,-1.0,-1.0,0.0,0.0,1.0,1.0,0.0,1.0,1.0
-0.5817999999999999,0.0871999999999999,0.7051000000000001,0.5884999999999998,-0.177,0.4757,-1.0,0.0,1.0,-1.0,-1.0,0.0,0.0,1.0,1.0,0.0,1.0,1.0
-0.5817999999999999,0.0871999999999999,0.7051000000000001,0.5884999999999998,-0.177,-0.3194999999999999,-1.0,0.0,1.0,-1.0,1.0,0.0,0.0,1.0,1.0,0.0,1.0,1.0
-0.5817999999999999,0.0871999999999999,0.7051000000000001,0.5884999999999998,-0.177,0.5894999999999995,-1.0,0.0,1.0,-1.0,1.0,0.0,0.0,1.0,1.0,0.0,1.0,1.0
-0.5817999999999999,0.0871999999999999,0.7051000000000001,0.5884999999999998,-0.177,0.4757,-1.0,0.0,1.0,-1.0,1.0,0.0,0.0,1.0,1.0,0.0,1.0,1.0
-0.5817999999999999,0.0871999999999999,0.4443999999999999,0.5884999999999998,-0.177,-0.3194999999999999,-1.0,0.0,1.0,-1.0,-1.0,0.0,0.0,1.0,0.0,0.0,1.0,1.0
-0.5817999999999999,0.0871999999999999,0.4443999999999999,0.5884999999999998,-0.177,0.5894999999999995,-1.0,0.0,1.0,-1.0,-1.0,0.0,0.0,1.0,0.0,0.0,1.0,1.0
-0.5817999999999999,0.0871999999999999,0.4443999999999999,0.5884999999999998,-0.177,0.4757,-1.0,0.0,1.0,-1.0,-1.0,0.0,0.0,1.0,0.0,0.0,1.0,1.0
-0.5817999999999999,0.0871999999999999,0.4443999999999999,0.5884999999999998,-0.177,-0.3194999999999999,-1.0,0.0,1.0,-1.0,1.0,0.0,0.0,1.0,0.0,0.0,1.0,1.0
-0.5817999999999999,0.0871999999999999,0.4443999999999999,0.5884999999999998,-0.177,0.5894999999999995,-1.0,0.0,1.0,-1.0,1.0,0.0,0.0,1.0,0.0,0.0,1.0,1.0
-0.5817999999999999,0.0871999999999999,0.4443999999999999,0.5884999999999998,-0.177,0.4757,-1.0,0.0,1.0,-1.0,1.0,0.0,0.0,1.0,0.0,0.0,1.0,1.0
-0.5817999999999999,0.0871999999999999,0.7051000000000001,0.5884999999999998,-0.177,-0.3194999999999999,-1.0,0.0,-1.0,-1.0,-1.0,0.0,0.0,1.0,1.0,0.0,1.0,1.0
-0.5817999999999999,0.0871999999999999,0.7051000000000001,0.5884999999999998,-0.177,0.5894999999999995,-1.0,0.0,-1.0,-1.0,-1.0,0.0,0.0,1.0,1.0,0.0,1.0,1.0
-0.5817999999999999,0.0871999999999999,0.7051000000000001,0.5884999999999998,-0.177,0.4757,-1.0,0.0,-1.0,-1.0,-1.0,0.0,0.0,1.0,1.0,0.0,1.0,1.0
-0.5817999999999999,0.0871999999999999,0.7051000000000001,0.5884999999999998,-0.177,1.5141999999999995,-1.0,0.0,-1.0,-1.0,1.0,0.0,0.0,1.0,1.0,0.0,1.0,1.0
-0.5817999999999999,0.0871999999999999,0.7051000000000001,0.5884999999999998,-0.177,-0.3194999999999999,-1.0,0.0,-1.0,-1.0,1.0,0.0,0.0,1.0,1.0,0.0,1.0,1.0
-0.5817999999999999,0.0871999999999999,0.7051000000000001,0.5884999999999998,-0.177,0.5894999999999995,-1.0,0.0,-1.0,-1.0,1.0,0.0,0.0,1.0,1.0,0.0,1.0,1.0
-0.5817999999999999,0.0871999999999999,0.7051000000000001,0.5884999999999998,-0.177,0.4757,-1.0,0.0,-1.0,-1.0,1.0,0.0,0.0,1.0,1.0,0.0,1.0,1.0
-0.5817999999999999,0.0871999999999999,0.7051000000000001,0.5884999999999998,-0.177,-1.0071999999999994,-1.0,0.0,-1.0,-1.0,1.0,0.0,0.0,1.0,1.0,0.0,1.0,1.0
-0.5817999999999999,0.0871999999999999,0.7051000000000001,0.5884999999999998,-0.177,1.6834999999999998,-1.0,0.0,-1.0,-1.0,1.0,0.0,0.0,1.0,1.0,0.0,1.0,1.0
-0.5817999999999999,0.0871999999999999,0.7051000000000001,0.5884999999999998,-0.177,1.0473,-1.0,0.0,-1.0,-1.0,1.0,0.0,0.0,1.0,1.0,0.0,1.0,1.0
-0.5817999999999999,0.0871999999999999,0.7051000000000001,0.5884999999999998,-0.177,1.1055999999999997,-1.0,0.0,-1.0,-1.0,1.0,0.0,0.0,1.0,1.0,0.0,1.0,1.0
-0.5817999999999999,0.0871999999999999,0.7051000000000001,0.5884999999999998,-0.177,0.0706,-1.0,0.0,-1.0,-1.0,1.0,0.0,0.0,1.0,1.0,0.0,1.0,1.0
-0.5817999999999999,0.0871999999999999,0.7051000000000001,0.5884999999999998,-0.177,0.3166,-1.0,0.0,-1.0,-1.0,1.0,0.0,0.0,1.0,1.0,0.0,1.0,1.0
-0.5817999999999999,0.7395999999999998,0.7051000000000001,0.5884999999999998,-0.177,1.5141999999999995,-1.0,0.0,-1.0,-1.0,1.0,0.0,0.0,1.0,1.0,0.0,1.0,1.0
-0.5817999999999999,0.7395999999999998,0.7051000000000001,0.5884999999999998,-0.177,-0.3194999999999999,-1.0,0.0,-1.0,-1.0,1.0,0.0,0.0,1.0,1.0,0.0,1.0,1.0
-0.5817999999999999,0.7395999999999998,0.7051000000000001,0.5884999999999998,-0.177,0.5894999999999995,-1.0,0.0,-1.0,-1.0,1.0,0.0,0.0,1.0,1.0,0.0,1.0,1.0
-0.5817999999999999,0.7395999999999998,0.7051000000000001,0.5884999999999998,-0.177,0.4757,-1.0,0.0,-1.0,-1.0,1.0,0.0,0.0,1.0,1.0,0.0,1.0,1.0
-0.5817999999999999,0.7395999999999998,0.7051000000000001,0.5884999999999998,-0.177,-1.0071999999999994,-1.0,0.0,-1.0,-1.0,1.0,0.0,0.0,1.0,1.0,0.0,1.0,1.0
-0.5817999999999999,0.7395999999999998,0.7051000000000001,0.5884999999999998,-0.177,1.6834999999999998,-1.0,0.0,-1.0,-1.0,1.0,0.0,0.0,1.0,1.0,0.0,1.0,1.0
-0.5817999999999999,0.7395999999999998,0.7051000000000001,0.5884999999999998,-0.177,1.0473,-1.0,0.0,-1.0,-1.0,1.0,0.0,0.0,1.0,1.0,0.0,1.0,1.0
-0.5817999999999999,0.7395999999999998,0.7051000000000001,0.5884999999999998,-0.177,1.1055999999999997,-1.0,0.0,-1.0,-1.0,1.0,0.0,0.0,1.0,1.0,0.0,1.0,1.0
-0.5817999999999999,0.7395999999999998,0.7051000000000001,0.5884999999999998,-0.177,0.0706,-1.0,0.0,-1.0,-1.0,1.0,0.0,0.0,1.0,1.0,0.0,1.0,1.0
-0.5817999999999999,0.7395999999999998,0.7051000000000001,0.5884999999999998,-0.177,0.3166,-1.0,0.0,-1.0,-1.0,1.0,0.0,0.0,1.0,1.0,0.0,1.0,1.0
-0.5817999999999999,0.0269,0.7051000000000001,0.5884999999999998,-0.177,1.5141999999999995,-1.0,0.0,-1.0,-1.0,1.0,0.0,0.0,1.0,1.0,0.0,1.0,1.0
-0.5817999999999999,0.0269,0.7051000000000001,0.5884999999999998,-0.177,-0.3194999999999999,-1.0,0.0,-1.0,-1.0,1.0,0.0,0.0,1.0,1.0,0.0,1.0,1.0
-0.5817999999999999,0.0269,0.7051000000000001,0.5884999999999998,-0.177,0.5894999999999995,-1.0,0.0,-1.0,-1.0,1.0,0.0,0.0,1.0,1.0,0.0,1.0,1.0
-0.5817999999999999,0.0269,0.7051000000000001,0.5884999999999998,-0.177,0.4757,-1.0,0.0,-1.0,-1.0,1.0,0.0,0.0,1.0,1.0,0.0,1.0,1.0
-0.5817999999999999,0.0269,0.7051000000000001,0.5884999999999998,-0.177,-1.0071999999999994,-1.0,0.0,-1.0,-1.0,1.0,0.0,0.0,1.0,1.0,0.0,1.0,1.0
-0.5817999999999999,0.0269,0.7051000000000001,0.5884999999999998,-0.177,1.6834999999999998,-1.0,0.0,-1.0,-1.0,1.0,0.0,0.0,1.0,1.0,0.0,1.0,1.0
-0.5817999999999999,0.0269,0.7051000000000001,0.5884999999999998,-0.177,1.0473,-1.0,0.0,-1.0,-1.0,1.0,0.0,0.0,1.0,1.0,0.0,1.0,1.0
-0.5817999999999999,0.0269,0.7051000000000001,0.5884999999999998,-0.177,1.1055999999999997,-1.0,0.0,-1.0,-1.0,1.0,0.0,0.0,1.0,1.0,0.0,1.0,1.0
-0.5817999999999999,0.0269,0.7051000000000001,0.5884999999999998,-0.177,0.0706,-1.0,0.0,-1.0,-1.0,1.0,0.0,0.0,1.0,1.0,0.0,1.0,1.0
-0.5817999999999999,0.0269,0.7051000000000001,0.5884999999999998,-0.177,0.3166,-1.0,0.0,-1.0,-1.0,1.0,0.0,0.0,1.0,1.0,0.0,1.0,1.0
-0.5817999999999999,-0.3269000000000002,0.7051000000000001,0.5884999999999998,-0.177,1.5141999999999995,-1.0,0.0,-1.0,-1.0,1.0,0.0,0.0,1.0,1.0,0.0,1.0,1.0
-0.5817999999999999,-0.3269000000000002,0.7051000000000001,0.5884999999999998,-0.177,-0.3194999999999999,-1.0,0.0,-1.0,-1.0,1.0,0.0,0.0,1.0,1.0,0.0,1.0,1.0
-0.5817999999999999,-0.3269000000000002,0.7051000000000001,0.5884999999999998,-0.177,0.5894999999999995,-1.0,0.0,-1.0,-1.0,1.0,0.0,0.0,1.0,1.0,0.0,1.0,1.0
-0.5817999999999999,-0.3269000000000002,0.7051000000000001,0.5884999999999998,-0.177,0.4757,-1.0,0.0,-1.0,-1.0,1.0,0.0,0.0,1.0,1.0,0.0,1.0,1.0
-0.5817999999999999,-0.3269000000000002,0.7051000000000001,0.5884999999999998,-0.177,-1.0071999999999994,-1.0,0.0,-1.0,-1.0,1.0,0.0,0.0,1.0,1.0,0.0,1.0,1.0
-0.5817999999999999,-0.3269000000000002,0.7051000000000001,0.5884999999999998,-0.177,1.6834999999999998,-1.0,0.0,-1.0,-1.0,1.0,0.0,0.0,1.0,1.0,0.0,1.0,1.0
-0.5817999999999999,-0.3269000000000002,0.7051000000000001,0.5884999999999998,-0.177,1.0473,-1.0,0.0,-1.0,-1.0,1.0,0.0,0.0,1.0,1.0,0.0,1.0,1.0
-0.5817999999999999,-0.3269000000000002,0.7051000000000001,0.5884999999999998,-0.177,1.1055999999999997,-1.0,0.0,-1.0,-1.0,1.0,0.0,0.0,1.0,1.0,0.0,1.0,1.0
-0.5817999999999999,-0.3269000000000002,0.7051000000000001,0.5884999999999998,-0.177,0.0706,-1.0,0.0,-1.0,-1.0,1.0,0.0,0.0,1.0,1.0,0.0,1.0,1.0
-0.5817999999999999,-0.3269000000000002,0.7051000000000001,0.5884999999999998,-0.177,0.3166,-1.0,0.0,-1.0,-1.0,1.0,0.0,0.0,1.0,1.0,0.0,1.0,1.0
-0.5817999999999999,1.2934,0.7051000000000001,0.5884999999999998,-0.177,1.5141999999999995,-1.0,0.0,-1.0,-1.0,1.0,0.0,0.0,1.0,1.0,0.0,1.0,1.0
-0.5817999999999999,1.2934,0.7051000000000001,0.5884999999999998,-0.177,-0.3194999999999999,-1.0,0.0,-1.0,-1.0,1.0,0.0,0.0,1.0,1.0,0.0,1.0,1.0
-0.5817999999999999,1.2934,0.7051000000000001,0.5884999999999998,-0.177,0.5894999999999995,-1.0,0.0,-1.0,-1.0,1.0,0.0,0.0,1.0,1.0,0.0,1.0,1.0
-0.5817999999999999,1.2934,0.7051000000000001,0.5884999999999998,-0.177,0.4757,-1.0,0.0,-1.0,-1.0,1.0,0.0,0.0,1.0,1.0,0.0,1.0,1.0
-0.5817999999999999,1.2934,0.7051000000000001,0.5884999999999998,-0.177,-1.0071999999999994,-1.0,0.0,-1.0,-1.0,1.0,0.0,0.0,1.0,1.0,0.0,1.0,1.0
-0.5817999999999999,1.2934,0.7051000000000001,0.5884999999999998,-0.177,1.6834999999999998,-1.0,0.0,-1.0,-1.0,1.0,0.0,0.0,1.0,1.0,0.0,1.0,1.0
-0.5817999999999999,1.2934,0.7051000000000001,0.5884999999999998,-0.177,1.0473,-1.0,0.0,-1.0,-1.0,1.0,0.0,0.0,1.0,1.0,0.0,1.0,1.0
-0.5817999999999999,1.2934,0.7051000000000001,0.5884999999999998,-0.177,1.1055999999999997,-1.0,0.0,-1.0,-1.0,1.0,0.0,0.0,1.0,1.0,0.0,1.0,1.0
-0.5817999999999999,1.2934,0.7051000000000001,0.5884999999999998,-0.177,0.0706,-1.0,0.0,-1.0,-1.0,1.0,0.0,0.0,1.0,1.0,0.0,1.0,1.0
-0.5817999999999999,1.2934,0.7051000000000001,0.5884999999999998,-0.177,0.3166,-1.0,0.0,-1.0,-1.0,1.0,0.0,0.0,1.0,1.0,0.0,1.0,1.0
-0.5817999999999999,-0.7096000000000002,0.9017,0.4443999999999999,-0.177,0.6072999999999997,-1.0,0.0,-1.0,-1.0,1.0,-1.0,0.0,1.0,1.0,0.0,1.0,1.0
-0.5817999999999999,0.3466,-1.7263000000000002,0.641,-0.9703,0.4443999999999999,-1.0,-1.0,-1.0,-1.0,0.0,-1.0,0.0,0.0,1.0,0.0,0.0,0.0
-0.5817999999999999,1.2408999999999997,0.4443999999999999,0.5884999999999998,-0.177,-0.3194999999999999,-1.0,0.0,-1.0,-1.0,-1.0,0.0,0.0,1.0,0.0,0.0,1.0,1.0
-0.5817999999999999,1.2408999999999997,0.4443999999999999,0.5884999999999998,-0.177,0.5894999999999995,-1.0,0.0,-1.0,-1.0,-1.0,0.0,0.0,1.0,0.0,0.0,1.0,1.0
-0.5817999999999999,1.2408999999999997,0.4443999999999999,0.5884999999999998,-0.177,0.4757,-1.0,0.0,-1.0,-1.0,-1.0,0.0,0.0,1.0,0.0,0.0,1.0,1.0
-0.5817999999999999,1.2408999999999997,0.4443999999999999,0.5884999999999998,-0.177,-0.3194999999999999,-1.0,0.0,-1.0,-1.0,1.0,0.0,0.0,1.0,0.0,0.0,1.0,1.0
-0.5817999999999999,1.2408999999999997,0.4443999999999999,0.5884999999999998,-0.177,0.5894999999999995,-1.0,0.0,-1.0,-1.0,1.0,0.0,0.0,1.0,0.0,0.0,1.0,1.0
-0.5817999999999999,1.2408999999999997,0.4443999999999999,0.5884999999999998,-0.177,0.4757,-1.0,0.0,-1.0,-1.0,1.0,0.0,0.0,1.0,0.0,0.0,1.0,1.0
-0.5817999999999999,1.2408999999999997,0.7051000000000001,0.5884999999999998,-0.177,-0.3194999999999999,-1.0,0.0,1.0,-1.0,-1.0,0.0,0.0,1.0,1.0,0.0,1.0,1.0
-0.5817999999999999,1.2408999999999997,0.7051000000000001,0.5884999999999998,-0.177,0.5894999999999995,-1.0,0.0,1.0,-1.0,-1.0,0.0,0.0,1.0,1.0,0.0,1.0,1.0
-0.5817999999999999,1.2408999999999997,0.7051000000000001,0.5884999999999998,-0.177,0.4757,-1.0,0.0,1.0,-1.0,-1.0,0.0,0.0,1.0,1.0,0.0,1.0,1.0
-0.5817999999999999,1.2408999999999997,0.7051000000000001,0.5884999999999998,-0.177,-0.3194999999999999,-1.0,0.0,1.0,-1.0,1.0,0.0,0.0,1.0,1.0,0.0,1.0,1.0
-0.5817999999999999,1.2408999999999997,0.7051000000000001,0.5884999999999998,-0.177,0.5894999999999995,-1.0,0.0,1.0,-1.0,1.0,0.0,0.0,1.0,1.0,0.0,1.0,1.0
-0.5817999999999999,1.2408999999999997,0.7051000000000001,0.5884999999999998,-0.177,0.4757,-1.0,0.0,1.0,-1.0,1.0,0.0,0.0,1.0,1.0,0.0,1.0,1.0
-0.5817999999999999,1.2408999999999997,0.4443999999999999,0.5884999999999998,-0.177,-0.3194999999999999,-1.0,0.0,1.0,-1.0,-1.0,0.0,0.0,1.0,0.0,0.0,1.0,1.0
-0.5817999999999999,1.2408999999999997,0.4443999999999999,0.5884999999999998,-0.177,0.5894999999999995,-1.0,0.0,1.0,-1.0,-1.0,0.0,0.0,1.0,0.0,0.0,1.0,1.0
-0.5817999999999999,1.2408999999999997,0.4443999999999999,0.5884999999999998,-0.177,0.4757,-1.0,0.0,1.0,-1.0,-1.0,0.0,0.0,1.0,0.0,0.0,1.0,1.0
-0.5817999999999999,1.2408999999999997,0.4443999999999999,0.5884999999999998,-0.177,-0.3194999999999999,-1.0,0.0,1.0,-1.0,1.0,0.0,0.0,1.0,0.0,0.0,1.0,1.0
-0.5817999999999999,1.2408999999999997,0.4443999999999999,0.5884999999999998,-0.177,0.5894999999999995,-1.0,0.0,1.0,-1.0,1.0,0.0,0.0,1.0,0.0,0.0,1.0,1.0
-0.5817999999999999,1.2408999999999997,0.4443999999999999,0.5884999999999998,-0.177,0.4757,-1.0,0.0,1.0,-1.0,1.0,0.0,0.0,1.0,0.0,0.0,1.0,1.0
-0.5817999999999999,1.2408999999999997,0.7051000000000001,0.5884999999999998,-0.177,-0.3194999999999999,-1.0,0.0,-1.0,-1.0,-1.0,0.0,0.0,1.0,1.0,0.0,1.0,1.0
-0.5817999999999999,1.2408999999999997,0.7051000000000001,0.5884999999999998,-0.177,0.5894999999999995,-1.0,0.0,-1.0,-1.0,-1.0,0.0,0.0,1.0,1.0,0.0,1.0,1.0
-0.5817999999999999,1.2408999999999997,0.7051000000000001,0.5884999999999998,-0.177,0.4757,-1.0,0.0,-1.0,-1.0,-1.0,0.0,0.0,1.0,1.0,0.0,1.0,1.0
-0.5817999999999999,1.2408999999999997,0.7051000000000001,0.5884999999999998,-0.177,1.5141999999999995,-1.0,0.0,-1.0,-1.0,1.0,0.0,0.0,1.0,1.0,0.0,1.0,1.0
-0.5817999999999999,1.2408999999999997,0.7051000000000001,0.5884999999999998,-0.177,-0.3194999999999999,-1.0,0.0,-1.0,-1.0,1.0,0.0,0.0,1.0,1.0,0.0,1.0,1.0
-0.5817999999999999,1.2408999999999997,0.7051000000000001,0.5884999999999998,-0.177,0.5894999999999995,-1.0,0.0,-1.0,-1.0,1.0,0.0,0.0,1.0,1.0,0.0,1.0,1.0
-0.5817999999999999,1.2408999999999997,0.7051000000000001,0.5884999999999998,-0.177,0.4757,-1.0,0.0,-1.0,-1.0,1.0,0.0,0.0,1.0,1.0,0.0,1.0,1.0
-0.5817999999999999,1.2408999999999997,0.7051000000000001,0.5884999999999998,-0.177,-1.0071999999999994,-1.0,0.0,-1.0,-1.0,1.0,0.0,0.0,1.0,1.0,0.0,1.0,1.0
-0.5817999999999999,1.2408999999999997,0.7051000000000001,0.5884999999999998,-0.177,1.6834999999999998,-1.0,0.0,-1.0,-1.0,1.0,0.0,0.0,1.0,1.0,0.0,1.0,1.0
-0.5817999999999999,1.2408999999999997,0.7051000000000001,0.5884999999999998,-0.177,1.0473,-1.0,0.0,-1.0,-1.0,1.0,0.0,0.0,1.0,1.0,0.0,1.0,1.0
-0.5817999999999999,1.2408999999999997,0.7051000000000001,0.5884999999999998,-0.177,1.1055999999999997,-1.0,0.0,-1.0,-1.0,1.0,0.0,0.0,1.0,1.0,0.0,1.0,1.0
-0.5817999999999999,1.2408999999999997,0.7051000000000001,0.5884999999999998,-0.177,0.0706,-1.0,0.0,-1.0,-1.0,1.0,0.0,0.0,1.0,1.0,0.0,1.0,1.0
-0.5817999999999999,1.2408999999999997,0.7051000000000001,0.5884999999999998,-0.177,0.3166,-1.0,0.0,-1.0,-1.0,1.0,0.0,0.0,1.0,1.0,0.0,1.0,1.0
-0.5817999999999999,0.4443999999999999,0.8607999999999996,-0.177,0.8607999999999996,0.641,-1.0,1.0,0.0,-1.0,0.0,-1.0,0.0,0.0,1.0,1.0,1.0,0.0
-0.5817999999999999,0.4443999999999999,0.8607999999999996,-0.177,0.4443999999999999,0.641,-1.0,1.0,0.0,-1.0,-1.0,-1.0,0.0,0.0,1.0,1.0,0.0,0.0
-0.5817999999999999,0.4443999999999999,0.8607999999999996,-0.177,0.7051000000000001,0.641,-1.0,1.0,0.0,-1.0,1.0,-1.0,0.0,0.0,1.0,1.0,1.0,0.0
-0.5817999999999999,0.4443999999999999,0.8607999999999996,-0.177,0.4443999999999999,0.641,-1.0,1.0,0.0,-1.0,1.0,-1.0,0.0,0.0,1.0,1.0,0.0,0.0
-0.5817999999999999,0.4443999999999999,0.8607999999999996,-0.177,0.7051000000000001,0.641,-1.0,1.0,0.0,-1.0,-1.0,-1.0,0.0,0.0,1.0,1.0,1.0,0.0
-0.5817999999999999,0.4443999999999999,0.8607999999999996,-0.177,0.8607999999999996,0.641,-1.0,1.0,0.0,1.0,0.0,-1.0,0.0,0.0,1.0,1.0,1.0,0.0
-0.5817999999999999,0.4443999999999999,0.8607999999999996,-0.177,0.4443999999999999,0.641,-1.0,1.0,0.0,1.0,-1.0,-1.0,0.0,0.0,1.0,1.0,0.0,0.0
-0.5817999999999999,0.4443999999999999,0.8607999999999996,-0.177,0.7051000000000001,0.641,-1.0,1.0,0.0,1.0,1.0,-1.0,0.0,0.0,1.0,1.0,1.0,0.0
-0.5817999999999999,0.4443999999999999,0.8607999999999996,-0.177,0.4443999999999999,0.641,-1.0,1.0,0.0,1.0,1.0,-1.0,0.0,0.0,1.0,1.0,0.0,0.0
-0.5817999999999999,0.4443999999999999,0.8607999999999996,-0.177,0.7051000000000001,0.641,-1.0,1.0,0.0,1.0,-1.0,-1.0,0.0,0.0,1.0,1.0,1.0,0.0
-0.5817999999999999,0.4443999999999999,0.4443999999999999,-0.177,0.8607999999999996,0.641,-1.0,1.0,-1.0,-1.0,0.0,-1.0,0.0,0.0,0.0,1.0,1.0,0.0
-0.5817999999999999,0.4443999999999999,0.4443999999999999,-0.177,0.4443999999999999,0.641,-1.0,1.0,-1.0,-1.0,-1.0,-1.0,0.0,0.0,0.0,1.0,0.0,0.0
-0.5817999999999999,0.4443999999999999,0.4443999999999999,-0.177,0.7051000000000001,0.641,-1.0,1.0,-1.0,-1.0,1.0,-1.0,0.0,0.0,0.0,1.0,1.0,0.0
-0.5817999999999999,0.4443999999999999,0.4443999999999999,-0.177,0.7051000000000001,0.641,-1.0,1.0,-1.0,-1.0,-1.0,-1.0,0.0,0.0,0.0,1.0,1.0,0.0
-0.5817999999999999,0.4443999999999999,0.4443999999999999,-0.177,0.8607999999999996,0.641,-1.0,1.0,-1.0,1.0,0.0,-1.0,0.0,0.0,0.0,1.0,1.0,0.0
-0.5817999999999999,0.4443999999999999,0.4443999999999999,-0.177,0.4443999999999999,0.641,-1.0,1.0,-1.0,1.0,-1.0,-1.0,0.0,0.0,0.0,1.0,0.0,0.0
-0.5817999999999999,0.4443999999999999,0.4443999999999999,-0.177,0.7051000000000001,0.641,-1.0,1.0,-1.0,1.0,1.0,-1.0,0.0,0.0,0.0,1.0,1.0,0.0
-0.5817999999999999,0.4443999999999999,0.4443999999999999,-0.177,0.4443999999999999,0.641,-1.0,1.0,-1.0,1.0,1.0,-1.0,0.0,0.0,0.0,1.0,0.0,0.0
-0.5817999999999999,0.4443999999999999,0.4443999999999999,-0.177,0.7051000000000001,0.641,-1.0,1.0,-1.0,1.0,-1.0,-1.0,0.0,0.0,0.0,1.0,1.0,0.0
-0.5817999999999999,0.4443999999999999,0.7051000000000001,-0.177,0.8607999999999996,0.641,-1.0,1.0,1.0,-1.0,0.0,-1.0,0.0,0.0,1.0,1.0,1.0,0.0
-0.5817999999999999,0.4443999999999999,0.7051000000000001,-0.177,0.4443999999999999,0.641,-1.0,1.0,1.0,-1.0,-1.0,-1.0,0.0,0.0,1.0,1.0,0.0,0.0
-0.5817999999999999,0.4443999999999999,0.7051000000000001,-0.177,0.7051000000000001,0.641,-1.0,1.0,1.0,-1.0,1.0,-1.0,0.0,0.0,1.0,1.0,1.0,0.0
-0.5817999999999999,0.4443999999999999,0.7051000000000001,-0.177,0.8607999999999996,0.641,-1.0,1.0,1.0,1.0,0.0,-1.0,0.0,0.0,1.0,1.0,1.0,0.0
-0.5817999999999999,0.4443999999999999,0.7051000000000001,-0.177,0.7051000000000001,0.641,-1.0,1.0,1.0,1.0,-1.0,-1.0,0.0,0.0,1.0,1.0,1.0,0.0
-0.5817999999999999,0.4443999999999999,1.0310999999999997,-0.177,0.4443999999999999,0.641,-1.0,1.0,0.0,-1.0,-1.0,-1.0,0.0,0.0,1.0,1.0,0.0,0.0
-0.5817999999999999,0.4443999999999999,1.0310999999999997,-0.177,0.4443999999999999,0.641,-1.0,1.0,0.0,-1.0,1.0,-1.0,0.0,0.0,1.0,1.0,0.0,0.0
-0.5817999999999999,0.4443999999999999,1.0310999999999997,-0.177,0.7051000000000001,0.641,-1.0,1.0,0.0,1.0,1.0,-1.0,0.0,0.0,1.0,1.0,1.0,0.0
-0.5817999999999999,0.4443999999999999,1.0310999999999997,-0.177,0.4443999999999999,0.641,-1.0,1.0,0.0,1.0,1.0,-1.0,0.0,0.0,1.0,1.0,0.0,0.0
-0.5817999999999999,0.4443999999999999,1.0310999999999997,-0.177,0.7051000000000001,0.641,-1.0,1.0,0.0,1.0,-1.0,-1.0,0.0,0.0,1.0,1.0,1.0,0.0
-0.5817999999999999,0.4443999999999999,0.4443999999999999,-0.177,0.8607999999999996,0.641,-1.0,1.0,1.0,-1.0,0.0,-1.0,0.0,0.0,0.0,1.0,1.0,0.0
-0.5817999999999999,0.4443999999999999,0.4443999999999999,-0.177,0.4443999999999999,0.641,-1.0,1.0,1.0,-1.0,-1.0,-1.0,0.0,0.0,0.0,1.0,0.0,0.0
-0.5817999999999999,0.4443999999999999,0.4443999999999999,-0.177,0.7051000000000001,0.641,-1.0,1.0,1.0,-1.0,1.0,-1.0,0.0,0.0,0.0,1.0,1.0,0.0
-0.5817999999999999,0.4443999999999999,0.4443999999999999,-0.177,0.4443999999999999,0.641,-1.0,1.0,1.0,-1.0,1.0,-1.0,0.0,0.0,0.0,1.0,0.0,0.0
-0.5817999999999999,0.4443999999999999,0.4443999999999999,-0.177,0.8607999999999996,0.641,-1.0,1.0,1.0,1.0,0.0,-1.0,0.0,0.0,0.0,1.0,1.0,0.0
-0.5817999999999999,0.4443999999999999,0.4443999999999999,-0.177,0.7051000000000001,0.641,-1.0,1.0,1.0,1.0,1.0,-1.0,0.0,0.0,0.0,1.0,1.0,0.0
-0.5817999999999999,0.4443999999999999,0.4443999999999999,-0.177,0.4443999999999999,0.641,-1.0,1.0,1.0,1.0,1.0,-1.0,0.0,0.0,0.0,1.0,0.0,0.0
-0.5817999999999999,0.4443999999999999,0.4443999999999999,-0.177,0.7051000000000001,0.641,-1.0,1.0,1.0,1.0,-1.0,-1.0,0.0,0.0,0.0,1.0,1.0,0.0
-0.5817999999999999,0.4443999999999999,0.7051000000000001,-0.177,0.8607999999999996,0.641,-1.0,1.0,-1.0,-1.0,0.0,-1.0,0.0,0.0,1.0,1.0,1.0,0.0
-0.5817999999999999,0.4443999999999999,0.7051000000000001,-0.177,0.4443999999999999,0.641,-1.0,1.0,-1.0,-1.0,-1.0,-1.0,0.0,0.0,1.0,1.0,0.0,0.0
-0.5817999999999999,0.4443999999999999,0.7051000000000001,-0.177,0.7051000000000001,0.641,-1.0,1.0,-1.0,-1.0,1.0,-1.0,0.0,0.0,1.0,1.0,1.0,0.0
-0.5817999999999999,0.4443999999999999,0.7051000000000001,-0.177,0.4443999999999999,0.641,-1.0,1.0,-1.0,-1.0,1.0,-1.0,0.0,0.0,1.0,1.0,0.0,0.0
-0.5817999999999999,0.4443999999999999,0.7051000000000001,-0.177,0.7051000000000001,0.641,-1.0,1.0,-1.0,-1.0,-1.0,-1.0,0.0,0.0,1.0,1.0,1.0,0.0
-0.5817999999999999,0.4443999999999999,0.7051000000000001,-0.177,0.8607999999999996,0.641,-1.0,1.0,-1.0,1.0,0.0,-1.0,0.0,0.0,1.0,1.0,1.0,0.0
-0.5817999999999999,0.4443999999999999,0.7051000000000001,-0.177,0.4443999999999999,0.641,-1.0,1.0,-1.0,1.0,-1.0,-1.0,0.0,0.0,1.0,1.0,0.0,0.0
-0.5817999999999999,0.4443999999999999,0.7051000000000001,-0.177,0.7051000000000001,0.641,-1.0,1.0,-1.0,1.0,1.0,-1.0,0.0,0.0,1.0,1.0,1.0,0.0
-0.5817999999999999,0.4443999999999999,0.7051000000000001,-0.177,0.4443999999999999,0.641,-1.0,1.0,-1.0,1.0,1.0,-1.0,0.0,0.0,1.0,1.0,0.0,0.0
-0.5817999999999999,0.4443999999999999,0.7051000000000001,-0.177,0.7051000000000001,0.641,-1.0,1.0,-1.0,1.0,-1.0,-1.0,0.0,0.0,1.0,1.0,1.0,0.0
-0.5817999999999999,0.7051000000000001,0.8607999999999996,-0.177,0.8607999999999996,0.641,-1.0,-1.0,0.0,-1.0,0.0,-1.0,0.0,1.0,1.0,1.0,1.0,0.0
-0.5817999999999999,0.7051000000000001,0.8607999999999996,-0.177,0.7051000000000001,0.641,-1.0,-1.0,0.0,-1.0,1.0,-1.0,0.0,1.0,1.0,1.0,1.0,0.0
-0.5817999999999999,0.7051000000000001,0.8607999999999996,-0.177,0.4443999999999999,0.641,-1.0,-1.0,0.0,-1.0,1.0,-1.0,0.0,1.0,1.0,1.0,0.0,0.0
-0.5817999999999999,0.7051000000000001,0.8607999999999996,-0.177,0.7051000000000001,0.641,-1.0,-1.0,0.0,-1.0,-1.0,-1.0,0.0,1.0,1.0,1.0,1.0,0.0
-0.5817999999999999,0.7051000000000001,0.8607999999999996,-0.177,0.8607999999999996,0.641,-1.0,-1.0,0.0,1.0,0.0,-1.0,0.0,1.0,1.0,1.0,1.0,0.0
-0.5817999999999999,0.7051000000000001,0.8607999999999996,-0.177,0.7051000000000001,0.641,-1.0,-1.0,0.0,1.0,1.0,-1.0,0.0,1.0,1.0,1.0,1.0,0.0
-0.5817999999999999,0.7051000000000001,0.8607999999999996,-0.177,0.7051000000000001,0.641,-1.0,-1.0,0.0,1.0,-1.0,-1.0,0.0,1.0,1.0,1.0,1.0,0.0
-0.5817999999999999,0.7051000000000001,0.4443999999999999,-0.177,0.8607999999999996,0.641,-1.0,-1.0,-1.0,-1.0,0.0,-1.0,0.0,1.0,0.0,1.0,1.0,0.0
-0.5817999999999999,0.7051000000000001,0.4443999999999999,-0.177,0.4443999999999999,0.641,-1.0,-1.0,-1.0,-1.0,1.0,-1.0,0.0,1.0,0.0,1.0,0.0,0.0
-0.5817999999999999,0.7051000000000001,0.4443999999999999,-0.177,0.7051000000000001,0.641,-1.0,-1.0,-1.0,-1.0,-1.0,-1.0,0.0,1.0,0.0,1.0,1.0,0.0
-0.5817999999999999,0.7051000000000001,0.4443999999999999,-0.177,0.8607999999999996,0.641,-1.0,-1.0,-1.0,1.0,0.0,-1.0,0.0,1.0,0.0,1.0,1.0,0.0
-0.5817999999999999,0.7051000000000001,0.4443999999999999,-0.177,0.4443999999999999,0.641,-1.0,-1.0,-1.0,1.0,-1.0,-1.0,0.0,1.0,0.0,1.0,0.0,0.0
-0.5817999999999999,0.7051000000000001,0.4443999999999999,-0.177,0.4443999999999999,0.641,-1.0,-1.0,-1.0,1.0,1.0,-1.0,0.0,1.0,0.0,1.0,0.0,0.0
-0.5817999999999999,0.7051000000000001,0.4443999999999999,-0.177,0.7051000000000001,0.641,-1.0,-1.0,-1.0,1.0,-1.0,-1.0,0.0,1.0,0.0,1.0,1.0,0.0
-0.5817999999999999,0.7051000000000001,0.7051000000000001,-0.177,0.7051000000000001,0.641,-1.0,-1.0,1.0,-1.0,1.0,-1.0,0.0,1.0,1.0,1.0,1.0,0.0
-0.5817999999999999,0.7051000000000001,0.7051000000000001,-0.177,0.7051000000000001,0.641,-1.0,-1.0,1.0,-1.0,-1.0,-1.0,0.0,1.0,1.0,1.0,1.0,0.0
-0.5817999999999999,0.7051000000000001,0.7051000000000001,-0.177,0.7051000000000001,0.641,-1.0,-1.0,1.0,1.0,1.0,-1.0,0.0,1.0,1.0,1.0,1.0,0.0
-0.5817999999999999,0.7051000000000001,1.0310999999999997,-0.177,0.8607999999999996,0.641,-1.0,-1.0,0.0,-1.0,0.0,-1.0,0.0,1.0,1.0,1.0,1.0,0.0
-0.5817999999999999,0.7051000000000001,1.0310999999999997,-0.177,0.7051000000000001,0.641,-1.0,-1.0,0.0,-1.0,1.0,-1.0,0.0,1.0,1.0,1.0,1.0,0.0
-0.5817999999999999,0.7051000000000001,1.0310999999999997,-0.177,0.4443999999999999,0.641,-1.0,-1.0,0.0,-1.0,1.0,-1.0,0.0,1.0,1.0,1.0,0.0,0.0
-0.5817999999999999,0.7051000000000001,1.0310999999999997,-0.177,0.7051000000000001,0.641,-1.0,-1.0,0.0,-1.0,-1.0,-1.0,0.0,1.0,1.0,1.0,1.0,0.0
-0.5817999999999999,0.7051000000000001,1.0310999999999997,-0.177,0.8607999999999996,0.641,-1.0,-1.0,0.0,1.0,0.0,-1.0,0.0,1.0,1.0,1.0,1.0,0.0
-0.5817999999999999,0.7051000000000001,1.0310999999999997,-0.177,0.4443999999999999,0.641,-1.0,-1.0,0.0,1.0,1.0,-1.0,0.0,1.0,1.0,1.0,0.0,0.0
-0.5817999999999999,0.7051000000000001,0.4443999999999999,-0.177,0.8607999999999996,0.641,-1.0,-1.0,1.0,-1.0,0.0,-1.0,0.0,1.0,0.0,1.0,1.0,0.0
-0.5817999999999999,0.7051000000000001,0.4443999999999999,-0.177,0.7051000000000001,0.641,-1.0,-1.0,1.0,-1.0,1.0,-1.0,0.0,1.0,0.0,1.0,1.0,0.0
-0.5817999999999999,0.7051000000000001,0.4443999999999999,-0.177,0.4443999999999999,0.641,-1.0,-1.0,1.0,-1.0,1.0,-1.0,0.0,1.0,0.0,1.0,0.0,0.0
-0.5817999999999999,0.7051000000000001,0.4443999999999999,-0.177,0.7051000000000001,0.641,-1.0,-1.0,1.0,-1.0,-1.0,-1.0,0.0,1.0,0.0,1.0,1.0,0.0
-0.5817999999999999,0.7051000000000001,0.4443999999999999,-0.177,0.8607999999999996,0.641,-1.0,-1.0,1.0,1.0,0.0,-1.0,0.0,1.0,0.0,1.0,1.0,0.0
-0.5817999999999999,0.7051000000000001,0.4443999999999999,-0.177,0.4443999999999999,0.641,-1.0,-1.0,1.0,1.0,-1.0,-1.0,0.0,1.0,0.0,1.0,0.0,0.0
-0.5817999999999999,0.7051000000000001,0.4443999999999999,-0.177,0.7051000000000001,0.641,-1.0,-1.0,1.0,1.0,1.0,-1.0,0.0,1.0,0.0,1.0,1.0,0.0
-0.5817999999999999,0.8507999999999998,0.4443999999999999,0.5884999999999998,-0.177,-0.3194999999999999,-1.0,0.0,-1.0,-1.0,-1.0,0.0,0.0,1.0,0.0,0.0,1.0,1.0
-0.5817999999999999,0.8507999999999998,0.4443999999999999,0.5884999999999998,-0.177,0.5894999999999995,-1.0,0.0,-1.0,-1.0,-1.0,0.0,0.0,1.0,0.0,0.0,1.0,1.0
-0.5817999999999999,0.8507999999999998,0.4443999999999999,0.5884999999999998,-0.177,0.4757,-1.0,0.0,-1.0,-1.0,-1.0,0.0,0.0,1.0,0.0,0.0,1.0,1.0
-0.5817999999999999,0.8507999999999998,0.4443999999999999,0.5884999999999998,-0.177,-0.3194999999999999,-1.0,0.0,-1.0,-1.0,1.0,0.0,0.0,1.0,0.0,0.0,1.0,1.0
-0.5817999999999999,0.8507999999999998,0.4443999999999999,0.5884999999999998,-0.177,0.5894999999999995,-1.0,0.0,-1.0,-1.0,1.0,0.0,0.0,1.0,0.0,0.0,1.0,1.0
-0.5817999999999999,0.8507999999999998,0.4443999999999999,0.5884999999999998,-0.177,0.4757,-1.0,0.0,-1.0,-1.0,1.0,0.0,0.0,1.0,0.0,0.0,1.0,1.0
-0.5817999999999999,0.8507999999999998,0.7051000000000001,0.5884999999999998,-0.177,-0.3194999999999999,-1.0,0.0,1.0,-1.0,-1.0,0.0,0.0,1.0,1.0,0.0,1.0,1.0
-0.5817999999999999,0.8507999999999998,0.7051000000000001,0.5884999999999998,-0.177,0.5894999999999995,-1.0,0.0,1.0,-1.0,-1.0,0.0,0.0,1.0,1.0,0.0,1.0,1.0
-0.5817999999999999,0.8507999999999998,0.7051000000000001,0.5884999999999998,-0.177,0.4757,-1.0,0.0,1.0,-1.0,-1.0,0.0,0.0,1.0,1.0,0.0,1.0,1.0
-0.5817999999999999,0.8507999999999998,0.7051000000000001,0.5884999999999998,-0.177,-0.3194999999999999,-1.0,0.0,1.0,-1.0,1.0,0.0,0.0,1.0,1.0,0.0,1.0,1.0
-0.5817999999999999,0.8507999999999998,0.7051000000000001,0.5884999999999998,-0.177,0.5894999999999995,-1.0,0.0,1.0,-1.0,1.0,0.0,0.0,1.0,1.0,0.0,1.0,1.0
-0.5817999999999999,0.8507999999999998,0.7051000000000001,0.5884999999999998,-0.177,0.4757,-1.0,0.0,1.0,-1.0,1.0,0.0,0.0,1.0,1.0,0.0,1.0,1.0
-0.5817999999999999,0.8507999999999998,0.4443999999999999,0.5884999999999998,-0.177,-0.3194999999999999,-1.0,0.0,1.0,-1.0,-1.0,0.0,0.0,1.0,0.0,0.0,1.0,1.0
-0.5817999999999999,0.8507999999999998,0.4443999999999999,0.5884999999999998,-0.177,0.5894999999999995,-1.0,0.0,1.0,-1.0,-1.0,0.0,0.0,1.0,0.0,0.0,1.0,1.0
-0.5817999999999999,0.8507999999999998,0.4443999999999999,0.5884999999999998,-0.177,0.4757,-1.0,0.0,1.0,-1.0,-1.0,0.0,0.0,1.0,0.0,0.0,1.0,1.0
-0.5817999999999999,0.8507999999999998,0.4443999999999999,0.5884999999999998,-0.177,-0.3194999999999999,-1.0,0.0,1.0,-1.0,1.0,0.0,0.0,1.0,0.0,0.0,1.0,1.0
-0.5817999999999999,0.8507999999999998,0.4443999999999999,0.5884999999999998,-0.177,0.5894999999999995,-1.0,0.0,1.0,-1.0,1.0,0.0,0.0,1.0,0.0,0.0,1.0,1.0
-0.5817999999999999,0.8507999999999998,0.4443999999999999,0.5884999999999998,-0.177,0.4757,-1.0,0.0,1.0,-1.0,1.0,0.0,0.0,1.0,0.0,0.0,1.0,1.0
-0.5817999999999999,0.8507999999999998,0.7051000000000001,0.5884999999999998,-0.177,-0.3194999999999999,-1.0,0.0,-1.0,-1.0,-1.0,0.0,0.0,1.0,1.0,0.0,1.0,1.0
-0.5817999999999999,0.8507999999999998,0.7051000000000001,0.5884999999999998,-0.177,0.5894999999999995,-1.0,0.0,-1.0,-1.0,-1.0,0.0,0.0,1.0,1.0,0.0,1.0,1.0
-0.5817999999999999,0.8507999999999998,0.7051000000000001,0.5884999999999998,-0.177,0.4757,-1.0,0.0,-1.0,-1.0,-1.0,0.0,0.0,1.0,1.0,0.0,1.0,1.0
-0.5817999999999999,0.8507999999999998,0.7051000000000001,0.5884999999999998,-0.177,1.5141999999999995,-1.0,0.0,-1.0,-1.0,1.0,0.0,0.0,1.0,1.0,0.0,1.0,1.0
-0.5817999999999999,0.8507999999999998,0.7051000000000001,0.5884999999999998,-0.177,-0.3194999999999999,-1.0,0.0,-1.0,-1.0,1.0,0.0,0.0,1.0,1.0,0.0,1.0,1.0
-0.5817999999999999,0.8507999999999998,0.7051000000000001,0.5884999999999998,-0.177,0.5894999999999995,-1.0,0.0,-1.0,-1.0,1.0,0.0,0.0,1.0,1.0,0.0,1.0,1.0
-0.5817999999999999,0.8507999999999998,0.7051000000000001,0.5884999999999998,-0.177,0.4757,-1.0,0.0,-1.0,-1.0,1.0,0.0,0.0,1.0,1.0,0.0,1.0,1.0
-0.5817999999999999,0.8507999999999998,0.7051000000000001,0.5884999999999998,-0.177,-1.0071999999999994,-1.0,0.0,-1.0,-1.0,1.0,0.0,0.0,1.0,1.0,0.0,1.0,1.0
-0.5817999999999999,0.8507999999999998,0.7051000000000001,0.5884999999999998,-0.177,1.6834999999999998,-1.0,0.0,-1.0,-1.0,1.0,0.0,0.0,1.0,1.0,0.0,1.0,1.0
-0.5817999999999999,0.8507999999999998,0.7051000000000001,0.5884999999999998,-0.177,1.0473,-1.0,0.0,-1.0,-1.0,1.0,0.0,0.0,1.0,1.0,0.0,1.0,1.0
-0.5817999999999999,0.8507999999999998,0.7051000000000001,0.5884999999999998,-0.177,1.1055999999999997,-1.0,0.0,-1.0,-1.0,1.0,0.0,0.0,1.0,1.0,0.0,1.0,1.0
-0.5817999999999999,0.8507999999999998,0.7051000000000001,0.5884999999999998,-0.177,0.0706,-1.0,0.0,-1.0,-1.0,1.0,0.0,0.0,1.0,1.0,0.0,1.0,1.0
-0.5817999999999999,0.8507999999999998,0.7051000000000001,0.5884999999999998,-0.177,0.3166,-1.0,0.0,-1.0,-1.0,1.0,0.0,0.0,1.0,1.0,0.0,1.0,1.0
0.8344999999999998,0.0360000000000002,-0.177,1.2934,1.4212,0.641,-1.0,-1.0,1.0,0.0,-1.0,1.0,0.0,0.0,1.0,1.0,0.0,0.0
0.8344999999999998,0.0974999999999998,-0.177,1.5716,0.8344999999999998,0.641,-1.0,-1.0,1.0,0.0,-1.0,1.0,0.0,0.0,1.0,1.0,0.0,0.0
0.8344999999999998,0.0974999999999998,-0.177,1.5716,1.3687,0.641,-1.0,-1.0,1.0,0.0,-1.0,1.0,0.0,0.0,1.0,1.0,0.0,0.0
0.8344999999999998,0.0974999999999998,-0.177,1.5716,0.641,0.641,-1.0,-1.0,1.0,0.0,-1.0,1.0,0.0,0.0,1.0,1.0,0.0,0.0
0.8344999999999998,0.0974999999999998,-0.177,1.5716,0.7801,0.641,-1.0,-1.0,1.0,0.0,-1.0,1.0,0.0,0.0,1.0,1.0,0.0,0.0
0.8344999999999998,0.0974999999999998,-0.177,1.5716,0.6151,0.641,-1.0,-1.0,1.0,0.0,-1.0,1.0,0.0,0.0,1.0,1.0,0.0,0.0
0.8344999999999998,0.0974999999999998,-0.177,1.2934,0.641,0.641,-1.0,-1.0,1.0,0.0,-1.0,1.0,0.0,0.0,1.0,1.0,0.0,0.0
0.8344999999999998,0.0974999999999998,-0.177,1.2934,1.4212,0.641,-1.0,-1.0,1.0,0.0,-1.0,1.0,0.0,0.0,1.0,1.0,0.0,0.0
0.641,0.2982999999999993,0.7051000000000001,0.5884999999999998,-0.177,1.5141999999999995,-1.0,0.0,-1.0,-1.0,1.0,0.0,0.0,1.0,1.0,0.0,1.0,1.0
0.641,0.2982999999999993,0.7051000000000001,0.5884999999999998,-0.177,-0.3194999999999999,-1.0,0.0,-1.0,-1.0,1.0,0.0,0.0,1.0,1.0,0.0,1.0,1.0
0.641,0.2982999999999993,0.7051000000000001,0.5884999999999998,-0.177,0.5894999999999995,-1.0,0.0,-1.0,-1.0,1.0,0.0,0.0,1.0,1.0,0.0,1.0,1.0
0.641,0.2982999999999993,0.7051000000000001,0.5884999999999998,-0.177,0.4757,-1.0,0.0,-1.0,-1.0,1.0,0.0,0.0,1.0,1.0,0.0,1.0,1.0
0.641,0.2982999999999993,0.7051000000000001,0.5884999999999998,-0.177,-1.0071999999999994,-1.0,0.0,-1.0,-1.0,1.0,0.0,0.0,1.0,1.0,0.0,1.0,1.0
0.641,0.2982999999999993,0.7051000000000001,0.5884999999999998,-0.177,1.6834999999999998,-1.0,0.0,-1.0,-1.0,1.0,0.0,0.0,1.0,1.0,0.0,1.0,1.0
0.641,0.2982999999999993,0.7051000000000001,0.5884999999999998,-0.177,1.0473,-1.0,0.0,-1.0,-1.0,1.0,0.0,0.0,1.0,1.0,0.0,1.0,1.0
0.641,0.2982999999999993,0.7051000000000001,0.5884999999999998,-0.177,1.1055999999999997,-1.0,0.0,-1.0,-1.0,1.0,0.0,0.0,1.0,1.0,0.0,1.0,1.0
0.641,0.2982999999999993,0.7051000000000001,0.5884999999999998,-0.177,0.0706,-1.0,0.0,-1.0,-1.0,1.0,0.0,0.0,1.0,1.0,0.0,1.0,1.0
0.641,0.2982999999999993,0.7051000000000001,0.5884999999999998,-0.177,0.3166,-1.0,0.0,-1.0,-1.0,1.0,0.0,0.0,1.0,1.0,0.0,1.0,1.0
0.641,0.8607999999999996,0.7051000000000001,0.5884999999999998,-0.177,1.5141999999999995,-1.0,0.0,-1.0,-1.0,1.0,0.0,0.0,1.0,1.0,0.0,1.0,1.0
0.641,0.8607999999999996,0.7051000000000001,0.5884999999999998,-0.177,-0.3194999999999999,-1.0,0.0,-1.0,-1.0,1.0,0.0,0.0,1.0,1.0,0.0,1.0,1.0
0.641,0.8607999999999996,0.7051000000000001,0.5884999999999998,-0.177,0.5894999999999995,-1.0,0.0,-1.0,-1.0,1.0,0.0,0.0,1.0,1.0,0.0,1.0,1.0
0.641,0.8607999999999996,0.7051000000000001,0.5884999999999998,-0.177,0.4757,-1.0,0.0,-1.0,-1.0,1.0,0.0,0.0,1.0,1.0,0.0,1.0,1.0
0.641,0.8607999999999996,0.7051000000000001,0.5884999999999998,-0.177,-1.0071999999999994,-1.0,0.0,-1.0,-1.0,1.0,0.0,0.0,1.0,1.0,0.0,1.0,1.0
0.641,0.8607999999999996,0.7051000000000001,0.5884999999999998,-0.177,1.6834999999999998,-1.0,0.0,-1.0,-1.0,1.0,0.0,0.0,1.0,1.0,0.0,1.0,1.0
0.641,0.8607999999999996,0.7051000000000001,0.5884999999999998,-0.177,1.0473,-1.0,0.0,-1.0,-1.0,1.0,0.0,0.0,1.0,1.0,0.0,1.0,1.0
0.641,0.8607999999999996,0.7051000000000001,0.5884999999999998,-0.177,1.1055999999999997,-1.0,0.0,-1.0,-1.0,1.0,0.0,0.0,1.0,1.0,0.0,1.0,1.0
0.641,0.8607999999999996,0.7051000000000001,0.5884999999999998,-0.177,0.0706,-1.0,0.0,-1.0,-1.0,1.0,0.0,0.0,1.0,1.0,0.0,1.0,1.0
0.641,0.8607999999999996,0.7051000000000001,0.5884999999999998,-0.177,0.3166,-1.0,0.0,-1.0,-1.0,1.0,0.0,0.0,1.0,1.0,0.0,1.0,1.0
0.641,-0.6929999999999994,0.7051000000000001,0.5884999999999998,-0.177,1.5141999999999995,-1.0,0.0,-1.0,-1.0,1.0,0.0,0.0,1.0,1.0,0.0,1.0,1.0
0.641,-0.6929999999999994,0.7051000000000001,0.5884999999999998,-0.177,-0.3194999999999999,-1.0,0.0,-1.0,-1.0,1.0,0.0,0.0,1.0,1.0,0.0,1.0,1.0
0.641,-0.6929999999999994,0.7051000000000001,0.5884999999999998,-0.177,0.5894999999999995,-1.0,0.0,-1.0,-1.0,1.0,0.0,0.0,1.0,1.0,0.0,1.0,1.0
0.641,-0.6929999999999994,0.7051000000000001,0.5884999999999998,-0.177,0.4757,-1.0,0.0,-1.0,-1.0,1.0,0.0,0.0,1.0,1.0,0.0,1.0,1.0
0.641,-0.6929999999999994,0.7051000000000001,0.5884999999999998,-0.177,-1.0071999999999994,-1.0,0.0,-1.0,-1.0,1.0,0.0,0.0,1.0,1.0,0.0,1.0,1.0
0.641,-0.6929999999999994,0.7051000000000001,0.5884999999999998,-0.177,1.6834999999999998,-1.0,0.0,-1.0,-1.0,1.0,0.0,0.0,1.0,1.0,0.0,1.0,1.0
0.641,-0.6929999999999994,0.7051000000000001,0.5884999999999998,-0.177,1.0473,-1.0,0.0,-1.0,-1.0,1.0,0.0,0.0,1.0,1.0,0.0,1.0,1.0
0.641,-0.6929999999999994,0.7051000000000001,0.5884999999999998,-0.177,1.1055999999999997,-1.0,0.0,-1.0,-1.0,1.0,0.0,0.0,1.0,1.0,0.0,1.0,1.0
0.641,-0.6929999999999994,0.7051000000000001,0.5884999999999998,-0.177,0.0706,-1.0,0.0,-1.0,-1.0,1.0,0.0,0.0,1.0,1.0,0.0,1.0,1.0
0.641,-0.6929999999999994,0.7051000000000001,0.5884999999999998,-0.177,0.3166,-1.0,0.0,-1.0,-1.0,1.0,0.0,0.0,1.0,1.0,0.0,1.0,1.0
0.641,0.0871999999999999,0.4443999999999999,0.5884999999999998,-0.177,-0.3194999999999999,-1.0,0.0,-1.0,-1.0,-1.0,0.0,0.0,1.0,0.0,0.0,1.0,1.0
0.641,0.0871999999999999,0.4443999999999999,0.5884999999999998,-0.177,0.5894999999999995,-1.0,0.0,-1.0,-1.0,-1.0,0.0,0.0,1.0,0.0,0.0,1.0,1.0
0.641,0.0871999999999999,0.4443999999999999,0.5884999999999998,-0.177,0.4757,-1.0,0.0,-1.0,-1.0,-1.0,0.0,0.0,1.0,0.0,0.0,1.0,1.0
0.641,0.0871999999999999,0.4443999999999999,0.5884999999999998,-0.177,-0.3194999999999999,-1.0,0.0,-1.0,-1.0,1.0,0.0,0.0,1.0,0.0,0.0,1.0,1.0
0.641,0.0871999999999999,0.4443999999999999,0.5884999999999998,-0.177,0.5894999999999995,-1.0,0.0,-1.0,-1.0,1.0,0.0,0.0,1.0,0.0,0.0,1.0,1.0
0.641,0.0871999999999999,0.4443999999999999,0.5884999999999998,-0.177,0.4757,-1.0,0.0,-1.0,-1.0,1.0,0.0,0.0,1.0,0.0,0.0,1.0,1.0
0.641,0.0871999999999999,0.7051000000000001,0.5884999999999998,-0.177,-0.3194999999999999,-1.0,0.0,1.0,-1.0,-1.0,0.0,0.0,1.0,1.0,0.0,1.0,1.0
0.641,0.0871999999999999,0.7051000000000001,0.5884999999999998,-0.177,0.5894999999999995,-1.0,0.0,1.0,-1.0,-1.0,0.0,0.0,1.0,1.0,0.0,1.0,1.0
0.641,0.0871999999999999,0.7051000000000001,0.5884999999999998,-0.177,0.4757,-1.0,0.0,1.0,-1.0,-1.0,0.0,0.0,1.0,1.0,0.0,1.0,1.0
0.641,0.0871999999999999,0.7051000000000001,0.5884999999999998,-0.177,-0.3194999999999999,-1.0,0.0,1.0,-1.0,1.0,0.0,0.0,1.0,1.0,0.0,1.0,1.0
0.641,0.0871999999999999,0.7051000000000001,0.5884999999999998,-0.177,0.5894999999999995,-1.0,0.0,1.0,-1.0,1.0,0.0,0.0,1.0,1.0,0.0,1.0,1.0
0.641,0.0871999999999999,0.7051000000000001,0.5884999999999998,-0.177,0.4757,-1.0,0.0,1.0,-1.0,1.0,0.0,0.0,1.0,1.0,0.0,1.0,1.0
0.641,0.0871999999999999,0.4443999999999999,0.5884999999999998,-0.177,-0.3194999999999999,-1.0,0.0,1.0,-1.0,-1.0,0.0,0.0,1.0,0.0,0.0,1.0,1.0
0.641,0.0871999999999999,0.4443999999999999,0.5884999999999998,-0.177,0.5894999999999995,-1.0,0.0,1.0,-1.0,-1.0,0.0,0.0,1.0,0.0,0.0,1.0,1.0
0.641,0.0871999999999999,0.4443999999999999,0.5884999999999998,-0.177,0.4757,-1.0,0.0,1.0,-1.0,-1.0,0.0,0.0,1.0,0.0,0.0,1.0,1.0
0.641,0.0871999999999999,0.4443999999999999,0.5884999999999998,-0.177,-0.3194999999999999,-1.0,0.0,1.0,-1.0,1.0,0.0,0.0,1.0,0.0,0.0,1.0,1.0
0.641,0.0871999999999999,0.4443999999999999,0.5884999999999998,-0.177,0.5894999999999995,-1.0,0.0,1.0,-1.0,1.0,0.0,0.0,1.0,0.0,0.0,1.0,1.0
0.641,0.0871999999999999,0.4443999999999999,0.5884999999999998,-0.177,0.4757,-1.0,0.0,1.0,-1.0,1.0,0.0,0.0,1.0,0.0,0.0,1.0,1.0
0.641,0.0871999999999999,0.7051000000000001,0.5884999999999998,-0.177,-0.3194999999999999,-1.0,0.0,-1.0,-1.0,-1.0,0.0,0.0,1.0,1.0,0.0,1.0,1.0
0.641,0.0871999999999999,0.7051000000000001,0.5884999999999998,-0.177,0.5894999999999995,-1.0,0.0,-1.0,-1.0,-1.0,0.0,0.0,1.0,1.0,0.0,1.0,1.0
0.641,0.0871999999999999,0.7051000000000001,0.5884999999999998,-0.177,0.4757,-1.0,0.0,-1.0,-1.0,-1.0,0.0,0.0,1.0,1.0,0.0,1.0,1.0
0.641,0.0871999999999999,0.7051000000000001,0.5884999999999998,-0.177,1.5141999999999995,-1.0,0.0,-1.0,-1.0,1.0,0.0,0.0,1.0,1.0,0.0,1.0,1.0
0.641,0.0871999999999999,0.7051000000000001,0.5884999999999998,-0.177,-0.3194999999999999,-1.0,0.0,-1.0,-1.0,1.0,0.0,0.0,1.0,1.0,0.0,1.0,1.0
0.641,0.0871999999999999,0.7051000000000001,0.5884999999999998,-0.177,0.5894999999999995,-1.0,0.0,-1.0,-1.0,1.0,0.0,0.0,1.0,1.0,0.0,1.0,1.0
0.641,0.0871999999999999,0.7051000000000001,0.5884999999999998,-0.177,0.4757,-1.0,0.0,-1.0,-1.0,1.0,0.0,0.0,1.0,1.0,0.0,1.0,1.0
0.641,0.0871999999999999,0.7051000000000001,0.5884999999999998,-0.177,-1.0071999999999994,-1.0,0.0,-1.0,-1.0,1.0,0.0,0.0,1.0,1.0,0.0,1.0,1.0
0.641,0.0871999999999999,0.7051000000000001,0.5884999999999998,-0.177,1.6834999999999998,-1.0,0.0,-1.0,-1.0,1.0,0.0,0.0,1.0,1.0,0.0,1.0,1.0
0.641,0.0871999999999999,0.7051000000000001,0.5884999999999998,-0.177,1.0473,-1.0,0.0,-1.0,-1.0,1.0,0.0,0.0,1.0,1.0,0.0,1.0,1.0
0.641,0.0871999999999999,0.7051000000000001,0.5884999999999998,-0.177,1.1055999999999997,-1.0,0.0,-1.0,-1.0,1.0,0.0,0.0,1.0,1.0,0.0,1.0,1.0
0.641,0.0871999999999999,0.7051000000000001,0.5884999999999998,-0.177,0.0706,-1.0,0.0,-1.0,-1.0,1.0,0.0,0.0,1.0,1.0,0.0,1.0,1.0
0.641,0.0871999999999999,0.7051000000000001,0.5884999999999998,-0.177,0.3166,-1.0,0.0,-1.0,-1.0,1.0,0.0,0.0,1.0,1.0,0.0,1.0,1.0
0.641,0.7395999999999998,0.7051000000000001,0.5884999999999998,-0.177,1.5141999999999995,-1.0,0.0,-1.0,-1.0,1.0,0.0,0.0,1.0,1.0,0.0,1.0,1.0
0.641,0.7395999999999998,0.7051000000000001,0.5884999999999998,-0.177,-0.3194999999999999,-1.0,0.0,-1.0,-1.0,1.0,0.0,0.0,1.0,1.0,0.0,1.0,1.0
0.641,0.7395999999999998,0.7051000000000001,0.5884999999999998,-0.177,0.5894999999999995,-1.0,0.0,-1.0,-1.0,1.0,0.0,0.0,1.0,1.0,0.0,1.0,1.0
0.641,0.7395999999999998,0.7051000000000001,0.5884999999999998,-0.177,0.4757,-1.0,0.0,-1.0,-1.0,1.0,0.0,0.0,1.0,1.0,0.0,1.0,1.0
0.641,0.7395999999999998,0.7051000000000001,0.5884999999999998,-0.177,-1.0071999999999994,-1.0,0.0,-1.0,-1.0,1.0,0.0,0.0,1.0,1.0,0.0,1.0,1.0
0.641,0.7395999999999998,0.7051000000000001,0.5884999999999998,-0.177,1.6834999999999998,-1.0,0.0,-1.0,-1.0,1.0,0.0,0.0,1.0,1.0,0.0,1.0,1.0
0.641,0.7395999999999998,0.7051000000000001,0.5884999999999998,-0.177,1.0473,-1.0,0.0,-1.0,-1.0,1.0,0.0,0.0,1.0,1.0,0.0,1.0,1.0
0.641,0.7395999999999998,0.7051000000000001,0.5884999999999998,-0.177,1.1055999999999997,-1.0,0.0,-1.0,-1.0,1.0,0.0,0.0,1.0,1.0,0.0,1.0,1.0
0.641,0.7395999999999998,0.7051000000000001,0.5884999999999998,-0.177,0.0706,-1.0,0.0,-1.0,-1.0,1.0,0.0,0.0,1.0,1.0,0.0,1.0,1.0
0.641,0.7395999999999998,0.7051000000000001,0.5884999999999998,-0.177,0.3166,-1.0,0.0,-1.0,-1.0,1.0,0.0,0.0,1.0,1.0,0.0,1.0,1.0
0.641,0.0269,0.7051000000000001,0.5884999999999998,-0.177,1.5141999999999995,-1.0,0.0,-1.0,-1.0,1.0,0.0,0.0,1.0,1.0,0.0,1.0,1.0
0.641,0.0269,0.7051000000000001,0.5884999999999998,-0.177,-0.3194999999999999,-1.0,0.0,-1.0,-1.0,1.0,0.0,0.0,1.0,1.0,0.0,1.0,1.0
0.641,0.0269,0.7051000000000001,0.5884999999999998,-0.177,0.5894999999999995,-1.0,0.0,-1.0,-1.0,1.0,0.0,0.0,1.0,1.0,0.0,1.0,1.0
0.641,0.0269,0.7051000000000001,0.5884999999999998,-0.177,0.4757,-1.0,0.0,-1.0,-1.0,1.0,0.0,0.0,1.0,1.0,0.0,1.0,1.0
0.641,0.0269,0.7051000000000001,0.5884999999999998,-0.177,-1.0071999999999994,-1.0,0.0,-1.0,-1.0,1.0,0.0,0.0,1.0,1.0,0.0,1.0,1.0
0.641,0.0269,0.7051000000000001,0.5884999999999998,-0.177,1.6834999999999998,-1.0,0.0,-1.0,-1.0,1.0,0.0,0.0,1.0,1.0,0.0,1.0,1.0
0.641,0.0269,0.7051000000000001,0.5884999999999998,-0.177,1.0473,-1.0,0.0,-1.0,-1.0,1.0,0.0,0.0,1.0,1.0,0.0,1.0,1.0
0.641,0.0269,0.7051000000000001,0.5884999999999998,-0.177,1.1055999999999997,-1.0,0.0,-1.0,-1.0,1.0,0.0,0.0,1.0,1.0,0.0,1.0,1.0
0.641,0.0269,0.7051000000000001,0.5884999999999998,-0.177,0.0706,-1.0,0.0,-1.0,-1.0,1.0,0.0,0.0,1.0,1.0,0.0,1.0,1.0
0.641,0.0269,0.7051000000000001,0.5884999999999998,-0.177,0.3166,-1.0,0.0,-1.0,-1.0,1.0,0.0,0.0,1.0,1.0,0.0,1.0,1.0
0.641,-0.3269000000000002,0.7051000000000001,0.5884999999999998,-0.177,1.5141999999999995,-1.0,0.0,-1.0,-1.0,1.0,0.0,0.0,1.0,1.0,0.0,1.0,1.0
0.641,-0.3269000000000002,0.7051000000000001,0.5884999999999998,-0.177,-0.3194999999999999,-1.0,0.0,-1.0,-1.0,1.0,0.0,0.0,1.0,1.0,0.0,1.0,1.0
0.641,-0.3269000000000002,0.7051000000000001,0.5884999999999998,-0.177,0.5894999999999995,-1.0,0.0,-1.0,-1.0,1.0,0.0,0.0,1.0,1.0,0.0,1.0,1.0
0.641,-0.3269000000000002,0.7051000000000001,0.5884999999999998,-0.177,0.4757,-1.0,0.0,-1.0,-1.0,1.0,0.0,0.0,1.0,1.0,0.0,1.0,1.0
0.641,-0.3269000000000002,0.7051000000000001,0.5884999999999998,-0.177,-1.0071999999999994,-1.0,0.0,-1.0,-1.0,1.0,0.0,0.0,1.0,1.0,0.0,1.0,1.0
0.641,-0.3269000000000002,0.7051000000000001,0.5884999999999998,-0.177,1.6834999999999998,-1.0,0.0,-1.0,-1.0,1.0,0.0,0.0,1.0,1.0,0.0,1.0,1.0
0.641,-0.3269000000000002,0.7051000000000001,0.5884999999999998,-0.177,1.0473,-1.0,0.0,-1.0,-1.0,1.0,0.0,0.0,1.0,1.0,0.0,1.0,1.0
0.641,-0.3269000000000002,0.7051000000000001,0.5884999999999998,-0.177,1.1055999999999997,-1.0,0.0,-1.0,-1.0,1.0,0.0,0.0,1.0,1.0,0.0,1.0,1.0
0.641,-0.3269000000000002,0.7051000000000001,0.5884999999999998,-0.177,0.0706,-1.0,0.0,-1.0,-1.0,1.0,0.0,0.0,1.0,1.0,0.0,1.0,1.0
0.641,-0.3269000000000002,0.7051000000000001,0.5884999999999998,-0.177,0.3166,-1.0,0.0,-1.0,-1.0,1.0,0.0,0.0,1.0,1.0,0.0,1.0,1.0
0.641,0.5884999999999998,0.8492,0.5884999999999998,0.8492,-1.1224999999999996,-1.0,-1.0,-1.0,-1.0,-1.0,1.0,0.0,0.0,1.0,0.0,1.0,0.0
0.641,0.5884999999999998,0.5884999999999998,0.5884999999999998,0.5884999999999998,-1.1224999999999996,-1.0,-1.0,-1.0,-1.0,-1.0,1.0,0.0,0.0,0.0,0.0,0.0,0.0
0.641,0.5884999999999998,0.5884999999999998,0.5884999999999998,-0.177,-1.1224999999999996,-1.0,-1.0,-1.0,-1.0,-1.0,1.0,0.0,0.0,0.0,0.0,1.0,0.0
0.641,0.5884999999999998,0.5884999999999998,-0.177,0.5884999999999998,-1.1224999999999996,-1.0,-1.0,-1.0,-1.0,-1.0,1.0,0.0,0.0,0.0,1.0,0.0,0.0
0.641,0.5884999999999998,-0.177,0.5884999999999998,0.5884999999999998,-1.1224999999999996,-1.0,-1.0,-1.0,-1.0,-1.0,1.0,0.0,0.0,1.0,0.0,0.0,0.0
0.641,1.2934,0.7051000000000001,0.5884999999999998,-0.177,1.5141999999999995,-1.0,0.0,-1.0,-1.0,1.0,0.0,0.0,1.0,1.0,0.0,1.0,1.0
0.641,1.2934,0.7051000000000001,0.5884999999999998,-0.177,-0.3194999999999999,-1.0,0.0,-1.0,-1.0,1.0,0.0,0.0,1.0,1.0,0.0,1.0,1.0
0.641,1.2934,0.7051000000000001,0.5884999999999998,-0.177,0.5894999999999995,-1.0,0.0,-1.0,-1.0,1.0,0.0,0.0,1.0,1.0,0.0,1.0,1.0
0.641,1.2934,0.7051000000000001,0.5884999999999998,-0.177,0.4757,-1.0,0.0,-1.0,-1.0,1.0,0.0,0.0,1.0,1.0,0.0,1.0,1.0
0.641,1.2934,0.7051000000000001,0.5884999999999998,-0.177,-1.0071999999999994,-1.0,0.0,-1.0,-1.0,1.0,0.0,0.0,1.0,1.0,0.0,1.0,1.0
0.641,1.2934,0.7051000000000001,0.5884999999999998,-0.177,1.6834999999999998,-1.0,0.0,-1.0,-1.0,1.0,0.0,0.0,1.0,1.0,0.0,1.0,1.0
0.641,1.2934,0.7051000000000001,0.5884999999999998,-0.177,1.0473,-1.0,0.0,-1.0,-1.0,1.0,0.0,0.0,1.0,1.0,0.0,1.0,1.0
0.641,1.2934,0.7051000000000001,0.5884999999999998,-0.177,0.0706,-1.0,0.0,-1.0,-1.0,1.0,0.0,0.0,1.0,1.0,0.0,1.0,1.0
0.641,1.2934,0.7051000000000001,0.5884999999999998,-0.177,0.3166,-1.0,0.0,-1.0,-1.0,1.0,0.0,0.0,1.0,1.0,0.0,1.0,1.0
0.641,1.2408999999999997,0.4443999999999999,0.5884999999999998,-0.177,-0.3194999999999999,-1.0,0.0,-1.0,-1.0,-1.0,0.0,0.0,1.0,0.0,0.0,1.0,1.0
0.641,1.2408999999999997,0.4443999999999999,0.5884999999999998,-0.177,0.5894999999999995,-1.0,0.0,-1.0,-1.0,-1.0,0.0,0.0,1.0,0.0,0.0,1.0,1.0
0.641,1.2408999999999997,0.4443999999999999,0.5884999999999998,-0.177,0.4757,-1.0,0.0,-1.0,-1.0,-1.0,0.0,0.0,1.0,0.0,0.0,1.0,1.0
0.641,1.2408999999999997,0.4443999999999999,0.5884999999999998,-0.177,-0.3194999999999999,-1.0,0.0,-1.0,-1.0,1.0,0.0,0.0,1.0,0.0,0.0,1.0,1.0
0.641,1.2408999999999997,0.4443999999999999,0.5884999999999998,-0.177,0.5894999999999995,-1.0,0.0,-1.0,-1.0,1.0,0.0,0.0,1.0,0.0,0.0,1.0,1.0
0.641,1.2408999999999997,0.4443999999999999,0.5884999999999998,-0.177,0.4757,-1.0,0.0,-1.0,-1.0,1.0,0.0,0.0,1.0,0.0,0.0,1.0,1.0
0.641,1.2408999999999997,0.7051000000000001,0.5884999999999998,-0.177,-0.3194999999999999,-1.0,0.0,1.0,-1.0,-1.0,0.0,0.0,1.0,1.0,0.0,1.0,1.0
0.641,1.2408999999999997,0.7051000000000001,0.5884999999999998,-0.177,0.5894999999999995,-1.0,0.0,1.0,-1.0,-1.0,0.0,0.0,1.0,1.0,0.0,1.0,1.0
0.641,1.2408999999999997,0.7051000000000001,0.5884999999999998,-0.177,0.4757,-1.0,0.0,1.0,-1.0,-1.0,0.0,0.0,1.0,1.0,0.0,1.0,1.0
0.641,1.2408999999999997,0.7051000000000001,0.5884999999999998,-0.177,-0.3194999999999999,-1.0,0.0,1.0,-1.0,1.0,0.0,0.0,1.0,1.0,0.0,1.0,1.0
0.641,1.2408999999999997,0.7051000000000001,0.5884999999999998,-0.177,0.5894999999999995,-1.0,0.0,1.0,-1.0,1.0,0.0,0.0,1.0,1.0,0.0,1.0,1.0
0.641,1.2408999999999997,0.7051000000000001,0.5884999999999998,-0.177,0.4757,-1.0,0.0,1.0,-1.0,1.0,0.0,0.0,1.0,1.0,0.0,1.0,1.0
0.641,1.2408999999999997,0.4443999999999999,0.5884999999999998,-0.177,-0.3194999999999999,-1.0,0.0,1.0,-1.0,-1.0,0.0,0.0,1.0,0.0,0.0,1.0,1.0
0.641,1.2408999999999997,0.4443999999999999,0.5884999999999998,-0.177,0.5894999999999995,-1.0,0.0,1.0,-1.0,-1.0,0.0,0.0,1.0,0.0,0.0,1.0,1.0
0.641,1.2408999999999997,0.4443999999999999,0.5884999999999998,-0.177,0.4757,-1.0,0.0,1.0,-1.0,-1.0,0.0,0.0,1.0,0.0,0.0,1.0,1.0
0.641,1.2408999999999997,0.4443999999999999,0.5884999999999998,-0.177,-0.3194999999999999,-1.0,0.0,1.0,-1.0,1.0,0.0,0.0,1.0,0.0,0.0,1.0,1.0
0.641,1.2408999999999997,0.4443999999999999,0.5884999999999998,-0.177,0.5894999999999995,-1.0,0.0,1.0,-1.0,1.0,0.0,0.0,1.0,0.0,0.0,1.0,1.0
0.641,1.2408999999999997,0.4443999999999999,0.5884999999999998,-0.177,0.4757,-1.0,0.0,1.0,-1.0,1.0,0.0,0.0,1.0,0.0,0.0,1.0,1.0
0.641,1.2408999999999997,0.7051000000000001,0.5884999999999998,-0.177,-0.3194999999999999,-1.0,0.0,-1.0,-1.0,-1.0,0.0,0.0,1.0,1.0,0.0,1.0,1.0
0.641,1.2408999999999997,0.7051000000000001,0.5884999999999998,-0.177,0.5894999999999995,-1.0,0.0,-1.0,-1.0,-1.0,0.0,0.0,1.0,1.0,0.0,1.0,1.0
0.641,1.2408999999999997,0.7051000000000001,0.5884999999999998,-0.177,0.4757,-1.0,0.0,-1.0,-1.0,-1.0,0.0,0.0,1.0,1.0,0.0,1.0,1.0
0.641,1.2408999999999997,0.7051000000000001,0.5884999999999998,-0.177,1.5141999999999995,-1.0,0.0,-1.0,-1.0,1.0,0.0,0.0,1.0,1.0,0.0,1.0,1.0
0.641,1.2408999999999997,0.7051000000000001,0.5884999999999998,-0.177,-0.3194999999999999,-1.0,0.0,-1.0,-1.0,1.0,0.0,0.0,1.0,1.0,0.0,1.0,1.0
0.641,1.2408999999999997,0.7051000000000001,0.5884999999999998,-0.177,0.5894999999999995,-1.0,0.0,-1.0,-1.0,1.0,0.0,0.0,1.0,1.0,0.0,1.0,1.0
0.641,1.2408999999999997,0.7051000000000001,0.5884999999999998,-0.177,0.4757,-1.0,0.0,-1.0,-1.0,1.0,0.0,0.0,1.0,1.0,0.0,1.0,1.0
0.641,1.2408999999999997,0.7051000000000001,0.5884999999999998,-0.177,-1.0071999999999994,-1.0,0.0,-1.0,-1.0,1.0,0.0,0.0,1.0,1.0,0.0,1.0,1.0
0.641,1.2408999999999997,0.7051000000000001,0.5884999999999998,-0.177,1.6834999999999998,-1.0,0.0,-1.0,-1.0,1.0,0.0,0.0,1.0,1.0,0.0,1.0,1.0
0.641,1.2408999999999997,0.7051000000000001,0.5884999999999998,-0.177,1.0473,-1.0,0.0,-1.0,-1.0,1.0,0.0,0.0,1.0,1.0,0.0,1.0,1.0
0.641,1.2408999999999997,0.7051000000000001,0.5884999999999998,-0.177,1.1055999999999997,-1.0,0.0,-1.0,-1.0,1.0,0.0,0.0,1.0,1.0,0.0,1.0,1.0
0.641,1.2408999999999997,0.7051000000000001,0.5884999999999998,-0.177,0.0706,-1.0,0.0,-1.0,-1.0,1.0,0.0,0.0,1.0,1.0,0.0,1.0,1.0
0.641,1.2408999999999997,0.7051000000000001,0.5884999999999998,-0.177,0.3166,-1.0,0.0,-1.0,-1.0,1.0,0.0,0.0,1.0,1.0,0.0,1.0,1.0
0.641,0.8507999999999998,0.4443999999999999,0.5884999999999998,-0.177,-0.3194999999999999,-1.0,0.0,-1.0,-1.0,-1.0,0.0,0.0,1.0,0.0,0.0,1.0,1.0
0.641,0.8507999999999998,0.4443999999999999,0.5884999999999998,-0.177,0.5894999999999995,-1.0,0.0,-1.0,-1.0,-1.0,0.0,0.0,1.0,0.0,0.0,1.0,1.0
0.641,0.8507999999999998,0.4443999999999999,0.5884999999999998,-0.177,0.4757,-1.0,0.0,-1.0,-1.0,-1.0,0.0,0.0,1.0,0.0,0.0,1.0,1.0
0.641,0.8507999999999998,0.4443999999999999,0.5884999999999998,-0.177,-0.3194999999999999,-1.0,0.0,-1.0,-1.0,1.0,0.0,0.0,1.0,0.0,0.0,1.0,1.0
0.641,0.8507999999999998,0.4443999999999999,0.5884999999999998,-0.177,0.5894999999999995,-1.0,0.0,-1.0,-1.0,1.0,0.0,0.0,1.0,0.0,0.0,1.0,1.0
0.641,0.8507999999999998,0.4443999999999999,0.5884999999999998,-0.177,0.4757,-1.0,0.0,-1.0,-1.0,1.0,0.0,0.0,1.0,0.0,0.0,1.0,1.0
0.641,0.8507999999999998,0.7051000000000001,0.5884999999999998,-0.177,-0.3194999999999999,-1.0,0.0,1.0,-1.0,-1.0,0.0,0.0,1.0,1.0,0.0,1.0,1.0
0.641,0.8507999999999998,0.7051000000000001,0.5884999999999998,-0.177,0.5894999999999995,-1.0,0.0,1.0,-1.0,-1.0,0.0,0.0,1.0,1.0,0.0,1.0,1.0
0.641,0.8507999999999998,0.7051000000000001,0.5884999999999998,-0.177,0.4757,-1.0,0.0,1.0,-1.0,-1.0,0.0,0.0,1.0,1.0,0.0,1.0,1.0
0.641,0.8507999999999998,0.7051000000000001,0.5884999999999998,-0.177,-0.3194999999999999,-1.0,0.0,1.0,-1.0,1.0,0.0,0.0,1.0,1.0,0.0,1.0,1.0
0.641,0.8507999999999998,0.7051000000000001,0.5884999999999998,-0.177,0.5894999999999995,-1.0,0.0,1.0,-1.0,1.0,0.0,0.0,1.0,1.0,0.0,1.0,1.0
0.641,0.8507999999999998,0.7051000000000001,0.5884999999999998,-0.177,0.4757,-1.0,0.0,1.0,-1.0,1.0,0.0,0.0,1.0,1.0,0.0,1.0,1.0
0.641,0.8507999999999998,0.4443999999999999,0.5884999999999998,-0.177,-0.3194999999999999,-1.0,0.0,1.0,-1.0,-1.0,0.0,0.0,1.0,0.0,0.0,1.0,1.0
0.641,0.8507999999999998,0.4443999999999999,0.5884999999999998,-0.177,0.5894999999999995,-1.0,0.0,1.0,-1.0,-1.0,0.0,0.0,1.0,0.0,0.0,1.0,1.0
0.641,0.8507999999999998,0.4443999999999999,0.5884999999999998,-0.177,0.4757,-1.0,0.0,1.0,-1.0,-1.0,0.0,0.0,1.0,0.0,0.0,1.0,1.0
0.641,0.8507999999999998,0.4443999999999999,0.5884999999999998,-0.177,-0.3194999999999999,-1.0,0.0,1.0,-1.0,1.0,0.0,0.0,1.0,0.0,0.0,1.0,1.0
0.641,0.8507999999999998,0.4443999999999999,0.5884999999999998,-0.177,0.5894999999999995,-1.0,0.0,1.0,-1.0,1.0,0.0,0.0,1.0,0.0,0.0,1.0,1.0
0.641,0.8507999999999998,0.4443999999999999,0.5884999999999998,-0.177,0.4757,-1.0,0.0,1.0,-1.0,1.0,0.0,0.0,1.0,0.0,0.0,1.0,1.0
0.641,0.8507999999999998,0.7051000000000001,0.5884999999999998,-0.177,-0.3194999999999999,-1.0,0.0,-1.0,-1.0,-1.0,0.0,0.0,1.0,1.0,0.0,1.0,1.0
0.641,0.8507999999999998,0.7051000000000001,0.5884999999999998,-0.177,0.5894999999999995,-1.0,0.0,-1.0,-1.0,-1.0,0.0,0.0,1.0,1.0,0.0,1.0,1.0
0.641,0.8507999999999998,0.7051000000000001,0.5884999999999998,-0.177,0.4757,-1.0,0.0,-1.0,-1.0,-1.0,0.0,0.0,1.0,1.0,0.0,1.0,1.0
0.641,0.8507999999999998,0.7051000000000001,0.5884999999999998,-0.177,1.5141999999999995,-1.0,0.0,-1.0,-1.0,1.0,0.0,0.0,1.0,1.0,0.0,1.0,1.0
0.641,0.8507999999999998,0.7051000000000001,0.5884999999999998,-0.177,-0.3194999999999999,-1.0,0.0,-1.0,-1.0,1.0,0.0,0.0,1.0,1.0,0.0,1.0,1.0
0.641,0.8507999999999998,0.7051000000000001,0.5884999999999998,-0.177,0.5894999999999995,-1.0,0.0,-1.0,-1.0,1.0,0.0,0.0,1.0,1.0,0.0,1.0,1.0
0.641,0.8507999999999998,0.7051000000000001,0.5884999999999998,-0.177,0.4757,-1.0,0.0,-1.0,-1.0,1.0,0.0,0.0,1.0,1.0,0.0,1.0,1.0
0.641,0.8507999999999998,0.7051000000000001,0.5884999999999998,-0.177,-1.0071999999999994,-1.0,0.0,-1.0,-1.0,1.0,0.0,0.0,1.0,1.0,0.0,1.0,1.0
0.641,0.8507999999999998,0.7051000000000001,0.5884999999999998,-0.177,1.6834999999999998,-1.0,0.0,-1.0,-1.0,1.0,0.0,0.0,1.0,1.0,0.0,1.0,1.0
0.641,0.8507999999999998,0.7051000000000001,0.5884999999999998,-0.177,1.0473,-1.0,0.0,-1.0,-1.0,1.0,0.0,0.0,1.0,1.0,0.0,1.0,1.0
0.641,0.8507999999999998,0.7051000000000001,0.5884999999999998,-0.177,1.1055999999999997,-1.0,0.0,-1.0,-1.0,1.0,0.0,0.0,1.0,1.0,0.0,1.0,1.0
0.641,0.8507999999999998,0.7051000000000001,0.5884999999999998,-0.177,0.0706,-1.0,0.0,-1.0,-1.0,1.0,0.0,0.0,1.0,1.0,0.0,1.0,1.0
0.641,0.8507999999999998,0.7051000000000001,0.5884999999999998,-0.177,0.3166,-1.0,0.0,-1.0,-1.0,1.0,0.0,0.0,1.0,1.0,0.0,1.0,1.0
-0.9703,-1.2208999999999997,0.641,0.4443999999999999,0.3466,-0.5817999999999999,0.0,-1.0,-1.0,-1.0,-1.0,-1.0,0.0,0.0,0.0,0.0,0.0,0.0
-0.9703,-1.2208999999999997,0.641,0.4443999999999999,0.3466,-1.2208999999999997,0.0,-1.0,-1.0,-1.0,-1.0,-1.0,0.0,0.0,0.0,0.0,0.0,0.0
-0.9703,-1.2208999999999997,0.641,0.4443999999999999,0.3466,0.0543,0.0,-1.0,-1.0,-1.0,-1.0,-1.0,0.0,0.0,0.0,0.0,0.0,0.0
-0.9703,0.0543,-0.9703,0.641,0.3466,0.4443999999999999,0.0,-1.0,0.0,-1.0,-1.0,-1.0,0.0,0.0,0.0,0.0,0.0,0.0
1.0311,0.0360000000000002,-0.177,1.2934,1.4212,0.641,-1.0,-1.0,1.0,0.0,-1.0,1.0,0.0,0.0,1.0,1.0,0.0,0.0
0.4443999999999999,0.4443999999999999,0.4443999999999999,0.4443999999999999,-0.177,1.1223,-1.0,1.0,-1.0,-1.0,1.0,-1.0,0.0,0.0,0.0,0.0,1.0,0.0
0.4443999999999999,0.2982999999999993,0.7051000000000001,0.5884999999999998,-0.177,1.5141999999999995,-1.0,0.0,-1.0,-1.0,1.0,0.0,0.0,1.0,1.0,0.0,1.0,1.0
0.4443999999999999,0.2982999999999993,0.7051000000000001,0.5884999999999998,-0.177,-0.3194999999999999,-1.0,0.0,-1.0,-1.0,1.0,0.0,0.0,1.0,1.0,0.0,1.0,1.0
0.4443999999999999,0.2982999999999993,0.7051000000000001,0.5884999999999998,-0.177,0.5894999999999995,-1.0,0.0,-1.0,-1.0,1.0,0.0,0.0,1.0,1.0,0.0,1.0,1.0
0.4443999999999999,0.2982999999999993,0.7051000000000001,0.5884999999999998,-0.177,0.4757,-1.0,0.0,-1.0,-1.0,1.0,0.0,0.0,1.0,1.0,0.0,1.0,1.0
0.4443999999999999,0.2982999999999993,0.7051000000000001,0.5884999999999998,-0.177,-1.0071999999999994,-1.0,0.0,-1.0,-1.0,1.0,0.0,0.0,1.0,1.0,0.0,1.0,1.0
0.4443999999999999,0.2982999999999993,0.7051000000000001,0.5884999999999998,-0.177,1.6834999999999998,-1.0,0.0,-1.0,-1.0,1.0,0.0,0.0,1.0,1.0,0.0,1.0,1.0
0.4443999999999999,0.2982999999999993,0.7051000000000001,0.5884999999999998,-0.177,1.0473,-1.0,0.0,-1.0,-1.0,1.0,0.0,0.0,1.0,1.0,0.0,1.0,1.0
0.4443999999999999,0.2982999999999993,0.7051000000000001,0.5884999999999998,-0.177,1.1055999999999997,-1.0,0.0,-1.0,-1.0,1.0,0.0,0.0,1.0,1.0,0.0,1.0,1.0
0.4443999999999999,0.2982999999999993,0.7051000000000001,0.5884999999999998,-0.177,0.0706,-1.0,0.0,-1.0,-1.0,1.0,0.0,0.0,1.0,1.0,0.0,1.0,1.0
0.4443999999999999,0.2982999999999993,0.7051000000000001,0.5884999999999998,-0.177,0.3166,-1.0,0.0,-1.0,-1.0,1.0,0.0,0.0,1.0,1.0,0.0,1.0,1.0
0.4443999999999999,0.8607999999999996,0.7051000000000001,0.5884999999999998,-0.177,1.5141999999999995,-1.0,0.0,-1.0,-1.0,1.0,0.0,0.0,1.0,1.0,0.0,1.0,1.0
0.4443999999999999,0.8607999999999996,0.7051000000000001,0.5884999999999998,-0.177,-0.3194999999999999,-1.0,0.0,-1.0,-1.0,1.0,0.0,0.0,1.0,1.0,0.0,1.0,1.0
0.4443999999999999,0.8607999999999996,0.7051000000000001,0.5884999999999998,-0.177,0.5894999999999995,-1.0,0.0,-1.0,-1.0,1.0,0.0,0.0,1.0,1.0,0.0,1.0,1.0
0.4443999999999999,0.8607999999999996,0.7051000000000001,0.5884999999999998,-0.177,0.4757,-1.0,0.0,-1.0,-1.0,1.0,0.0,0.0,1.0,1.0,0.0,1.0,1.0
0.4443999999999999,0.8607999999999996,0.7051000000000001,0.5884999999999998,-0.177,-1.0071999999999994,-1.0,0.0,-1.0,-1.0,1.0,0.0,0.0,1.0,1.0,0.0,1.0,1.0
0.4443999999999999,0.8607999999999996,0.7051000000000001,0.5884999999999998,-0.177,1.6834999999999998,-1.0,0.0,-1.0,-1.0,1.0,0.0,0.0,1.0,1.0,0.0,1.0,1.0
0.4443999999999999,0.8607999999999996,0.7051000000000001,0.5884999999999998,-0.177,1.0473,-1.0,0.0,-1.0,-1.0,1.0,0.0,0.0,1.0,1.0,0.0,1.0,1.0
0.4443999999999999,0.8607999999999996,0.7051000000000001,0.5884999999999998,-0.177,1.1055999999999997,-1.0,0.0,-1.0,-1.0,1.0,0.0,0.0,1.0,1.0,0.0,1.0,1.0
0.4443999999999999,0.8607999999999996,0.7051000000000001,0.5884999999999998,-0.177,0.0706,-1.0,0.0,-1.0,-1.0,1.0,0.0,0.0,1.0,1.0,0.0,1.0,1.0
0.4443999999999999,0.8607999999999996,0.7051000000000001,0.5884999999999998,-0.177,0.3166,-1.0,0.0,-1.0,-1.0,1.0,0.0,0.0,1.0,1.0,0.0,1.0,1.0
0.4443999999999999,0.641,-0.177,0.4443999999999999,0.4443999999999999,0.4443999999999999,-1.0,-1.0,-1.0,-1.0,-1.0,-1.0,0.0,0.0,1.0,0.0,0.0,0.0
0.4443999999999999,0.641,-0.177,0.4443999999999999,0.4443999999999999,0.4443999999999999,-1.0,-1.0,1.0,-1.0,-1.0,-1.0,0.0,0.0,1.0,0.0,0.0,0.0
0.4443999999999999,0.4443999999999999,0.4443999999999999,0.4443999999999999,-0.177,0.3466,-1.0,-1.0,-1.0,-1.0,1.0,-1.0,0.0,0.0,0.0,0.0,1.0,0.0
0.4443999999999999,0.4443999999999999,0.4443999999999999,0.4443999999999999,-0.177,0.3466,-1.0,-1.0,-1.0,1.0,-1.0,-1.0,0.0,0.0,0.0,0.0,1.0,0.0
0.4443999999999999,0.4443999999999999,0.4443999999999999,0.4443999999999999,-0.177,0.3466,-1.0,-1.0,1.0,1.0,-1.0,-1.0,0.0,0.0,0.0,0.0,1.0,0.0
0.4443999999999999,0.4443999999999999,0.4443999999999999,-0.177,-0.177,1.1223,-1.0,-1.0,1.0,1.0,-1.0,-1.0,0.0,0.0,0.0,1.0,1.0,0.0
0.4443999999999999,0.4443999999999999,0.4443999999999999,-0.177,-0.177,0.3466,-1.0,-1.0,1.0,1.0,-1.0,-1.0,0.0,0.0,0.0,1.0,1.0,0.0
0.4443999999999999,-0.6929999999999994,0.7051000000000001,0.5884999999999998,-0.177,1.5141999999999995,-1.0,0.0,-1.0,-1.0,1.0,0.0,0.0,1.0,1.0,0.0,1.0,1.0
0.4443999999999999,-0.6929999999999994,0.7051000000000001,0.5884999999999998,-0.177,-0.3194999999999999,-1.0,0.0,-1.0,-1.0,1.0,0.0,0.0,1.0,1.0,0.0,1.0,1.0
0.4443999999999999,-0.6929999999999994,0.7051000000000001,0.5884999999999998,-0.177,0.5894999999999995,-1.0,0.0,-1.0,-1.0,1.0,0.0,0.0,1.0,1.0,0.0,1.0,1.0
0.4443999999999999,-0.6929999999999994,0.7051000000000001,0.5884999999999998,-0.177,0.4757,-1.0,0.0,-1.0,-1.0,1.0,0.0,0.0,1.0,1.0,0.0,1.0,1.0
0.4443999999999999,-0.6929999999999994,0.7051000000000001,0.5884999999999998,-0.177,-1.0071999999999994,-1.0,0.0,-1.0,-1.0,1.0,0.0,0.0,1.0,1.0,0.0,1.0,1.0
0.4443999999999999,-0.6929999999999994,0.7051000000000001,0.5884999999999998,-0.177,1.6834999999999998,-1.0,0.0,-1.0,-1.0,1.0,0.0,0.0,1.0,1.0,0.0,1.0,1.0
0.4443999999999999,-0.6929999999999994,0.7051000000000001,0.5884999999999998,-0.177,1.0473,-1.0,0.0,-1.0,-1.0,1.0,0.0,0.0,1.0,1.0,0.0,1.0,1.0
0.4443999999999999,-0.6929999999999994,0.7051000000000001,0.5884999999999998,-0.177,1.1055999999999997,-1.0,0.0,-1.0,-1.0,1.0,0.0,0.0,1.0,1.0,0.0,1.0,1.0
0.4443999999999999,-0.6929999999999994,0.7051000000000001,0.5884999999999998,-0.177,0.0706,-1.0,0.0,-1.0,-1.0,1.0,0.0,0.0,1.0,1.0,0.0,1.0,1.0
0.4443999999999999,-0.6929999999999994,0.7051000000000001,0.5884999999999998,-0.177,0.3166,-1.0,0.0,-1.0,-1.0,1.0,0.0,0.0,1.0,1.0,0.0,1.0,1.0
0.4443999999999999,-0.3211000000000002,0.0689999999999996,0.4443999999999999,-0.177,0.9017,-1.0,1.0,-1.0,-1.0,1.0,-1.0,0.0,1.0,1.0,0.0,1.0,1.0
0.4443999999999999,-0.3211000000000002,0.0689999999999996,0.4443999999999999,-0.177,0.6072999999999997,-1.0,1.0,-1.0,-1.0,1.0,-1.0,0.0,1.0,1.0,0.0,1.0,1.0
0.4443999999999999,-0.3211000000000002,1.6294,1.3687,-0.177,0.9017,-1.0,1.0,-1.0,-1.0,1.0,-1.0,0.0,1.0,1.0,0.0,1.0,1.0
0.4443999999999999,-0.3211000000000002,-0.3211000000000002,0.4443999999999999,-0.177,-0.3211000000000002,-1.0,1.0,-1.0,-1.0,1.0,-1.0,0.0,1.0,1.0,0.0,1.0,1.0
0.4443999999999999,-0.3211000000000002,-0.3211000000000002,0.4443999999999999,-0.177,0.9017,-1.0,1.0,-1.0,-1.0,1.0,-1.0,0.0,1.0,1.0,0.0,1.0,1.0
0.4443999999999999,-0.3211000000000002,-0.3211000000000002,0.4443999999999999,-0.177,0.6072999999999997,-1.0,1.0,-1.0,-1.0,1.0,-1.0,0.0,1.0,1.0,0.0,1.0,1.0
0.4443999999999999,-0.3211000000000002,0.7051000000000001,0.4443999999999999,-0.3211000000000002,0.9017,-1.0,1.0,-1.0,-1.0,1.0,-1.0,0.0,1.0,1.0,0.0,1.0,1.0
0.4443999999999999,-0.3211000000000002,0.7051000000000001,0.4443999999999999,-0.177,0.9017,-1.0,1.0,-1.0,-1.0,1.0,-1.0,0.0,1.0,1.0,0.0,1.0,1.0
0.4443999999999999,-0.3211000000000002,0.7051000000000001,0.4443999999999999,-0.177,0.6072999999999997,-1.0,1.0,-1.0,-1.0,1.0,-1.0,0.0,1.0,1.0,0.0,1.0,1.0
0.4443999999999999,0.0689999999999996,0.0689999999999996,0.4443999999999999,-0.177,0.9017,-1.0,1.0,-1.0,-1.0,1.0,-1.0,0.0,1.0,1.0,0.0,1.0,1.0
0.4443999999999999,0.0689999999999996,0.0689999999999996,0.4443999999999999,-0.177,0.6072999999999997,-1.0,1.0,-1.0,-1.0,1.0,-1.0,0.0,1.0,1.0,0.0,1.0,1.0
0.4443999999999999,0.0689999999999996,1.6294,1.3687,-0.177,0.9017,-1.0,1.0,-1.0,-1.0,1.0,-1.0,0.0,1.0,1.0,0.0,1.0,1.0
0.4443999999999999,0.0689999999999996,1.6294,1.3687,-0.177,0.6072999999999997,-1.0,1.0,-1.0,-1.0,1.0,-1.0,0.0,1.0,1.0,0.0,1.0,1.0
0.4443999999999999,0.0689999999999996,-0.3211000000000002,0.4443999999999999,-0.177,-0.3211000000000002,-1.0,1.0,-1.0,-1.0,1.0,-1.0,0.0,1.0,1.0,0.0,1.0,1.0
0.4443999999999999,0.0689999999999996,0.7051000000000001,0.4443999999999999,-0.177,1.6294,-1.0,1.0,-1.0,-1.0,1.0,-1.0,0.0,1.0,1.0,0.0,1.0,1.0
0.4443999999999999,0.0689999999999996,0.7051000000000001,0.4443999999999999,-0.177,0.9017,-1.0,1.0,-1.0,-1.0,1.0,-1.0,0.0,1.0,1.0,0.0,1.0,1.0
0.4443999999999999,0.0689999999999996,0.7051000000000001,0.4443999999999999,-0.177,0.6072999999999997,-1.0,1.0,-1.0,-1.0,1.0,-1.0,0.0,1.0,1.0,0.0,1.0,1.0
0.4443999999999999,0.9017,0.7051000000000001,0.4443999999999999,-0.177,0.6072999999999997,-1.0,1.0,-1.0,-1.0,1.0,-1.0,0.0,1.0,1.0,0.0,1.0,1.0
0.4443999999999999,0.7051000000000001,0.4443999999999999,0.4443999999999999,-0.177,0.3466,-1.0,1.0,-1.0,-1.0,1.0,-1.0,0.0,1.0,0.0,0.0,1.0,0.0
0.4443999999999999,0.7051000000000001,0.4443999999999999,0.4443999999999999,-0.177,0.6072999999999997,-1.0,1.0,-1.0,-1.0,1.0,-1.0,0.0,1.0,0.0,0.0,1.0,1.0
0.4443999999999999,0.7051000000000001,1.6294,1.3687,-0.177,0.9017,-1.0,1.0,-1.0,-1.0,1.0,-1.0,0.0,1.0,1.0,0.0,1.0,1.0
0.4443999999999999,0.7051000000000001,1.6294,1.3687,-0.177,0.6072999999999997,-1.0,1.0,-1.0,-1.0,1.0,-1.0,0.0,1.0,1.0,0.0,1.0,1.0
0.4443999999999999,0.7051000000000001,1.6294,0.4443999999999999,-0.177,0.9017,-1.0,1.0,-1.0,-1.0,1.0,-1.0,0.0,1.0,1.0,0.0,1.0,1.0
0.4443999999999999,0.7051000000000001,1.6294,0.4443999999999999,-0.177,0.6072999999999997,-1.0,1.0,-1.0,-1.0,1.0,-1.0,0.0,1.0,1.0,0.0,1.0,1.0
0.4443999999999999,0.7051000000000001,0.3166,0.4443999999999999,-0.177,0.5663999999999996,-1.0,1.0,0.0,-1.0,1.0,0.0,0.0,1.0,1.0,0.0,1.0,1.0
0.4443999999999999,0.7051000000000001,0.3166,0.4443999999999999,-0.177,0.6072999999999997,-1.0,1.0,0.0,-1.0,1.0,-1.0,0.0,1.0,1.0,0.0,1.0,1.0
0.4443999999999999,0.7051000000000001,-0.3211000000000002,0.4443999999999999,-0.177,-0.3211000000000002,-1.0,1.0,-1.0,-1.0,1.0,-1.0,0.0,1.0,1.0,0.0,1.0,1.0
0.4443999999999999,0.7051000000000001,-0.3211000000000002,0.4443999999999999,-0.177,0.9017,-1.0,1.0,-1.0,-1.0,1.0,-1.0,0.0,1.0,1.0,0.0,1.0,1.0
0.4443999999999999,0.7051000000000001,-0.3211000000000002,0.4443999999999999,-0.177,0.6072999999999997,-1.0,1.0,-1.0,-1.0,1.0,-1.0,0.0,1.0,1.0,0.0,1.0,1.0
0.4443999999999999,0.7051000000000001,0.7051000000000001,-0.5817999999999999,-0.177,0.9017,-1.0,1.0,-1.0,-1.0,1.0,-1.0,0.0,1.0,1.0,0.0,1.0,1.0
0.4443999999999999,0.7051000000000001,0.7051000000000001,0.4443999999999999,-0.3211000000000002,0.9017,-1.0,1.0,-1.0,-1.0,1.0,-1.0,0.0,1.0,1.0,0.0,1.0,1.0
0.4443999999999999,0.7051000000000001,0.7051000000000001,0.4443999999999999,0.7051000000000001,0.6072999999999997,-1.0,1.0,-1.0,-1.0,1.0,-1.0,0.0,1.0,1.0,0.0,1.0,1.0
0.4443999999999999,0.7051000000000001,0.7051000000000001,0.4443999999999999,-0.177,0.2557999999999996,-1.0,1.0,-1.0,-1.0,1.0,0.0,0.0,1.0,1.0,0.0,1.0,1.0
0.4443999999999999,0.7051000000000001,0.7051000000000001,0.4443999999999999,-0.177,0.5663999999999996,-1.0,1.0,-1.0,-1.0,1.0,0.0,0.0,1.0,1.0,0.0,1.0,1.0
0.4443999999999999,0.7051000000000001,0.7051000000000001,0.4443999999999999,-0.177,1.6294,-1.0,1.0,-1.0,-1.0,1.0,-1.0,0.0,1.0,1.0,0.0,1.0,1.0
0.4443999999999999,0.7051000000000001,0.7051000000000001,0.4443999999999999,-0.177,1.8795999999999995,-1.0,1.0,-1.0,-1.0,1.0,0.0,0.0,1.0,1.0,0.0,1.0,1.0
0.4443999999999999,0.7051000000000001,0.7051000000000001,0.4443999999999999,-0.177,-1.0496999999999996,-1.0,1.0,-1.0,-1.0,1.0,0.0,0.0,1.0,1.0,0.0,1.0,1.0
0.4443999999999999,0.7051000000000001,0.7051000000000001,0.4443999999999999,-0.177,0.4757,-1.0,1.0,-1.0,-1.0,1.0,0.0,0.0,1.0,1.0,0.0,1.0,1.0
0.4443999999999999,0.7051000000000001,0.7051000000000001,0.4443999999999999,-0.177,0.3466,-1.0,1.0,-1.0,-1.0,1.0,-1.0,0.0,1.0,1.0,0.0,1.0,0.0
0.4443999999999999,0.7051000000000001,0.7051000000000001,0.4443999999999999,-0.177,-0.3211000000000002,-1.0,1.0,-1.0,-1.0,1.0,-1.0,0.0,1.0,1.0,0.0,1.0,1.0
0.4443999999999999,0.7051000000000001,0.7051000000000001,0.4443999999999999,-0.177,0.9017,-1.0,1.0,-1.0,-1.0,1.0,-1.0,0.0,1.0,1.0,0.0,1.0,1.0
0.4443999999999999,0.7051000000000001,0.7051000000000001,0.4443999999999999,-0.177,0.6072999999999997,-1.0,1.0,-1.0,-1.0,1.0,-1.0,0.0,1.0,1.0,0.0,1.0,1.0
0.4443999999999999,0.7051000000000001,0.7051000000000001,-1.6093999999999995,-0.177,0.6072999999999997,-1.0,1.0,-1.0,-1.0,1.0,-1.0,0.0,1.0,1.0,0.0,1.0,1.0
0.4443999999999999,0.7051000000000001,-1.3486999999999996,0.4443999999999999,-0.177,0.6072999999999997,-1.0,1.0,-1.0,-1.0,1.0,-1.0,0.0,1.0,1.0,0.0,1.0,1.0
0.4443999999999999,0.4591,1.6294,1.3687,-0.177,0.9017,-1.0,1.0,-1.0,-1.0,1.0,-1.0,0.0,1.0,1.0,0.0,1.0,1.0
0.4443999999999999,0.4591,1.6294,1.3687,-0.177,0.6072999999999997,-1.0,1.0,-1.0,-1.0,1.0,-1.0,0.0,1.0,1.0,0.0,1.0,1.0
0.4443999999999999,0.4591,-0.3211000000000002,0.4443999999999999,-0.177,-0.3211000000000002,-1.0,1.0,-1.0,-1.0,1.0,-1.0,0.0,1.0,1.0,0.0,1.0,1.0
0.4443999999999999,0.0871999999999999,0.7051000000000001,0.5884999999999998,-0.177,1.5141999999999995,-1.0,0.0,-1.0,-1.0,1.0,0.0,0.0,1.0,1.0,0.0,1.0,1.0
0.4443999999999999,0.0871999999999999,0.7051000000000001,0.5884999999999998,-0.177,-0.3194999999999999,-1.0,0.0,-1.0,-1.0,1.0,0.0,0.0,1.0,1.0,0.0,1.0,1.0
0.4443999999999999,0.0871999999999999,0.7051000000000001,0.5884999999999998,-0.177,0.5894999999999995,-1.0,0.0,-1.0,-1.0,1.0,0.0,0.0,1.0,1.0,0.0,1.0,1.0
0.4443999999999999,0.0871999999999999,0.7051000000000001,0.5884999999999998,-0.177,0.4757,-1.0,0.0,-1.0,-1.0,1.0,0.0,0.0,1.0,1.0,0.0,1.0,1.0
0.4443999999999999,0.0871999999999999,0.7051000000000001,0.5884999999999998,-0.177,-1.0071999999999994,-1.0,0.0,-1.0,-1.0,1.0,0.0,0.0,1.0,1.0,0.0,1.0,1.0
0.4443999999999999,0.0871999999999999,0.7051000000000001,0.5884999999999998,-0.177,1.6834999999999998,-1.0,0.0,-1.0,-1.0,1.0,0.0,0.0,1.0,1.0,0.0,1.0,1.0
0.4443999999999999,0.0871999999999999,0.7051000000000001,0.5884999999999998,-0.177,1.0473,-1.0,0.0,-1.0,-1.0,1.0,0.0,0.0,1.0,1.0,0.0,1.0,1.0
0.4443999999999999,0.0871999999999999,0.7051000000000001,0.5884999999999998,-0.177,1.1055999999999997,-1.0,0.0,-1.0,-1.0,1.0,0.0,0.0,1.0,1.0,0.0,1.0,1.0
0.4443999999999999,0.0871999999999999,0.7051000000000001,0.5884999999999998,-0.177,0.0706,-1.0,0.0,-1.0,-1.0,1.0,0.0,0.0,1.0,1.0,0.0,1.0,1.0
0.4443999999999999,0.0871999999999999,0.7051000000000001,0.5884999999999998,-0.177,0.3166,-1.0,0.0,-1.0,-1.0,1.0,0.0,0.0,1.0,1.0,0.0,1.0,1.0
0.4443999999999999,0.7395999999999998,0.7051000000000001,0.5884999999999998,-0.177,1.5141999999999995,-1.0,0.0,-1.0,-1.0,1.0,0.0,0.0,1.0,1.0,0.0,1.0,1.0
0.4443999999999999,0.7395999999999998,0.7051000000000001,0.5884999999999998,-0.177,-0.3194999999999999,-1.0,0.0,-1.0,-1.0,1.0,0.0,0.0,1.0,1.0,0.0,1.0,1.0
0.4443999999999999,0.7395999999999998,0.7051000000000001,0.5884999999999998,-0.177,0.5894999999999995,-1.0,0.0,-1.0,-1.0,1.0,0.0,0.0,1.0,1.0,0.0,1.0,1.0
0.4443999999999999,0.7395999999999998,0.7051000000000001,0.5884999999999998,-0.177,0.4757,-1.0,0.0,-1.0,-1.0,1.0,0.0,0.0,1.0,1.0,0.0,1.0,1.0
0.4443999999999999,0.7395999999999998,0.7051000000000001,0.5884999999999998,-0.177,-1.0071999999999994,-1.0,0.0,-1.0,-1.0,1.0,0.0,0.0,1.0,1.0,0.0,1.0,1.0
0.4443999999999999,0.7395999999999998,0.7051000000000001,0.5884999999999998,-0.177,1.6834999999999998,-1.0,0.0,-1.0,-1.0,1.0,0.0,0.0,1.0,1.0,0.0,1.0,1.0
0.4443999999999999,0.7395999999999998,0.7051000000000001,0.5884999999999998,-0.177,1.0473,-1.0,0.0,-1.0,-1.0,1.0,0.0,0.0,1.0,1.0,0.0,1.0,1.0
0.4443999999999999,0.7395999999999998,0.7051000000000001,0.5884999999999998,-0.177,1.1055999999999997,-1.0,0.0,-1.0,-1.0,1.0,0.0,0.0,1.0,1.0,0.0,1.0,1.0
0.4443999999999999,0.7395999999999998,0.7051000000000001,0.5884999999999998,-0.177,0.0706,-1.0,0.0,-1.0,-1.0,1.0,0.0,0.0,1.0,1.0,0.0,1.0,1.0
0.4443999999999999,0.7395999999999998,0.7051000000000001,0.5884999999999998,-0.177,0.3166,-1.0,0.0,-1.0,-1.0,1.0,0.0,0.0,1.0,1.0,0.0,1.0,1.0
0.4443999999999999,0.0269,0.7051000000000001,0.5884999999999998,-0.177,1.5141999999999995,-1.0,0.0,-1.0,-1.0,1.0,0.0,0.0,1.0,1.0,0.0,1.0,1.0
0.4443999999999999,0.0269,0.7051000000000001,0.5884999999999998,-0.177,-0.3194999999999999,-1.0,0.0,-1.0,-1.0,1.0,0.0,0.0,1.0,1.0,0.0,1.0,1.0
0.4443999999999999,0.0269,0.7051000000000001,0.5884999999999998,-0.177,0.5894999999999995,-1.0,0.0,-1.0,-1.0,1.0,0.0,0.0,1.0,1.0,0.0,1.0,1.0
0.4443999999999999,0.0269,0.7051000000000001,0.5884999999999998,-0.177,0.4757,-1.0,0.0,-1.0,-1.0,1.0,0.0,0.0,1.0,1.0,0.0,1.0,1.0
0.4443999999999999,0.0269,0.7051000000000001,0.5884999999999998,-0.177,-1.0071999999999994,-1.0,0.0,-1.0,-1.0,1.0,0.0,0.0,1.0,1.0,0.0,1.0,1.0
0.4443999999999999,0.0269,0.7051000000000001,0.5884999999999998,-0.177,1.6834999999999998,-1.0,0.0,-1.0,-1.0,1.0,0.0,0.0,1.0,1.0,0.0,1.0,1.0
0.4443999999999999,0.0269,0.7051000000000001,0.5884999999999998,-0.177,1.0473,-1.0,0.0,-1.0,-1.0,1.0,0.0,0.0,1.0,1.0,0.0,1.0,1.0
0.4443999999999999,0.0269,0.7051000000000001,0.5884999999999998,-0.177,1.1055999999999997,-1.0,0.0,-1.0,-1.0,1.0,0.0,0.0,1.0,1.0,0.0,1.0,1.0
0.4443999999999999,0.0269,0.7051000000000001,0.5884999999999998,-0.177,0.0706,-1.0,0.0,-1.0,-1.0,1.0,0.0,0.0,1.0,1.0,0.0,1.0,1.0
0.4443999999999999,0.0269,0.7051000000000001,0.5884999999999998,-0.177,0.3166,-1.0,0.0,-1.0,-1.0,1.0,0.0,0.0,1.0,1.0,0.0,1.0,1.0
0.4443999999999999,-0.3269000000000002,0.7051000000000001,0.5884999999999998,-0.177,1.5141999999999995,-1.0,0.0,-1.0,-1.0,1.0,0.0,0.0,1.0,1.0,0.0,1.0,1.0
0.4443999999999999,-0.3269000000000002,0.7051000000000001,0.5884999999999998,-0.177,-0.3194999999999999,-1.0,0.0,-1.0,-1.0,1.0,0.0,0.0,1.0,1.0,0.0,1.0,1.0
0.4443999999999999,-0.3269000000000002,0.7051000000000001,0.5884999999999998,-0.177,0.5894999999999995,-1.0,0.0,-1.0,-1.0,1.0,0.0,0.0,1.0,1.0,0.0,1.0,1.0
0.4443999999999999,-0.3269000000000002,0.7051000000000001,0.5884999999999998,-0.177,0.4757,-1.0,0.0,-1.0,-1.0,1.0,0.0,0.0,1.0,1.0,0.0,1.0,1.0
0.4443999999999999,-0.3269000000000002,0.7051000000000001,0.5884999999999998,-0.177,-1.0071999999999994,-1.0,0.0,-1.0,-1.0,1.0,0.0,0.0,1.0,1.0,0.0,1.0,1.0
0.4443999999999999,-0.3269000000000002,0.7051000000000001,0.5884999999999998,-0.177,1.6834999999999998,-1.0,0.0,-1.0,-1.0,1.0,0.0,0.0,1.0,1.0,0.0,1.0,1.0
0.4443999999999999,-0.3269000000000002,0.7051000000000001,0.5884999999999998,-0.177,1.0473,-1.0,0.0,-1.0,-1.0,1.0,0.0,0.0,1.0,1.0,0.0,1.0,1.0
0.4443999999999999,-0.3269000000000002,0.7051000000000001,0.5884999999999998,-0.177,1.1055999999999997,-1.0,0.0,-1.0,-1.0,1.0,0.0,0.0,1.0,1.0,0.0,1.0,1.0
0.4443999999999999,-0.3269000000000002,0.7051000000000001,0.5884999999999998,-0.177,0.0706,-1.0,0.0,-1.0,-1.0,1.0,0.0,0.0,1.0,1.0,0.0,1.0,1.0
0.4443999999999999,-0.3269000000000002,0.7051000000000001,0.5884999999999998,-0.177,0.3166,-1.0,0.0,-1.0,-1.0,1.0,0.0,0.0,1.0,1.0,0.0,1.0,1.0
0.4443999999999999,1.2934,0.7051000000000001,0.5884999999999998,-0.177,1.5141999999999995,-1.0,0.0,-1.0,-1.0,1.0,0.0,0.0,1.0,1.0,0.0,1.0,1.0
0.4443999999999999,1.2934,0.7051000000000001,0.5884999999999998,-0.177,-0.3194999999999999,-1.0,0.0,-1.0,-1.0,1.0,0.0,0.0,1.0,1.0,0.0,1.0,1.0
0.4443999999999999,1.2934,0.7051000000000001,0.5884999999999998,-0.177,0.5894999999999995,-1.0,0.0,-1.0,-1.0,1.0,0.0,0.0,1.0,1.0,0.0,1.0,1.0
0.4443999999999999,1.2934,0.7051000000000001,0.5884999999999998,-0.177,0.4757,-1.0,0.0,-1.0,-1.0,1.0,0.0,0.0,1.0,1.0,0.0,1.0,1.0
0.4443999999999999,1.2934,0.7051000000000001,0.5884999999999998,-0.177,-1.0071999999999994,-1.0,0.0,-1.0,-1.0,1.0,0.0,0.0,1.0,1.0,0.0,1.0,1.0
0.4443999999999999,1.2934,0.7051000000000001,0.5884999999999998,-0.177,1.0473,-1.0,0.0,-1.0,-1.0,1.0,0.0,0.0,1.0,1.0,0.0,1.0,1.0
0.4443999999999999,1.2934,0.7051000000000001,0.5884999999999998,-0.177,1.1055999999999997,-1.0,0.0,-1.0,-1.0,1.0,0.0,0.0,1.0,1.0,0.0,1.0,1.0
0.4443999999999999,1.2934,0.7051000000000001,0.5884999999999998,-0.177,0.0706,-1.0,0.0,-1.0,-1.0,1.0,0.0,0.0,1.0,1.0,0.0,1.0,1.0
0.4443999999999999,1.2934,0.7051000000000001,0.5884999999999998,-0.177,0.3166,-1.0,0.0,-1.0,-1.0,1.0,0.0,0.0,1.0,1.0,0.0,1.0,1.0
0.4443999999999999,1.2408999999999997,0.7051000000000001,0.5884999999999998,-0.177,1.5141999999999995,-1.0,0.0,-1.0,-1.0,1.0,0.0,0.0,1.0,1.0,0.0,1.0,1.0
0.4443999999999999,1.2408999999999997,0.7051000000000001,0.5884999999999998,-0.177,-0.3194999999999999,-1.0,0.0,-1.0,-1.0,1.0,0.0,0.0,1.0,1.0,0.0,1.0,1.0
0.4443999999999999,1.2408999999999997,0.7051000000000001,0.5884999999999998,-0.177,0.5894999999999995,-1.0,0.0,-1.0,-1.0,1.0,0.0,0.0,1.0,1.0,0.0,1.0,1.0
0.4443999999999999,1.2408999999999997,0.7051000000000001,0.5884999999999998,-0.177,0.4757,-1.0,0.0,-1.0,-1.0,1.0,0.0,0.0,1.0,1.0,0.0,1.0,1.0
0.4443999999999999,1.2408999999999997,0.7051000000000001,0.5884999999999998,-0.177,-1.0071999999999994,-1.0,0.0,-1.0,-1.0,1.0,0.0,0.0,1.0,1.0,0.0,1.0,1.0
0.4443999999999999,1.2408999999999997,0.7051000000000001,0.5884999999999998,-0.177,1.6834999999999998,-1.0,0.0,-1.0,-1.0,1.0,0.0,0.0,1.0,1.0,0.0,1.0,1.0
0.4443999999999999,1.2408999999999997,0.7051000000000001,0.5884999999999998,-0.177,1.0473,-1.0,0.0,-1.0,-1.0,1.0,0.0,0.0,1.0,1.0,0.0,1.0,1.0
0.4443999999999999,1.2408999999999997,0.7051000000000001,0.5884999999999998,-0.177,1.1055999999999997,-1.0,0.0,-1.0,-1.0,1.0,0.0,0.0,1.0,1.0,0.0,1.0,1.0
0.4443999999999999,1.2408999999999997,0.7051000000000001,0.5884999999999998,-0.177,0.0706,-1.0,0.0,-1.0,-1.0,1.0,0.0,0.0,1.0,1.0,0.0,1.0,1.0
0.4443999999999999,1.2408999999999997,0.7051000000000001,0.5884999999999998,-0.177,0.3166,-1.0,0.0,-1.0,-1.0,1.0,0.0,0.0,1.0,1.0,0.0,1.0,1.0
0.4443999999999999,-0.5817999999999999,-0.5817999999999999,0.4443999999999999,-0.177,0.641,-1.0,1.0,-1.0,-1.0,1.0,-1.0,0.0,0.0,0.0,0.0,1.0,0.0
0.4443999999999999,-0.5817999999999999,1.3687,1.3687,-0.177,0.641,-1.0,1.0,-1.0,-1.0,1.0,-1.0,0.0,0.0,0.0,0.0,1.0,0.0
0.4443999999999999,-0.5817999999999999,1.3687,1.3687,-0.177,0.3466,-1.0,1.0,-1.0,-1.0,1.0,-1.0,0.0,0.0,0.0,0.0,1.0,0.0
0.4443999999999999,-0.5817999999999999,0.4443999999999999,0.4443999999999999,-0.177,0.3466,-1.0,1.0,-1.0,-1.0,1.0,-1.0,0.0,0.0,0.0,0.0,1.0,0.0
0.4443999999999999,-0.1916999999999999,-0.5817999999999999,0.4443999999999999,-0.177,0.641,-1.0,1.0,-1.0,-1.0,1.0,-1.0,0.0,0.0,0.0,0.0,1.0,0.0
0.4443999999999999,-0.1916999999999999,-0.1916999999999999,0.4443999999999999,-0.177,0.641,-1.0,1.0,-1.0,-1.0,1.0,-1.0,0.0,0.0,0.0,0.0,1.0,0.0
0.4443999999999999,-0.1916999999999999,1.3687,1.3687,-0.177,0.641,-1.0,1.0,-1.0,-1.0,1.0,-1.0,0.0,0.0,0.0,0.0,1.0,0.0
0.4443999999999999,-0.1916999999999999,1.3687,1.3687,-0.177,0.3466,-1.0,1.0,-1.0,-1.0,1.0,-1.0,0.0,0.0,0.0,0.0,1.0,0.0
0.4443999999999999,-0.1916999999999999,0.4443999999999999,0.4443999999999999,-0.177,0.3466,-1.0,1.0,-1.0,-1.0,1.0,-1.0,0.0,0.0,0.0,0.0,1.0,0.0
0.4443999999999999,0.641,-0.177,0.641,0.4443999999999999,0.4443999999999999,-1.0,1.0,-1.0,-1.0,1.0,-1.0,0.0,0.0,1.0,0.0,0.0,0.0
0.4443999999999999,0.641,-0.177,0.641,0.4443999999999999,0.4443999999999999,-1.0,1.0,-1.0,-1.0,1.0,-1.0,0.0,0.0,1.0,0.0,0.0,0.0
0.4443999999999999,0.641,-0.177,0.4443999999999999,0.4443999999999999,0.4443999999999999,-1.0,1.0,-1.0,-1.0,1.0,-1.0,0.0,0.0,1.0,0.0,0.0,0.0
0.4443999999999999,0.641,-0.177,0.641,0.4443999999999999,0.4443999999999999,-1.0,1.0,1.0,-1.0,1.0,-1.0,0.0,0.0,1.0,0.0,0.0,0.0
0.4443999999999999,0.641,-0.177,0.641,0.4443999999999999,0.4443999999999999,-1.0,1.0,1.0,-1.0,1.0,-1.0,0.0,0.0,1.0,0.0,0.0,0.0
0.4443999999999999,0.641,-0.177,0.4443999999999999,0.4443999999999999,0.4443999999999999,-1.0,1.0,1.0,-1.0,1.0,-1.0,0.0,0.0,1.0,0.0,0.0,0.0
0.4443999999999999,0.4443999999999999,-0.1916999999999999,0.4443999999999999,-0.177,0.641,-1.0,1.0,-1.0,-1.0,1.0,-1.0,0.0,0.0,0.0,0.0,1.0,0.0
0.4443999999999999,0.4443999999999999,1.3687,1.3687,-0.177,0.641,-1.0,1.0,-1.0,-1.0,1.0,-1.0,0.0,0.0,0.0,0.0,1.0,0.0
0.4443999999999999,0.4443999999999999,1.3687,1.3687,-0.177,0.3466,-1.0,1.0,-1.0,-1.0,1.0,-1.0,0.0,0.0,0.0,0.0,1.0,0.0
0.4443999999999999,0.4443999999999999,1.3687,0.4443999999999999,-0.177,0.641,-1.0,1.0,-1.0,-1.0,1.0,-1.0,0.0,0.0,0.0,0.0,1.0,0.0
0.4443999999999999,0.4443999999999999,1.3687,0.4443999999999999,-0.177,0.3466,-1.0,1.0,-1.0,-1.0,1.0,-1.0,0.0,0.0,0.0,0.0,1.0,0.0
0.4443999999999999,0.4443999999999999,0.4443999999999999,0.4443999999999999,-0.177,0.3802000000000001,-1.0,1.0,-1.0,-1.0,1.0,-1.0,0.0,0.0,0.0,0.0,1.0,1.0
0.4443999999999999,0.4443999999999999,0.4443999999999999,0.4443999999999999,-0.177,1.1223,-1.0,1.0,-1.0,-1.0,1.0,-1.0,0.0,0.0,0.0,0.0,1.0,0.0
0.4443999999999999,0.4443999999999999,0.4443999999999999,0.4443999999999999,-0.177,0.641,-1.0,1.0,-1.0,-1.0,1.0,-1.0,0.0,0.0,0.0,0.0,1.0,0.0
0.4443999999999999,0.4443999999999999,0.4443999999999999,0.4443999999999999,-0.177,0.3466,-1.0,1.0,-1.0,-1.0,1.0,-1.0,0.0,0.0,0.0,0.0,1.0,0.0
0.4443999999999999,0.4443999999999999,0.4443999999999999,0.4443999999999999,-0.177,0.6072999999999997,-1.0,1.0,-1.0,-1.0,1.0,-1.0,0.0,0.0,0.0,0.0,1.0,1.0
0.4443999999999999,0.4443999999999999,0.4443999999999999,0.4443999999999999,-0.177,0.3466,-1.0,1.0,-1.0,1.0,1.0,-1.0,0.0,0.0,0.0,0.0,1.0,0.0
0.4443999999999999,0.4443999999999999,0.4443999999999999,0.4443999999999999,-0.177,1.1223,-1.0,1.0,1.0,1.0,-1.0,-1.0,0.0,0.0,0.0,0.0,1.0,0.0
0.4443999999999999,0.4443999999999999,0.4443999999999999,0.4443999999999999,-0.177,0.3466,-1.0,1.0,1.0,1.0,-1.0,-1.0,0.0,0.0,0.0,0.0,1.0,0.0
0.4443999999999999,0.4443999999999999,0.7051000000000001,0.4443999999999999,-0.177,0.3466,-1.0,1.0,-1.0,-1.0,1.0,-1.0,0.0,0.0,1.0,0.0,1.0,0.0
0.4443999999999999,0.4443999999999999,0.7051000000000001,0.4443999999999999,-0.177,0.6072999999999997,-1.0,1.0,-1.0,-1.0,1.0,-1.0,0.0,0.0,1.0,0.0,1.0,1.0
0.4443999999999999,0.1983999999999999,1.3687,1.3687,-0.177,0.641,-1.0,1.0,-1.0,-1.0,1.0,-1.0,0.0,0.0,0.0,0.0,1.0,0.0
0.4443999999999999,0.1983999999999999,1.3687,1.3687,-0.177,0.3466,-1.0,1.0,-1.0,-1.0,1.0,-1.0,0.0,0.0,0.0,0.0,1.0,0.0
0.4443999999999999,-0.177,0.7051000000000001,0.4443999999999999,-0.177,0.9017,-1.0,1.0,-1.0,-1.0,1.0,-1.0,0.0,1.0,1.0,0.0,1.0,1.0
0.4443999999999999,-0.177,0.7051000000000001,0.4443999999999999,-0.177,0.6072999999999997,-1.0,1.0,-1.0,-1.0,1.0,-1.0,0.0,1.0,1.0,0.0,1.0,1.0
0.4443999999999999,-0.177,0.6072999999999997,0.4443999999999999,0.7051000000000001,-0.6186999999999989,-1.0,1.0,-1.0,-1.0,1.0,-1.0,0.0,1.0,1.0,0.0,1.0,1.0
0.4443999999999999,-0.177,0.6072999999999997,0.4443999999999999,0.7051000000000001,1.6294,-1.0,1.0,-1.0,-1.0,1.0,-1.0,0.0,1.0,1.0,0.0,1.0,1.0
0.4443999999999999,-0.177,0.6072999999999997,0.4443999999999999,0.7051000000000001,0.0487000000000001,-1.0,1.0,-1.0,-1.0,1.0,-1.0,0.0,1.0,1.0,0.0,1.0,1.0
0.4443999999999999,-0.177,0.6072999999999997,0.4443999999999999,0.7051000000000001,0.5349999999999999,-1.0,1.0,-1.0,-1.0,1.0,-1.0,0.0,1.0,1.0,0.0,1.0,1.0
0.4443999999999999,-0.177,0.6072999999999997,0.4443999999999999,0.7051000000000001,0.0616,-1.0,1.0,-1.0,-1.0,1.0,-1.0,0.0,1.0,1.0,0.0,1.0,1.0
0.4443999999999999,-0.177,0.6072999999999997,0.4443999999999999,0.7051000000000001,-1.0920999999999987,-1.0,1.0,-1.0,-1.0,1.0,-1.0,0.0,1.0,1.0,0.0,1.0,1.0
0.4443999999999999,-0.177,0.6072999999999997,0.4443999999999999,0.7051000000000001,-0.3211000000000002,-1.0,1.0,-1.0,-1.0,1.0,-1.0,0.0,1.0,1.0,0.0,1.0,1.0
0.4443999999999999,-0.177,0.6072999999999997,0.4443999999999999,0.7051000000000001,-0.8662999999999996,-1.0,1.0,-1.0,-1.0,1.0,-1.0,0.0,1.0,1.0,0.0,1.0,1.0
0.4443999999999999,-0.177,0.6072999999999997,0.4443999999999999,0.7051000000000001,0.9017,-1.0,1.0,-1.0,-1.0,1.0,-1.0,0.0,1.0,1.0,0.0,1.0,1.0
0.4443999999999999,-0.177,0.6072999999999997,0.4443999999999999,0.7051000000000001,0.7051000000000001,-1.0,1.0,-1.0,-1.0,1.0,-1.0,0.0,1.0,1.0,0.0,1.0,1.0
0.4443999999999999,-0.177,0.6072999999999997,0.4443999999999999,0.7051000000000001,-0.212,-1.0,1.0,-1.0,-1.0,1.0,-1.0,0.0,1.0,1.0,0.0,1.0,1.0
0.4443999999999999,-0.177,0.6072999999999997,0.4443999999999999,0.7051000000000001,0.7051000000000001,-1.0,1.0,-1.0,-1.0,1.0,-1.0,0.0,1.0,1.0,0.0,1.0,1.0
0.4443999999999999,-0.177,0.6072999999999997,0.4443999999999999,0.7051000000000001,-1.3486999999999996,-1.0,1.0,-1.0,-1.0,1.0,-1.0,0.0,1.0,1.0,0.0,1.0,1.0
0.4443999999999999,-0.177,0.6072999999999997,0.4443999999999999,0.7051000000000001,-0.9601999999999996,-1.0,1.0,-1.0,-1.0,1.0,-1.0,0.0,1.0,1.0,0.0,1.0,1.0
0.4443999999999999,-0.177,0.6072999999999997,0.4443999999999999,0.7051000000000001,1.383,-1.0,1.0,-1.0,-1.0,1.0,-1.0,0.0,1.0,1.0,0.0,1.0,1.0
0.4443999999999999,-0.177,0.6072999999999997,0.4443999999999999,0.7051000000000001,0.6072999999999997,-1.0,1.0,-1.0,-1.0,1.0,-1.0,0.0,1.0,1.0,0.0,1.0,1.0
0.4443999999999999,0.3166,0.3166,0.4443999999999999,-0.177,0.5663999999999996,-1.0,0.0,0.0,-1.0,1.0,0.0,0.0,1.0,1.0,0.0,1.0,1.0
0.4443999999999999,0.3166,0.3166,0.4443999999999999,-0.177,0.6072999999999997,-1.0,0.0,0.0,-1.0,1.0,-1.0,0.0,1.0,1.0,0.0,1.0,1.0
0.4443999999999999,0.3166,0.7051000000000001,0.4443999999999999,-0.177,0.5663999999999996,-1.0,0.0,-1.0,-1.0,1.0,0.0,0.0,1.0,1.0,0.0,1.0,1.0
0.4443999999999999,0.3166,0.7051000000000001,0.4443999999999999,-0.177,0.6072999999999997,-1.0,0.0,-1.0,-1.0,1.0,-1.0,0.0,1.0,1.0,0.0,1.0,1.0
0.4443999999999999,0.8507999999999998,0.7051000000000001,0.5884999999999998,-0.177,1.5141999999999995,-1.0,0.0,-1.0,-1.0,1.0,0.0,0.0,1.0,1.0,0.0,1.0,1.0
0.4443999999999999,0.8507999999999998,0.7051000000000001,0.5884999999999998,-0.177,-0.3194999999999999,-1.0,0.0,-1.0,-1.0,1.0,0.0,0.0,1.0,1.0,0.0,1.0,1.0
0.4443999999999999,0.8507999999999998,0.7051000000000001,0.5884999999999998,-0.177,0.5894999999999995,-1.0,0.0,-1.0,-1.0,1.0,0.0,0.0,1.0,1.0,0.0,1.0,1.0
0.4443999999999999,0.8507999999999998,0.7051000000000001,0.5884999999999998,-0.177,0.4757,-1.0,0.0,-1.0,-1.0,1.0,0.0,0.0,1.0,1.0,0.0,1.0,1.0
0.4443999999999999,0.8507999999999998,0.7051000000000001,0.5884999999999998,-0.177,-1.0071999999999994,-1.0,0.0,-1.0,-1.0,1.0,0.0,0.0,1.0,1.0,0.0,1.0,1.0
0.4443999999999999,0.8507999999999998,0.7051000000000001,0.5884999999999998,-0.177,1.6834999999999998,-1.0,0.0,-1.0,-1.0,1.0,0.0,0.0,1.0,1.0,0.0,1.0,1.0
0.4443999999999999,0.8507999999999998,0.7051000000000001,0.5884999999999998,-0.177,1.0473,-1.0,0.0,-1.0,-1.0,1.0,0.0,0.0,1.0,1.0,0.0,1.0,1.0
0.4443999999999999,0.8507999999999998,0.7051000000000001,0.5884999999999998,-0.177,1.1055999999999997,-1.0,0.0,-1.0,-1.0,1.0,0.0,0.0,1.0,1.0,0.0,1.0,1.0
0.4443999999999999,0.8507999999999998,0.7051000000000001,0.5884999999999998,-0.177,0.0706,-1.0,0.0,-1.0,-1.0,1.0,0.0,0.0,1.0,1.0,0.0,1.0,1.0
0.4443999999999999,0.8507999999999998,0.7051000000000001,0.5884999999999998,-0.177,0.3166,-1.0,0.0,-1.0,-1.0,1.0,0.0,0.0,1.0,1.0,0.0,1.0,1.0
0.3581999999999996,0.0360000000000002,-0.177,1.2934,1.4212,0.9017,-1.0,-1.0,1.0,0.0,-1.0,1.0,1.0,0.0,1.0,1.0,0.0,1.0
0.3581999999999996,0.0360000000000002,-0.177,1.2934,1.4212,0.641,-1.0,-1.0,1.0,0.0,-1.0,1.0,1.0,0.0,1.0,1.0,0.0,0.0
-0.3211000000000002,-0.5817999999999999,-0.5817999999999999,-0.5817999999999999,-0.5817999999999999,-0.3211000000000002,1.0,-1.0,-1.0,-1.0,-1.0,-1.0,1.0,0.0,0.0,0.0,0.0,1.0
-0.3211000000000002,-0.5817999999999999,-0.5817999999999999,-0.5817999999999999,-0.3211000000000002,-0.5817999999999999,1.0,-1.0,-1.0,-1.0,-1.0,-1.0,1.0,0.0,0.0,0.0,1.0,0.0
-0.3211000000000002,0.8607999999999996,0.8607999999999996,-0.177,0.8607999999999996,0.641,1.0,0.0,0.0,-1.0,0.0,-1.0,1.0,1.0,1.0,1.0,1.0,0.0
-0.3211000000000002,0.8607999999999996,0.8607999999999996,-0.177,0.8607999999999996,0.641,1.0,0.0,0.0,1.0,0.0,-1.0,1.0,1.0,1.0,1.0,1.0,0.0
-0.3211000000000002,0.8607999999999996,0.4443999999999999,-0.177,0.4443999999999999,0.641,1.0,0.0,-1.0,-1.0,-1.0,-1.0,1.0,1.0,0.0,1.0,0.0,0.0
-0.3211000000000002,0.8607999999999996,0.4443999999999999,-0.177,0.4443999999999999,0.641,1.0,0.0,-1.0,1.0,-1.0,-1.0,1.0,1.0,0.0,1.0,0.0,0.0
-0.3211000000000002,0.8607999999999996,0.7051000000000001,-0.177,0.7051000000000001,0.641,1.0,0.0,1.0,-1.0,1.0,-1.0,1.0,1.0,1.0,1.0,1.0,0.0
-0.3211000000000002,0.8607999999999996,1.0310999999999997,-0.177,0.4443999999999999,0.641,1.0,0.0,0.0,-1.0,-1.0,-1.0,1.0,1.0,1.0,1.0,0.0,0.0
-0.3211000000000002,0.8607999999999996,1.0310999999999997,-0.177,0.4443999999999999,0.641,1.0,0.0,0.0,1.0,1.0,-1.0,1.0,1.0,1.0,1.0,0.0,0.0
-0.3211000000000002,0.8607999999999996,0.4443999999999999,-0.177,0.4443999999999999,0.641,1.0,0.0,1.0,-1.0,1.0,-1.0,1.0,1.0,0.0,1.0,0.0,0.0
-0.3211000000000002,0.8607999999999996,0.4443999999999999,-0.177,0.4443999999999999,0.641,1.0,0.0,1.0,1.0,1.0,-1.0,1.0,1.0,0.0,1.0,0.0,0.0
-0.3211000000000002,0.8607999999999996,0.7051000000000001,-0.177,0.7051000000000001,0.641,1.0,0.0,-1.0,-1.0,-1.0,-1.0,1.0,1.0,1.0,1.0,1.0,0.0
-0.3211000000000002,0.4443999999999999,0.8607999999999996,-0.177,0.8607999999999996,0.641,1.0,-1.0,0.0,-1.0,0.0,-1.0,1.0,0.0,1.0,1.0,1.0,0.0
-0.3211000000000002,0.4443999999999999,0.8607999999999996,-0.177,0.4443999999999999,0.641,1.0,-1.0,0.0,-1.0,-1.0,-1.0,1.0,0.0,1.0,1.0,0.0,0.0
-0.3211000000000002,0.4443999999999999,0.8607999999999996,-0.177,0.7051000000000001,0.641,1.0,-1.0,0.0,-1.0,1.0,-1.0,1.0,0.0,1.0,1.0,1.0,0.0
-0.3211000000000002,0.4443999999999999,0.8607999999999996,-0.177,0.7051000000000001,0.641,1.0,-1.0,0.0,-1.0,-1.0,-1.0,1.0,0.0,1.0,1.0,1.0,0.0
-0.3211000000000002,0.4443999999999999,0.8607999999999996,-0.177,0.8607999999999996,0.641,1.0,-1.0,0.0,1.0,0.0,-1.0,1.0,0.0,1.0,1.0,1.0,0.0
-0.3211000000000002,0.4443999999999999,0.8607999999999996,-0.177,0.4443999999999999,0.641,1.0,-1.0,0.0,1.0,-1.0,-1.0,1.0,0.0,1.0,1.0,0.0,0.0
-0.3211000000000002,0.4443999999999999,0.8607999999999996,-0.177,0.7051000000000001,0.641,1.0,-1.0,0.0,1.0,1.0,-1.0,1.0,0.0,1.0,1.0,1.0,0.0
-0.3211000000000002,0.4443999999999999,0.8607999999999996,-0.177,0.7051000000000001,0.641,1.0,-1.0,0.0,1.0,-1.0,-1.0,1.0,0.0,1.0,1.0,1.0,0.0
-0.3211000000000002,0.4443999999999999,0.4443999999999999,-0.177,0.8607999999999996,0.641,1.0,-1.0,-1.0,-1.0,0.0,-1.0,1.0,0.0,0.0,1.0,1.0,0.0
-0.3211000000000002,0.4443999999999999,0.4443999999999999,-0.177,0.4443999999999999,0.641,1.0,-1.0,-1.0,-1.0,-1.0,-1.0,1.0,0.0,0.0,1.0,0.0,0.0
-0.3211000000000002,0.4443999999999999,0.4443999999999999,-0.177,0.7051000000000001,0.641,1.0,-1.0,-1.0,-1.0,1.0,-1.0,1.0,0.0,0.0,1.0,1.0,0.0
-0.3211000000000002,0.4443999999999999,0.4443999999999999,-0.177,0.4443999999999999,0.641,1.0,-1.0,-1.0,-1.0,1.0,-1.0,1.0,0.0,0.0,1.0,0.0,0.0
-0.3211000000000002,0.4443999999999999,0.4443999999999999,-0.177,0.7051000000000001,0.641,1.0,-1.0,-1.0,-1.0,-1.0,-1.0,1.0,0.0,0.0,1.0,1.0,0.0
-0.3211000000000002,0.4443999999999999,0.4443999999999999,-0.177,0.4443999999999999,0.641,1.0,-1.0,-1.0,1.0,-1.0,-1.0,1.0,0.0,0.0,1.0,0.0,0.0
-0.3211000000000002,0.4443999999999999,0.4443999999999999,-0.177,0.7051000000000001,0.641,1.0,-1.0,-1.0,1.0,1.0,-1.0,1.0,0.0,0.0,1.0,1.0,0.0
-0.3211000000000002,0.4443999999999999,0.4443999999999999,-0.177,0.4443999999999999,0.641,1.0,-1.0,-1.0,1.0,1.0,-1.0,1.0,0.0,0.0,1.0,0.0,0.0
-0.3211000000000002,0.4443999999999999,0.4443999999999999,-0.177,0.7051000000000001,0.641,1.0,-1.0,-1.0,1.0,-1.0,-1.0,1.0,0.0,0.0,1.0,1.0,0.0
-0.3211000000000002,0.4443999999999999,0.7051000000000001,-0.177,0.8607999999999996,0.641,1.0,-1.0,1.0,-1.0,0.0,-1.0,1.0,0.0,1.0,1.0,1.0,0.0
-0.3211000000000002,0.4443999999999999,0.7051000000000001,-0.177,0.4443999999999999,0.641,1.0,-1.0,1.0,-1.0,-1.0,-1.0,1.0,0.0,1.0,1.0,0.0,0.0
-0.3211000000000002,0.4443999999999999,0.7051000000000001,-0.177,0.7051000000000001,0.641,1.0,-1.0,1.0,-1.0,1.0,-1.0,1.0,0.0,1.0,1.0,1.0,0.0
-0.3211000000000002,0.4443999999999999,0.7051000000000001,-0.177,0.4443999999999999,0.641,1.0,-1.0,1.0,-1.0,1.0,-1.0,1.0,0.0,1.0,1.0,0.0,0.0
-0.3211000000000002,0.4443999999999999,0.7051000000000001,-0.177,0.7051000000000001,0.641,1.0,-1.0,1.0,-1.0,-1.0,-1.0,1.0,0.0,1.0,1.0,1.0,0.0
-0.3211000000000002,0.4443999999999999,0.7051000000000001,-0.177,0.8607999999999996,0.641,1.0,-1.0,1.0,1.0,0.0,-1.0,1.0,0.0,1.0,1.0,1.0,0.0
-0.3211000000000002,0.4443999999999999,0.7051000000000001,-0.177,0.4443999999999999,0.641,1.0,-1.0,1.0,1.0,-1.0,-1.0,1.0,0.0,1.0,1.0,0.0,0.0
-0.3211000000000002,0.4443999999999999,0.7051000000000001,-0.177,0.7051000000000001,0.641,1.0,-1.0,1.0,1.0,1.0,-1.0,1.0,0.0,1.0,1.0,1.0,0.0
-0.3211000000000002,0.4443999999999999,0.7051000000000001,-0.177,0.4443999999999999,0.641,1.0,-1.0,1.0,1.0,1.0,-1.0,1.0,0.0,1.0,1.0,0.0,0.0
-0.3211000000000002,0.4443999999999999,0.7051000000000001,-0.177,0.7051000000000001,0.641,1.0,-1.0,1.0,1.0,-1.0,-1.0,1.0,0.0,1.0,1.0,1.0,0.0
-0.3211000000000002,0.4443999999999999,1.0310999999999997,-0.177,0.8607999999999996,0.641,1.0,-1.0,0.0,-1.0,0.0,-1.0,1.0,0.0,1.0,1.0,1.0,0.0
-0.3211000000000002,0.4443999999999999,1.0310999999999997,-0.177,0.4443999999999999,0.641,1.0,-1.0,0.0,-1.0,-1.0,-1.0,1.0,0.0,1.0,1.0,0.0,0.0
-0.3211000000000002,0.4443999999999999,1.0310999999999997,-0.177,0.4443999999999999,0.641,1.0,-1.0,0.0,1.0,-1.0,-1.0,1.0,0.0,1.0,1.0,0.0,0.0
-0.3211000000000002,0.4443999999999999,1.0310999999999997,-0.177,0.4443999999999999,0.641,1.0,-1.0,0.0,1.0,1.0,-1.0,1.0,0.0,1.0,1.0,0.0,0.0
-0.3211000000000002,0.4443999999999999,0.4443999999999999,-0.177,0.8607999999999996,0.641,1.0,-1.0,1.0,-1.0,0.0,-1.0,1.0,0.0,0.0,1.0,1.0,0.0
-0.3211000000000002,0.4443999999999999,0.4443999999999999,-0.177,0.4443999999999999,0.641,1.0,-1.0,1.0,-1.0,-1.0,-1.0,1.0,0.0,0.0,1.0,0.0,0.0
-0.3211000000000002,0.4443999999999999,0.4443999999999999,-0.177,0.7051000000000001,0.641,1.0,-1.0,1.0,-1.0,1.0,-1.0,1.0,0.0,0.0,1.0,1.0,0.0
-0.3211000000000002,0.4443999999999999,0.4443999999999999,-0.177,0.4443999999999999,0.641,1.0,-1.0,1.0,-1.0,1.0,-1.0,1.0,0.0,0.0,1.0,0.0,0.0
-0.3211000000000002,0.4443999999999999,0.4443999999999999,-0.177,0.7051000000000001,0.641,1.0,-1.0,1.0,-1.0,-1.0,-1.0,1.0,0.0,0.0,1.0,1.0,0.0
-0.3211000000000002,0.4443999999999999,0.4443999999999999,-0.177,0.8607999999999996,0.641,1.0,-1.0,1.0,1.0,0.0,-1.0,1.0,0.0,0.0,1.0,1.0,0.0
-0.3211000000000002,0.4443999999999999,0.4443999999999999,-0.177,0.4443999999999999,0.641,1.0,-1.0,1.0,1.0,-1.0,-1.0,1.0,0.0,0.0,1.0,0.0,0.0
-0.3211000000000002,0.4443999999999999,0.4443999999999999,-0.177,0.7051000000000001,0.641,1.0,-1.0,1.0,1.0,1.0,-1.0,1.0,0.0,0.0,1.0,1.0,0.0
-0.3211000000000002,0.4443999999999999,0.4443999999999999,-0.177,0.4443999999999999,0.641,1.0,-1.0,1.0,1.0,1.0,-1.0,1.0,0.0,0.0,1.0,0.0,0.0
-0.3211000000000002,0.4443999999999999,0.7051000000000001,-0.177,0.8607999999999996,0.641,1.0,-1.0,-1.0,-1.0,0.0,-1.0,1.0,0.0,1.0,1.0,1.0,0.0
-0.3211000000000002,0.4443999999999999,0.7051000000000001,-0.177,0.7051000000000001,0.641,1.0,-1.0,-1.0,-1.0,1.0,-1.0,1.0,0.0,1.0,1.0,1.0,0.0
-0.3211000000000002,0.4443999999999999,0.7051000000000001,-0.177,0.4443999999999999,0.641,1.0,-1.0,-1.0,-1.0,1.0,-1.0,1.0,0.0,1.0,1.0,0.0,0.0
-0.3211000000000002,0.4443999999999999,0.7051000000000001,-0.177,0.8607999999999996,0.641,1.0,-1.0,-1.0,1.0,0.0,-1.0,1.0,0.0,1.0,1.0,1.0,0.0
-0.3211000000000002,0.4443999999999999,0.7051000000000001,-0.177,0.4443999999999999,0.641,1.0,-1.0,-1.0,1.0,-1.0,-1.0,1.0,0.0,1.0,1.0,0.0,0.0
-0.3211000000000002,0.4443999999999999,0.7051000000000001,-0.177,0.7051000000000001,0.641,1.0,-1.0,-1.0,1.0,1.0,-1.0,1.0,0.0,1.0,1.0,1.0,0.0
-0.3211000000000002,0.4443999999999999,0.7051000000000001,-0.177,0.4443999999999999,0.641,1.0,-1.0,-1.0,1.0,1.0,-1.0,1.0,0.0,1.0,1.0,0.0,0.0
-0.3211000000000002,0.4443999999999999,0.7051000000000001,-0.177,0.7051000000000001,0.641,1.0,-1.0,-1.0,1.0,-1.0,-1.0,1.0,0.0,1.0,1.0,1.0,0.0
-0.3211000000000002,0.7051000000000001,0.8607999999999996,-0.177,0.8607999999999996,0.641,1.0,1.0,0.0,-1.0,0.0,-1.0,1.0,1.0,1.0,1.0,1.0,0.0
-0.3211000000000002,0.7051000000000001,0.8607999999999996,-0.177,0.7051000000000001,0.641,1.0,1.0,0.0,-1.0,1.0,-1.0,1.0,1.0,1.0,1.0,1.0,0.0
-0.3211000000000002,0.7051000000000001,0.8607999999999996,-0.177,0.4443999999999999,0.641,1.0,1.0,0.0,-1.0,1.0,-1.0,1.0,1.0,1.0,1.0,0.0,0.0
-0.3211000000000002,0.7051000000000001,0.8607999999999996,-0.177,0.8607999999999996,0.641,1.0,1.0,0.0,1.0,0.0,-1.0,1.0,1.0,1.0,1.0,1.0,0.0
-0.3211000000000002,0.7051000000000001,0.8607999999999996,-0.177,0.4443999999999999,0.641,1.0,1.0,0.0,1.0,-1.0,-1.0,1.0,1.0,1.0,1.0,0.0,0.0
-0.3211000000000002,0.7051000000000001,0.8607999999999996,-0.177,0.4443999999999999,0.641,1.0,1.0,0.0,1.0,1.0,-1.0,1.0,1.0,1.0,1.0,0.0,0.0
-0.3211000000000002,0.7051000000000001,0.8607999999999996,-0.177,0.7051000000000001,0.641,1.0,1.0,0.0,1.0,-1.0,-1.0,1.0,1.0,1.0,1.0,1.0,0.0
-0.3211000000000002,0.7051000000000001,0.4443999999999999,-0.177,0.8607999999999996,0.641,1.0,1.0,-1.0,-1.0,0.0,-1.0,1.0,1.0,0.0,1.0,1.0,0.0
-0.3211000000000002,0.7051000000000001,0.4443999999999999,-0.177,0.4443999999999999,0.641,1.0,1.0,-1.0,-1.0,-1.0,-1.0,1.0,1.0,0.0,1.0,0.0,0.0
-0.3211000000000002,0.7051000000000001,0.4443999999999999,-0.177,0.4443999999999999,0.641,1.0,1.0,-1.0,-1.0,1.0,-1.0,1.0,1.0,0.0,1.0,0.0,0.0
-0.3211000000000002,0.7051000000000001,0.4443999999999999,-0.177,0.7051000000000001,0.641,1.0,1.0,-1.0,-1.0,-1.0,-1.0,1.0,1.0,0.0,1.0,1.0,0.0
-0.3211000000000002,0.7051000000000001,0.4443999999999999,-0.177,0.8607999999999996,0.641,1.0,1.0,-1.0,1.0,0.0,-1.0,1.0,1.0,0.0,1.0,1.0,0.0
-0.3211000000000002,0.7051000000000001,0.4443999999999999,-0.177,0.4443999999999999,0.641,1.0,1.0,-1.0,1.0,-1.0,-1.0,1.0,1.0,0.0,1.0,0.0,0.0
-0.3211000000000002,0.7051000000000001,0.4443999999999999,-0.177,0.7051000000000001,0.641,1.0,1.0,-1.0,1.0,1.0,-1.0,1.0,1.0,0.0,1.0,1.0,0.0
-0.3211000000000002,0.7051000000000001,0.4443999999999999,-0.177,0.4443999999999999,0.641,1.0,1.0,-1.0,1.0,1.0,-1.0,1.0,1.0,0.0,1.0,0.0,0.0
-0.3211000000000002,0.7051000000000001,0.4443999999999999,-0.177,0.7051000000000001,0.641,1.0,1.0,-1.0,1.0,-1.0,-1.0,1.0,1.0,0.0,1.0,1.0,0.0
-0.3211000000000002,0.7051000000000001,0.7051000000000001,-0.177,0.4443999999999999,0.641,1.0,1.0,1.0,-1.0,1.0,-1.0,1.0,1.0,1.0,1.0,0.0,0.0
-0.3211000000000002,0.7051000000000001,1.0310999999999997,-0.177,0.8607999999999996,0.641,1.0,1.0,0.0,-1.0,0.0,-1.0,1.0,1.0,1.0,1.0,1.0,0.0
-0.3211000000000002,0.7051000000000001,1.0310999999999997,-0.177,0.4443999999999999,0.641,1.0,1.0,0.0,-1.0,-1.0,-1.0,1.0,1.0,1.0,1.0,0.0,0.0
-0.3211000000000002,0.7051000000000001,1.0310999999999997,-0.177,0.4443999999999999,0.641,1.0,1.0,0.0,-1.0,1.0,-1.0,1.0,1.0,1.0,1.0,0.0,0.0
-0.3211000000000002,0.7051000000000001,1.0310999999999997,-0.177,0.7051000000000001,0.641,1.0,1.0,0.0,-1.0,-1.0,-1.0,1.0,1.0,1.0,1.0,1.0,0.0
-0.3211000000000002,0.7051000000000001,1.0310999999999997,-0.177,0.7051000000000001,0.641,1.0,1.0,0.0,1.0,1.0,-1.0,1.0,1.0,1.0,1.0,1.0,0.0
-0.3211000000000002,0.7051000000000001,1.0310999999999997,-0.177,0.4443999999999999,0.641,1.0,1.0,0.0,1.0,1.0,-1.0,1.0,1.0,1.0,1.0,0.0,0.0
-0.3211000000000002,0.7051000000000001,0.4443999999999999,-0.177,0.8607999999999996,0.641,1.0,1.0,1.0,-1.0,0.0,-1.0,1.0,1.0,0.0,1.0,1.0,0.0
-0.3211000000000002,0.7051000000000001,0.4443999999999999,-0.177,0.7051000000000001,0.641,1.0,1.0,1.0,-1.0,1.0,-1.0,1.0,1.0,0.0,1.0,1.0,0.0
-0.3211000000000002,0.7051000000000001,0.4443999999999999,-0.177,0.4443999999999999,0.641,1.0,1.0,1.0,-1.0,1.0,-1.0,1.0,1.0,0.0,1.0,0.0,0.0
-0.3211000000000002,0.7051000000000001,0.4443999999999999,-0.177,0.7051000000000001,0.641,1.0,1.0,1.0,-1.0,-1.0,-1.0,1.0,1.0,0.0,1.0,1.0,0.0
-0.3211000000000002,0.7051000000000001,0.4443999999999999,-0.177,0.7051000000000001,0.641,1.0,1.0,1.0,1.0,1.0,-1.0,1.0,1.0,0.0,1.0,1.0,0.0
-0.3211000000000002,0.7051000000000001,0.4443999999999999,-0.177,0.4443999999999999,0.641,1.0,1.0,1.0,1.0,1.0,-1.0,1.0,1.0,0.0,1.0,0.0,0.0
-0.3211000000000002,0.7051000000000001,0.7051000000000001,-0.177,0.8607999999999996,0.641,1.0,1.0,-1.0,-1.0,0.0,-1.0,1.0,1.0,1.0,1.0,1.0,0.0
-0.3211000000000002,0.7051000000000001,0.7051000000000001,-0.177,0.7051000000000001,0.641,1.0,1.0,-1.0,-1.0,1.0,-1.0,1.0,1.0,1.0,1.0,1.0,0.0
-0.3211000000000002,0.7051000000000001,0.7051000000000001,-0.177,0.4443999999999999,0.641,1.0,1.0,-1.0,-1.0,1.0,-1.0,1.0,1.0,1.0,1.0,0.0,0.0
-0.3211000000000002,0.7051000000000001,0.7051000000000001,-0.177,0.7051000000000001,0.641,1.0,1.0,-1.0,-1.0,-1.0,-1.0,1.0,1.0,1.0,1.0,1.0,0.0
-0.3211000000000002,0.7051000000000001,0.7051000000000001,-0.177,0.8607999999999996,0.641,1.0,1.0,-1.0,1.0,0.0,-1.0,1.0,1.0,1.0,1.0,1.0,0.0
-0.3211000000000002,0.7051000000000001,0.7051000000000001,-0.177,0.4443999999999999,0.641,1.0,1.0,-1.0,1.0,-1.0,-1.0,1.0,1.0,1.0,1.0,0.0,0.0
-0.3211000000000002,0.7051000000000001,0.7051000000000001,-0.177,0.7051000000000001,0.641,1.0,1.0,-1.0,1.0,1.0,-1.0,1.0,1.0,1.0,1.0,1.0,0.0
-0.3211000000000002,0.7051000000000001,0.7051000000000001,-0.177,0.4443999999999999,0.641,1.0,1.0,-1.0,1.0,1.0,-1.0,1.0,1.0,1.0,1.0,0.0,0.0
-0.3211000000000002,0.7051000000000001,0.7051000000000001,-0.177,0.7051000000000001,0.641,1.0,1.0,-1.0,1.0,-1.0,-1.0,1.0,1.0,1.0,1.0,1.0,0.0
-0.3211000000000002,-0.7096000000000002,0.641,0.7051000000000001,-0.177,0.3466,1.0,0.0,-1.0,1.0,-1.0,-1.0,1.0,1.0,0.0,1.0,1.0,0.0
-0.3211000000000002,-0.7096000000000002,0.641,0.7051000000000001,0.7051000000000001,0.3466,1.0,0.0,-1.0,1.0,-1.0,-1.0,1.0,1.0,0.0,1.0,1.0,0.0
-0.3211000000000002,-0.7096000000000002,0.641,0.4443999999999999,-0.177,0.3466,1.0,0.0,1.0,-1.0,-1.0,-1.0,1.0,1.0,0.0,0.0,1.0,0.0
-0.3211000000000002,0.4443999999999999,0.8607999999999996,-0.177,0.8607999999999996,0.641,1.0,1.0,0.0,-1.0,0.0,-1.0,1.0,0.0,1.0,1.0,1.0,0.0
-0.3211000000000002,0.4443999999999999,0.8607999999999996,-0.177,0.7051000000000001,0.641,1.0,1.0,0.0,-1.0,1.0,-1.0,1.0,0.0,1.0,1.0,1.0,0.0
-0.3211000000000002,0.4443999999999999,0.8607999999999996,-0.177,0.8607999999999996,0.641,1.0,1.0,0.0,1.0,0.0,-1.0,1.0,0.0,1.0,1.0,1.0,0.0
-0.3211000000000002,0.4443999999999999,0.8607999999999996,-0.177,0.7051000000000001,0.641,1.0,1.0,0.0,1.0,1.0,-1.0,1.0,0.0,1.0,1.0,1.0,0.0
-0.3211000000000002,0.4443999999999999,0.8607999999999996,-0.177,0.7051000000000001,0.641,1.0,1.0,0.0,1.0,-1.0,-1.0,1.0,0.0,1.0,1.0,1.0,0.0
-0.3211000000000002,0.4443999999999999,0.4443999999999999,-0.177,0.8607999999999996,0.641,1.0,1.0,-1.0,-1.0,0.0,-1.0,1.0,0.0,0.0,1.0,1.0,0.0
-0.3211000000000002,0.4443999999999999,0.4443999999999999,-0.177,0.7051000000000001,0.641,1.0,1.0,-1.0,-1.0,1.0,-1.0,1.0,0.0,0.0,1.0,1.0,0.0
-0.3211000000000002,0.4443999999999999,0.4443999999999999,-0.177,0.4443999999999999,0.641,1.0,1.0,-1.0,-1.0,1.0,-1.0,1.0,0.0,0.0,1.0,0.0,0.0
-0.3211000000000002,0.4443999999999999,0.4443999999999999,-0.177,0.7051000000000001,0.641,1.0,1.0,-1.0,-1.0,-1.0,-1.0,1.0,0.0,0.0,1.0,1.0,0.0
-0.3211000000000002,0.4443999999999999,0.4443999999999999,-0.177,0.8607999999999996,0.641,1.0,1.0,-1.0,1.0,0.0,-1.0,1.0,0.0,0.0,1.0,1.0,0.0
-0.3211000000000002,0.4443999999999999,0.4443999999999999,-0.177,0.4443999999999999,0.641,1.0,1.0,-1.0,1.0,-1.0,-1.0,1.0,0.0,0.0,1.0,0.0,0.0
-0.3211000000000002,0.4443999999999999,0.4443999999999999,-0.177,0.7051000000000001,0.641,1.0,1.0,-1.0,1.0,1.0,-1.0,1.0,0.0,0.0,1.0,1.0,0.0
-0.3211000000000002,0.4443999999999999,0.4443999999999999,-0.177,0.4443999999999999,0.641,1.0,1.0,-1.0,1.0,1.0,-1.0,1.0,0.0,0.0,1.0,0.0,0.0
-0.3211000000000002,0.4443999999999999,0.4443999999999999,-0.177,0.7051000000000001,0.641,1.0,1.0,-1.0,1.0,-1.0,-1.0,1.0,0.0,0.0,1.0,1.0,0.0
-0.3211000000000002,0.4443999999999999,0.7051000000000001,-0.177,0.8607999999999996,0.641,1.0,1.0,1.0,-1.0,0.0,-1.0,1.0,0.0,1.0,1.0,1.0,0.0
-0.3211000000000002,0.4443999999999999,0.7051000000000001,-0.177,0.4443999999999999,0.641,1.0,1.0,1.0,-1.0,1.0,-1.0,1.0,0.0,1.0,1.0,0.0,0.0
-0.3211000000000002,0.4443999999999999,0.7051000000000001,-0.177,0.7051000000000001,0.641,1.0,1.0,1.0,1.0,-1.0,-1.0,1.0,0.0,1.0,1.0,1.0,0.0
-0.3211000000000002,0.4443999999999999,1.0310999999999997,-0.177,0.8607999999999996,0.641,1.0,1.0,0.0,-1.0,0.0,-1.0,1.0,0.0,1.0,1.0,1.0,0.0
-0.3211000000000002,0.4443999999999999,1.0310999999999997,-0.177,0.4443999999999999,0.641,1.0,1.0,0.0,-1.0,-1.0,-1.0,1.0,0.0,1.0,1.0,0.0,0.0
-0.3211000000000002,0.4443999999999999,1.0310999999999997,-0.177,0.7051000000000001,0.641,1.0,1.0,0.0,-1.0,1.0,-1.0,1.0,0.0,1.0,1.0,1.0,0.0
-0.3211000000000002,0.4443999999999999,1.0310999999999997,-0.177,0.4443999999999999,0.641,1.0,1.0,0.0,-1.0,1.0,-1.0,1.0,0.0,1.0,1.0,0.0,0.0
-0.3211000000000002,0.4443999999999999,1.0310999999999997,-0.177,0.7051000000000001,0.641,1.0,1.0,0.0,-1.0,-1.0,-1.0,1.0,0.0,1.0,1.0,1.0,0.0
-0.3211000000000002,0.4443999999999999,1.0310999999999997,-0.177,0.8607999999999996,0.641,1.0,1.0,0.0,1.0,0.0,-1.0,1.0,0.0,1.0,1.0,1.0,0.0
-0.3211000000000002,0.4443999999999999,0.4443999999999999,-0.177,0.8607999999999996,0.641,1.0,1.0,1.0,-1.0,0.0,-1.0,1.0,0.0,0.0,1.0,1.0,0.0
-0.3211000000000002,0.4443999999999999,0.4443999999999999,-0.177,0.4443999999999999,0.641,1.0,1.0,1.0,-1.0,-1.0,-1.0,1.0,0.0,0.0,1.0,0.0,0.0
-0.3211000000000002,0.4443999999999999,0.4443999999999999,-0.177,0.7051000000000001,0.641,1.0,1.0,1.0,-1.0,1.0,-1.0,1.0,0.0,0.0,1.0,1.0,0.0
-0.3211000000000002,0.4443999999999999,0.4443999999999999,-0.177,0.8607999999999996,0.641,1.0,1.0,1.0,1.0,0.0,-1.0,1.0,0.0,0.0,1.0,1.0,0.0
-0.3211000000000002,0.4443999999999999,0.4443999999999999,-0.177,0.4443999999999999,0.641,1.0,1.0,1.0,1.0,-1.0,-1.0,1.0,0.0,0.0,1.0,0.0,0.0
-0.3211000000000002,0.4443999999999999,0.4443999999999999,-0.177,0.7051000000000001,0.641,1.0,1.0,1.0,1.0,1.0,-1.0,1.0,0.0,0.0,1.0,1.0,0.0
-0.3211000000000002,0.4443999999999999,0.4443999999999999,-0.177,0.4443999999999999,0.641,1.0,1.0,1.0,1.0,1.0,-1.0,1.0,0.0,0.0,1.0,0.0,0.0
-0.3211000000000002,0.4443999999999999,0.4443999999999999,-0.177,0.7051000000000001,0.641,1.0,1.0,1.0,1.0,-1.0,-1.0,1.0,0.0,0.0,1.0,1.0,0.0
-0.3211000000000002,0.4443999999999999,0.7051000000000001,-0.177,0.7051000000000001,0.641,1.0,1.0,-1.0,-1.0,1.0,-1.0,1.0,0.0,1.0,1.0,1.0,0.0
-0.3211000000000002,0.4443999999999999,0.7051000000000001,-0.177,0.4443999999999999,0.641,1.0,1.0,-1.0,-1.0,1.0,-1.0,1.0,0.0,1.0,1.0,0.0,0.0
-0.3211000000000002,0.4443999999999999,0.7051000000000001,-0.177,0.7051000000000001,0.641,1.0,1.0,-1.0,-1.0,-1.0,-1.0,1.0,0.0,1.0,1.0,1.0,0.0
-0.3211000000000002,0.4443999999999999,0.7051000000000001,-0.177,0.8607999999999996,0.641,1.0,1.0,-1.0,1.0,0.0,-1.0,1.0,0.0,1.0,1.0,1.0,0.0
-0.3211000000000002,0.4443999999999999,0.7051000000000001,-0.177,0.4443999999999999,0.641,1.0,1.0,-1.0,1.0,-1.0,-1.0,1.0,0.0,1.0,1.0,0.0,0.0
-0.3211000000000002,0.4443999999999999,0.7051000000000001,-0.177,0.4443999999999999,0.641,1.0,1.0,-1.0,1.0,1.0,-1.0,1.0,0.0,1.0,1.0,0.0,0.0
-0.3211000000000002,0.4443999999999999,0.7051000000000001,-0.177,0.7051000000000001,0.641,1.0,1.0,-1.0,1.0,-1.0,-1.0,1.0,0.0,1.0,1.0,1.0,0.0
-0.3211000000000002,-0.3211000000000002,-0.5817999999999999,-0.3211000000000002,-0.3211000000000002,-0.5817999999999999,1.0,-1.0,-1.0,-1.0,-1.0,-1.0,1.0,1.0,0.0,1.0,1.0,0.0
-0.3211000000000002,0.7051000000000001,0.8607999999999996,-0.177,0.8607999999999996,0.641,1.0,-1.0,0.0,-1.0,0.0,-1.0,1.0,1.0,1.0,1.0,1.0,0.0
-0.3211000000000002,0.7051000000000001,0.8607999999999996,-0.177,0.7051000000000001,0.641,1.0,-1.0,0.0,-1.0,1.0,-1.0,1.0,1.0,1.0,1.0,1.0,0.0
-0.3211000000000002,0.7051000000000001,0.8607999999999996,-0.177,0.7051000000000001,0.641,1.0,-1.0,0.0,-1.0,-1.0,-1.0,1.0,1.0,1.0,1.0,1.0,0.0
-0.3211000000000002,0.7051000000000001,0.8607999999999996,-0.177,0.8607999999999996,0.641,1.0,-1.0,0.0,1.0,0.0,-1.0,1.0,1.0,1.0,1.0,1.0,0.0
-0.3211000000000002,0.7051000000000001,0.8607999999999996,-0.177,0.7051000000000001,0.641,1.0,-1.0,0.0,1.0,1.0,-1.0,1.0,1.0,1.0,1.0,1.0,0.0
-0.3211000000000002,0.7051000000000001,0.8607999999999996,-0.177,0.4443999999999999,0.641,1.0,-1.0,0.0,1.0,1.0,-1.0,1.0,1.0,1.0,1.0,0.0,0.0
-0.3211000000000002,0.7051000000000001,0.4443999999999999,-0.177,0.8607999999999996,0.641,1.0,-1.0,-1.0,-1.0,0.0,-1.0,1.0,1.0,0.0,1.0,1.0,0.0
-0.3211000000000002,0.7051000000000001,0.4443999999999999,-0.177,0.4443999999999999,0.641,1.0,-1.0,-1.0,-1.0,-1.0,-1.0,1.0,1.0,0.0,1.0,0.0,0.0
-0.3211000000000002,0.7051000000000001,0.4443999999999999,-0.177,0.7051000000000001,0.641,1.0,-1.0,-1.0,-1.0,1.0,-1.0,1.0,1.0,0.0,1.0,1.0,0.0
-0.3211000000000002,0.7051000000000001,0.4443999999999999,-0.177,0.4443999999999999,0.641,1.0,-1.0,-1.0,-1.0,1.0,-1.0,1.0,1.0,0.0,1.0,0.0,0.0
-0.3211000000000002,0.7051000000000001,0.4443999999999999,-0.177,0.7051000000000001,0.641,1.0,-1.0,-1.0,-1.0,-1.0,-1.0,1.0,1.0,0.0,1.0,1.0,0.0
-0.3211000000000002,0.7051000000000001,0.4443999999999999,-0.177,0.8607999999999996,0.641,1.0,-1.0,-1.0,1.0,0.0,-1.0,1.0,1.0,0.0,1.0,1.0,0.0
-0.3211000000000002,0.7051000000000001,0.4443999999999999,-0.177,0.4443999999999999,0.641,1.0,-1.0,-1.0,1.0,-1.0,-1.0,1.0,1.0,0.0,1.0,0.0,0.0
-0.3211000000000002,0.7051000000000001,0.4443999999999999,-0.177,0.7051000000000001,0.641,1.0,-1.0,-1.0,1.0,1.0,-1.0,1.0,1.0,0.0,1.0,1.0,0.0
-0.3211000000000002,0.7051000000000001,0.4443999999999999,-0.177,0.7051000000000001,0.641,1.0,-1.0,-1.0,1.0,-1.0,-1.0,1.0,1.0,0.0,1.0,1.0,0.0
-0.3211000000000002,0.7051000000000001,0.7051000000000001,-0.177,0.4443999999999999,0.641,1.0,-1.0,1.0,-1.0,-1.0,-1.0,1.0,1.0,1.0,1.0,0.0,0.0
-0.3211000000000002,0.7051000000000001,0.7051000000000001,-0.177,0.7051000000000001,0.641,1.0,-1.0,1.0,-1.0,1.0,-1.0,1.0,1.0,1.0,1.0,1.0,0.0
-0.3211000000000002,0.7051000000000001,0.7051000000000001,-0.177,0.4443999999999999,0.641,1.0,-1.0,1.0,-1.0,1.0,-1.0,1.0,1.0,1.0,1.0,0.0,0.0
-0.3211000000000002,0.7051000000000001,0.7051000000000001,-0.177,0.7051000000000001,0.641,1.0,-1.0,1.0,-1.0,-1.0,-1.0,1.0,1.0,1.0,1.0,1.0,0.0
-0.3211000000000002,0.7051000000000001,0.7051000000000001,-0.177,0.7051000000000001,0.641,1.0,-1.0,1.0,1.0,1.0,-1.0,1.0,1.0,1.0,1.0,1.0,0.0
-0.3211000000000002,0.7051000000000001,0.7051000000000001,-0.177,0.4443999999999999,0.641,1.0,-1.0,1.0,1.0,1.0,-1.0,1.0,1.0,1.0,1.0,0.0,0.0
-0.3211000000000002,0.7051000000000001,0.7051000000000001,-0.177,0.7051000000000001,0.641,1.0,-1.0,1.0,1.0,-1.0,-1.0,1.0,1.0,1.0,1.0,1.0,0.0
-0.3211000000000002,0.7051000000000001,1.0310999999999997,-0.177,0.8607999999999996,0.641,1.0,-1.0,0.0,-1.0,0.0,-1.0,1.0,1.0,1.0,1.0,1.0,0.0
-0.3211000000000002,0.7051000000000001,1.0310999999999997,-0.177,0.7051000000000001,0.641,1.0,-1.0,0.0,-1.0,-1.0,-1.0,1.0,1.0,1.0,1.0,1.0,0.0
-0.3211000000000002,0.7051000000000001,1.0310999999999997,-0.177,0.7051000000000001,0.641,1.0,-1.0,0.0,1.0,1.0,-1.0,1.0,1.0,1.0,1.0,1.0,0.0
-0.3211000000000002,0.7051000000000001,1.0310999999999997,-0.177,0.7051000000000001,0.641,1.0,-1.0,0.0,1.0,-1.0,-1.0,1.0,1.0,1.0,1.0,1.0,0.0
-0.3211000000000002,0.7051000000000001,0.4443999999999999,-0.177,0.8607999999999996,0.641,1.0,-1.0,1.0,-1.0,0.0,-1.0,1.0,1.0,0.0,1.0,1.0,0.0
-0.3211000000000002,0.7051000000000001,0.4443999999999999,-0.177,0.7051000000000001,0.641,1.0,-1.0,1.0,-1.0,1.0,-1.0,1.0,1.0,0.0,1.0,1.0,0.0
-0.3211000000000002,0.7051000000000001,0.4443999999999999,-0.177,0.4443999999999999,0.641,1.0,-1.0,1.0,-1.0,1.0,-1.0,1.0,1.0,0.0,1.0,0.0,0.0
-0.3211000000000002,0.7051000000000001,0.4443999999999999,-0.177,0.7051000000000001,0.641,1.0,-1.0,1.0,-1.0,-1.0,-1.0,1.0,1.0,0.0,1.0,1.0,0.0
-0.3211000000000002,0.7051000000000001,0.4443999999999999,-0.177,0.7051000000000001,0.641,1.0,-1.0,1.0,1.0,1.0,-1.0,1.0,1.0,0.0,1.0,1.0,0.0
-0.3211000000000002,0.7051000000000001,0.4443999999999999,-0.177,0.4443999999999999,0.641,1.0,-1.0,1.0,1.0,1.0,-1.0,1.0,1.0,0.0,1.0,0.0,0.0
-0.3211000000000002,0.7051000000000001,0.4443999999999999,-0.177,0.7051000000000001,0.641,1.0,-1.0,1.0,1.0,-1.0,-1.0,1.0,1.0,0.0,1.0,1.0,0.0
-0.3211000000000002,0.7051000000000001,0.7051000000000001,-0.177,0.8607999999999996,0.641,1.0,-1.0,-1.0,-1.0,0.0,-1.0,1.0,1.0,1.0,1.0,1.0,0.0
-0.3211000000000002,0.7051000000000001,0.7051000000000001,-0.177,0.7051000000000001,0.641,1.0,-1.0,-1.0,-1.0,-1.0,-1.0,1.0,1.0,1.0,1.0,1.0,0.0
-0.3211000000000002,0.7051000000000001,0.7051000000000001,-0.177,0.4443999999999999,0.641,1.0,-1.0,-1.0,1.0,-1.0,-1.0,1.0,1.0,1.0,1.0,0.0,0.0
-0.3211000000000002,0.7051000000000001,0.7051000000000001,-0.177,0.7051000000000001,0.641,1.0,-1.0,-1.0,1.0,-1.0,-1.0,1.0,1.0,1.0,1.0,1.0,0.0
0.9017,-0.5817999999999999,-0.177,0.3149999999999997,0.641,-0.177,1.0,1.0,-1.0,1.0,-1.0,-1.0,1.0,0.0,1.0,1.0,0.0,1.0
0.7051000000000001,0.4443999999999999,0.4443999999999999,-0.177,0.3466,0.4443999999999999,1.0,-1.0,-1.0,1.0,-1.0,-1.0,1.0,0.0,0.0,1.0,0.0,0.0
0.7051000000000001,0.7051000000000001,0.4443999999999999,0.7051000000000001,-0.177,0.3466,1.0,1.0,-1.0,1.0,-1.0,-1.0,1.0,1.0,0.0,1.0,1.0,0.0
0.7051000000000001,0.7051000000000001,0.4443999999999999,0.4443999999999999,-0.177,0.3466,1.0,1.0,-1.0,1.0,-1.0,-1.0,1.0,1.0,0.0,0.0,1.0,0.0
0.7051000000000001,0.7051000000000001,0.4443999999999999,0.7051000000000001,-0.177,0.3466,1.0,1.0,1.0,-1.0,-1.0,-1.0,1.0,1.0,0.0,1.0,1.0,0.0
0.7051000000000001,0.7051000000000001,0.4443999999999999,-0.177,0.6072999999999997,0.4443999999999999,1.0,-1.0,-1.0,1.0,-1.0,-1.0,1.0,1.0,0.0,1.0,1.0,0.0
0.7051000000000001,0.7051000000000001,0.4443999999999999,0.7051000000000001,-0.177,0.3466,1.0,-1.0,-1.0,-1.0,-1.0,-1.0,1.0,1.0,0.0,1.0,1.0,0.0
0.7051000000000001,0.7051000000000001,0.4443999999999999,0.7051000000000001,-0.177,0.6072999999999997,1.0,-1.0,-1.0,-1.0,1.0,-1.0,1.0,1.0,0.0,1.0,1.0,1.0
0.7051000000000001,0.7051000000000001,0.7051000000000001,0.7051000000000001,-0.177,0.6072999999999997,1.0,-1.0,-1.0,-1.0,1.0,-1.0,1.0,1.0,1.0,1.0,1.0,1.0
0.3149999999999997,0.641,0.7051000000000001,-0.177,0.641,-0.177,1.0,1.0,-1.0,1.0,-1.0,-1.0,1.0,0.0,1.0,1.0,0.0,1.0
1.8872,-0.5817999999999999,0.641,-0.177,0.4443999999999999,-0.177,1.0,-1.0,-1.0,-1.0,-1.0,-1.0,1.0,0.0,0.0,1.0,0.0,1.0
1.8872,-0.5817999999999999,0.641,-0.177,0.4443999999999999,-0.177,1.0,-1.0,-1.0,-1.0,-1.0,-1.0,1.0,0.0,0.0,1.0,0.0,1.0
1.8872,-0.5817999999999999,0.641,-0.177,-1.2208999999999997,-0.177,1.0,-1.0,-1.0,-1.0,-1.0,-1.0,1.0,0.0,0.0,1.0,0.0,1.0
1.8872,-0.5817999999999999,0.641,-0.177,0.0543,-0.177,1.0,-1.0,-1.0,-1.0,-1.0,-1.0,1.0,0.0,0.0,1.0,0.0,1.0
1.8872,-0.5817999999999999,0.641,-0.177,0.7051000000000001,-0.177,1.0,-1.0,-1.0,-1.0,-1.0,-1.0,1.0,0.0,0.0,1.0,1.0,1.0
1.8872,-0.5817999999999999,0.9017,-0.177,0.4443999999999999,-0.177,1.0,-1.0,-1.0,-1.0,-1.0,-1.0,1.0,0.0,1.0,1.0,0.0,1.0
1.8872,-0.5817999999999999,0.9017,-0.177,0.0543,-0.177,1.0,-1.0,-1.0,-1.0,-1.0,-1.0,1.0,0.0,1.0,1.0,0.0,1.0
1.8872,0.4443999999999999,0.641,-0.177,0.4443999999999999,-0.177,1.0,-1.0,-1.0,-1.0,-1.0,-1.0,1.0,0.0,0.0,1.0,0.0,1.0
1.8872,0.4443999999999999,0.9017,-0.177,0.4443999999999999,-0.177,1.0,-1.0,-1.0,-1.0,-1.0,-1.0,1.0,0.0,1.0,1.0,0.0,1.0
1.8872,0.4443999999999999,0.641,-0.177,0.4443999999999999,-0.177,1.0,-1.0,-1.0,-1.0,-1.0,-1.0,1.0,0.0,0.0,1.0,0.0,1.0
1.8872,0.4443999999999999,0.9017,-0.177,0.4443999999999999,-0.177,1.0,-1.0,-1.0,-1.0,-1.0,-1.0,1.0,0.0,1.0,1.0,0.0,1.0
1.8872,0.4443999999999999,0.641,-0.177,0.4443999999999999,-0.177,1.0,-1.0,-1.0,-1.0,-1.0,-1.0,1.0,0.0,0.0,1.0,0.0,1.0
1.8872,0.4443999999999999,0.9017,-0.177,0.4443999999999999,-0.177,1.0,-1.0,-1.0,-1.0,-1.0,-1.0,1.0,0.0,1.0,1.0,0.0,1.0
1.8872,-0.3211000000000002,0.641,-0.177,0.4443999999999999,-0.177,1.0,-1.0,-1.0,-1.0,-1.0,-1.0,1.0,1.0,0.0,1.0,0.0,1.0
-0.5783000000000003,-0.177,0.4443999999999999,0.3149999999999997,-0.3211000000000002,-0.5802,1.0,-1.0,-1.0,-1.0,-1.0,0.0,1.0,1.0,0.0,1.0,1.0,1.0
-0.5783000000000003,-0.177,0.0543,0.3149999999999997,-0.3211000000000002,-0.5802,1.0,-1.0,-1.0,-1.0,-1.0,0.0,1.0,1.0,0.0,1.0,1.0,1.0
1.8872,-0.5817999999999999,0.641,-0.177,0.4443999999999999,-0.177,0.0,-1.0,-1.0,-1.0,-1.0,-1.0,1.0,0.0,0.0,1.0,0.0,1.0
1.4971,-0.5817999999999999,0.641,-0.177,0.4443999999999999,-0.177,0.0,-1.0,-1.0,-1.0,-1.0,-1.0,1.0,0.0,0.0,1.0,0.0,1.0
1.4971,0.0543,0.641,-0.177,0.0543,-0.177,0.0,-1.0,-1.0,-1.0,-1.0,-1.0,1.0,0.0,0.0,1.0,0.0,1.0
1.7942,0.2982999999999993,0.7051000000000001,0.5884999999999998,-0.177,1.5141999999999995,-1.0,0.0,-1.0,-1.0,1.0,0.0,0.0,1.0,1.0,0.0,1.0,1.0
1.7942,0.2982999999999993,0.7051000000000001,0.5884999999999998,-0.177,-0.3194999999999999,-1.0,0.0,-1.0,-1.0,1.0,0.0,0.0,1.0,1.0,0.0,1.0,1.0
1.7942,0.2982999999999993,0.7051000000000001,0.5884999999999998,-0.177,0.5894999999999995,-1.0,0.0,-1.0,-1.0,1.0,0.0,0.0,1.0,1.0,0.0,1.0,1.0
1.7942,0.2982999999999993,0.7051000000000001,0.5884999999999998,-0.177,0.4757,-1.0,0.0,-1.0,-1.0,1.0,0.0,0.0,1.0,1.0,0.0,1.0,1.0
1.7942,0.2982999999999993,0.7051000000000001,0.5884999999999998,-0.177,-1.0071999999999994,-1.0,0.0,-1.0,-1.0,1.0,0.0,0.0,1.0,1.0,0.0,1.0,1.0
1.7942,0.2982999999999993,0.7051000000000001,0.5884999999999998,-0.177,1.6834999999999998,-1.0,0.0,-1.0,-1.0,1.0,0.0,0.0,1.0,1.0,0.0,1.0,1.0
1.7942,0.2982999999999993,0.7051000000000001,0.5884999999999998,-0.177,1.0473,-1.0,0.0,-1.0,-1.0,1.0,0.0,0.0,1.0,1.0,0.0,1.0,1.0
1.7942,0.2982999999999993,0.7051000000000001,0.5884999999999998,-0.177,1.1055999999999997,-1.0,0.0,-1.0,-1.0,1.0,0.0,0.0,1.0,1.0,0.0,1.0,1.0
1.7942,0.2982999999999993,0.7051000000000001,0.5884999999999998,-0.177,0.0706,-1.0,0.0,-1.0,-1.0,1.0,0.0,0.0,1.0,1.0,0.0,1.0,1.0
1.7942,0.2982999999999993,0.7051000000000001,0.5884999999999998,-0.177,0.3166,-1.0,0.0,-1.0,-1.0,1.0,0.0,0.0,1.0,1.0,0.0,1.0,1.0
1.7942,0.8607999999999996,0.7051000000000001,0.5884999999999998,-0.177,1.5141999999999995,-1.0,0.0,-1.0,-1.0,1.0,0.0,0.0,1.0,1.0,0.0,1.0,1.0
1.7942,0.8607999999999996,0.7051000000000001,0.5884999999999998,-0.177,-0.3194999999999999,-1.0,0.0,-1.0,-1.0,1.0,0.0,0.0,1.0,1.0,0.0,1.0,1.0
1.7942,0.8607999999999996,0.7051000000000001,0.5884999999999998,-0.177,0.5894999999999995,-1.0,0.0,-1.0,-1.0,1.0,0.0,0.0,1.0,1.0,0.0,1.0,1.0
1.7942,0.8607999999999996,0.7051000000000001,0.5884999999999998,-0.177,0.4757,-1.0,0.0,-1.0,-1.0,1.0,0.0,0.0,1.0,1.0,0.0,1.0,1.0
1.7942,0.8607999999999996,0.7051000000000001,0.5884999999999998,-0.177,-1.0071999999999994,-1.0,0.0,-1.0,-1.0,1.0,0.0,0.0,1.0,1.0,0.0,1.0,1.0
1.7942,0.8607999999999996,0.7051000000000001,0.5884999999999998,-0.177,1.6834999999999998,-1.0,0.0,-1.0,-1.0,1.0,0.0,0.0,1.0,1.0,0.0,1.0,1.0
1.7942,0.8607999999999996,0.7051000000000001,0.5884999999999998,-0.177,1.0473,-1.0,0.0,-1.0,-1.0,1.0,0.0,0.0,1.0,1.0,0.0,1.0,1.0
1.7942,0.8607999999999996,0.7051000000000001,0.5884999999999998,-0.177,1.1055999999999997,-1.0,0.0,-1.0,-1.0,1.0,0.0,0.0,1.0,1.0,0.0,1.0,1.0
1.7942,0.8607999999999996,0.7051000000000001,0.5884999999999998,-0.177,0.0706,-1.0,0.0,-1.0,-1.0,1.0,0.0,0.0,1.0,1.0,0.0,1.0,1.0
1.7942,0.8607999999999996,0.7051000000000001,0.5884999999999998,-0.177,0.3166,-1.0,0.0,-1.0,-1.0,1.0,0.0,0.0,1.0,1.0,0.0,1.0,1.0
1.7942,-0.6929999999999994,0.7051000000000001,0.5884999999999998,-0.177,1.5141999999999995,-1.0,0.0,-1.0,-1.0,1.0,0.0,0.0,1.0,1.0,0.0,1.0,1.0
1.7942,-0.6929999999999994,0.7051000000000001,0.5884999999999998,-0.177,-0.3194999999999999,-1.0,0.0,-1.0,-1.0,1.0,0.0,0.0,1.0,1.0,0.0,1.0,1.0
1.7942,-0.6929999999999994,0.7051000000000001,0.5884999999999998,-0.177,0.5894999999999995,-1.0,0.0,-1.0,-1.0,1.0,0.0,0.0,1.0,1.0,0.0,1.0,1.0
1.7942,-0.6929999999999994,0.7051000000000001,0.5884999999999998,-0.177,0.4757,-1.0,0.0,-1.0,-1.0,1.0,0.0,0.0,1.0,1.0,0.0,1.0,1.0
1.7942,-0.6929999999999994,0.7051000000000001,0.5884999999999998,-0.177,-1.0071999999999994,-1.0,0.0,-1.0,-1.0,1.0,0.0,0.0,1.0,1.0,0.0,1.0,1.0
1.7942,-0.6929999999999994,0.7051000000000001,0.5884999999999998,-0.177,1.6834999999999998,-1.0,0.0,-1.0,-1.0,1.0,0.0,0.0,1.0,1.0,0.0,1.0,1.0
1.7942,-0.6929999999999994,0.7051000000000001,0.5884999999999998,-0.177,1.0473,-1.0,0.0,-1.0,-1.0,1.0,0.0,0.0,1.0,1.0,0.0,1.0,1.0
1.7942,-0.6929999999999994,0.7051000000000001,0.5884999999999998,-0.177,1.1055999999999997,-1.0,0.0,-1.0,-1.0,1.0,0.0,0.0,1.0,1.0,0.0,1.0,1.0
1.7942,-0.6929999999999994,0.7051000000000001,0.5884999999999998,-0.177,0.0706,-1.0,0.0,-1.0,-1.0,1.0,0.0,0.0,1.0,1.0,0.0,1.0,1.0
1.7942,-0.6929999999999994,0.7051000000000001,0.5884999999999998,-0.177,0.3166,-1.0,0.0,-1.0,-1.0,1.0,0.0,0.0,1.0,1.0,0.0,1.0,1.0
1.7942,0.0871999999999999,0.7051000000000001,0.5884999999999998,-0.177,1.5141999999999995,-1.0,0.0,-1.0,-1.0,1.0,0.0,0.0,1.0,1.0,0.0,1.0,1.0
1.7942,0.0871999999999999,0.7051000000000001,0.5884999999999998,-0.177,-0.3194999999999999,-1.0,0.0,-1.0,-1.0,1.0,0.0,0.0,1.0,1.0,0.0,1.0,1.0
1.7942,0.0871999999999999,0.7051000000000001,0.5884999999999998,-0.177,0.5894999999999995,-1.0,0.0,-1.0,-1.0,1.0,0.0,0.0,1.0,1.0,0.0,1.0,1.0
1.7942,0.0871999999999999,0.7051000000000001,0.5884999999999998,-0.177,0.4757,-1.0,0.0,-1.0,-1.0,1.0,0.0,0.0,1.0,1.0,0.0,1.0,1.0
1.7942,0.0871999999999999,0.7051000000000001,0.5884999999999998,-0.177,-1.0071999999999994,-1.0,0.0,-1.0,-1.0,1.0,0.0,0.0,1.0,1.0,0.0,1.0,1.0
1.7942,0.0871999999999999,0.7051000000000001,0.5884999999999998,-0.177,1.6834999999999998,-1.0,0.0,-1.0,-1.0,1.0,0.0,0.0,1.0,1.0,0.0,1.0,1.0
1.7942,0.0871999999999999,0.7051000000000001,0.5884999999999998,-0.177,1.0473,-1.0,0.0,-1.0,-1.0,1.0,0.0,0.0,1.0,1.0,0.0,1.0,1.0
1.7942,0.0871999999999999,0.7051000000000001,0.5884999999999998,-0.177,1.1055999999999997,-1.0,0.0,-1.0,-1.0,1.0,0.0,0.0,1.0,1.0,0.0,1.0,1.0
1.7942,0.0871999999999999,0.7051000000000001,0.5884999999999998,-0.177,0.0706,-1.0,0.0,-1.0,-1.0,1.0,0.0,0.0,1.0,1.0,0.0,1.0,1.0
1.7942,0.0871999999999999,0.7051000000000001,0.5884999999999998,-0.177,0.3166,-1.0,0.0,-1.0,-1.0,1.0,0.0,0.0,1.0,1.0,0.0,1.0,1.0
1.7942,0.7395999999999998,0.7051000000000001,0.5884999999999998,-0.177,1.5141999999999995,-1.0,0.0,-1.0,-1.0,1.0,0.0,0.0,1.0,1.0,0.0,1.0,1.0
1.7942,0.7395999999999998,0.7051000000000001,0.5884999999999998,-0.177,-0.3194999999999999,-1.0,0.0,-1.0,-1.0,1.0,0.0,0.0,1.0,1.0,0.0,1.0,1.0
1.7942,0.7395999999999998,0.7051000000000001,0.5884999999999998,-0.177,0.5894999999999995,-1.0,0.0,-1.0,-1.0,1.0,0.0,0.0,1.0,1.0,0.0,1.0,1.0
1.7942,0.7395999999999998,0.7051000000000001,0.5884999999999998,-0.177,0.4757,-1.0,0.0,-1.0,-1.0,1.0,0.0,0.0,1.0,1.0,0.0,1.0,1.0
1.7942,0.7395999999999998,0.7051000000000001,0.5884999999999998,-0.177,-1.0071999999999994,-1.0,0.0,-1.0,-1.0,1.0,0.0,0.0,1.0,1.0,0.0,1.0,1.0
1.7942,0.7395999999999998,0.7051000000000001,0.5884999999999998,-0.177,1.6834999999999998,-1.0,0.0,-1.0,-1.0,1.0,0.0,0.0,1.0,1.0,0.0,1.0,1.0
1.7942,0.7395999999999998,0.7051000000000001,0.5884999999999998,-0.177,1.0473,-1.0,0.0,-1.0,-1.0,1.0,0.0,0.0,1.0,1.0,0.0,1.0,1.0
1.7942,0.7395999999999998,0.7051000000000001,0.5884999999999998,-0.177,1.1055999999999997,-1.0,0.0,-1.0,-1.0,1.0,0.0,0.0,1.0,1.0,0.0,1.0,1.0
1.7942,0.7395999999999998,0.7051000000000001,0.5884999999999998,-0.177,0.0706,-1.0,0.0,-1.0,-1.0,1.0,0.0,0.0,1.0,1.0,0.0,1.0,1.0
1.7942,0.7395999999999998,0.7051000000000001,0.5884999999999998,-0.177,0.3166,-1.0,0.0,-1.0,-1.0,1.0,0.0,0.0,1.0,1.0,0.0,1.0,1.0
1.7942,0.0269,0.7051000000000001,0.5884999999999998,-0.177,1.5141999999999995,-1.0,0.0,-1.0,-1.0,1.0,0.0,0.0,1.0,1.0,0.0,1.0,1.0
1.7942,0.0269,0.7051000000000001,0.5884999999999998,-0.177,-0.3194999999999999,-1.0,0.0,-1.0,-1.0,1.0,0.0,0.0,1.0,1.0,0.0,1.0,1.0
1.7942,0.0269,0.7051000000000001,0.5884999999999998,-0.177,0.5894999999999995,-1.0,0.0,-1.0,-1.0,1.0,0.0,0.0,1.0,1.0,0.0,1.0,1.0
1.7942,0.0269,0.7051000000000001,0.5884999999999998,-0.177,0.4757,-1.0,0.0,-1.0,-1.0,1.0,0.0,0.0,1.0,1.0,0.0,1.0,1.0
1.7942,0.0269,0.7051000000000001,0.5884999999999998,-0.177,-1.0071999999999994,-1.0,0.0,-1.0,-1.0,1.0,0.0,0.0,1.0,1.0,0.0,1.0,1.0
1.7942,0.0269,0.7051000000000001,0.5884999999999998,-0.177,1.6834999999999998,-1.0,0.0,-1.0,-1.0,1.0,0.0,0.0,1.0,1.0,0.0,1.0,1.0
1.7942,0.0269,0.7051000000000001,0.5884999999999998,-0.177,1.0473,-1.0,0.0,-1.0,-1.0,1.0,0.0,0.0,1.0,1.0,0.0,1.0,1.0
1.7942,0.0269,0.7051000000000001,0.5884999999999998,-0.177,1.1055999999999997,-1.0,0.0,-1.0,-1.0,1.0,0.0,0.0,1.0,1.0,0.0,1.0,1.0
1.7942,0.0269,0.7051000000000001,0.5884999999999998,-0.177,0.0706,-1.0,0.0,-1.0,-1.0,1.0,0.0,0.0,1.0,1.0,0.0,1.0,1.0
1.7942,0.0269,0.7051000000000001,0.5884999999999998,-0.177,0.3166,-1.0,0.0,-1.0,-1.0,1.0,0.0,0.0,1.0,1.0,0.0,1.0,1.0
1.7942,-0.3269000000000002,0.7051000000000001,0.5884999999999998,-0.177,1.5141999999999995,-1.0,0.0,-1.0,-1.0,1.0,0.0,0.0,1.0,1.0,0.0,1.0,1.0
1.7942,-0.3269000000000002,0.7051000000000001,0.5884999999999998,-0.177,-0.3194999999999999,-1.0,0.0,-1.0,-1.0,1.0,0.0,0.0,1.0,1.0,0.0,1.0,1.0
1.7942,-0.3269000000000002,0.7051000000000001,0.5884999999999998,-0.177,0.5894999999999995,-1.0,0.0,-1.0,-1.0,1.0,0.0,0.0,1.0,1.0,0.0,1.0,1.0
1.7942,-0.3269000000000002,0.7051000000000001,0.5884999999999998,-0.177,0.4757,-1.0,0.0,-1.0,-1.0,1.0,0.0,0.0,1.0,1.0,0.0,1.0,1.0
1.7942,-0.3269000000000002,0.7051000000000001,0.5884999999999998,-0.177,-1.0071999999999994,-1.0,0.0,-1.0,-1.0,1.0,0.0,0.0,1.0,1.0,0.0,1.0,1.0
1.7942,-0.3269000000000002,0.7051000000000001,0.5884999999999998,-0.177,1.6834999999999998,-1.0,0.0,-1.0,-1.0,1.0,0.0,0.0,1.0,1.0,0.0,1.0,1.0
1.7942,-0.3269000000000002,0.7051000000000001,0.5884999999999998,-0.177,1.0473,-1.0,0.0,-1.0,-1.0,1.0,0.0,0.0,1.0,1.0,0.0,1.0,1.0
1.7942,-0.3269000000000002,0.7051000000000001,0.5884999999999998,-0.177,1.1055999999999997,-1.0,0.0,-1.0,-1.0,1.0,0.0,0.0,1.0,1.0,0.0,1.0,1.0
1.7942,-0.3269000000000002,0.7051000000000001,0.5884999999999998,-0.177,0.0706,-1.0,0.0,-1.0,-1.0,1.0,0.0,0.0,1.0,1.0,0.0,1.0,1.0
1.7942,-0.3269000000000002,0.7051000000000001,0.5884999999999998,-0.177,0.3166,-1.0,0.0,-1.0,-1.0,1.0,0.0,0.0,1.0,1.0,0.0,1.0,1.0
1.7942,1.2934,0.7051000000000001,0.5884999999999998,-0.177,-0.3194999999999999,-1.0,0.0,-1.0,-1.0,1.0,0.0,0.0,1.0,1.0,0.0,1.0,1.0
1.7942,1.2934,0.7051000000000001,0.5884999999999998,-0.177,0.5894999999999995,-1.0,0.0,-1.0,-1.0,1.0,0.0,0.0,1.0,1.0,0.0,1.0,1.0
1.7942,1.2934,0.7051000000000001,0.5884999999999998,-0.177,0.4757,-1.0,0.0,-1.0,-1.0,1.0,0.0,0.0,1.0,1.0,0.0,1.0,1.0
1.7942,1.2934,0.7051000000000001,0.5884999999999998,-0.177,-1.0071999999999994,-1.0,0.0,-1.0,-1.0,1.0,0.0,0.0,1.0,1.0,0.0,1.0,1.0
1.7942,1.2934,0.7051000000000001,0.5884999999999998,-0.177,1.6834999999999998,-1.0,0.0,-1.0,-1.0,1.0,0.0,0.0,1.0,1.0,0.0,1.0,1.0
1.7942,1.2934,0.7051000000000001,0.5884999999999998,-0.177,1.1055999999999997,-1.0,0.0,-1.0,-1.0,1.0,0.0,0.0,1.0,1.0,0.0,1.0,1.0
1.7942,1.2934,0.7051000000000001,0.5884999999999998,-0.177,0.0706,-1.0,0.0,-1.0,-1.0,1.0,0.0,0.0,1.0,1.0,0.0,1.0,1.0
1.7942,1.2934,0.7051000000000001,0.5884999999999998,-0.177,0.3166,-1.0,0.0,-1.0,-1.0,1.0,0.0,0.0,1.0,1.0,0.0,1.0,1.0
1.7942,1.2408999999999997,0.7051000000000001,0.5884999999999998,-0.177,-0.3194999999999999,-1.0,0.0,-1.0,-1.0,1.0,0.0,0.0,1.0,1.0,0.0,1.0,1.0
1.7942,1.2408999999999997,0.7051000000000001,0.5884999999999998,-0.177,0.5894999999999995,-1.0,0.0,-1.0,-1.0,1.0,0.0,0.0,1.0,1.0,0.0,1.0,1.0
1.7942,1.2408999999999997,0.7051000000000001,0.5884999999999998,-0.177,0.4757,-1.0,0.0,-1.0,-1.0,1.0,0.0,0.0,1.0,1.0,0.0,1.0,1.0
1.7942,1.2408999999999997,0.7051000000000001,0.5884999999999998,-0.177,-1.0071999999999994,-1.0,0.0,-1.0,-1.0,1.0,0.0,0.0,1.0,1.0,0.0,1.0,1.0
1.7942,1.2408999999999997,0.7051000000000001,0.5884999999999998,-0.177,1.6834999999999998,-1.0,0.0,-1.0,-1.0,1.0,0.0,0.0,1.0,1.0,0.0,1.0,1.0
1.7942,1.2408999999999997,0.7051000000000001,0.5884999999999998,-0.177,1.1055999999999997,-1.0,0.0,-1.0,-1.0,1.0,0.0,0.0,1.0,1.0,0.0,1.0,1.0
1.7942,1.2408999999999997,0.7051000000000001,0.5884999999999998,-0.177,0.0706,-1.0,0.0,-1.0,-1.0,1.0,0.0,0.0,1.0,1.0,0.0,1.0,1.0
1.7942,1.2408999999999997,0.7051000000000001,0.5884999999999998,-0.177,0.3166,-1.0,0.0,-1.0,-1.0,1.0,0.0,0.0,1.0,1.0,0.0,1.0,1.0
1.7942,0.8507999999999998,0.7051000000000001,0.5884999999999998,-0.177,-0.3194999999999999,-1.0,0.0,-1.0,-1.0,1.0,0.0,0.0,1.0,1.0,0.0,1.0,1.0
1.7942,0.8507999999999998,0.7051000000000001,0.5884999999999998,-0.177,0.5894999999999995,-1.0,0.0,-1.0,-1.0,1.0,0.0,0.0,1.0,1.0,0.0,1.0,1.0
1.7942,0.8507999999999998,0.7051000000000001,0.5884999999999998,-0.177,0.4757,-1.0,0.0,-1.0,-1.0,1.0,0.0,0.0,1.0,1.0,0.0,1.0,1.0
1.7942,0.8507999999999998,0.7051000000000001,0.5884999999999998,-0.177,-1.0071999999999994,-1.0,0.0,-1.0,-1.0,1.0,0.0,0.0,1.0,1.0,0.0,1.0,1.0
1.7942,0.8507999999999998,0.7051000000000001,0.5884999999999998,-0.177,1.6834999999999998,-1.0,0.0,-1.0,-1.0,1.0,0.0,0.0,1.0,1.0,0.0,1.0,1.0
1.7942,0.8507999999999998,0.7051000000000001,0.5884999999999998,-0.177,1.0473,-1.0,0.0,-1.0,-1.0,1.0,0.0,0.0,1.0,1.0,0.0,1.0,1.0
1.7942,0.8507999999999998,0.7051000000000001,0.5884999999999998,-0.177,1.1055999999999997,-1.0,0.0,-1.0,-1.0,1.0,0.0,0.0,1.0,1.0,0.0,1.0,1.0
1.7942,0.8507999999999998,0.7051000000000001,0.5884999999999998,-0.177,0.0706,-1.0,0.0,-1.0,-1.0,1.0,0.0,0.0,1.0,1.0,0.0,1.0,1.0
1.7942,0.8507999999999998,0.7051000000000001,0.5884999999999998,-0.177,0.3166,-1.0,0.0,-1.0,-1.0,1.0,0.0,0.0,1.0,1.0,0.0,1.0,1.0
1.4212,0.0360000000000002,-0.177,1.2934,1.4212,0.641,-1.0,-1.0,1.0,0.0,-1.0,1.0,0.0,0.0,1.0,1.0,0.0,0.0
-0.177,-0.5817999999999999,0.4443999999999999,-0.5817999999999999,0.641,-0.5817999999999999,-1.0,-1.0,-1.0,-1.0,-1.0,-1.0,1.0,0.0,0.0,0.0,0.0,0.0
-0.177,-0.5817999999999999,0.4443999999999999,-0.9703,0.641,-0.5817999999999999,-1.0,-1.0,-1.0,0.0,-1.0,-1.0,1.0,0.0,0.0,0.0,0.0,0.0
-0.177,0.641,0.641,1.1223,0.0543,0.4443999999999999,-1.0,-1.0,-1.0,-1.0,-1.0,-1.0,1.0,0.0,0.0,0.0,0.0,0.0
-0.177,0.641,0.4443999999999999,0.4443999999999999,0.641,-0.5817999999999999,-1.0,-1.0,-1.0,-1.0,-1.0,-1.0,1.0,0.0,0.0,0.0,0.0,0.0
-0.177,0.641,0.3466,-0.177,-0.9703,0.4443999999999999,-1.0,-1.0,-1.0,-1.0,0.0,-1.0,1.0,0.0,0.0,1.0,0.0,0.0
-0.177,-0.9703,0.4443999999999999,-0.5817999999999999,0.641,-0.5817999999999999,-1.0,0.0,-1.0,-1.0,-1.0,-1.0,1.0,0.0,0.0,0.0,0.0,0.0
-0.177,-0.9703,0.4443999999999999,-0.9703,0.641,-0.5817999999999999,-1.0,0.0,-1.0,0.0,-1.0,-1.0,1.0,0.0,0.0,0.0,0.0,0.0
-0.177,1.3907000000000005,0.7051000000000001,0.7051000000000001,0.1953999999999996,0.7051000000000001,-1.0,0.0,1.0,1.0,0.0,1.0,1.0,1.0,1.0,1.0,1.0,1.0
-0.177,1.3907000000000005,0.7051000000000001,0.7051000000000001,0.1953999999999996,0.7051000000000001,-1.0,0.0,-1.0,-1.0,0.0,-1.0,1.0,1.0,1.0,1.0,1.0,1.0
-0.177,1.3907000000000005,0.7051000000000001,0.7051000000000001,0.1953999999999996,0.7051000000000001,-1.0,0.0,1.0,1.0,0.0,1.0,1.0,1.0,1.0,1.0,1.0,1.0
-0.177,1.3907000000000005,0.7051000000000001,0.7051000000000001,0.1953999999999996,0.7051000000000001,-1.0,0.0,-1.0,-1.0,0.0,-1.0,1.0,1.0,1.0,1.0,1.0,1.0
-0.177,-0.177,0.0543,0.641,-0.177,0.641,-1.0,-1.0,-1.0,1.0,-1.0,1.0,1.0,1.0,0.0,0.0,1.0,0.0
-0.177,-0.177,0.3149999999999997,0.641,-0.177,0.641,-1.0,-1.0,-1.0,1.0,-1.0,1.0,1.0,1.0,1.0,0.0,1.0,0.0
-0.177,-1.6093999999999995,0.4443999999999999,0.641,0.641,-0.5817999999999999,-1.0,-1.0,1.0,-1.0,-1.0,-1.0,1.0,0.0,0.0,0.0,0.0,0.0
-0.177,0.1953999999999996,0.7051000000000001,0.7051000000000001,0.1953999999999996,0.7051000000000001,-1.0,0.0,1.0,1.0,0.0,1.0,1.0,1.0,1.0,1.0,1.0,1.0
-0.177,0.1953999999999996,0.7051000000000001,0.7051000000000001,0.1953999999999996,0.7051000000000001,-1.0,0.0,-1.0,-1.0,0.0,-1.0,1.0,1.0,1.0,1.0,1.0,1.0
-0.177,1.3687,1.1223000000000003,-1.338429999999999,-1.3832000000000002,1.7942,-1.0,1.0,-1.0,-1.0,1.0,-1.0,1.0,0.0,0.0,0.0,1.0,0.0
-0.177,1.3687,1.1223000000000003,-1.338429999999999,-1.3832000000000002,-0.5817999999999999,-1.0,1.0,-1.0,-1.0,1.0,-1.0,1.0,0.0,0.0,0.0,1.0,0.0
-0.177,1.3687,1.1223000000000003,-1.338429999999999,-1.3832000000000002,0.641,-1.0,1.0,-1.0,-1.0,1.0,-1.0,1.0,0.0,0.0,0.0,1.0,0.0
-0.177,1.3687,1.1223000000000003,-1.338429999999999,-1.3362000000000005,-0.5817999999999999,-1.0,1.0,-1.0,-1.0,0.0,-1.0,1.0,0.0,0.0,0.0,1.0,0.0
-0.177,1.3687,1.1223000000000003,-1.338429999999999,-1.3362000000000005,0.641,-1.0,1.0,-1.0,-1.0,0.0,-1.0,1.0,0.0,0.0,0.0,1.0,0.0
0.0706,0.8607999999999996,0.8607999999999996,-0.177,0.8607999999999996,0.641,0.0,0.0,0.0,-1.0,0.0,-1.0,1.0,1.0,1.0,1.0,1.0,0.0
0.0706,0.8607999999999996,0.8607999999999996,-0.177,0.8607999999999996,0.641,0.0,0.0,0.0,1.0,0.0,-1.0,1.0,1.0,1.0,1.0,1.0,0.0
0.0706,0.8607999999999996,0.4443999999999999,-0.177,0.4443999999999999,0.641,0.0,0.0,-1.0,1.0,-1.0,-1.0,1.0,1.0,0.0,1.0,0.0,0.0
0.0706,0.8607999999999996,0.7051000000000001,-0.177,0.7051000000000001,0.641,0.0,0.0,1.0,1.0,1.0,-1.0,1.0,1.0,1.0,1.0,1.0,0.0
0.0706,0.8607999999999996,1.0310999999999997,-0.177,0.4443999999999999,0.641,0.0,0.0,0.0,-1.0,1.0,-1.0,1.0,1.0,1.0,1.0,0.0,0.0
0.0706,0.8607999999999996,0.4443999999999999,-0.177,0.4443999999999999,0.641,0.0,0.0,1.0,-1.0,1.0,-1.0,1.0,1.0,0.0,1.0,0.0,0.0
0.0706,0.8607999999999996,0.4443999999999999,-0.177,0.4443999999999999,0.641,0.0,0.0,1.0,1.0,1.0,-1.0,1.0,1.0,0.0,1.0,0.0,0.0
0.0706,0.4443999999999999,0.8607999999999996,-0.177,0.8607999999999996,0.641,0.0,-1.0,0.0,-1.0,0.0,-1.0,1.0,0.0,1.0,1.0,1.0,0.0
0.0706,0.4443999999999999,0.8607999999999996,-0.177,0.7051000000000001,0.641,0.0,-1.0,0.0,-1.0,1.0,-1.0,1.0,0.0,1.0,1.0,1.0,0.0
0.0706,0.4443999999999999,0.8607999999999996,-0.177,0.4443999999999999,0.641,0.0,-1.0,0.0,-1.0,1.0,-1.0,1.0,0.0,1.0,1.0,0.0,0.0
0.0706,0.4443999999999999,0.8607999999999996,-0.177,0.7051000000000001,0.641,0.0,-1.0,0.0,-1.0,-1.0,-1.0,1.0,0.0,1.0,1.0,1.0,0.0
0.0706,0.4443999999999999,0.8607999999999996,-0.177,0.8607999999999996,0.641,0.0,-1.0,0.0,1.0,0.0,-1.0,1.0,0.0,1.0,1.0,1.0,0.0
0.0706,0.4443999999999999,0.8607999999999996,-0.177,0.4443999999999999,0.641,0.0,-1.0,0.0,1.0,-1.0,-1.0,1.0,0.0,1.0,1.0,0.0,0.0
0.0706,0.4443999999999999,0.8607999999999996,-0.177,0.4443999999999999,0.641,0.0,-1.0,0.0,1.0,1.0,-1.0,1.0,0.0,1.0,1.0,0.0,0.0
0.0706,0.4443999999999999,0.4443999999999999,-0.177,0.8607999999999996,0.641,0.0,-1.0,-1.0,-1.0,0.0,-1.0,1.0,0.0,0.0,1.0,1.0,0.0
0.0706,0.4443999999999999,0.4443999999999999,-0.177,0.7051000000000001,0.641,0.0,-1.0,-1.0,-1.0,1.0,-1.0,1.0,0.0,0.0,1.0,1.0,0.0
0.0706,0.4443999999999999,0.4443999999999999,-0.177,0.4443999999999999,0.641,0.0,-1.0,-1.0,-1.0,1.0,-1.0,1.0,0.0,0.0,1.0,0.0,0.0
0.0706,0.4443999999999999,0.4443999999999999,-0.177,0.7051000000000001,0.641,0.0,-1.0,-1.0,-1.0,-1.0,-1.0,1.0,0.0,0.0,1.0,1.0,0.0
0.0706,0.4443999999999999,0.4443999999999999,-0.177,0.8607999999999996,0.641,0.0,-1.0,-1.0,1.0,0.0,-1.0,1.0,0.0,0.0,1.0,1.0,0.0
0.0706,0.4443999999999999,0.4443999999999999,-0.177,0.4443999999999999,0.641,0.0,-1.0,-1.0,1.0,-1.0,-1.0,1.0,0.0,0.0,1.0,0.0,0.0
0.0706,0.4443999999999999,0.4443999999999999,-0.177,0.7051000000000001,0.641,0.0,-1.0,-1.0,1.0,1.0,-1.0,1.0,0.0,0.0,1.0,1.0,0.0
0.0706,0.4443999999999999,0.4443999999999999,-0.177,0.7051000000000001,0.641,0.0,-1.0,-1.0,1.0,-1.0,-1.0,1.0,0.0,0.0,1.0,1.0,0.0
0.0706,0.4443999999999999,0.7051000000000001,-0.177,0.8607999999999996,0.641,0.0,-1.0,1.0,-1.0,0.0,-1.0,1.0,0.0,1.0,1.0,1.0,0.0
0.0706,0.4443999999999999,0.7051000000000001,-0.177,0.4443999999999999,0.641,0.0,-1.0,1.0,-1.0,-1.0,-1.0,1.0,0.0,1.0,1.0,0.0,0.0
0.0706,0.4443999999999999,0.7051000000000001,-0.177,0.8607999999999996,0.641,0.0,-1.0,1.0,1.0,0.0,-1.0,1.0,0.0,1.0,1.0,1.0,0.0
0.0706,0.4443999999999999,0.7051000000000001,-0.177,0.4443999999999999,0.641,0.0,-1.0,1.0,1.0,1.0,-1.0,1.0,0.0,1.0,1.0,0.0,0.0
0.0706,0.4443999999999999,1.0310999999999997,-0.177,0.4443999999999999,0.641,0.0,-1.0,0.0,-1.0,-1.0,-1.0,1.0,0.0,1.0,1.0,0.0,0.0
0.0706,0.4443999999999999,1.0310999999999997,-0.177,0.4443999999999999,0.641,0.0,-1.0,0.0,1.0,1.0,-1.0,1.0,0.0,1.0,1.0,0.0,0.0
0.0706,0.4443999999999999,0.4443999999999999,-0.177,0.8607999999999996,0.641,0.0,-1.0,1.0,-1.0,0.0,-1.0,1.0,0.0,0.0,1.0,1.0,0.0
0.0706,0.4443999999999999,0.4443999999999999,-0.177,0.7051000000000001,0.641,0.0,-1.0,1.0,-1.0,1.0,-1.0,1.0,0.0,0.0,1.0,1.0,0.0
0.0706,0.4443999999999999,0.4443999999999999,-0.177,0.4443999999999999,0.641,0.0,-1.0,1.0,-1.0,1.0,-1.0,1.0,0.0,0.0,1.0,0.0,0.0
0.0706,0.4443999999999999,0.4443999999999999,-0.177,0.7051000000000001,0.641,0.0,-1.0,1.0,1.0,1.0,-1.0,1.0,0.0,0.0,1.0,1.0,0.0
0.0706,0.4443999999999999,0.4443999999999999,-0.177,0.4443999999999999,0.641,0.0,-1.0,1.0,1.0,1.0,-1.0,1.0,0.0,0.0,1.0,0.0,0.0
0.0706,0.4443999999999999,0.7051000000000001,-0.177,0.8607999999999996,0.641,0.0,-1.0,-1.0,-1.0,0.0,-1.0,1.0,0.0,1.0,1.0,1.0,0.0
0.0706,0.4443999999999999,0.7051000000000001,-0.177,0.8607999999999996,0.641,0.0,-1.0,-1.0,1.0,0.0,-1.0,1.0,0.0,1.0,1.0,1.0,0.0
0.0706,0.4443999999999999,0.7051000000000001,-0.177,0.4443999999999999,0.641,0.0,-1.0,-1.0,1.0,-1.0,-1.0,1.0,0.0,1.0,1.0,0.0,0.0
0.0706,0.4443999999999999,0.7051000000000001,-0.177,0.7051000000000001,0.641,0.0,-1.0,-1.0,1.0,1.0,-1.0,1.0,0.0,1.0,1.0,1.0,0.0
0.0706,0.4443999999999999,0.7051000000000001,-0.177,0.4443999999999999,0.641,0.0,-1.0,-1.0,1.0,1.0,-1.0,1.0,0.0,1.0,1.0,0.0,0.0
0.0706,0.4443999999999999,0.7051000000000001,-0.177,0.7051000000000001,0.641,0.0,-1.0,-1.0,1.0,-1.0,-1.0,1.0,0.0,1.0,1.0,1.0,0.0
0.0706,0.7051000000000001,0.8607999999999996,-0.177,0.8607999999999996,0.641,0.0,1.0,0.0,-1.0,0.0,-1.0,1.0,1.0,1.0,1.0,1.0,0.0
0.0706,0.7051000000000001,0.8607999999999996,-0.177,0.7051000000000001,0.641,0.0,1.0,0.0,-1.0,1.0,-1.0,1.0,1.0,1.0,1.0,1.0,0.0
0.0706,0.7051000000000001,0.8607999999999996,-0.177,0.4443999999999999,0.641,0.0,1.0,0.0,-1.0,1.0,-1.0,1.0,1.0,1.0,1.0,0.0,0.0
0.0706,0.7051000000000001,0.8607999999999996,-0.177,0.7051000000000001,0.641,0.0,1.0,0.0,-1.0,-1.0,-1.0,1.0,1.0,1.0,1.0,1.0,0.0
0.0706,0.7051000000000001,0.8607999999999996,-0.177,0.8607999999999996,0.641,0.0,1.0,0.0,1.0,0.0,-1.0,1.0,1.0,1.0,1.0,1.0,0.0
0.0706,0.7051000000000001,0.8607999999999996,-0.177,0.7051000000000001,0.641,0.0,1.0,0.0,1.0,1.0,-1.0,1.0,1.0,1.0,1.0,1.0,0.0
0.0706,0.7051000000000001,0.8607999999999996,-0.177,0.4443999999999999,0.641,0.0,1.0,0.0,1.0,1.0,-1.0,1.0,1.0,1.0,1.0,0.0,0.0
0.0706,0.7051000000000001,0.8607999999999996,-0.177,0.7051000000000001,0.641,0.0,1.0,0.0,1.0,-1.0,-1.0,1.0,1.0,1.0,1.0,1.0,0.0
0.0706,0.7051000000000001,0.4443999999999999,-0.177,0.8607999999999996,0.641,0.0,1.0,-1.0,-1.0,0.0,-1.0,1.0,1.0,0.0,1.0,1.0,0.0
0.0706,0.7051000000000001,0.4443999999999999,-0.177,0.7051000000000001,0.641,0.0,1.0,-1.0,-1.0,1.0,-1.0,1.0,1.0,0.0,1.0,1.0,0.0
0.0706,0.7051000000000001,0.4443999999999999,-0.177,0.4443999999999999,0.641,0.0,1.0,-1.0,-1.0,1.0,-1.0,1.0,1.0,0.0,1.0,0.0,0.0
0.0706,0.7051000000000001,0.4443999999999999,-0.177,0.7051000000000001,0.641,0.0,1.0,-1.0,-1.0,-1.0,-1.0,1.0,1.0,0.0,1.0,1.0,0.0
0.0706,0.7051000000000001,0.4443999999999999,-0.177,0.8607999999999996,0.641,0.0,1.0,-1.0,1.0,0.0,-1.0,1.0,1.0,0.0,1.0,1.0,0.0
0.0706,0.7051000000000001,0.4443999999999999,-0.177,0.7051000000000001,0.641,0.0,1.0,-1.0,1.0,1.0,-1.0,1.0,1.0,0.0,1.0,1.0,0.0
0.0706,0.7051000000000001,0.4443999999999999,-0.177,0.4443999999999999,0.641,0.0,1.0,-1.0,1.0,1.0,-1.0,1.0,1.0,0.0,1.0,0.0,0.0
0.0706,0.7051000000000001,0.4443999999999999,-0.177,0.7051000000000001,0.641,0.0,1.0,-1.0,1.0,-1.0,-1.0,1.0,1.0,0.0,1.0,1.0,0.0
0.0706,0.7051000000000001,0.7051000000000001,-0.177,0.7051000000000001,0.641,0.0,1.0,1.0,-1.0,1.0,-1.0,1.0,1.0,1.0,1.0,1.0,0.0
0.0706,0.7051000000000001,0.7051000000000001,-0.177,0.4443999999999999,0.641,0.0,1.0,1.0,-1.0,1.0,-1.0,1.0,1.0,1.0,1.0,0.0,0.0
0.0706,0.7051000000000001,0.7051000000000001,-0.177,0.8607999999999996,0.641,0.0,1.0,1.0,1.0,0.0,-1.0,1.0,1.0,1.0,1.0,1.0,0.0
0.0706,0.7051000000000001,0.7051000000000001,-0.177,0.7051000000000001,0.641,0.0,1.0,1.0,1.0,1.0,-1.0,1.0,1.0,1.0,1.0,1.0,0.0
0.0706,0.7051000000000001,1.0310999999999997,-0.177,0.4443999999999999,0.641,0.0,1.0,0.0,-1.0,-1.0,-1.0,1.0,1.0,1.0,1.0,0.0,0.0
0.0706,0.7051000000000001,0.4443999999999999,-0.177,0.8607999999999996,0.641,0.0,1.0,1.0,-1.0,0.0,-1.0,1.0,1.0,0.0,1.0,1.0,0.0
0.0706,0.7051000000000001,0.4443999999999999,-0.177,0.7051000000000001,0.641,0.0,1.0,1.0,-1.0,1.0,-1.0,1.0,1.0,0.0,1.0,1.0,0.0
0.0706,0.7051000000000001,0.4443999999999999,-0.177,0.4443999999999999,0.641,0.0,1.0,1.0,-1.0,1.0,-1.0,1.0,1.0,0.0,1.0,0.0,0.0
0.0706,0.7051000000000001,0.4443999999999999,-0.177,0.4443999999999999,0.641,0.0,1.0,1.0,1.0,-1.0,-1.0,1.0,1.0,0.0,1.0,0.0,0.0
0.0706,0.7051000000000001,0.4443999999999999,-0.177,0.7051000000000001,0.641,0.0,1.0,1.0,1.0,1.0,-1.0,1.0,1.0,0.0,1.0,1.0,0.0
0.0706,0.7051000000000001,0.4443999999999999,-0.177,0.4443999999999999,0.641,0.0,1.0,1.0,1.0,1.0,-1.0,1.0,1.0,0.0,1.0,0.0,0.0
0.0706,0.7051000000000001,0.4443999999999999,-0.177,0.7051000000000001,0.641,0.0,1.0,1.0,1.0,-1.0,-1.0,1.0,1.0,0.0,1.0,1.0,0.0
0.0706,0.7051000000000001,0.7051000000000001,-0.177,0.8607999999999996,0.641,0.0,1.0,-1.0,-1.0,0.0,-1.0,1.0,1.0,1.0,1.0,1.0,0.0
0.0706,0.7051000000000001,0.7051000000000001,-0.177,0.7051000000000001,0.641,0.0,1.0,-1.0,-1.0,1.0,-1.0,1.0,1.0,1.0,1.0,1.0,0.0
0.0706,0.7051000000000001,0.7051000000000001,-0.177,0.4443999999999999,0.641,0.0,1.0,-1.0,-1.0,1.0,-1.0,1.0,1.0,1.0,1.0,0.0,0.0
0.0706,0.7051000000000001,0.7051000000000001,-0.177,0.7051000000000001,0.641,0.0,1.0,-1.0,-1.0,-1.0,-1.0,1.0,1.0,1.0,1.0,1.0,0.0
0.0706,0.7051000000000001,0.7051000000000001,-0.177,0.8607999999999996,0.641,0.0,1.0,-1.0,1.0,0.0,-1.0,1.0,1.0,1.0,1.0,1.0,0.0
0.0706,0.7051000000000001,0.7051000000000001,-0.177,0.4443999999999999,0.641,0.0,1.0,-1.0,1.0,-1.0,-1.0,1.0,1.0,1.0,1.0,0.0,0.0
0.0706,0.7051000000000001,0.7051000000000001,-0.177,0.7051000000000001,0.641,0.0,1.0,-1.0,1.0,1.0,-1.0,1.0,1.0,1.0,1.0,1.0,0.0
0.0706,0.7051000000000001,0.7051000000000001,-0.177,0.4443999999999999,0.641,0.0,1.0,-1.0,1.0,1.0,-1.0,1.0,1.0,1.0,1.0,0.0,0.0
0.0706,0.7051000000000001,0.7051000000000001,-0.177,0.7051000000000001,0.641,0.0,1.0,-1.0,1.0,-1.0,-1.0,1.0,1.0,1.0,1.0,1.0,0.0
0.0706,0.4443999999999999,0.8607999999999996,-0.177,0.8607999999999996,0.641,0.0,1.0,0.0,-1.0,0.0,-1.0,1.0,0.0,1.0,1.0,1.0,0.0
0.0706,0.4443999999999999,0.8607999999999996,-0.177,0.4443999999999999,0.641,0.0,1.0,0.0,-1.0,-1.0,-1.0,1.0,0.0,1.0,1.0,0.0,0.0
0.0706,0.4443999999999999,0.8607999999999996,-0.177,0.7051000000000001,0.641,0.0,1.0,0.0,-1.0,1.0,-1.0,1.0,0.0,1.0,1.0,1.0,0.0
0.0706,0.4443999999999999,0.8607999999999996,-0.177,0.7051000000000001,0.641,0.0,1.0,0.0,-1.0,-1.0,-1.0,1.0,0.0,1.0,1.0,1.0,0.0
0.0706,0.4443999999999999,0.8607999999999996,-0.177,0.4443999999999999,0.641,0.0,1.0,0.0,1.0,-1.0,-1.0,1.0,0.0,1.0,1.0,0.0,0.0
0.0706,0.4443999999999999,0.8607999999999996,-0.177,0.7051000000000001,0.641,0.0,1.0,0.0,1.0,1.0,-1.0,1.0,0.0,1.0,1.0,1.0,0.0
0.0706,0.4443999999999999,0.8607999999999996,-0.177,0.4443999999999999,0.641,0.0,1.0,0.0,1.0,1.0,-1.0,1.0,0.0,1.0,1.0,0.0,0.0
0.0706,0.4443999999999999,0.8607999999999996,-0.177,0.7051000000000001,0.641,0.0,1.0,0.0,1.0,-1.0,-1.0,1.0,0.0,1.0,1.0,1.0,0.0
0.0706,0.4443999999999999,0.4443999999999999,-0.177,0.8607999999999996,0.641,0.0,1.0,-1.0,-1.0,0.0,-1.0,1.0,0.0,0.0,1.0,1.0,0.0
0.0706,0.4443999999999999,0.4443999999999999,-0.177,0.4443999999999999,0.641,0.0,1.0,-1.0,-1.0,-1.0,-1.0,1.0,0.0,0.0,1.0,0.0,0.0
0.0706,0.4443999999999999,0.4443999999999999,-0.177,0.4443999999999999,0.641,0.0,1.0,-1.0,-1.0,1.0,-1.0,1.0,0.0,0.0,1.0,0.0,0.0
0.0706,0.4443999999999999,0.4443999999999999,-0.177,0.7051000000000001,0.641,0.0,1.0,-1.0,-1.0,-1.0,-1.0,1.0,0.0,0.0,1.0,1.0,0.0
0.0706,0.4443999999999999,0.4443999999999999,-0.177,0.8607999999999996,0.641,0.0,1.0,-1.0,1.0,0.0,-1.0,1.0,0.0,0.0,1.0,1.0,0.0
0.0706,0.4443999999999999,0.4443999999999999,-0.177,0.4443999999999999,0.641,0.0,1.0,-1.0,1.0,-1.0,-1.0,1.0,0.0,0.0,1.0,0.0,0.0
0.0706,0.4443999999999999,0.4443999999999999,-0.177,0.4443999999999999,0.641,0.0,1.0,-1.0,1.0,1.0,-1.0,1.0,0.0,0.0,1.0,0.0,0.0
0.0706,0.4443999999999999,0.4443999999999999,-0.177,0.7051000000000001,0.641,0.0,1.0,-1.0,1.0,-1.0,-1.0,1.0,0.0,0.0,1.0,1.0,0.0
0.0706,0.4443999999999999,0.7051000000000001,-0.177,0.7051000000000001,0.641,0.0,1.0,1.0,-1.0,1.0,-1.0,1.0,0.0,1.0,1.0,1.0,0.0
0.0706,0.4443999999999999,0.7051000000000001,-0.177,0.4443999999999999,0.641,0.0,1.0,1.0,-1.0,1.0,-1.0,1.0,0.0,1.0,1.0,0.0,0.0
0.0706,0.4443999999999999,1.0310999999999997,-0.177,0.8607999999999996,0.641,0.0,1.0,0.0,-1.0,0.0,-1.0,1.0,0.0,1.0,1.0,1.0,0.0
0.0706,0.4443999999999999,1.0310999999999997,-0.177,0.4443999999999999,0.641,0.0,1.0,0.0,-1.0,-1.0,-1.0,1.0,0.0,1.0,1.0,0.0,0.0
0.0706,0.4443999999999999,1.0310999999999997,-0.177,0.7051000000000001,0.641,0.0,1.0,0.0,-1.0,1.0,-1.0,1.0,0.0,1.0,1.0,1.0,0.0
0.0706,0.4443999999999999,1.0310999999999997,-0.177,0.8607999999999996,0.641,0.0,1.0,0.0,1.0,0.0,-1.0,1.0,0.0,1.0,1.0,1.0,0.0
0.0706,0.4443999999999999,1.0310999999999997,-0.177,0.4443999999999999,0.641,0.0,1.0,0.0,1.0,-1.0,-1.0,1.0,0.0,1.0,1.0,0.0,0.0
0.0706,0.4443999999999999,1.0310999999999997,-0.177,0.7051000000000001,0.641,0.0,1.0,0.0,1.0,1.0,-1.0,1.0,0.0,1.0,1.0,1.0,0.0
0.0706,0.4443999999999999,0.4443999999999999,-0.177,0.8607999999999996,0.641,0.0,1.0,1.0,-1.0,0.0,-1.0,1.0,0.0,0.0,1.0,1.0,0.0
0.0706,0.4443999999999999,0.4443999999999999,-0.177,0.4443999999999999,0.641,0.0,1.0,1.0,-1.0,-1.0,-1.0,1.0,0.0,0.0,1.0,0.0,0.0
0.0706,0.4443999999999999,0.4443999999999999,-0.177,0.7051000000000001,0.641,0.0,1.0,1.0,-1.0,1.0,-1.0,1.0,0.0,0.0,1.0,1.0,0.0
0.0706,0.4443999999999999,0.4443999999999999,-0.177,0.8607999999999996,0.641,0.0,1.0,1.0,1.0,0.0,-1.0,1.0,0.0,0.0,1.0,1.0,0.0
0.0706,0.4443999999999999,0.4443999999999999,-0.177,0.4443999999999999,0.641,0.0,1.0,1.0,1.0,-1.0,-1.0,1.0,0.0,0.0,1.0,0.0,0.0
0.0706,0.4443999999999999,0.4443999999999999,-0.177,0.7051000000000001,0.641,0.0,1.0,1.0,1.0,1.0,-1.0,1.0,0.0,0.0,1.0,1.0,0.0
0.0706,0.4443999999999999,0.4443999999999999,-0.177,0.4443999999999999,0.641,0.0,1.0,1.0,1.0,1.0,-1.0,1.0,0.0,0.0,1.0,0.0,0.0
0.0706,0.4443999999999999,0.4443999999999999,-0.177,0.7051000000000001,0.641,0.0,1.0,1.0,1.0,-1.0,-1.0,1.0,0.0,0.0,1.0,1.0,0.0
0.0706,0.4443999999999999,0.7051000000000001,-0.177,0.8607999999999996,0.641,0.0,1.0,-1.0,-1.0,0.0,-1.0,1.0,0.0,1.0,1.0,1.0,0.0
0.0706,0.4443999999999999,0.7051000000000001,-0.177,0.7051000000000001,0.641,0.0,1.0,-1.0,-1.0,1.0,-1.0,1.0,0.0,1.0,1.0,1.0,0.0
0.0706,0.4443999999999999,0.7051000000000001,-0.177,0.7051000000000001,0.641,0.0,1.0,-1.0,-1.0,-1.0,-1.0,1.0,0.0,1.0,1.0,1.0,0.0
0.0706,0.4443999999999999,0.7051000000000001,-0.177,0.4443999999999999,0.641,0.0,1.0,-1.0,1.0,-1.0,-1.0,1.0,0.0,1.0,1.0,0.0,0.0
0.0706,0.4443999999999999,0.7051000000000001,-0.177,0.4443999999999999,0.641,0.0,1.0,-1.0,1.0,1.0,-1.0,1.0,0.0,1.0,1.0,0.0,0.0
0.0706,0.7051000000000001,0.8607999999999996,-0.177,0.8607999999999996,0.641,0.0,-1.0,0.0,-1.0,0.0,-1.0,1.0,1.0,1.0,1.0,1.0,0.0
0.0706,0.7051000000000001,0.8607999999999996,-0.177,0.7051000000000001,0.641,0.0,-1.0,0.0,-1.0,-1.0,-1.0,1.0,1.0,1.0,1.0,1.0,0.0
0.0706,0.7051000000000001,0.8607999999999996,-0.177,0.8607999999999996,0.641,0.0,-1.0,0.0,1.0,0.0,-1.0,1.0,1.0,1.0,1.0,1.0,0.0
0.0706,0.7051000000000001,0.8607999999999996,-0.177,0.4443999999999999,0.641,0.0,-1.0,0.0,1.0,1.0,-1.0,1.0,1.0,1.0,1.0,0.0,0.0
0.0706,0.7051000000000001,0.8607999999999996,-0.177,0.7051000000000001,0.641,0.0,-1.0,0.0,1.0,-1.0,-1.0,1.0,1.0,1.0,1.0,1.0,0.0
0.0706,0.7051000000000001,0.4443999999999999,-0.177,0.8607999999999996,0.641,0.0,-1.0,-1.0,-1.0,0.0,-1.0,1.0,1.0,0.0,1.0,1.0,0.0
0.0706,0.7051000000000001,0.4443999999999999,-0.177,0.4443999999999999,0.641,0.0,-1.0,-1.0,-1.0,-1.0,-1.0,1.0,1.0,0.0,1.0,0.0,0.0
0.0706,0.7051000000000001,0.4443999999999999,-0.177,0.7051000000000001,0.641,0.0,-1.0,-1.0,-1.0,1.0,-1.0,1.0,1.0,0.0,1.0,1.0,0.0
0.0706,0.7051000000000001,0.4443999999999999,-0.177,0.4443999999999999,0.641,0.0,-1.0,-1.0,-1.0,1.0,-1.0,1.0,1.0,0.0,1.0,0.0,0.0
0.0706,0.7051000000000001,0.4443999999999999,-0.177,0.7051000000000001,0.641,0.0,-1.0,-1.0,-1.0,-1.0,-1.0,1.0,1.0,0.0,1.0,1.0,0.0
0.0706,0.7051000000000001,0.4443999999999999,-0.177,0.8607999999999996,0.641,0.0,-1.0,-1.0,1.0,0.0,-1.0,1.0,1.0,0.0,1.0,1.0,0.0
0.0706,0.7051000000000001,0.4443999999999999,-0.177,0.7051000000000001,0.641,0.0,-1.0,-1.0,1.0,1.0,-1.0,1.0,1.0,0.0,1.0,1.0,0.0
0.0706,0.7051000000000001,0.4443999999999999,-0.177,0.4443999999999999,0.641,0.0,-1.0,-1.0,1.0,1.0,-1.0,1.0,1.0,0.0,1.0,0.0,0.0
0.0706,0.7051000000000001,0.4443999999999999,-0.177,0.7051000000000001,0.641,0.0,-1.0,-1.0,1.0,-1.0,-1.0,1.0,1.0,0.0,1.0,1.0,0.0
0.0706,0.7051000000000001,0.7051000000000001,-0.177,0.8607999999999996,0.641,0.0,-1.0,1.0,-1.0,0.0,-1.0,1.0,1.0,1.0,1.0,1.0,0.0
0.0706,0.7051000000000001,0.7051000000000001,-0.177,0.4443999999999999,0.641,0.0,-1.0,1.0,-1.0,-1.0,-1.0,1.0,1.0,1.0,1.0,0.0,0.0
0.0706,0.7051000000000001,0.7051000000000001,-0.177,0.7051000000000001,0.641,0.0,-1.0,1.0,-1.0,1.0,-1.0,1.0,1.0,1.0,1.0,1.0,0.0
0.0706,0.7051000000000001,0.7051000000000001,-0.177,0.4443999999999999,0.641,0.0,-1.0,1.0,-1.0,1.0,-1.0,1.0,1.0,1.0,1.0,0.0,0.0
0.0706,0.7051000000000001,0.7051000000000001,-0.177,0.7051000000000001,0.641,0.0,-1.0,1.0,-1.0,-1.0,-1.0,1.0,1.0,1.0,1.0,1.0,0.0
0.0706,0.7051000000000001,0.7051000000000001,-0.177,0.8607999999999996,0.641,0.0,-1.0,1.0,1.0,0.0,-1.0,1.0,1.0,1.0,1.0,1.0,0.0
0.0706,0.7051000000000001,0.7051000000000001,-0.177,0.7051000000000001,0.641,0.0,-1.0,1.0,1.0,1.0,-1.0,1.0,1.0,1.0,1.0,1.0,0.0
0.0706,0.7051000000000001,0.7051000000000001,-0.177,0.4443999999999999,0.641,0.0,-1.0,1.0,1.0,1.0,-1.0,1.0,1.0,1.0,1.0,0.0,0.0
0.0706,0.7051000000000001,0.7051000000000001,-0.177,0.7051000000000001,0.641,0.0,-1.0,1.0,1.0,-1.0,-1.0,1.0,1.0,1.0,1.0,1.0,0.0
0.0706,0.7051000000000001,1.0310999999999997,-0.177,0.7051000000000001,0.641,0.0,-1.0,0.0,1.0,1.0,-1.0,1.0,1.0,1.0,1.0,1.0,0.0
0.0706,0.7051000000000001,1.0310999999999997,-0.177,0.4443999999999999,0.641,0.0,-1.0,0.0,1.0,1.0,-1.0,1.0,1.0,1.0,1.0,0.0,0.0
0.0706,0.7051000000000001,1.0310999999999997,-0.177,0.7051000000000001,0.641,0.0,-1.0,0.0,1.0,-1.0,-1.0,1.0,1.0,1.0,1.0,1.0,0.0
0.0706,0.7051000000000001,0.4443999999999999,-0.177,0.4443999999999999,0.641,0.0,-1.0,1.0,-1.0,-1.0,-1.0,1.0,1.0,0.0,1.0,0.0,0.0
0.0706,0.7051000000000001,0.4443999999999999,-0.177,0.7051000000000001,0.641,0.0,-1.0,1.0,-1.0,1.0,-1.0,1.0,1.0,0.0,1.0,1.0,0.0
0.0706,0.7051000000000001,0.4443999999999999,-0.177,0.4443999999999999,0.641,0.0,-1.0,1.0,1.0,-1.0,-1.0,1.0,1.0,0.0,1.0,0.0,0.0
0.0706,0.7051000000000001,0.4443999999999999,-0.177,0.7051000000000001,0.641,0.0,-1.0,1.0,1.0,1.0,-1.0,1.0,1.0,0.0,1.0,1.0,0.0
0.0706,0.7051000000000001,0.4443999999999999,-0.177,0.4443999999999999,0.641,0.0,-1.0,1.0,1.0,1.0,-1.0,1.0,1.0,0.0,1.0,0.0,0.0
0.0706,0.7051000000000001,0.4443999999999999,-0.177,0.7051000000000001,0.641,0.0,-1.0,1.0,1.0,-1.0,-1.0,1.0,1.0,0.0,1.0,1.0,0.0
0.0706,0.7051000000000001,0.7051000000000001,-0.177,0.8607999999999996,0.641,0.0,-1.0,-1.0,-1.0,0.0,-1.0,1.0,1.0,1.0,1.0,1.0,0.0
0.0706,0.7051000000000001,0.7051000000000001,-0.177,0.8607999999999996,0.641,0.0,-1.0,-1.0,1.0,0.0,-1.0,1.0,1.0,1.0,1.0,1.0,0.0
0.0706,0.7051000000000001,0.7051000000000001,-0.177,0.4443999999999999,0.641,0.0,-1.0,-1.0,1.0,1.0,-1.0,1.0,1.0,1.0,1.0,0.0,0.0
-1.6093999999999995,0.7051000000000001,0.7051000000000001,0.4443999999999999,-0.177,0.6072999999999997,-1.0,1.0,-1.0,-1.0,1.0,-1.0,0.0,1.0,1.0,0.0,1.0,1.0
-0.7096000000000002,-1.2208999999999997,0.641,0.4443999999999999,0.3466,-1.2208999999999997,0.0,-1.0,-1.0,-1.0,-1.0,-1.0,1.0,0.0,0.0,0.0,0.0,0.0
-0.7096000000000002,-0.9601999999999996,0.641,0.4443999999999999,0.3466,-1.2208999999999997,0.0,-1.0,-1.0,-1.0,-1.0,-1.0,1.0,1.0,0.0,0.0,0.0,0.0
0.6496,-0.177,0.4443999999999999,0.4443999999999999,-0.177,0.4443999999999999,-1.0,-1.0,-1.0,-1.0,1.0,1.0,0.0,1.0,0.0,0.0,1.0,0.0
0.6496,-0.177,0.4443999999999999,0.4443999999999999,0.4443999999999999,0.4443999999999999,-1.0,-1.0,-1.0,1.0,1.0,1.0,0.0,1.0,0.0,0.0,0.0,0.0
0.6496,-0.177,0.4443999999999999,0.4443999999999999,0.4443999999999999,0.4443999999999999,-1.0,-1.0,1.0,-1.0,1.0,1.0,0.0,1.0,0.0,0.0,0.0,0.0
0.6496,-0.177,0.4443999999999999,0.4443999999999999,0.4443999999999999,0.4443999999999999,-1.0,-1.0,1.0,1.0,1.0,-1.0,0.0,1.0,0.0,0.0,0.0,0.0
0.6496,-0.177,0.4443999999999999,0.4443999999999999,0.4443999999999999,0.4443999999999999,-1.0,-1.0,1.0,1.0,1.0,1.0,0.0,1.0,0.0,0.0,0.0,0.0
0.6496,-0.177,-0.177,0.4443999999999999,0.4443999999999999,0.4443999999999999,-1.0,-1.0,1.0,1.0,-1.0,-1.0,0.0,1.0,1.0,0.0,0.0,0.0
0.6496,-0.177,0.4443999999999999,0.4443999999999999,0.4443999999999999,0.4443999999999999,-1.0,1.0,-1.0,-1.0,1.0,-1.0,0.0,1.0,0.0,0.0,0.0,0.0
0.0974999999999998,0.0360000000000002,-0.177,1.2934,1.4212,0.641,-1.0,-1.0,1.0,0.0,-1.0,1.0,0.0,0.0,1.0,1.0,0.0,0.0
1.1223000000000003,0.0360000000000002,-0.177,1.2934,1.4212,0.641,-1.0,-1.0,1.0,0.0,-1.0,1.0,0.0,0.0,1.0,1.0,0.0,0.0
0.3466,0.478,0.4443999999999999,0.4443999999999999,0.4443999999999999,-0.177,-1.0,-1.0,1.0,-1.0,-1.0,1.0,0.0,1.0,0.0,0.0,0.0,1.0
0.3466,0.4443999999999999,0.7051000000000001,0.4443999999999999,0.4443999999999999,-0.177,-1.0,-1.0,1.0,-1.0,-1.0,1.0,0.0,0.0,1.0,0.0,0.0,1.0
0.3466,0.4443999999999999,0.478,0.4443999999999999,0.4443999999999999,-0.177,-1.0,-1.0,1.0,-1.0,-1.0,1.0,0.0,0.0,1.0,0.0,0.0,1.0
0.3466,0.4443999999999999,0.4443999999999999,0.478,0.4443999999999999,-0.177,-1.0,-1.0,1.0,-1.0,-1.0,1.0,0.0,0.0,0.0,1.0,0.0,1.0
0.3466,0.4443999999999999,0.4443999999999999,0.4443999999999999,0.478,-0.177,-1.0,-1.0,1.0,-1.0,-1.0,1.0,0.0,0.0,0.0,0.0,1.0,1.0
0.3466,0.4443999999999999,0.4443999999999999,0.4443999999999999,0.4443999999999999,-0.177,-1.0,-1.0,1.0,-1.0,-1.0,1.0,0.0,0.0,0.0,0.0,0.0,1.0
0.3466,0.4443999999999999,0.4443999999999999,0.4443999999999999,0.7051000000000001,-0.177,-1.0,-1.0,1.0,-1.0,-1.0,1.0,0.0,0.0,0.0,0.0,1.0,1.0
0.3466,0.4443999999999999,0.4443999999999999,0.7051000000000001,0.4443999999999999,-0.177,-1.0,-1.0,1.0,-1.0,-1.0,1.0,0.0,0.0,0.0,1.0,0.0,1.0
0.3466,0.7051000000000001,0.4443999999999999,0.4443999999999999,0.4443999999999999,-0.177,-1.0,-1.0,1.0,-1.0,-1.0,1.0,0.0,1.0,0.0,0.0,0.0,1.0
1.0310999999999997,0.8607999999999996,0.8607999999999996,-0.177,0.8607999999999996,0.641,0.0,0.0,0.0,-1.0,0.0,-1.0,1.0,1.0,1.0,1.0,1.0,0.0
1.0310999999999997,0.8607999999999996,0.8607999999999996,-0.177,0.8607999999999996,0.641,0.0,0.0,0.0,1.0,0.0,-1.0,1.0,1.0,1.0,1.0,1.0,0.0
1.0310999999999997,0.8607999999999996,0.4443999999999999,-0.177,0.4443999999999999,0.641,0.0,0.0,-1.0,-1.0,-1.0,-1.0,1.0,1.0,0.0,1.0,0.0,0.0
1.0310999999999997,0.8607999999999996,0.4443999999999999,-0.177,0.4443999999999999,0.641,0.0,0.0,-1.0,1.0,-1.0,-1.0,1.0,1.0,0.0,1.0,0.0,0.0
1.0310999999999997,0.8607999999999996,0.7051000000000001,-0.177,0.7051000000000001,0.641,0.0,0.0,1.0,1.0,1.0,-1.0,1.0,1.0,1.0,1.0,1.0,0.0
1.0310999999999997,0.8607999999999996,1.0310999999999997,-0.177,0.8607999999999996,0.641,0.0,0.0,0.0,-1.0,0.0,-1.0,1.0,1.0,1.0,1.0,1.0,0.0
1.0310999999999997,0.8607999999999996,1.0310999999999997,-0.177,0.4443999999999999,0.641,0.0,0.0,0.0,-1.0,-1.0,-1.0,1.0,1.0,1.0,1.0,0.0,0.0
1.0310999999999997,0.8607999999999996,1.0310999999999997,-0.177,0.7051000000000001,0.641,0.0,0.0,0.0,-1.0,1.0,-1.0,1.0,1.0,1.0,1.0,1.0,0.0
1.0310999999999997,0.8607999999999996,1.0310999999999997,-0.177,0.4443999999999999,0.641,0.0,0.0,0.0,-1.0,1.0,-1.0,1.0,1.0,1.0,1.0,0.0,0.0
1.0310999999999997,0.8607999999999996,1.0310999999999997,-0.177,0.8607999999999996,0.641,0.0,0.0,0.0,1.0,0.0,-1.0,1.0,1.0,1.0,1.0,1.0,0.0
1.0310999999999997,0.8607999999999996,1.0310999999999997,-0.177,0.4443999999999999,0.641,0.0,0.0,0.0,1.0,-1.0,-1.0,1.0,1.0,1.0,1.0,0.0,0.0
1.0310999999999997,0.8607999999999996,1.0310999999999997,-0.177,0.4443999999999999,0.641,0.0,0.0,0.0,1.0,1.0,-1.0,1.0,1.0,1.0,1.0,0.0,0.0
1.0310999999999997,0.8607999999999996,0.4443999999999999,-0.177,0.4443999999999999,0.641,0.0,0.0,1.0,-1.0,1.0,-1.0,1.0,1.0,0.0,1.0,0.0,0.0
1.0310999999999997,0.8607999999999996,0.4443999999999999,-0.177,0.4443999999999999,0.641,0.0,0.0,1.0,1.0,1.0,-1.0,1.0,1.0,0.0,1.0,0.0,0.0
1.0310999999999997,0.4443999999999999,0.8607999999999996,-0.177,0.8607999999999996,0.641,0.0,-1.0,0.0,-1.0,0.0,-1.0,1.0,0.0,1.0,1.0,1.0,0.0
1.0310999999999997,0.4443999999999999,0.8607999999999996,-0.177,0.4443999999999999,0.641,0.0,-1.0,0.0,-1.0,-1.0,-1.0,1.0,0.0,1.0,1.0,0.0,0.0
1.0310999999999997,0.4443999999999999,0.8607999999999996,-0.177,0.7051000000000001,0.641,0.0,-1.0,0.0,-1.0,1.0,-1.0,1.0,0.0,1.0,1.0,1.0,0.0
1.0310999999999997,0.4443999999999999,0.8607999999999996,-0.177,0.7051000000000001,0.641,0.0,-1.0,0.0,-1.0,-1.0,-1.0,1.0,0.0,1.0,1.0,1.0,0.0
1.0310999999999997,0.4443999999999999,0.8607999999999996,-0.177,0.4443999999999999,0.641,0.0,-1.0,0.0,1.0,-1.0,-1.0,1.0,0.0,1.0,1.0,0.0,0.0
1.0310999999999997,0.4443999999999999,0.8607999999999996,-0.177,0.7051000000000001,0.641,0.0,-1.0,0.0,1.0,1.0,-1.0,1.0,0.0,1.0,1.0,1.0,0.0
1.0310999999999997,0.4443999999999999,0.8607999999999996,-0.177,0.4443999999999999,0.641,0.0,-1.0,0.0,1.0,1.0,-1.0,1.0,0.0,1.0,1.0,0.0,0.0
1.0310999999999997,0.4443999999999999,0.8607999999999996,-0.177,0.7051000000000001,0.641,0.0,-1.0,0.0,1.0,-1.0,-1.0,1.0,0.0,1.0,1.0,1.0,0.0
1.0310999999999997,0.4443999999999999,0.4443999999999999,-0.177,0.8607999999999996,0.641,0.0,-1.0,-1.0,-1.0,0.0,-1.0,1.0,0.0,0.0,1.0,1.0,0.0
1.0310999999999997,0.4443999999999999,0.4443999999999999,-0.177,0.4443999999999999,0.641,0.0,-1.0,-1.0,-1.0,-1.0,-1.0,1.0,0.0,0.0,1.0,0.0,0.0
1.0310999999999997,0.4443999999999999,0.4443999999999999,-0.177,0.7051000000000001,0.641,0.0,-1.0,-1.0,-1.0,1.0,-1.0,1.0,0.0,0.0,1.0,1.0,0.0
1.0310999999999997,0.4443999999999999,0.4443999999999999,-0.177,0.4443999999999999,0.641,0.0,-1.0,-1.0,-1.0,1.0,-1.0,1.0,0.0,0.0,1.0,0.0,0.0
1.0310999999999997,0.4443999999999999,0.4443999999999999,-0.177,0.7051000000000001,0.641,0.0,-1.0,-1.0,-1.0,-1.0,-1.0,1.0,0.0,0.0,1.0,1.0,0.0
1.0310999999999997,0.4443999999999999,0.4443999999999999,-0.177,0.4443999999999999,0.641,0.0,-1.0,-1.0,1.0,-1.0,-1.0,1.0,0.0,0.0,1.0,0.0,0.0
1.0310999999999997,0.4443999999999999,0.4443999999999999,-0.177,0.7051000000000001,0.641,0.0,-1.0,-1.0,1.0,1.0,-1.0,1.0,0.0,0.0,1.0,1.0,0.0
1.0310999999999997,0.4443999999999999,0.4443999999999999,-0.177,0.4443999999999999,0.641,0.0,-1.0,-1.0,1.0,1.0,-1.0,1.0,0.0,0.0,1.0,0.0,0.0
1.0310999999999997,0.4443999999999999,0.4443999999999999,-0.177,0.7051000000000001,0.641,0.0,-1.0,-1.0,1.0,-1.0,-1.0,1.0,0.0,0.0,1.0,1.0,0.0
1.0310999999999997,0.4443999999999999,0.7051000000000001,-0.177,0.8607999999999996,0.641,0.0,-1.0,1.0,-1.0,0.0,-1.0,1.0,0.0,1.0,1.0,1.0,0.0
1.0310999999999997,0.4443999999999999,0.7051000000000001,-0.177,0.4443999999999999,0.641,0.0,-1.0,1.0,-1.0,-1.0,-1.0,1.0,0.0,1.0,1.0,0.0,0.0
1.0310999999999997,0.4443999999999999,0.7051000000000001,-0.177,0.7051000000000001,0.641,0.0,-1.0,1.0,-1.0,1.0,-1.0,1.0,0.0,1.0,1.0,1.0,0.0
1.0310999999999997,0.4443999999999999,0.7051000000000001,-0.177,0.4443999999999999,0.641,0.0,-1.0,1.0,-1.0,1.0,-1.0,1.0,0.0,1.0,1.0,0.0,0.0
1.0310999999999997,0.4443999999999999,0.7051000000000001,-0.177,0.7051000000000001,0.641,0.0,-1.0,1.0,-1.0,-1.0,-1.0,1.0,0.0,1.0,1.0,1.0,0.0
1.0310999999999997,0.4443999999999999,0.7051000000000001,-0.177,0.7051000000000001,0.641,0.0,-1.0,1.0,1.0,1.0,-1.0,1.0,0.0,1.0,1.0,1.0,0.0
1.0310999999999997,0.4443999999999999,0.7051000000000001,-0.177,0.4443999999999999,0.641,0.0,-1.0,1.0,1.0,1.0,-1.0,1.0,0.0,1.0,1.0,0.0,0.0
1.0310999999999997,0.4443999999999999,0.7051000000000001,-0.177,0.7051000000000001,0.641,0.0,-1.0,1.0,1.0,-1.0,-1.0,1.0,0.0,1.0,1.0,1.0,0.0
1.0310999999999997,0.4443999999999999,1.0310999999999997,-0.177,0.4443999999999999,0.641,0.0,-1.0,0.0,-1.0,-1.0,-1.0,1.0,0.0,1.0,1.0,0.0,0.0
1.0310999999999997,0.4443999999999999,1.0310999999999997,-0.177,0.4443999999999999,0.641,0.0,-1.0,0.0,-1.0,1.0,-1.0,1.0,0.0,1.0,1.0,0.0,0.0
1.0310999999999997,0.4443999999999999,1.0310999999999997,-0.177,0.7051000000000001,0.641,0.0,-1.0,0.0,-1.0,-1.0,-1.0,1.0,0.0,1.0,1.0,1.0,0.0
1.0310999999999997,0.4443999999999999,1.0310999999999997,-0.177,0.4443999999999999,0.641,0.0,-1.0,0.0,1.0,-1.0,-1.0,1.0,0.0,1.0,1.0,0.0,0.0
1.0310999999999997,0.4443999999999999,1.0310999999999997,-0.177,0.7051000000000001,0.641,0.0,-1.0,0.0,1.0,1.0,-1.0,1.0,0.0,1.0,1.0,1.0,0.0
1.0310999999999997,0.4443999999999999,1.0310999999999997,-0.177,0.4443999999999999,0.641,0.0,-1.0,0.0,1.0,1.0,-1.0,1.0,0.0,1.0,1.0,0.0,0.0
1.0310999999999997,0.4443999999999999,1.0310999999999997,-0.177,0.7051000000000001,0.641,0.0,-1.0,0.0,1.0,-1.0,-1.0,1.0,0.0,1.0,1.0,1.0,0.0
1.0310999999999997,0.4443999999999999,0.4443999999999999,-0.177,0.8607999999999996,0.641,0.0,-1.0,1.0,-1.0,0.0,-1.0,1.0,0.0,0.0,1.0,1.0,0.0
1.0310999999999997,0.4443999999999999,0.4443999999999999,-0.177,0.4443999999999999,0.641,0.0,-1.0,1.0,-1.0,-1.0,-1.0,1.0,0.0,0.0,1.0,0.0,0.0
1.0310999999999997,0.4443999999999999,0.4443999999999999,-0.177,0.7051000000000001,0.641,0.0,-1.0,1.0,-1.0,1.0,-1.0,1.0,0.0,0.0,1.0,1.0,0.0
1.0310999999999997,0.4443999999999999,0.4443999999999999,-0.177,0.4443999999999999,0.641,0.0,-1.0,1.0,-1.0,1.0,-1.0,1.0,0.0,0.0,1.0,0.0,0.0
1.0310999999999997,0.4443999999999999,0.4443999999999999,-0.177,0.7051000000000001,0.641,0.0,-1.0,1.0,-1.0,-1.0,-1.0,1.0,0.0,0.0,1.0,1.0,0.0
1.0310999999999997,0.4443999999999999,0.4443999999999999,-0.177,0.8607999999999996,0.641,0.0,-1.0,1.0,1.0,0.0,-1.0,1.0,0.0,0.0,1.0,1.0,0.0
1.0310999999999997,0.4443999999999999,0.4443999999999999,-0.177,0.4443999999999999,0.641,0.0,-1.0,1.0,1.0,-1.0,-1.0,1.0,0.0,0.0,1.0,0.0,0.0
1.0310999999999997,0.4443999999999999,0.4443999999999999,-0.177,0.7051000000000001,0.641,0.0,-1.0,1.0,1.0,1.0,-1.0,1.0,0.0,0.0,1.0,1.0,0.0
1.0310999999999997,0.4443999999999999,0.4443999999999999,-0.177,0.4443999999999999,0.641,0.0,-1.0,1.0,1.0,1.0,-1.0,1.0,0.0,0.0,1.0,0.0,0.0
1.0310999999999997,0.4443999999999999,0.4443999999999999,-0.177,0.7051000000000001,0.641,0.0,-1.0,1.0,1.0,-1.0,-1.0,1.0,0.0,0.0,1.0,1.0,0.0
1.0310999999999997,0.4443999999999999,0.7051000000000001,-0.177,0.8607999999999996,0.641,0.0,-1.0,-1.0,-1.0,0.0,-1.0,1.0,0.0,1.0,1.0,1.0,0.0
1.0310999999999997,0.4443999999999999,0.7051000000000001,-0.177,0.4443999999999999,0.641,0.0,-1.0,-1.0,-1.0,-1.0,-1.0,1.0,0.0,1.0,1.0,0.0,0.0
1.0310999999999997,0.4443999999999999,0.7051000000000001,-0.177,0.4443999999999999,0.641,0.0,-1.0,-1.0,-1.0,1.0,-1.0,1.0,0.0,1.0,1.0,0.0,0.0
1.0310999999999997,0.4443999999999999,0.7051000000000001,-0.177,0.7051000000000001,0.641,0.0,-1.0,-1.0,-1.0,-1.0,-1.0,1.0,0.0,1.0,1.0,1.0,0.0
1.0310999999999997,0.4443999999999999,0.7051000000000001,-0.177,0.4443999999999999,0.641,0.0,-1.0,-1.0,1.0,-1.0,-1.0,1.0,0.0,1.0,1.0,0.0,0.0
1.0310999999999997,0.4443999999999999,0.7051000000000001,-0.177,0.7051000000000001,0.641,0.0,-1.0,-1.0,1.0,1.0,-1.0,1.0,0.0,1.0,1.0,1.0,0.0
1.0310999999999997,0.4443999999999999,0.7051000000000001,-0.177,0.7051000000000001,0.641,0.0,-1.0,-1.0,1.0,-1.0,-1.0,1.0,0.0,1.0,1.0,1.0,0.0
1.0310999999999997,0.7051000000000001,0.8607999999999996,-0.177,0.7051000000000001,0.641,0.0,1.0,0.0,-1.0,1.0,-1.0,1.0,1.0,1.0,1.0,1.0,0.0
1.0310999999999997,0.7051000000000001,0.8607999999999996,-0.177,0.4443999999999999,0.641,0.0,1.0,0.0,-1.0,1.0,-1.0,1.0,1.0,1.0,1.0,0.0,0.0
1.0310999999999997,0.7051000000000001,0.8607999999999996,-0.177,0.7051000000000001,0.641,0.0,1.0,0.0,-1.0,-1.0,-1.0,1.0,1.0,1.0,1.0,1.0,0.0
1.0310999999999997,0.7051000000000001,0.8607999999999996,-0.177,0.8607999999999996,0.641,0.0,1.0,0.0,1.0,0.0,-1.0,1.0,1.0,1.0,1.0,1.0,0.0
1.0310999999999997,0.7051000000000001,0.8607999999999996,-0.177,0.4443999999999999,0.641,0.0,1.0,0.0,1.0,1.0,-1.0,1.0,1.0,1.0,1.0,0.0,0.0
1.0310999999999997,0.7051000000000001,0.8607999999999996,-0.177,0.7051000000000001,0.641,0.0,1.0,0.0,1.0,-1.0,-1.0,1.0,1.0,1.0,1.0,1.0,0.0
1.0310999999999997,0.7051000000000001,0.4443999999999999,-0.177,0.8607999999999996,0.641,0.0,1.0,-1.0,-1.0,0.0,-1.0,1.0,1.0,0.0,1.0,1.0,0.0
1.0310999999999997,0.7051000000000001,0.4443999999999999,-0.177,0.4443999999999999,0.641,0.0,1.0,-1.0,-1.0,-1.0,-1.0,1.0,1.0,0.0,1.0,0.0,0.0
1.0310999999999997,0.7051000000000001,0.4443999999999999,-0.177,0.7051000000000001,0.641,0.0,1.0,-1.0,-1.0,1.0,-1.0,1.0,1.0,0.0,1.0,1.0,0.0
1.0310999999999997,0.7051000000000001,0.4443999999999999,-0.177,0.4443999999999999,0.641,0.0,1.0,-1.0,-1.0,1.0,-1.0,1.0,1.0,0.0,1.0,0.0,0.0
1.0310999999999997,0.7051000000000001,0.4443999999999999,-0.177,0.7051000000000001,0.641,0.0,1.0,-1.0,-1.0,-1.0,-1.0,1.0,1.0,0.0,1.0,1.0,0.0
1.0310999999999997,0.7051000000000001,0.4443999999999999,-0.177,0.8607999999999996,0.641,0.0,1.0,-1.0,1.0,0.0,-1.0,1.0,1.0,0.0,1.0,1.0,0.0
1.0310999999999997,0.7051000000000001,0.4443999999999999,-0.177,0.4443999999999999,0.641,0.0,1.0,-1.0,1.0,-1.0,-1.0,1.0,1.0,0.0,1.0,0.0,0.0
1.0310999999999997,0.7051000000000001,0.4443999999999999,-0.177,0.7051000000000001,0.641,0.0,1.0,-1.0,1.0,1.0,-1.0,1.0,1.0,0.0,1.0,1.0,0.0
1.0310999999999997,0.7051000000000001,0.4443999999999999,-0.177,0.4443999999999999,0.641,0.0,1.0,-1.0,1.0,1.0,-1.0,1.0,1.0,0.0,1.0,0.0,0.0
1.0310999999999997,0.7051000000000001,0.7051000000000001,-0.177,0.7051000000000001,0.641,0.0,1.0,1.0,-1.0,1.0,-1.0,1.0,1.0,1.0,1.0,1.0,0.0
1.0310999999999997,0.7051000000000001,0.7051000000000001,-0.177,0.4443999999999999,0.641,0.0,1.0,1.0,-1.0,1.0,-1.0,1.0,1.0,1.0,1.0,0.0,0.0
1.0310999999999997,0.7051000000000001,0.7051000000000001,-0.177,0.7051000000000001,0.641,0.0,1.0,1.0,1.0,1.0,-1.0,1.0,1.0,1.0,1.0,1.0,0.0
1.0310999999999997,0.7051000000000001,1.0310999999999997,-0.177,0.8607999999999996,0.641,0.0,1.0,0.0,-1.0,0.0,-1.0,1.0,1.0,1.0,1.0,1.0,0.0
1.0310999999999997,0.7051000000000001,1.0310999999999997,-0.177,0.4443999999999999,0.641,0.0,1.0,0.0,-1.0,-1.0,-1.0,1.0,1.0,1.0,1.0,0.0,0.0
1.0310999999999997,0.7051000000000001,1.0310999999999997,-0.177,0.7051000000000001,0.641,0.0,1.0,0.0,-1.0,-1.0,-1.0,1.0,1.0,1.0,1.0,1.0,0.0
1.0310999999999997,0.7051000000000001,0.4443999999999999,-0.177,0.8607999999999996,0.641,0.0,1.0,1.0,-1.0,0.0,-1.0,1.0,1.0,0.0,1.0,1.0,0.0
1.0310999999999997,0.7051000000000001,0.4443999999999999,-0.177,0.7051000000000001,0.641,0.0,1.0,1.0,-1.0,1.0,-1.0,1.0,1.0,0.0,1.0,1.0,0.0
1.0310999999999997,0.7051000000000001,0.4443999999999999,-0.177,0.4443999999999999,0.641,0.0,1.0,1.0,-1.0,1.0,-1.0,1.0,1.0,0.0,1.0,0.0,0.0
1.0310999999999997,0.7051000000000001,0.4443999999999999,-0.177,0.7051000000000001,0.641,0.0,1.0,1.0,-1.0,-1.0,-1.0,1.0,1.0,0.0,1.0,1.0,0.0
1.0310999999999997,0.7051000000000001,0.4443999999999999,-0.177,0.8607999999999996,0.641,0.0,1.0,1.0,1.0,0.0,-1.0,1.0,1.0,0.0,1.0,1.0,0.0
1.0310999999999997,0.7051000000000001,0.4443999999999999,-0.177,0.7051000000000001,0.641,0.0,1.0,1.0,1.0,1.0,-1.0,1.0,1.0,0.0,1.0,1.0,0.0
1.0310999999999997,0.7051000000000001,0.4443999999999999,-0.177,0.4443999999999999,0.641,0.0,1.0,1.0,1.0,1.0,-1.0,1.0,1.0,0.0,1.0,0.0,0.0
1.0310999999999997,0.7051000000000001,0.4443999999999999,-0.177,0.7051000000000001,0.641,0.0,1.0,1.0,1.0,-1.0,-1.0,1.0,1.0,0.0,1.0,1.0,0.0
1.0310999999999997,0.7051000000000001,0.7051000000000001,-0.177,0.7051000000000001,0.641,0.0,1.0,-1.0,-1.0,1.0,-1.0,1.0,1.0,1.0,1.0,1.0,0.0
1.0310999999999997,0.7051000000000001,0.7051000000000001,-0.177,0.4443999999999999,0.641,0.0,1.0,-1.0,-1.0,1.0,-1.0,1.0,1.0,1.0,1.0,0.0,0.0
1.0310999999999997,0.7051000000000001,0.7051000000000001,-0.177,0.7051000000000001,0.641,0.0,1.0,-1.0,-1.0,-1.0,-1.0,1.0,1.0,1.0,1.0,1.0,0.0
1.0310999999999997,0.7051000000000001,0.7051000000000001,-0.177,0.7051000000000001,0.641,0.0,1.0,-1.0,1.0,1.0,-1.0,1.0,1.0,1.0,1.0,1.0,0.0
1.0310999999999997,0.7051000000000001,0.7051000000000001,-0.177,0.7051000000000001,0.641,0.0,1.0,-1.0,1.0,-1.0,-1.0,1.0,1.0,1.0,1.0,1.0,0.0
1.0310999999999997,0.4443999999999999,0.8607999999999996,-0.177,0.8607999999999996,0.641,0.0,1.0,0.0,-1.0,0.0,-1.0,1.0,0.0,1.0,1.0,1.0,0.0
1.0310999999999997,0.4443999999999999,0.8607999999999996,-0.177,0.4443999999999999,0.641,0.0,1.0,0.0,-1.0,-1.0,-1.0,1.0,0.0,1.0,1.0,0.0,0.0
1.0310999999999997,0.4443999999999999,0.8607999999999996,-0.177,0.4443999999999999,0.641,0.0,1.0,0.0,-1.0,1.0,-1.0,1.0,0.0,1.0,1.0,0.0,0.0
1.0310999999999997,0.4443999999999999,0.8607999999999996,-0.177,0.7051000000000001,0.641,0.0,1.0,0.0,-1.0,-1.0,-1.0,1.0,0.0,1.0,1.0,1.0,0.0
1.0310999999999997,0.4443999999999999,0.8607999999999996,-0.177,0.8607999999999996,0.641,0.0,1.0,0.0,1.0,0.0,-1.0,1.0,0.0,1.0,1.0,1.0,0.0
1.0310999999999997,0.4443999999999999,0.8607999999999996,-0.177,0.4443999999999999,0.641,0.0,1.0,0.0,1.0,1.0,-1.0,1.0,0.0,1.0,1.0,0.0,0.0
1.0310999999999997,0.4443999999999999,0.4443999999999999,-0.177,0.8607999999999996,0.641,0.0,1.0,-1.0,-1.0,0.0,-1.0,1.0,0.0,0.0,1.0,1.0,0.0
1.0310999999999997,0.4443999999999999,0.4443999999999999,-0.177,0.4443999999999999,0.641,0.0,1.0,-1.0,-1.0,-1.0,-1.0,1.0,0.0,0.0,1.0,0.0,0.0
1.0310999999999997,0.4443999999999999,0.4443999999999999,-0.177,0.7051000000000001,0.641,0.0,1.0,-1.0,-1.0,1.0,-1.0,1.0,0.0,0.0,1.0,1.0,0.0
1.0310999999999997,0.4443999999999999,0.4443999999999999,-0.177,0.4443999999999999,0.641,0.0,1.0,-1.0,-1.0,1.0,-1.0,1.0,0.0,0.0,1.0,0.0,0.0
1.0310999999999997,0.4443999999999999,0.4443999999999999,-0.177,0.7051000000000001,0.641,0.0,1.0,-1.0,-1.0,-1.0,-1.0,1.0,0.0,0.0,1.0,1.0,0.0
1.0310999999999997,0.4443999999999999,0.4443999999999999,-0.177,0.8607999999999996,0.641,0.0,1.0,-1.0,1.0,0.0,-1.0,1.0,0.0,0.0,1.0,1.0,0.0
1.0310999999999997,0.4443999999999999,0.4443999999999999,-0.177,0.4443999999999999,0.641,0.0,1.0,-1.0,1.0,-1.0,-1.0,1.0,0.0,0.0,1.0,0.0,0.0
1.0310999999999997,0.4443999999999999,0.4443999999999999,-0.177,0.7051000000000001,0.641,0.0,1.0,-1.0,1.0,1.0,-1.0,1.0,0.0,0.0,1.0,1.0,0.0
1.0310999999999997,0.4443999999999999,0.4443999999999999,-0.177,0.4443999999999999,0.641,0.0,1.0,-1.0,1.0,1.0,-1.0,1.0,0.0,0.0,1.0,0.0,0.0
1.0310999999999997,0.4443999999999999,0.4443999999999999,-0.177,0.7051000000000001,0.641,0.0,1.0,-1.0,1.0,-1.0,-1.0,1.0,0.0,0.0,1.0,1.0,0.0
1.0310999999999997,0.4443999999999999,0.7051000000000001,-0.177,0.7051000000000001,0.641,0.0,1.0,1.0,-1.0,1.0,-1.0,1.0,0.0,1.0,1.0,1.0,0.0
1.0310999999999997,0.4443999999999999,0.7051000000000001,-0.177,0.4443999999999999,0.641,0.0,1.0,1.0,-1.0,1.0,-1.0,1.0,0.0,1.0,1.0,0.0,0.0
1.0310999999999997,0.4443999999999999,0.7051000000000001,-0.177,0.4443999999999999,0.641,0.0,1.0,1.0,1.0,-1.0,-1.0,1.0,0.0,1.0,1.0,0.0,0.0
1.0310999999999997,0.4443999999999999,0.7051000000000001,-0.177,0.4443999999999999,0.641,0.0,1.0,1.0,1.0,1.0,-1.0,1.0,0.0,1.0,1.0,0.0,0.0
1.0310999999999997,0.4443999999999999,0.7051000000000001,-0.177,0.7051000000000001,0.641,0.0,1.0,1.0,1.0,-1.0,-1.0,1.0,0.0,1.0,1.0,1.0,0.0
1.0310999999999997,0.4443999999999999,1.0310999999999997,-0.177,0.8607999999999996,0.641,0.0,1.0,0.0,-1.0,0.0,-1.0,1.0,0.0,1.0,1.0,1.0,0.0
1.0310999999999997,0.4443999999999999,1.0310999999999997,-0.177,0.4443999999999999,0.641,0.0,1.0,0.0,-1.0,-1.0,-1.0,1.0,0.0,1.0,1.0,0.0,0.0
1.0310999999999997,0.4443999999999999,1.0310999999999997,-0.177,0.7051000000000001,0.641,0.0,1.0,0.0,-1.0,1.0,-1.0,1.0,0.0,1.0,1.0,1.0,0.0
1.0310999999999997,0.4443999999999999,1.0310999999999997,-0.177,0.4443999999999999,0.641,0.0,1.0,0.0,-1.0,1.0,-1.0,1.0,0.0,1.0,1.0,0.0,0.0
1.0310999999999997,0.4443999999999999,1.0310999999999997,-0.177,0.7051000000000001,0.641,0.0,1.0,0.0,-1.0,-1.0,-1.0,1.0,0.0,1.0,1.0,1.0,0.0
1.0310999999999997,0.4443999999999999,1.0310999999999997,-0.177,0.8607999999999996,0.641,0.0,1.0,0.0,1.0,0.0,-1.0,1.0,0.0,1.0,1.0,1.0,0.0
1.0310999999999997,0.4443999999999999,1.0310999999999997,-0.177,0.4443999999999999,0.641,0.0,1.0,0.0,1.0,-1.0,-1.0,1.0,0.0,1.0,1.0,0.0,0.0
1.0310999999999997,0.4443999999999999,1.0310999999999997,-0.177,0.7051000000000001,0.641,0.0,1.0,0.0,1.0,1.0,-1.0,1.0,0.0,1.0,1.0,1.0,0.0
1.0310999999999997,0.4443999999999999,1.0310999999999997,-0.177,0.4443999999999999,0.641,0.0,1.0,0.0,1.0,1.0,-1.0,1.0,0.0,1.0,1.0,0.0,0.0
1.0310999999999997,0.4443999999999999,1.0310999999999997,-0.177,0.7051000000000001,0.641,0.0,1.0,0.0,1.0,-1.0,-1.0,1.0,0.0,1.0,1.0,1.0,0.0
1.0310999999999997,0.4443999999999999,0.4443999999999999,-0.177,0.8607999999999996,0.641,0.0,1.0,1.0,-1.0,0.0,-1.0,1.0,0.0,0.0,1.0,1.0,0.0
1.0310999999999997,0.4443999999999999,0.4443999999999999,-0.177,0.7051000000000001,0.641,0.0,1.0,1.0,-1.0,1.0,-1.0,1.0,0.0,0.0,1.0,1.0,0.0
1.0310999999999997,0.4443999999999999,0.4443999999999999,-0.177,0.4443999999999999,0.641,0.0,1.0,1.0,-1.0,1.0,-1.0,1.0,0.0,0.0,1.0,0.0,0.0
1.0310999999999997,0.4443999999999999,0.4443999999999999,-0.177,0.7051000000000001,0.641,0.0,1.0,1.0,-1.0,-1.0,-1.0,1.0,0.0,0.0,1.0,1.0,0.0
1.0310999999999997,0.4443999999999999,0.4443999999999999,-0.177,0.8607999999999996,0.641,0.0,1.0,1.0,1.0,0.0,-1.0,1.0,0.0,0.0,1.0,1.0,0.0
1.0310999999999997,0.4443999999999999,0.4443999999999999,-0.177,0.4443999999999999,0.641,0.0,1.0,1.0,1.0,-1.0,-1.0,1.0,0.0,0.0,1.0,0.0,0.0
1.0310999999999997,0.4443999999999999,0.4443999999999999,-0.177,0.7051000000000001,0.641,0.0,1.0,1.0,1.0,1.0,-1.0,1.0,0.0,0.0,1.0,1.0,0.0
1.0310999999999997,0.4443999999999999,0.4443999999999999,-0.177,0.4443999999999999,0.641,0.0,1.0,1.0,1.0,1.0,-1.0,1.0,0.0,0.0,1.0,0.0,0.0
1.0310999999999997,0.4443999999999999,0.7051000000000001,-0.177,0.8607999999999996,0.641,0.0,1.0,-1.0,-1.0,0.0,-1.0,1.0,0.0,1.0,1.0,1.0,0.0
1.0310999999999997,0.4443999999999999,0.7051000000000001,-0.177,0.4443999999999999,0.641,0.0,1.0,-1.0,-1.0,-1.0,-1.0,1.0,0.0,1.0,1.0,0.0,0.0
1.0310999999999997,0.4443999999999999,0.7051000000000001,-0.177,0.7051000000000001,0.641,0.0,1.0,-1.0,-1.0,1.0,-1.0,1.0,0.0,1.0,1.0,1.0,0.0
1.0310999999999997,0.4443999999999999,0.7051000000000001,-0.177,0.4443999999999999,0.641,0.0,1.0,-1.0,-1.0,1.0,-1.0,1.0,0.0,1.0,1.0,0.0,0.0
1.0310999999999997,0.4443999999999999,0.7051000000000001,-0.177,0.7051000000000001,0.641,0.0,1.0,-1.0,-1.0,-1.0,-1.0,1.0,0.0,1.0,1.0,1.0,0.0
1.0310999999999997,0.4443999999999999,0.7051000000000001,-0.177,0.8607999999999996,0.641,0.0,1.0,-1.0,1.0,0.0,-1.0,1.0,0.0,1.0,1.0,1.0,0.0
1.0310999999999997,0.4443999999999999,0.7051000000000001,-0.177,0.7051000000000001,0.641,0.0,1.0,-1.0,1.0,1.0,-1.0,1.0,0.0,1.0,1.0,1.0,0.0
1.0310999999999997,0.4443999999999999,0.7051000000000001,-0.177,0.4443999999999999,0.641,0.0,1.0,-1.0,1.0,1.0,-1.0,1.0,0.0,1.0,1.0,0.0,0.0
1.0310999999999997,0.4443999999999999,0.7051000000000001,-0.177,0.7051000000000001,0.641,0.0,1.0,-1.0,1.0,-1.0,-1.0,1.0,0.0,1.0,1.0,1.0,0.0
1.0310999999999997,0.7051000000000001,0.8607999999999996,-0.177,0.8607999999999996,0.641,0.0,-1.0,0.0,-1.0,0.0,-1.0,1.0,1.0,1.0,1.0,1.0,0.0
1.0310999999999997,0.7051000000000001,0.8607999999999996,-0.177,0.4443999999999999,0.641,0.0,-1.0,0.0,-1.0,-1.0,-1.0,1.0,1.0,1.0,1.0,0.0,0.0
1.0310999999999997,0.7051000000000001,0.8607999999999996,-0.177,0.7051000000000001,0.641,0.0,-1.0,0.0,-1.0,1.0,-1.0,1.0,1.0,1.0,1.0,1.0,0.0
1.0310999999999997,0.7051000000000001,0.8607999999999996,-0.177,0.4443999999999999,0.641,0.0,-1.0,0.0,-1.0,1.0,-1.0,1.0,1.0,1.0,1.0,0.0,0.0
1.0310999999999997,0.7051000000000001,0.8607999999999996,-0.177,0.7051000000000001,0.641,0.0,-1.0,0.0,-1.0,-1.0,-1.0,1.0,1.0,1.0,1.0,1.0,0.0
1.0310999999999997,0.7051000000000001,0.8607999999999996,-0.177,0.8607999999999996,0.641,0.0,-1.0,0.0,1.0,0.0,-1.0,1.0,1.0,1.0,1.0,1.0,0.0
1.0310999999999997,0.7051000000000001,0.8607999999999996,-0.177,0.4443999999999999,0.641,0.0,-1.0,0.0,1.0,-1.0,-1.0,1.0,1.0,1.0,1.0,0.0,0.0
1.0310999999999997,0.7051000000000001,0.8607999999999996,-0.177,0.7051000000000001,0.641,0.0,-1.0,0.0,1.0,1.0,-1.0,1.0,1.0,1.0,1.0,1.0,0.0
1.0310999999999997,0.7051000000000001,0.8607999999999996,-0.177,0.7051000000000001,0.641,0.0,-1.0,0.0,1.0,-1.0,-1.0,1.0,1.0,1.0,1.0,1.0,0.0
1.0310999999999997,0.7051000000000001,0.4443999999999999,-0.177,0.8607999999999996,0.641,0.0,-1.0,-1.0,-1.0,0.0,-1.0,1.0,1.0,0.0,1.0,1.0,0.0
1.0310999999999997,0.7051000000000001,0.4443999999999999,-0.177,0.4443999999999999,0.641,0.0,-1.0,-1.0,-1.0,-1.0,-1.0,1.0,1.0,0.0,1.0,0.0,0.0
1.0310999999999997,0.7051000000000001,0.4443999999999999,-0.177,0.7051000000000001,0.641,0.0,-1.0,-1.0,-1.0,1.0,-1.0,1.0,1.0,0.0,1.0,1.0,0.0
1.0310999999999997,0.7051000000000001,0.4443999999999999,-0.177,0.7051000000000001,0.641,0.0,-1.0,-1.0,-1.0,-1.0,-1.0,1.0,1.0,0.0,1.0,1.0,0.0
1.0310999999999997,0.7051000000000001,0.4443999999999999,-0.177,0.4443999999999999,0.641,0.0,-1.0,-1.0,1.0,-1.0,-1.0,1.0,1.0,0.0,1.0,0.0,0.0
1.0310999999999997,0.7051000000000001,0.4443999999999999,-0.177,0.7051000000000001,0.641,0.0,-1.0,-1.0,1.0,1.0,-1.0,1.0,1.0,0.0,1.0,1.0,0.0
1.0310999999999997,0.7051000000000001,0.4443999999999999,-0.177,0.7051000000000001,0.641,0.0,-1.0,-1.0,1.0,-1.0,-1.0,1.0,1.0,0.0,1.0,1.0,0.0
1.0310999999999997,0.7051000000000001,0.7051000000000001,-0.177,0.8607999999999996,0.641,0.0,-1.0,1.0,-1.0,0.0,-1.0,1.0,1.0,1.0,1.0,1.0,0.0
1.0310999999999997,0.7051000000000001,0.7051000000000001,-0.177,0.7051000000000001,0.641,0.0,-1.0,1.0,-1.0,1.0,-1.0,1.0,1.0,1.0,1.0,1.0,0.0
1.0310999999999997,0.7051000000000001,0.7051000000000001,-0.177,0.7051000000000001,0.641,0.0,-1.0,1.0,1.0,1.0,-1.0,1.0,1.0,1.0,1.0,1.0,0.0
1.0310999999999997,0.7051000000000001,1.0310999999999997,-0.177,0.8607999999999996,0.641,0.0,-1.0,0.0,-1.0,0.0,-1.0,1.0,1.0,1.0,1.0,1.0,0.0
1.0310999999999997,0.7051000000000001,1.0310999999999997,-0.177,0.4443999999999999,0.641,0.0,-1.0,0.0,-1.0,-1.0,-1.0,1.0,1.0,1.0,1.0,0.0,0.0
1.0310999999999997,0.7051000000000001,1.0310999999999997,-0.177,0.7051000000000001,0.641,0.0,-1.0,0.0,-1.0,-1.0,-1.0,1.0,1.0,1.0,1.0,1.0,0.0
1.0310999999999997,0.7051000000000001,1.0310999999999997,-0.177,0.7051000000000001,0.641,0.0,-1.0,0.0,1.0,1.0,-1.0,1.0,1.0,1.0,1.0,1.0,0.0
1.0310999999999997,0.7051000000000001,0.4443999999999999,-0.177,0.8607999999999996,0.641,0.0,-1.0,1.0,-1.0,0.0,-1.0,1.0,1.0,0.0,1.0,1.0,0.0
1.0310999999999997,0.7051000000000001,0.4443999999999999,-0.177,0.7051000000000001,0.641,0.0,-1.0,1.0,-1.0,1.0,-1.0,1.0,1.0,0.0,1.0,1.0,0.0
1.0310999999999997,0.7051000000000001,0.4443999999999999,-0.177,0.8607999999999996,0.641,0.0,-1.0,1.0,1.0,0.0,-1.0,1.0,1.0,0.0,1.0,1.0,0.0
1.0310999999999997,0.7051000000000001,0.4443999999999999,-0.177,0.7051000000000001,0.641,0.0,-1.0,1.0,1.0,1.0,-1.0,1.0,1.0,0.0,1.0,1.0,0.0
1.0310999999999997,0.7051000000000001,0.7051000000000001,-0.177,0.8607999999999996,0.641,0.0,-1.0,-1.0,-1.0,0.0,-1.0,1.0,1.0,1.0,1.0,1.0,0.0
1.0310999999999997,0.7051000000000001,0.7051000000000001,-0.177,0.7051000000000001,0.641,0.0,-1.0,-1.0,-1.0,-1.0,-1.0,1.0,1.0,1.0,1.0,1.0,0.0
1.0310999999999997,0.7051000000000001,0.7051000000000001,-0.177,0.7051000000000001,0.641,0.0,-1.0,-1.0,1.0,1.0,-1.0,1.0,1.0,1.0,1.0,1.0,0.0
0.008,-0.177,0.4443999999999999,0.3149999999999997,-0.3211000000000002,-0.5802,1.0,-1.0,-1.0,-1.0,-1.0,0.0,1.0,1.0,0.0,1.0,1.0,1.0
0.478,-0.177,0.4443999999999999,0.0543,-0.3211000000000002,-0.5802,1.0,-1.0,-1.0,-1.0,-1.0,0.0,1.0,1.0,0.0,0.0,1.0,1.0
0.478,-0.177,0.4443999999999999,0.3149999999999997,-0.3211000000000002,-0.5802,1.0,-1.0,-1.0,-1.0,-1.0,0.0,1.0,1.0,0.0,1.0,1.0,1.0
0.478,-0.177,0.0543,0.3149999999999997,-0.3211000000000002,-0.5802,1.0,-1.0,-1.0,-1.0,-1.0,0.0,1.0,1.0,0.0,1.0,1.0,1.0
-0.5817999999999999,-0.5817999999999999,-0.3211000000000002,-0.5817999999999999,-0.3211000000000002,-0.5817999999999999,1.0,-1.0,-1.0,-1.0,-1.0,-1.0,0.0,0.0,1.0,0.0,1.0,0.0
-0.5817999999999999,0.8607999999999996,0.8607999999999996,-0.177,0.8607999999999996,0.641,1.0,0.0,0.0,-1.0,0.0,-1.0,0.0,1.0,1.0,1.0,1.0,0.0
-0.5817999999999999,0.8607999999999996,0.8607999999999996,-0.177,0.8607999999999996,0.641,1.0,0.0,0.0,1.0,0.0,-1.0,0.0,1.0,1.0,1.0,1.0,0.0
-0.5817999999999999,0.8607999999999996,0.4443999999999999,-0.177,0.4443999999999999,0.641,1.0,0.0,-1.0,-1.0,-1.0,-1.0,0.0,1.0,0.0,1.0,0.0,0.0
-0.5817999999999999,0.8607999999999996,0.4443999999999999,-0.177,0.4443999999999999,0.641,1.0,0.0,-1.0,1.0,-1.0,-1.0,0.0,1.0,0.0,1.0,0.0,0.0
-0.5817999999999999,0.8607999999999996,0.7051000000000001,-0.177,0.7051000000000001,0.641,1.0,0.0,1.0,-1.0,1.0,-1.0,0.0,1.0,1.0,1.0,1.0,0.0
-0.5817999999999999,0.8607999999999996,0.7051000000000001,-0.177,0.7051000000000001,0.641,1.0,0.0,1.0,1.0,1.0,-1.0,0.0,1.0,1.0,1.0,1.0,0.0
-0.5817999999999999,0.8607999999999996,1.0310999999999997,-0.177,0.8607999999999996,0.641,1.0,0.0,0.0,-1.0,0.0,-1.0,0.0,1.0,1.0,1.0,1.0,0.0
-0.5817999999999999,0.8607999999999996,1.0310999999999997,-0.177,0.4443999999999999,0.641,1.0,0.0,0.0,-1.0,-1.0,-1.0,0.0,1.0,1.0,1.0,0.0,0.0
-0.5817999999999999,0.8607999999999996,1.0310999999999997,-0.177,0.4443999999999999,0.641,1.0,0.0,0.0,-1.0,1.0,-1.0,0.0,1.0,1.0,1.0,0.0,0.0
-0.5817999999999999,0.8607999999999996,1.0310999999999997,-0.177,0.7051000000000001,0.641,1.0,0.0,0.0,-1.0,-1.0,-1.0,0.0,1.0,1.0,1.0,1.0,0.0
-0.5817999999999999,0.8607999999999996,1.0310999999999997,-0.177,0.7051000000000001,0.641,1.0,0.0,0.0,1.0,-1.0,-1.0,0.0,1.0,1.0,1.0,1.0,0.0
-0.5817999999999999,0.8607999999999996,0.4443999999999999,-0.177,0.4443999999999999,0.641,1.0,0.0,1.0,-1.0,1.0,-1.0,0.0,1.0,0.0,1.0,0.0,0.0
-0.5817999999999999,0.8607999999999996,0.4443999999999999,-0.177,0.4443999999999999,0.641,1.0,0.0,1.0,1.0,1.0,-1.0,0.0,1.0,0.0,1.0,0.0,0.0
-0.5817999999999999,0.8607999999999996,0.7051000000000001,-0.177,0.7051000000000001,0.641,1.0,0.0,-1.0,-1.0,-1.0,-1.0,0.0,1.0,1.0,1.0,1.0,0.0
-0.5817999999999999,0.8607999999999996,0.7051000000000001,-0.177,0.7051000000000001,0.641,1.0,0.0,-1.0,1.0,-1.0,-1.0,0.0,1.0,1.0,1.0,1.0,0.0
-0.5817999999999999,-0.9703,0.641,0.4443999999999999,-0.177,0.3466,1.0,0.0,-1.0,-1.0,-1.0,-1.0,0.0,0.0,0.0,0.0,1.0,0.0
-0.5817999999999999,-0.9703,0.641,0.4443999999999999,0.4443999999999999,0.3466,1.0,0.0,-1.0,1.0,-1.0,-1.0,0.0,0.0,0.0,0.0,0.0,0.0
-0.5817999999999999,-0.9703,0.641,0.4443999999999999,-0.177,0.3466,1.0,0.0,-1.0,1.0,-1.0,-1.0,0.0,0.0,0.0,0.0,1.0,0.0
-0.5817999999999999,-0.9703,0.641,0.4443999999999999,-0.177,0.3466,1.0,0.0,1.0,-1.0,-1.0,-1.0,0.0,0.0,0.0,0.0,1.0,0.0
-0.5817999999999999,0.4443999999999999,0.8607999999999996,-0.177,0.8607999999999996,0.641,1.0,-1.0,0.0,-1.0,0.0,-1.0,0.0,0.0,1.0,1.0,1.0,0.0
-0.5817999999999999,0.4443999999999999,0.8607999999999996,-0.177,0.4443999999999999,0.641,1.0,-1.0,0.0,-1.0,1.0,-1.0,0.0,0.0,1.0,1.0,0.0,0.0
-0.5817999999999999,0.4443999999999999,0.8607999999999996,-0.177,0.7051000000000001,0.641,1.0,-1.0,0.0,-1.0,-1.0,-1.0,0.0,0.0,1.0,1.0,1.0,0.0
-0.5817999999999999,0.4443999999999999,0.8607999999999996,-0.177,0.8607999999999996,0.641,1.0,-1.0,0.0,1.0,0.0,-1.0,0.0,0.0,1.0,1.0,1.0,0.0
-0.5817999999999999,0.4443999999999999,0.8607999999999996,-0.177,0.4443999999999999,0.641,1.0,-1.0,0.0,1.0,-1.0,-1.0,0.0,0.0,1.0,1.0,0.0,0.0
-0.5817999999999999,0.4443999999999999,0.8607999999999996,-0.177,0.4443999999999999,0.641,1.0,-1.0,0.0,1.0,1.0,-1.0,0.0,0.0,1.0,1.0,0.0,0.0
-0.5817999999999999,0.4443999999999999,0.8607999999999996,-0.177,0.7051000000000001,0.641,1.0,-1.0,0.0,1.0,-1.0,-1.0,0.0,0.0,1.0,1.0,1.0,0.0
-0.5817999999999999,0.4443999999999999,0.4443999999999999,-0.177,0.8607999999999996,0.641,1.0,-1.0,-1.0,-1.0,0.0,-1.0,0.0,0.0,0.0,1.0,1.0,0.0
-0.5817999999999999,0.4443999999999999,0.4443999999999999,-0.177,0.4443999999999999,0.641,1.0,-1.0,-1.0,-1.0,-1.0,-1.0,0.0,0.0,0.0,1.0,0.0,0.0
-0.5817999999999999,0.4443999999999999,0.4443999999999999,-0.177,0.7051000000000001,0.641,1.0,-1.0,-1.0,-1.0,1.0,-1.0,0.0,0.0,0.0,1.0,1.0,0.0
-0.5817999999999999,0.4443999999999999,0.4443999999999999,-0.177,0.4443999999999999,0.641,1.0,-1.0,-1.0,-1.0,1.0,-1.0,0.0,0.0,0.0,1.0,0.0,0.0
-0.5817999999999999,0.4443999999999999,0.4443999999999999,-0.177,0.7051000000000001,0.641,1.0,-1.0,-1.0,-1.0,-1.0,-1.0,0.0,0.0,0.0,1.0,1.0,0.0
-0.5817999999999999,0.4443999999999999,0.4443999999999999,-0.177,0.8607999999999996,0.641,1.0,-1.0,-1.0,1.0,0.0,-1.0,0.0,0.0,0.0,1.0,1.0,0.0
-0.5817999999999999,0.4443999999999999,0.4443999999999999,-0.177,0.4443999999999999,0.641,1.0,-1.0,-1.0,1.0,-1.0,-1.0,0.0,0.0,0.0,1.0,0.0,0.0
-0.5817999999999999,0.4443999999999999,0.4443999999999999,-0.177,0.7051000000000001,0.641,1.0,-1.0,-1.0,1.0,1.0,-1.0,0.0,0.0,0.0,1.0,1.0,0.0
-0.5817999999999999,0.4443999999999999,0.4443999999999999,-0.177,0.4443999999999999,0.641,1.0,-1.0,-1.0,1.0,1.0,-1.0,0.0,0.0,0.0,1.0,0.0,0.0
-0.5817999999999999,0.4443999999999999,0.4443999999999999,-0.177,0.7051000000000001,0.641,1.0,-1.0,-1.0,1.0,-1.0,-1.0,0.0,0.0,0.0,1.0,1.0,0.0
-0.5817999999999999,0.4443999999999999,0.7051000000000001,-0.177,0.8607999999999996,0.641,1.0,-1.0,1.0,-1.0,0.0,-1.0,0.0,0.0,1.0,1.0,1.0,0.0
-0.5817999999999999,0.4443999999999999,0.7051000000000001,-0.177,0.4443999999999999,0.641,1.0,-1.0,1.0,-1.0,1.0,-1.0,0.0,0.0,1.0,1.0,0.0,0.0
-0.5817999999999999,0.4443999999999999,0.7051000000000001,-0.177,0.7051000000000001,0.641,1.0,-1.0,1.0,-1.0,-1.0,-1.0,0.0,0.0,1.0,1.0,1.0,0.0
-0.5817999999999999,0.4443999999999999,0.7051000000000001,-0.177,0.8607999999999996,0.641,1.0,-1.0,1.0,1.0,0.0,-1.0,0.0,0.0,1.0,1.0,1.0,0.0
-0.5817999999999999,0.4443999999999999,0.7051000000000001,-0.177,0.4443999999999999,0.641,1.0,-1.0,1.0,1.0,-1.0,-1.0,0.0,0.0,1.0,1.0,0.0,0.0
-0.5817999999999999,0.4443999999999999,0.7051000000000001,-0.177,0.7051000000000001,0.641,1.0,-1.0,1.0,1.0,1.0,-1.0,0.0,0.0,1.0,1.0,1.0,0.0
-0.5817999999999999,0.4443999999999999,0.7051000000000001,-0.177,0.4443999999999999,0.641,1.0,-1.0,1.0,1.0,1.0,-1.0,0.0,0.0,1.0,1.0,0.0,0.0
-0.5817999999999999,0.4443999999999999,0.7051000000000001,-0.177,0.7051000000000001,0.641,1.0,-1.0,1.0,1.0,-1.0,-1.0,0.0,0.0,1.0,1.0,1.0,0.0
-0.5817999999999999,0.4443999999999999,1.0310999999999997,-0.177,0.8607999999999996,0.641,1.0,-1.0,0.0,-1.0,0.0,-1.0,0.0,0.0,1.0,1.0,1.0,0.0
-0.5817999999999999,0.4443999999999999,1.0310999999999997,-0.177,0.4443999999999999,0.641,1.0,-1.0,0.0,-1.0,-1.0,-1.0,0.0,0.0,1.0,1.0,0.0,0.0
-0.5817999999999999,0.4443999999999999,1.0310999999999997,-0.177,0.4443999999999999,0.641,1.0,-1.0,0.0,-1.0,1.0,-1.0,0.0,0.0,1.0,1.0,0.0,0.0
-0.5817999999999999,0.4443999999999999,1.0310999999999997,-0.177,0.8607999999999996,0.641,1.0,-1.0,0.0,1.0,0.0,-1.0,0.0,0.0,1.0,1.0,1.0,0.0
-0.5817999999999999,0.4443999999999999,1.0310999999999997,-0.177,0.4443999999999999,0.641,1.0,-1.0,0.0,1.0,1.0,-1.0,0.0,0.0,1.0,1.0,0.0,0.0
-0.5817999999999999,0.4443999999999999,0.4443999999999999,-0.177,0.8607999999999996,0.641,1.0,-1.0,1.0,-1.0,0.0,-1.0,0.0,0.0,0.0,1.0,1.0,0.0
-0.5817999999999999,0.4443999999999999,0.4443999999999999,-0.177,0.4443999999999999,0.641,1.0,-1.0,1.0,-1.0,1.0,-1.0,0.0,0.0,0.0,1.0,0.0,0.0
-0.5817999999999999,0.4443999999999999,0.4443999999999999,-0.177,0.7051000000000001,0.641,1.0,-1.0,1.0,-1.0,-1.0,-1.0,0.0,0.0,0.0,1.0,1.0,0.0
-0.5817999999999999,0.4443999999999999,0.4443999999999999,-0.177,0.8607999999999996,0.641,1.0,-1.0,1.0,1.0,0.0,-1.0,0.0,0.0,0.0,1.0,1.0,0.0
-0.5817999999999999,0.4443999999999999,0.4443999999999999,-0.177,0.7051000000000001,0.641,1.0,-1.0,1.0,1.0,1.0,-1.0,0.0,0.0,0.0,1.0,1.0,0.0
-0.5817999999999999,0.4443999999999999,0.4443999999999999,-0.177,0.4443999999999999,0.641,1.0,-1.0,1.0,1.0,1.0,-1.0,0.0,0.0,0.0,1.0,0.0,0.0
-0.5817999999999999,0.4443999999999999,0.7051000000000001,-0.177,0.7051000000000001,0.641,1.0,-1.0,-1.0,-1.0,1.0,-1.0,0.0,0.0,1.0,1.0,1.0,0.0
-0.5817999999999999,0.4443999999999999,0.7051000000000001,-0.177,0.4443999999999999,0.641,1.0,-1.0,-1.0,-1.0,1.0,-1.0,0.0,0.0,1.0,1.0,0.0,0.0
-0.5817999999999999,0.4443999999999999,0.7051000000000001,-0.177,0.7051000000000001,0.641,1.0,-1.0,-1.0,-1.0,-1.0,-1.0,0.0,0.0,1.0,1.0,1.0,0.0
-0.5817999999999999,0.4443999999999999,0.7051000000000001,-0.177,0.8607999999999996,0.641,1.0,-1.0,-1.0,1.0,0.0,-1.0,0.0,0.0,1.0,1.0,1.0,0.0
-0.5817999999999999,0.4443999999999999,0.7051000000000001,-0.177,0.4443999999999999,0.641,1.0,-1.0,-1.0,1.0,-1.0,-1.0,0.0,0.0,1.0,1.0,0.0,0.0
-0.5817999999999999,0.4443999999999999,0.7051000000000001,-0.177,0.7051000000000001,0.641,1.0,-1.0,-1.0,1.0,-1.0,-1.0,0.0,0.0,1.0,1.0,1.0,0.0
-0.5817999999999999,0.7051000000000001,0.8607999999999996,-0.177,0.4443999999999999,0.641,1.0,1.0,0.0,-1.0,-1.0,-1.0,0.0,1.0,1.0,1.0,0.0,0.0
-0.5817999999999999,0.7051000000000001,0.8607999999999996,-0.177,0.7051000000000001,0.641,1.0,1.0,0.0,-1.0,1.0,-1.0,0.0,1.0,1.0,1.0,1.0,0.0
-0.5817999999999999,0.7051000000000001,0.8607999999999996,-0.177,0.7051000000000001,0.641,1.0,1.0,0.0,-1.0,-1.0,-1.0,0.0,1.0,1.0,1.0,1.0,0.0
-0.5817999999999999,0.7051000000000001,0.8607999999999996,-0.177,0.4443999999999999,0.641,1.0,1.0,0.0,1.0,-1.0,-1.0,0.0,1.0,1.0,1.0,0.0,0.0
-0.5817999999999999,0.7051000000000001,0.8607999999999996,-0.177,0.7051000000000001,0.641,1.0,1.0,0.0,1.0,1.0,-1.0,0.0,1.0,1.0,1.0,1.0,0.0
-0.5817999999999999,0.7051000000000001,0.8607999999999996,-0.177,0.4443999999999999,0.641,1.0,1.0,0.0,1.0,1.0,-1.0,0.0,1.0,1.0,1.0,0.0,0.0
-0.5817999999999999,0.7051000000000001,0.8607999999999996,-0.177,0.7051000000000001,0.641,1.0,1.0,0.0,1.0,-1.0,-1.0,0.0,1.0,1.0,1.0,1.0,0.0
-0.5817999999999999,0.7051000000000001,0.4443999999999999,-0.177,0.8607999999999996,0.641,1.0,1.0,-1.0,-1.0,0.0,-1.0,0.0,1.0,0.0,1.0,1.0,0.0
-0.5817999999999999,0.7051000000000001,0.4443999999999999,-0.177,0.4443999999999999,0.641,1.0,1.0,-1.0,-1.0,-1.0,-1.0,0.0,1.0,0.0,1.0,0.0,0.0
-0.5817999999999999,0.7051000000000001,0.4443999999999999,-0.177,0.7051000000000001,0.641,1.0,1.0,-1.0,-1.0,1.0,-1.0,0.0,1.0,0.0,1.0,1.0,0.0
-0.5817999999999999,0.7051000000000001,0.4443999999999999,-0.177,0.4443999999999999,0.641,1.0,1.0,-1.0,-1.0,1.0,-1.0,0.0,1.0,0.0,1.0,0.0,0.0
-0.5817999999999999,0.7051000000000001,0.4443999999999999,-0.177,0.7051000000000001,0.641,1.0,1.0,-1.0,-1.0,-1.0,-1.0,0.0,1.0,0.0,1.0,1.0,0.0
-0.5817999999999999,0.7051000000000001,0.4443999999999999,-0.177,0.8607999999999996,0.641,1.0,1.0,-1.0,1.0,0.0,-1.0,0.0,1.0,0.0,1.0,1.0,0.0
-0.5817999999999999,0.7051000000000001,0.4443999999999999,-0.177,0.4443999999999999,0.641,1.0,1.0,-1.0,1.0,-1.0,-1.0,0.0,1.0,0.0,1.0,0.0,0.0
-0.5817999999999999,0.7051000000000001,0.4443999999999999,-0.177,0.7051000000000001,0.641,1.0,1.0,-1.0,1.0,1.0,-1.0,0.0,1.0,0.0,1.0,1.0,0.0
-0.5817999999999999,0.7051000000000001,0.4443999999999999,-0.177,0.4443999999999999,0.641,1.0,1.0,-1.0,1.0,1.0,-1.0,0.0,1.0,0.0,1.0,0.0,0.0
-0.5817999999999999,0.7051000000000001,0.4443999999999999,-0.177,0.7051000000000001,0.641,1.0,1.0,-1.0,1.0,-1.0,-1.0,0.0,1.0,0.0,1.0,1.0,0.0
-0.5817999999999999,0.7051000000000001,0.7051000000000001,-0.177,0.8607999999999996,0.641,1.0,1.0,1.0,-1.0,0.0,-1.0,0.0,1.0,1.0,1.0,1.0,0.0
-0.5817999999999999,0.7051000000000001,0.7051000000000001,-0.177,0.7051000000000001,0.641,1.0,1.0,1.0,-1.0,1.0,-1.0,0.0,1.0,1.0,1.0,1.0,0.0
-0.5817999999999999,0.7051000000000001,0.7051000000000001,-0.177,0.4443999999999999,0.641,1.0,1.0,1.0,-1.0,1.0,-1.0,0.0,1.0,1.0,1.0,0.0,0.0
-0.5817999999999999,0.7051000000000001,0.7051000000000001,-0.177,0.7051000000000001,0.641,1.0,1.0,1.0,-1.0,-1.0,-1.0,0.0,1.0,1.0,1.0,1.0,0.0
-0.5817999999999999,0.7051000000000001,1.0310999999999997,-0.177,0.8607999999999996,0.641,1.0,1.0,0.0,-1.0,0.0,-1.0,0.0,1.0,1.0,1.0,1.0,0.0
-0.5817999999999999,0.7051000000000001,1.0310999999999997,-0.177,0.4443999999999999,0.641,1.0,1.0,0.0,-1.0,-1.0,-1.0,0.0,1.0,1.0,1.0,0.0,0.0
-0.5817999999999999,0.7051000000000001,1.0310999999999997,-0.177,0.4443999999999999,0.641,1.0,1.0,0.0,-1.0,1.0,-1.0,0.0,1.0,1.0,1.0,0.0,0.0
-0.5817999999999999,0.7051000000000001,1.0310999999999997,-0.177,0.7051000000000001,0.641,1.0,1.0,0.0,-1.0,-1.0,-1.0,0.0,1.0,1.0,1.0,1.0,0.0
-0.5817999999999999,0.7051000000000001,1.0310999999999997,-0.177,0.4443999999999999,0.641,1.0,1.0,0.0,1.0,1.0,-1.0,0.0,1.0,1.0,1.0,0.0,0.0
-0.5817999999999999,0.7051000000000001,1.0310999999999997,-0.177,0.7051000000000001,0.641,1.0,1.0,0.0,1.0,-1.0,-1.0,0.0,1.0,1.0,1.0,1.0,0.0
-0.5817999999999999,0.7051000000000001,0.4443999999999999,-0.177,0.8607999999999996,0.641,1.0,1.0,1.0,-1.0,0.0,-1.0,0.0,1.0,0.0,1.0,1.0,0.0
-0.5817999999999999,0.7051000000000001,0.4443999999999999,-0.177,0.4443999999999999,0.641,1.0,1.0,1.0,-1.0,-1.0,-1.0,0.0,1.0,0.0,1.0,0.0,0.0
-0.5817999999999999,0.7051000000000001,0.4443999999999999,-0.177,0.7051000000000001,0.641,1.0,1.0,1.0,-1.0,1.0,-1.0,0.0,1.0,0.0,1.0,1.0,0.0
-0.5817999999999999,0.7051000000000001,0.4443999999999999,-0.177,0.4443999999999999,0.641,1.0,1.0,1.0,-1.0,1.0,-1.0,0.0,1.0,0.0,1.0,0.0,0.0
-0.5817999999999999,0.7051000000000001,0.4443999999999999,-0.177,0.7051000000000001,0.641,1.0,1.0,1.0,-1.0,-1.0,-1.0,0.0,1.0,0.0,1.0,1.0,0.0
-0.5817999999999999,0.7051000000000001,0.4443999999999999,-0.177,0.8607999999999996,0.641,1.0,1.0,1.0,1.0,0.0,-1.0,0.0,1.0,0.0,1.0,1.0,0.0
-0.5817999999999999,0.7051000000000001,0.4443999999999999,-0.177,0.7051000000000001,0.641,1.0,1.0,1.0,1.0,1.0,-1.0,0.0,1.0,0.0,1.0,1.0,0.0
-0.5817999999999999,0.7051000000000001,0.4443999999999999,-0.177,0.4443999999999999,0.641,1.0,1.0,1.0,1.0,1.0,-1.0,0.0,1.0,0.0,1.0,0.0,0.0
-0.5817999999999999,0.7051000000000001,0.4443999999999999,-0.177,0.7051000000000001,0.641,1.0,1.0,1.0,1.0,-1.0,-1.0,0.0,1.0,0.0,1.0,1.0,0.0
-0.5817999999999999,0.7051000000000001,0.7051000000000001,-0.177,0.7051000000000001,0.641,1.0,1.0,-1.0,-1.0,1.0,-1.0,0.0,1.0,1.0,1.0,1.0,0.0
-0.5817999999999999,0.7051000000000001,0.7051000000000001,-0.177,0.7051000000000001,0.641,1.0,1.0,-1.0,-1.0,-1.0,-1.0,0.0,1.0,1.0,1.0,1.0,0.0
-0.5817999999999999,0.7051000000000001,0.7051000000000001,-0.177,0.8607999999999996,0.641,1.0,1.0,-1.0,1.0,0.0,-1.0,0.0,1.0,1.0,1.0,1.0,0.0
-0.5817999999999999,0.7051000000000001,0.7051000000000001,-0.177,0.4443999999999999,0.641,1.0,1.0,-1.0,1.0,-1.0,-1.0,0.0,1.0,1.0,1.0,0.0,0.0
-0.5817999999999999,0.7051000000000001,0.7051000000000001,-0.177,0.7051000000000001,0.641,1.0,1.0,-1.0,1.0,1.0,-1.0,0.0,1.0,1.0,1.0,1.0,0.0
-0.5817999999999999,0.7051000000000001,0.7051000000000001,-0.177,0.4443999999999999,0.641,1.0,1.0,-1.0,1.0,1.0,-1.0,0.0,1.0,1.0,1.0,0.0,0.0
-0.5817999999999999,0.7051000000000001,0.7051000000000001,-0.177,0.7051000000000001,0.641,1.0,1.0,-1.0,1.0,-1.0,-1.0,0.0,1.0,1.0,1.0,1.0,0.0
-0.5817999999999999,0.0871999999999999,0.4443999999999999,0.5884999999999998,-0.177,-0.3194999999999999,1.0,0.0,-1.0,-1.0,-1.0,0.0,0.0,1.0,0.0,0.0,1.0,1.0
-0.5817999999999999,0.0871999999999999,0.4443999999999999,0.5884999999999998,-0.177,0.5894999999999995,1.0,0.0,-1.0,-1.0,-1.0,0.0,0.0,1.0,0.0,0.0,1.0,1.0
-0.5817999999999999,0.0871999999999999,0.4443999999999999,0.5884999999999998,-0.177,0.4757,1.0,0.0,-1.0,-1.0,-1.0,0.0,0.0,1.0,0.0,0.0,1.0,1.0
-0.5817999999999999,0.0871999999999999,0.4443999999999999,0.5884999999999998,-0.177,-0.3194999999999999,1.0,0.0,-1.0,-1.0,1.0,0.0,0.0,1.0,0.0,0.0,1.0,1.0
-0.5817999999999999,0.0871999999999999,0.4443999999999999,0.5884999999999998,-0.177,0.5894999999999995,1.0,0.0,-1.0,-1.0,1.0,0.0,0.0,1.0,0.0,0.0,1.0,1.0
-0.5817999999999999,0.0871999999999999,0.4443999999999999,0.5884999999999998,-0.177,0.4757,1.0,0.0,-1.0,-1.0,1.0,0.0,0.0,1.0,0.0,0.0,1.0,1.0
-0.5817999999999999,0.0871999999999999,0.7051000000000001,0.5884999999999998,-0.177,-0.3194999999999999,1.0,0.0,1.0,-1.0,-1.0,0.0,0.0,1.0,1.0,0.0,1.0,1.0
-0.5817999999999999,0.0871999999999999,0.7051000000000001,0.5884999999999998,-0.177,0.5894999999999995,1.0,0.0,1.0,-1.0,-1.0,0.0,0.0,1.0,1.0,0.0,1.0,1.0
-0.5817999999999999,0.0871999999999999,0.7051000000000001,0.5884999999999998,-0.177,0.4757,1.0,0.0,1.0,-1.0,-1.0,0.0,0.0,1.0,1.0,0.0,1.0,1.0
-0.5817999999999999,0.0871999999999999,0.7051000000000001,0.5884999999999998,-0.177,-0.3194999999999999,1.0,0.0,1.0,-1.0,1.0,0.0,0.0,1.0,1.0,0.0,1.0,1.0
-0.5817999999999999,0.0871999999999999,0.7051000000000001,0.5884999999999998,-0.177,0.5894999999999995,1.0,0.0,1.0,-1.0,1.0,0.0,0.0,1.0,1.0,0.0,1.0,1.0
-0.5817999999999999,0.0871999999999999,0.7051000000000001,0.5884999999999998,-0.177,0.4757,1.0,0.0,1.0,-1.0,1.0,0.0,0.0,1.0,1.0,0.0,1.0,1.0
-0.5817999999999999,0.0871999999999999,0.4443999999999999,0.5884999999999998,-0.177,-0.3194999999999999,1.0,0.0,1.0,-1.0,-1.0,0.0,0.0,1.0,0.0,0.0,1.0,1.0
-0.5817999999999999,0.0871999999999999,0.4443999999999999,0.5884999999999998,-0.177,0.5894999999999995,1.0,0.0,1.0,-1.0,-1.0,0.0,0.0,1.0,0.0,0.0,1.0,1.0
-0.5817999999999999,0.0871999999999999,0.4443999999999999,0.5884999999999998,-0.177,0.4757,1.0,0.0,1.0,-1.0,-1.0,0.0,0.0,1.0,0.0,0.0,1.0,1.0
-0.5817999999999999,0.0871999999999999,0.4443999999999999,0.5884999999999998,-0.177,-0.3194999999999999,1.0,0.0,1.0,-1.0,1.0,0.0,0.0,1.0,0.0,0.0,1.0,1.0
-0.5817999999999999,0.0871999999999999,0.4443999999999999,0.5884999999999998,-0.177,0.5894999999999995,1.0,0.0,1.0,-1.0,1.0,0.0,0.0,1.0,0.0,0.0,1.0,1.0
-0.5817999999999999,0.0871999999999999,0.4443999999999999,0.5884999999999998,-0.177,0.4757,1.0,0.0,1.0,-1.0,1.0,0.0,0.0,1.0,0.0,0.0,1.0,1.0
-0.5817999999999999,0.0871999999999999,0.7051000000000001,0.5884999999999998,-0.177,-0.3194999999999999,1.0,0.0,-1.0,-1.0,-1.0,0.0,0.0,1.0,1.0,0.0,1.0,1.0
-0.5817999999999999,0.0871999999999999,0.7051000000000001,0.5884999999999998,-0.177,0.5894999999999995,1.0,0.0,-1.0,-1.0,-1.0,0.0,0.0,1.0,1.0,0.0,1.0,1.0
-0.5817999999999999,0.0871999999999999,0.7051000000000001,0.5884999999999998,-0.177,0.4757,1.0,0.0,-1.0,-1.0,-1.0,0.0,0.0,1.0,1.0,0.0,1.0,1.0
-0.5817999999999999,0.0871999999999999,0.7051000000000001,0.5884999999999998,-0.177,-0.3194999999999999,1.0,0.0,-1.0,-1.0,1.0,0.0,0.0,1.0,1.0,0.0,1.0,1.0
-0.5817999999999999,0.0871999999999999,0.7051000000000001,0.5884999999999998,-0.177,0.5894999999999995,1.0,0.0,-1.0,-1.0,1.0,0.0,0.0,1.0,1.0,0.0,1.0,1.0
-0.5817999999999999,0.0871999999999999,0.7051000000000001,0.5884999999999998,-0.177,0.4757,1.0,0.0,-1.0,-1.0,1.0,0.0,0.0,1.0,1.0,0.0,1.0,1.0
-0.5817999999999999,1.2408999999999997,0.4443999999999999,0.5884999999999998,-0.177,-0.3194999999999999,1.0,0.0,-1.0,-1.0,-1.0,0.0,0.0,1.0,0.0,0.0,1.0,1.0
-0.5817999999999999,1.2408999999999997,0.4443999999999999,0.5884999999999998,-0.177,0.5894999999999995,1.0,0.0,-1.0,-1.0,-1.0,0.0,0.0,1.0,0.0,0.0,1.0,1.0
-0.5817999999999999,1.2408999999999997,0.4443999999999999,0.5884999999999998,-0.177,0.4757,1.0,0.0,-1.0,-1.0,-1.0,0.0,0.0,1.0,0.0,0.0,1.0,1.0
-0.5817999999999999,1.2408999999999997,0.4443999999999999,0.5884999999999998,-0.177,-0.3194999999999999,1.0,0.0,-1.0,-1.0,1.0,0.0,0.0,1.0,0.0,0.0,1.0,1.0
-0.5817999999999999,1.2408999999999997,0.4443999999999999,0.5884999999999998,-0.177,0.5894999999999995,1.0,0.0,-1.0,-1.0,1.0,0.0,0.0,1.0,0.0,0.0,1.0,1.0
-0.5817999999999999,1.2408999999999997,0.4443999999999999,0.5884999999999998,-0.177,0.4757,1.0,0.0,-1.0,-1.0,1.0,0.0,0.0,1.0,0.0,0.0,1.0,1.0
-0.5817999999999999,1.2408999999999997,0.7051000000000001,0.5884999999999998,-0.177,-0.3194999999999999,1.0,0.0,1.0,-1.0,-1.0,0.0,0.0,1.0,1.0,0.0,1.0,1.0
-0.5817999999999999,1.2408999999999997,0.7051000000000001,0.5884999999999998,-0.177,0.5894999999999995,1.0,0.0,1.0,-1.0,-1.0,0.0,0.0,1.0,1.0,0.0,1.0,1.0
-0.5817999999999999,1.2408999999999997,0.7051000000000001,0.5884999999999998,-0.177,0.4757,1.0,0.0,1.0,-1.0,-1.0,0.0,0.0,1.0,1.0,0.0,1.0,1.0
-0.5817999999999999,1.2408999999999997,0.7051000000000001,0.5884999999999998,-0.177,-0.3194999999999999,1.0,0.0,1.0,-1.0,1.0,0.0,0.0,1.0,1.0,0.0,1.0,1.0
-0.5817999999999999,1.2408999999999997,0.7051000000000001,0.5884999999999998,-0.177,0.5894999999999995,1.0,0.0,1.0,-1.0,1.0,0.0,0.0,1.0,1.0,0.0,1.0,1.0
-0.5817999999999999,1.2408999999999997,0.7051000000000001,0.5884999999999998,-0.177,0.4757,1.0,0.0,1.0,-1.0,1.0,0.0,0.0,1.0,1.0,0.0,1.0,1.0
-0.5817999999999999,1.2408999999999997,0.4443999999999999,0.5884999999999998,-0.177,-0.3194999999999999,1.0,0.0,1.0,-1.0,-1.0,0.0,0.0,1.0,0.0,0.0,1.0,1.0
-0.5817999999999999,1.2408999999999997,0.4443999999999999,0.5884999999999998,-0.177,0.5894999999999995,1.0,0.0,1.0,-1.0,-1.0,0.0,0.0,1.0,0.0,0.0,1.0,1.0
-0.5817999999999999,1.2408999999999997,0.4443999999999999,0.5884999999999998,-0.177,0.4757,1.0,0.0,1.0,-1.0,-1.0,0.0,0.0,1.0,0.0,0.0,1.0,1.0
-0.5817999999999999,1.2408999999999997,0.4443999999999999,0.5884999999999998,-0.177,-0.3194999999999999,1.0,0.0,1.0,-1.0,1.0,0.0,0.0,1.0,0.0,0.0,1.0,1.0
-0.5817999999999999,1.2408999999999997,0.4443999999999999,0.5884999999999998,-0.177,0.5894999999999995,1.0,0.0,1.0,-1.0,1.0,0.0,0.0,1.0,0.0,0.0,1.0,1.0
-0.5817999999999999,1.2408999999999997,0.4443999999999999,0.5884999999999998,-0.177,0.4757,1.0,0.0,1.0,-1.0,1.0,0.0,0.0,1.0,0.0,0.0,1.0,1.0
-0.5817999999999999,1.2408999999999997,0.7051000000000001,0.5884999999999998,-0.177,-0.3194999999999999,1.0,0.0,-1.0,-1.0,-1.0,0.0,0.0,1.0,1.0,0.0,1.0,1.0
-0.5817999999999999,1.2408999999999997,0.7051000000000001,0.5884999999999998,-0.177,0.5894999999999995,1.0,0.0,-1.0,-1.0,-1.0,0.0,0.0,1.0,1.0,0.0,1.0,1.0
-0.5817999999999999,1.2408999999999997,0.7051000000000001,0.5884999999999998,-0.177,0.4757,1.0,0.0,-1.0,-1.0,-1.0,0.0,0.0,1.0,1.0,0.0,1.0,1.0
-0.5817999999999999,1.2408999999999997,0.7051000000000001,0.5884999999999998,-0.177,-0.3194999999999999,1.0,0.0,-1.0,-1.0,1.0,0.0,0.0,1.0,1.0,0.0,1.0,1.0
-0.5817999999999999,1.2408999999999997,0.7051000000000001,0.5884999999999998,-0.177,0.5894999999999995,1.0,0.0,-1.0,-1.0,1.0,0.0,0.0,1.0,1.0,0.0,1.0,1.0
-0.5817999999999999,1.2408999999999997,0.7051000000000001,0.5884999999999998,-0.177,0.4757,1.0,0.0,-1.0,-1.0,1.0,0.0,0.0,1.0,1.0,0.0,1.0,1.0
-0.5817999999999999,0.4443999999999999,0.8607999999999996,-0.177,0.8607999999999996,0.641,1.0,1.0,0.0,-1.0,0.0,-1.0,0.0,0.0,1.0,1.0,1.0,0.0
-0.5817999999999999,0.4443999999999999,0.8607999999999996,-0.177,0.4443999999999999,0.641,1.0,1.0,0.0,-1.0,-1.0,-1.0,0.0,0.0,1.0,1.0,0.0,0.0
-0.5817999999999999,0.4443999999999999,0.8607999999999996,-0.177,0.7051000000000001,0.641,1.0,1.0,0.0,-1.0,1.0,-1.0,0.0,0.0,1.0,1.0,1.0,0.0
-0.5817999999999999,0.4443999999999999,0.8607999999999996,-0.177,0.4443999999999999,0.641,1.0,1.0,0.0,-1.0,1.0,-1.0,0.0,0.0,1.0,1.0,0.0,0.0
-0.5817999999999999,0.4443999999999999,0.8607999999999996,-0.177,0.8607999999999996,0.641,1.0,1.0,0.0,1.0,0.0,-1.0,0.0,0.0,1.0,1.0,1.0,0.0
-0.5817999999999999,0.4443999999999999,0.8607999999999996,-0.177,0.4443999999999999,0.641,1.0,1.0,0.0,1.0,-1.0,-1.0,0.0,0.0,1.0,1.0,0.0,0.0
-0.5817999999999999,0.4443999999999999,0.8607999999999996,-0.177,0.7051000000000001,0.641,1.0,1.0,0.0,1.0,1.0,-1.0,0.0,0.0,1.0,1.0,1.0,0.0
-0.5817999999999999,0.4443999999999999,0.8607999999999996,-0.177,0.4443999999999999,0.641,1.0,1.0,0.0,1.0,1.0,-1.0,0.0,0.0,1.0,1.0,0.0,0.0
-0.5817999999999999,0.4443999999999999,0.8607999999999996,-0.177,0.7051000000000001,0.641,1.0,1.0,0.0,1.0,-1.0,-1.0,0.0,0.0,1.0,1.0,1.0,0.0
-0.5817999999999999,0.4443999999999999,0.4443999999999999,-0.177,0.8607999999999996,0.641,1.0,1.0,-1.0,-1.0,0.0,-1.0,0.0,0.0,0.0,1.0,1.0,0.0
-0.5817999999999999,0.4443999999999999,0.4443999999999999,-0.177,0.4443999999999999,0.641,1.0,1.0,-1.0,-1.0,-1.0,-1.0,0.0,0.0,0.0,1.0,0.0,0.0
-0.5817999999999999,0.4443999999999999,0.4443999999999999,-0.177,0.7051000000000001,0.641,1.0,1.0,-1.0,-1.0,1.0,-1.0,0.0,0.0,0.0,1.0,1.0,0.0
-0.5817999999999999,0.4443999999999999,0.4443999999999999,-0.177,0.7051000000000001,0.641,1.0,1.0,-1.0,-1.0,-1.0,-1.0,0.0,0.0,0.0,1.0,1.0,0.0
-0.5817999999999999,0.4443999999999999,0.4443999999999999,-0.177,0.8607999999999996,0.641,1.0,1.0,-1.0,1.0,0.0,-1.0,0.0,0.0,0.0,1.0,1.0,0.0
-0.5817999999999999,0.4443999999999999,0.4443999999999999,-0.177,0.4443999999999999,0.641,1.0,1.0,-1.0,1.0,-1.0,-1.0,0.0,0.0,0.0,1.0,0.0,0.0
-0.5817999999999999,0.4443999999999999,0.4443999999999999,-0.177,0.7051000000000001,0.641,1.0,1.0,-1.0,1.0,1.0,-1.0,0.0,0.0,0.0,1.0,1.0,0.0
-0.5817999999999999,0.4443999999999999,0.7051000000000001,-0.177,0.4443999999999999,0.641,1.0,1.0,1.0,-1.0,-1.0,-1.0,0.0,0.0,1.0,1.0,0.0,0.0
-0.5817999999999999,0.4443999999999999,0.7051000000000001,-0.177,0.7051000000000001,0.641,1.0,1.0,1.0,-1.0,1.0,-1.0,0.0,0.0,1.0,1.0,1.0,0.0
-0.5817999999999999,0.4443999999999999,0.7051000000000001,-0.177,0.4443999999999999,0.641,1.0,1.0,1.0,-1.0,1.0,-1.0,0.0,0.0,1.0,1.0,0.0,0.0
-0.5817999999999999,0.4443999999999999,0.7051000000000001,-0.177,0.7051000000000001,0.641,1.0,1.0,1.0,-1.0,-1.0,-1.0,0.0,0.0,1.0,1.0,1.0,0.0
-0.5817999999999999,0.4443999999999999,0.7051000000000001,-0.177,0.8607999999999996,0.641,1.0,1.0,1.0,1.0,0.0,-1.0,0.0,0.0,1.0,1.0,1.0,0.0
-0.5817999999999999,0.4443999999999999,0.7051000000000001,-0.177,0.4443999999999999,0.641,1.0,1.0,1.0,1.0,1.0,-1.0,0.0,0.0,1.0,1.0,0.0,0.0
-0.5817999999999999,0.4443999999999999,0.7051000000000001,-0.177,0.7051000000000001,0.641,1.0,1.0,1.0,1.0,-1.0,-1.0,0.0,0.0,1.0,1.0,1.0,0.0
-0.5817999999999999,0.4443999999999999,1.0310999999999997,-0.177,0.8607999999999996,0.641,1.0,1.0,0.0,-1.0,0.0,-1.0,0.0,0.0,1.0,1.0,1.0,0.0
-0.5817999999999999,0.4443999999999999,1.0310999999999997,-0.177,0.7051000000000001,0.641,1.0,1.0,0.0,-1.0,1.0,-1.0,0.0,0.0,1.0,1.0,1.0,0.0
-0.5817999999999999,0.4443999999999999,1.0310999999999997,-0.177,0.7051000000000001,0.641,1.0,1.0,0.0,-1.0,-1.0,-1.0,0.0,0.0,1.0,1.0,1.0,0.0
-0.5817999999999999,0.4443999999999999,1.0310999999999997,-0.177,0.8607999999999996,0.641,1.0,1.0,0.0,1.0,0.0,-1.0,0.0,0.0,1.0,1.0,1.0,0.0
-0.5817999999999999,0.4443999999999999,1.0310999999999997,-0.177,0.4443999999999999,0.641,1.0,1.0,0.0,1.0,1.0,-1.0,0.0,0.0,1.0,1.0,0.0,0.0
-0.5817999999999999,0.4443999999999999,0.4443999999999999,-0.177,0.8607999999999996,0.641,1.0,1.0,1.0,-1.0,0.0,-1.0,0.0,0.0,0.0,1.0,1.0,0.0
-0.5817999999999999,0.4443999999999999,0.4443999999999999,-0.177,0.4443999999999999,0.641,1.0,1.0,1.0,-1.0,-1.0,-1.0,0.0,0.0,0.0,1.0,0.0,0.0
-0.5817999999999999,0.4443999999999999,0.4443999999999999,-0.177,0.7051000000000001,0.641,1.0,1.0,1.0,-1.0,1.0,-1.0,0.0,0.0,0.0,1.0,1.0,0.0
-0.5817999999999999,0.4443999999999999,0.4443999999999999,-0.177,0.4443999999999999,0.641,1.0,1.0,1.0,-1.0,1.0,-1.0,0.0,0.0,0.0,1.0,0.0,0.0
-0.5817999999999999,0.4443999999999999,0.4443999999999999,-0.177,0.7051000000000001,0.641,1.0,1.0,1.0,-1.0,-1.0,-1.0,0.0,0.0,0.0,1.0,1.0,0.0
-0.5817999999999999,0.4443999999999999,0.4443999999999999,-0.177,0.8607999999999996,0.641,1.0,1.0,1.0,1.0,0.0,-1.0,0.0,0.0,0.0,1.0,1.0,0.0
-0.5817999999999999,0.4443999999999999,0.4443999999999999,-0.177,0.7051000000000001,0.641,1.0,1.0,1.0,1.0,1.0,-1.0,0.0,0.0,0.0,1.0,1.0,0.0
-0.5817999999999999,0.4443999999999999,0.4443999999999999,-0.177,0.4443999999999999,0.641,1.0,1.0,1.0,1.0,1.0,-1.0,0.0,0.0,0.0,1.0,0.0,0.0
-0.5817999999999999,0.4443999999999999,0.4443999999999999,-0.177,0.7051000000000001,0.641,1.0,1.0,1.0,1.0,-1.0,-1.0,0.0,0.0,0.0,1.0,1.0,0.0
-0.5817999999999999,0.4443999999999999,0.7051000000000001,-0.177,0.7051000000000001,0.641,1.0,1.0,-1.0,-1.0,1.0,-1.0,0.0,0.0,1.0,1.0,1.0,0.0
-0.5817999999999999,0.4443999999999999,0.7051000000000001,-0.177,0.7051000000000001,0.641,1.0,1.0,-1.0,-1.0,-1.0,-1.0,0.0,0.0,1.0,1.0,1.0,0.0
-0.5817999999999999,0.4443999999999999,0.7051000000000001,-0.177,0.7051000000000001,0.641,1.0,1.0,-1.0,1.0,1.0,-1.0,0.0,0.0,1.0,1.0,1.0,0.0
-0.5817999999999999,0.4443999999999999,0.7051000000000001,-0.177,0.7051000000000001,0.641,1.0,1.0,-1.0,1.0,-1.0,-1.0,0.0,0.0,1.0,1.0,1.0,0.0
-0.5817999999999999,-0.3211000000000002,-0.7971999999999999,-0.5817999999999999,0.478,0.9017,1.0,-1.0,-1.0,-1.0,-1.0,1.0,0.0,1.0,1.0,0.0,1.0,1.0
-0.5817999999999999,-0.3211000000000002,0.0878999999999999,-0.5817999999999999,0.478,0.9017,1.0,-1.0,-1.0,-1.0,-1.0,1.0,0.0,1.0,1.0,0.0,1.0,1.0
-0.5817999999999999,0.7051000000000001,0.8607999999999996,-0.177,0.8607999999999996,0.641,1.0,-1.0,0.0,-1.0,0.0,-1.0,0.0,1.0,1.0,1.0,1.0,0.0
-0.5817999999999999,0.7051000000000001,0.8607999999999996,-0.177,0.4443999999999999,0.641,1.0,-1.0,0.0,-1.0,-1.0,-1.0,0.0,1.0,1.0,1.0,0.0,0.0
-0.5817999999999999,0.7051000000000001,0.8607999999999996,-0.177,0.4443999999999999,0.641,1.0,-1.0,0.0,-1.0,1.0,-1.0,0.0,1.0,1.0,1.0,0.0,0.0
-0.5817999999999999,0.7051000000000001,0.8607999999999996,-0.177,0.7051000000000001,0.641,1.0,-1.0,0.0,-1.0,-1.0,-1.0,0.0,1.0,1.0,1.0,1.0,0.0
-0.5817999999999999,0.7051000000000001,0.8607999999999996,-0.177,0.8607999999999996,0.641,1.0,-1.0,0.0,1.0,0.0,-1.0,0.0,1.0,1.0,1.0,1.0,0.0
-0.5817999999999999,0.7051000000000001,0.8607999999999996,-0.177,0.4443999999999999,0.641,1.0,-1.0,0.0,1.0,-1.0,-1.0,0.0,1.0,1.0,1.0,0.0,0.0
-0.5817999999999999,0.7051000000000001,0.8607999999999996,-0.177,0.7051000000000001,0.641,1.0,-1.0,0.0,1.0,1.0,-1.0,0.0,1.0,1.0,1.0,1.0,0.0
-0.5817999999999999,0.7051000000000001,0.8607999999999996,-0.177,0.7051000000000001,0.641,1.0,-1.0,0.0,1.0,-1.0,-1.0,0.0,1.0,1.0,1.0,1.0,0.0
-0.5817999999999999,0.7051000000000001,0.4443999999999999,-0.177,0.8607999999999996,0.641,1.0,-1.0,-1.0,-1.0,0.0,-1.0,0.0,1.0,0.0,1.0,1.0,0.0
-0.5817999999999999,0.7051000000000001,0.4443999999999999,-0.177,0.4443999999999999,0.641,1.0,-1.0,-1.0,-1.0,-1.0,-1.0,0.0,1.0,0.0,1.0,0.0,0.0
-0.5817999999999999,0.7051000000000001,0.4443999999999999,-0.177,0.7051000000000001,0.641,1.0,-1.0,-1.0,-1.0,1.0,-1.0,0.0,1.0,0.0,1.0,1.0,0.0
-0.5817999999999999,0.7051000000000001,0.4443999999999999,-0.177,0.4443999999999999,0.641,1.0,-1.0,-1.0,-1.0,1.0,-1.0,0.0,1.0,0.0,1.0,0.0,0.0
-0.5817999999999999,0.7051000000000001,0.4443999999999999,-0.177,0.7051000000000001,0.641,1.0,-1.0,-1.0,-1.0,-1.0,-1.0,0.0,1.0,0.0,1.0,1.0,0.0
-0.5817999999999999,0.7051000000000001,0.4443999999999999,-0.177,0.8607999999999996,0.641,1.0,-1.0,-1.0,1.0,0.0,-1.0,0.0,1.0,0.0,1.0,1.0,0.0
-0.5817999999999999,0.7051000000000001,0.4443999999999999,-0.177,0.4443999999999999,0.641,1.0,-1.0,-1.0,1.0,-1.0,-1.0,0.0,1.0,0.0,1.0,0.0,0.0
-0.5817999999999999,0.7051000000000001,0.4443999999999999,-0.177,0.7051000000000001,0.641,1.0,-1.0,-1.0,1.0,1.0,-1.0,0.0,1.0,0.0,1.0,1.0,0.0
-0.5817999999999999,0.7051000000000001,0.4443999999999999,-0.177,0.4443999999999999,0.641,1.0,-1.0,-1.0,1.0,1.0,-1.0,0.0,1.0,0.0,1.0,0.0,0.0
-0.5817999999999999,0.7051000000000001,0.4443999999999999,-0.177,0.7051000000000001,0.641,1.0,-1.0,-1.0,1.0,-1.0,-1.0,0.0,1.0,0.0,1.0,1.0,0.0
-0.5817999999999999,0.7051000000000001,0.7051000000000001,-0.177,0.8607999999999996,0.641,1.0,-1.0,1.0,-1.0,0.0,-1.0,0.0,1.0,1.0,1.0,1.0,0.0
-0.5817999999999999,0.7051000000000001,0.7051000000000001,-0.177,0.7051000000000001,0.641,1.0,-1.0,1.0,-1.0,1.0,-1.0,0.0,1.0,1.0,1.0,1.0,0.0
-0.5817999999999999,0.7051000000000001,0.7051000000000001,-0.177,0.4443999999999999,0.641,1.0,-1.0,1.0,-1.0,1.0,-1.0,0.0,1.0,1.0,1.0,0.0,0.0
-0.5817999999999999,0.7051000000000001,0.7051000000000001,-0.177,0.7051000000000001,0.641,1.0,-1.0,1.0,-1.0,-1.0,-1.0,0.0,1.0,1.0,1.0,1.0,0.0
-0.5817999999999999,0.7051000000000001,0.7051000000000001,-0.177,0.8607999999999996,0.641,1.0,-1.0,1.0,1.0,0.0,-1.0,0.0,1.0,1.0,1.0,1.0,0.0
-0.5817999999999999,0.7051000000000001,0.7051000000000001,-0.177,0.7051000000000001,0.641,1.0,-1.0,1.0,1.0,1.0,-1.0,0.0,1.0,1.0,1.0,1.0,0.0
-0.5817999999999999,0.7051000000000001,0.7051000000000001,-0.177,0.7051000000000001,0.641,1.0,-1.0,1.0,1.0,-1.0,-1.0,0.0,1.0,1.0,1.0,1.0,0.0
-0.5817999999999999,0.7051000000000001,1.0310999999999997,-0.177,0.4443999999999999,0.641,1.0,-1.0,0.0,-1.0,-1.0,-1.0,0.0,1.0,1.0,1.0,0.0,0.0
-0.5817999999999999,0.7051000000000001,1.0310999999999997,-0.177,0.7051000000000001,0.641,1.0,-1.0,0.0,-1.0,1.0,-1.0,0.0,1.0,1.0,1.0,1.0,0.0
-0.5817999999999999,0.7051000000000001,1.0310999999999997,-0.177,0.7051000000000001,0.641,1.0,-1.0,0.0,-1.0,-1.0,-1.0,0.0,1.0,1.0,1.0,1.0,0.0
-0.5817999999999999,0.7051000000000001,1.0310999999999997,-0.177,0.4443999999999999,0.641,1.0,-1.0,0.0,1.0,1.0,-1.0,0.0,1.0,1.0,1.0,0.0,0.0
-0.5817999999999999,0.7051000000000001,1.0310999999999997,-0.177,0.7051000000000001,0.641,1.0,-1.0,0.0,1.0,-1.0,-1.0,0.0,1.0,1.0,1.0,1.0,0.0
-0.5817999999999999,0.7051000000000001,0.4443999999999999,-0.177,0.7051000000000001,0.641,1.0,-1.0,1.0,-1.0,1.0,-1.0,0.0,1.0,0.0,1.0,1.0,0.0
-0.5817999999999999,0.7051000000000001,0.4443999999999999,-0.177,0.4443999999999999,0.641,1.0,-1.0,1.0,-1.0,1.0,-1.0,0.0,1.0,0.0,1.0,0.0,0.0
-0.5817999999999999,0.7051000000000001,0.4443999999999999,-0.177,0.7051000000000001,0.641,1.0,-1.0,1.0,-1.0,-1.0,-1.0,0.0,1.0,0.0,1.0,1.0,0.0
-0.5817999999999999,0.7051000000000001,0.4443999999999999,-0.177,0.8607999999999996,0.641,1.0,-1.0,1.0,1.0,0.0,-1.0,0.0,1.0,0.0,1.0,1.0,0.0
-0.5817999999999999,0.7051000000000001,0.4443999999999999,-0.177,0.4443999999999999,0.641,1.0,-1.0,1.0,1.0,-1.0,-1.0,0.0,1.0,0.0,1.0,0.0,0.0
-0.5817999999999999,0.7051000000000001,0.4443999999999999,-0.177,0.7051000000000001,0.641,1.0,-1.0,1.0,1.0,1.0,-1.0,0.0,1.0,0.0,1.0,1.0,0.0
-0.5817999999999999,0.7051000000000001,0.4443999999999999,-0.177,0.4443999999999999,0.641,1.0,-1.0,1.0,1.0,1.0,-1.0,0.0,1.0,0.0,1.0,0.0,0.0
-0.5817999999999999,0.7051000000000001,0.4443999999999999,-0.177,0.7051000000000001,0.641,1.0,-1.0,1.0,1.0,-1.0,-1.0,0.0,1.0,0.0,1.0,1.0,0.0
-0.5817999999999999,0.7051000000000001,0.7051000000000001,-0.177,0.8607999999999996,0.641,1.0,-1.0,-1.0,-1.0,0.0,-1.0,0.0,1.0,1.0,1.0,1.0,0.0
-0.5817999999999999,0.7051000000000001,0.7051000000000001,-0.177,0.7051000000000001,0.641,1.0,-1.0,-1.0,-1.0,1.0,-1.0,0.0,1.0,1.0,1.0,1.0,0.0
-0.5817999999999999,0.7051000000000001,0.7051000000000001,-0.177,0.7051000000000001,0.641,1.0,-1.0,-1.0,-1.0,-1.0,-1.0,0.0,1.0,1.0,1.0,1.0,0.0
-0.5817999999999999,0.7051000000000001,0.7051000000000001,-0.177,0.8607999999999996,0.641,1.0,-1.0,-1.0,1.0,0.0,-1.0,0.0,1.0,1.0,1.0,1.0,0.0
-0.5817999999999999,0.7051000000000001,0.7051000000000001,-0.177,0.4443999999999999,0.641,1.0,-1.0,-1.0,1.0,-1.0,-1.0,0.0,1.0,1.0,1.0,0.0,0.0
-0.5817999999999999,0.7051000000000001,0.7051000000000001,-0.177,0.7051000000000001,0.641,1.0,-1.0,-1.0,1.0,1.0,-1.0,0.0,1.0,1.0,1.0,1.0,0.0
-0.5817999999999999,0.7051000000000001,0.7051000000000001,-0.177,0.4443999999999999,0.641,1.0,-1.0,-1.0,1.0,1.0,-1.0,0.0,1.0,1.0,1.0,0.0,0.0
-0.5817999999999999,0.7051000000000001,0.7051000000000001,-0.177,0.7051000000000001,0.641,1.0,-1.0,-1.0,1.0,-1.0,-1.0,0.0,1.0,1.0,1.0,1.0,0.0
-0.5817999999999999,0.8507999999999998,0.4443999999999999,0.5884999999999998,-0.177,-0.3194999999999999,1.0,0.0,-1.0,-1.0,-1.0,0.0,0.0,1.0,0.0,0.0,1.0,1.0
-0.5817999999999999,0.8507999999999998,0.4443999999999999,0.5884999999999998,-0.177,0.5894999999999995,1.0,0.0,-1.0,-1.0,-1.0,0.0,0.0,1.0,0.0,0.0,1.0,1.0
-0.5817999999999999,0.8507999999999998,0.4443999999999999,0.5884999999999998,-0.177,0.4757,1.0,0.0,-1.0,-1.0,-1.0,0.0,0.0,1.0,0.0,0.0,1.0,1.0
-0.5817999999999999,0.8507999999999998,0.4443999999999999,0.5884999999999998,-0.177,-0.3194999999999999,1.0,0.0,-1.0,-1.0,1.0,0.0,0.0,1.0,0.0,0.0,1.0,1.0
-0.5817999999999999,0.8507999999999998,0.4443999999999999,0.5884999999999998,-0.177,0.5894999999999995,1.0,0.0,-1.0,-1.0,1.0,0.0,0.0,1.0,0.0,0.0,1.0,1.0
-0.5817999999999999,0.8507999999999998,0.4443999999999999,0.5884999999999998,-0.177,0.4757,1.0,0.0,-1.0,-1.0,1.0,0.0,0.0,1.0,0.0,0.0,1.0,1.0
-0.5817999999999999,0.8507999999999998,0.7051000000000001,0.5884999999999998,-0.177,-0.3194999999999999,1.0,0.0,1.0,-1.0,-1.0,0.0,0.0,1.0,1.0,0.0,1.0,1.0
-0.5817999999999999,0.8507999999999998,0.7051000000000001,0.5884999999999998,-0.177,0.5894999999999995,1.0,0.0,1.0,-1.0,-1.0,0.0,0.0,1.0,1.0,0.0,1.0,1.0
-0.5817999999999999,0.8507999999999998,0.7051000000000001,0.5884999999999998,-0.177,0.4757,1.0,0.0,1.0,-1.0,-1.0,0.0,0.0,1.0,1.0,0.0,1.0,1.0
-0.5817999999999999,0.8507999999999998,0.7051000000000001,0.5884999999999998,-0.177,-0.3194999999999999,1.0,0.0,1.0,-1.0,1.0,0.0,0.0,1.0,1.0,0.0,1.0,1.0
-0.5817999999999999,0.8507999999999998,0.7051000000000001,0.5884999999999998,-0.177,0.5894999999999995,1.0,0.0,1.0,-1.0,1.0,0.0,0.0,1.0,1.0,0.0,1.0,1.0
-0.5817999999999999,0.8507999999999998,0.7051000000000001,0.5884999999999998,-0.177,0.4757,1.0,0.0,1.0,-1.0,1.0,0.0,0.0,1.0,1.0,0.0,1.0,1.0
-0.5817999999999999,0.8507999999999998,0.4443999999999999,0.5884999999999998,-0.177,-0.3194999999999999,1.0,0.0,1.0,-1.0,-1.0,0.0,0.0,1.0,0.0,0.0,1.0,1.0
-0.5817999999999999,0.8507999999999998,0.4443999999999999,0.5884999999999998,-0.177,0.5894999999999995,1.0,0.0,1.0,-1.0,-1.0,0.0,0.0,1.0,0.0,0.0,1.0,1.0
-0.5817999999999999,0.8507999999999998,0.4443999999999999,0.5884999999999998,-0.177,0.4757,1.0,0.0,1.0,-1.0,-1.0,0.0,0.0,1.0,0.0,0.0,1.0,1.0
-0.5817999999999999,0.8507999999999998,0.4443999999999999,0.5884999999999998,-0.177,-0.3194999999999999,1.0,0.0,1.0,-1.0,1.0,0.0,0.0,1.0,0.0,0.0,1.0,1.0
-0.5817999999999999,0.8507999999999998,0.4443999999999999,0.5884999999999998,-0.177,0.5894999999999995,1.0,0.0,1.0,-1.0,1.0,0.0,0.0,1.0,0.0,0.0,1.0,1.0
-0.5817999999999999,0.8507999999999998,0.4443999999999999,0.5884999999999998,-0.177,0.4757,1.0,0.0,1.0,-1.0,1.0,0.0,0.0,1.0,0.0,0.0,1.0,1.0
-0.5817999999999999,0.8507999999999998,0.7051000000000001,0.5884999999999998,-0.177,-0.3194999999999999,1.0,0.0,-1.0,-1.0,-1.0,0.0,0.0,1.0,1.0,0.0,1.0,1.0
-0.5817999999999999,0.8507999999999998,0.7051000000000001,0.5884999999999998,-0.177,0.5894999999999995,1.0,0.0,-1.0,-1.0,-1.0,0.0,0.0,1.0,1.0,0.0,1.0,1.0
-0.5817999999999999,0.8507999999999998,0.7051000000000001,0.5884999999999998,-0.177,0.4757,1.0,0.0,-1.0,-1.0,-1.0,0.0,0.0,1.0,1.0,0.0,1.0,1.0
-0.5817999999999999,0.8507999999999998,0.7051000000000001,0.5884999999999998,-0.177,-0.3194999999999999,1.0,0.0,-1.0,-1.0,1.0,0.0,0.0,1.0,1.0,0.0,1.0,1.0
-0.5817999999999999,0.8507999999999998,0.7051000000000001,0.5884999999999998,-0.177,0.5894999999999995,1.0,0.0,-1.0,-1.0,1.0,0.0,0.0,1.0,1.0,0.0,1.0,1.0
-0.5817999999999999,0.8507999999999998,0.7051000000000001,0.5884999999999998,-0.177,0.4757,1.0,0.0,-1.0,-1.0,1.0,0.0,0.0,1.0,1.0,0.0,1.0,1.0
1.1223,-0.4726999999999995,-1.2208999999999997,0.641,-0.177,0.641,1.0,-1.0,-1.0,-1.0,-1.0,-1.0,0.0,1.0,0.0,0.0,1.0,0.0
1.1223,-0.4726999999999995,-1.2208999999999997,0.641,-0.177,0.641,1.0,1.0,-1.0,1.0,-1.0,-1.0,0.0,1.0,0.0,0.0,1.0,0.0
0.641,0.8492,0.8492,0.5884999999999998,0.8492,-1.1224999999999996,1.0,-1.0,-1.0,-1.0,-1.0,1.0,0.0,1.0,1.0,0.0,1.0,0.0
0.641,0.8492,0.5884999999999998,0.8492,0.5884999999999998,-1.1224999999999996,1.0,-1.0,-1.0,-1.0,-1.0,1.0,0.0,1.0,0.0,1.0,0.0,0.0
0.641,0.8492,0.5884999999999998,0.5884999999999998,0.5884999999999998,-1.1224999999999996,1.0,-1.0,-1.0,-1.0,-1.0,1.0,0.0,1.0,0.0,0.0,0.0,0.0
0.641,0.8492,0.5884999999999998,0.5884999999999998,0.5884999999999998,-0.8617999999999992,1.0,-1.0,-1.0,-1.0,-1.0,1.0,0.0,1.0,0.0,0.0,0.0,1.0
0.641,0.8492,0.5884999999999998,-0.177,0.8492,-1.1224999999999996,1.0,-1.0,-1.0,-1.0,-1.0,1.0,0.0,1.0,0.0,1.0,1.0,0.0
0.641,0.0871999999999999,0.4443999999999999,0.5884999999999998,-0.177,-0.3194999999999999,1.0,0.0,-1.0,-1.0,-1.0,0.0,0.0,1.0,0.0,0.0,1.0,1.0
0.641,0.0871999999999999,0.4443999999999999,0.5884999999999998,-0.177,0.5894999999999995,1.0,0.0,-1.0,-1.0,-1.0,0.0,0.0,1.0,0.0,0.0,1.0,1.0
0.641,0.0871999999999999,0.4443999999999999,0.5884999999999998,-0.177,0.4757,1.0,0.0,-1.0,-1.0,-1.0,0.0,0.0,1.0,0.0,0.0,1.0,1.0
0.641,0.0871999999999999,0.4443999999999999,0.5884999999999998,-0.177,-0.3194999999999999,1.0,0.0,-1.0,-1.0,1.0,0.0,0.0,1.0,0.0,0.0,1.0,1.0
0.641,0.0871999999999999,0.4443999999999999,0.5884999999999998,-0.177,0.5894999999999995,1.0,0.0,-1.0,-1.0,1.0,0.0,0.0,1.0,0.0,0.0,1.0,1.0
0.641,0.0871999999999999,0.4443999999999999,0.5884999999999998,-0.177,0.4757,1.0,0.0,-1.0,-1.0,1.0,0.0,0.0,1.0,0.0,0.0,1.0,1.0
0.641,0.0871999999999999,0.7051000000000001,0.5884999999999998,-0.177,-0.3194999999999999,1.0,0.0,1.0,-1.0,-1.0,0.0,0.0,1.0,1.0,0.0,1.0,1.0
0.641,0.0871999999999999,0.7051000000000001,0.5884999999999998,-0.177,0.5894999999999995,1.0,0.0,1.0,-1.0,-1.0,0.0,0.0,1.0,1.0,0.0,1.0,1.0
0.641,0.0871999999999999,0.7051000000000001,0.5884999999999998,-0.177,0.4757,1.0,0.0,1.0,-1.0,-1.0,0.0,0.0,1.0,1.0,0.0,1.0,1.0
0.641,0.0871999999999999,0.7051000000000001,0.5884999999999998,-0.177,-0.3194999999999999,1.0,0.0,1.0,-1.0,1.0,0.0,0.0,1.0,1.0,0.0,1.0,1.0
0.641,0.0871999999999999,0.7051000000000001,0.5884999999999998,-0.177,0.5894999999999995,1.0,0.0,1.0,-1.0,1.0,0.0,0.0,1.0,1.0,0.0,1.0,1.0
0.641,0.0871999999999999,0.7051000000000001,0.5884999999999998,-0.177,0.4757,1.0,0.0,1.0,-1.0,1.0,0.0,0.0,1.0,1.0,0.0,1.0,1.0
0.641,0.0871999999999999,0.4443999999999999,0.5884999999999998,-0.177,-0.3194999999999999,1.0,0.0,1.0,-1.0,-1.0,0.0,0.0,1.0,0.0,0.0,1.0,1.0
0.641,0.0871999999999999,0.4443999999999999,0.5884999999999998,-0.177,0.5894999999999995,1.0,0.0,1.0,-1.0,-1.0,0.0,0.0,1.0,0.0,0.0,1.0,1.0
0.641,0.0871999999999999,0.4443999999999999,0.5884999999999998,-0.177,0.4757,1.0,0.0,1.0,-1.0,-1.0,0.0,0.0,1.0,0.0,0.0,1.0,1.0
0.641,0.0871999999999999,0.4443999999999999,0.5884999999999998,-0.177,-0.3194999999999999,1.0,0.0,1.0,-1.0,1.0,0.0,0.0,1.0,0.0,0.0,1.0,1.0
0.641,0.0871999999999999,0.4443999999999999,0.5884999999999998,-0.177,0.5894999999999995,1.0,0.0,1.0,-1.0,1.0,0.0,0.0,1.0,0.0,0.0,1.0,1.0
0.641,0.0871999999999999,0.4443999999999999,0.5884999999999998,-0.177,0.4757,1.0,0.0,1.0,-1.0,1.0,0.0,0.0,1.0,0.0,0.0,1.0,1.0
0.641,0.0871999999999999,0.7051000000000001,0.5884999999999998,-0.177,-0.3194999999999999,1.0,0.0,-1.0,-1.0,-1.0,0.0,0.0,1.0,1.0,0.0,1.0,1.0
0.641,0.0871999999999999,0.7051000000000001,0.5884999999999998,-0.177,0.5894999999999995,1.0,0.0,-1.0,-1.0,-1.0,0.0,0.0,1.0,1.0,0.0,1.0,1.0
0.641,0.0871999999999999,0.7051000000000001,0.5884999999999998,-0.177,0.4757,1.0,0.0,-1.0,-1.0,-1.0,0.0,0.0,1.0,1.0,0.0,1.0,1.0
0.641,0.0871999999999999,0.7051000000000001,0.5884999999999998,-0.177,-0.3194999999999999,1.0,0.0,-1.0,-1.0,1.0,0.0,0.0,1.0,1.0,0.0,1.0,1.0
0.641,0.0871999999999999,0.7051000000000001,0.5884999999999998,-0.177,0.5894999999999995,1.0,0.0,-1.0,-1.0,1.0,0.0,0.0,1.0,1.0,0.0,1.0,1.0
0.641,0.0871999999999999,0.7051000000000001,0.5884999999999998,-0.177,0.4757,1.0,0.0,-1.0,-1.0,1.0,0.0,0.0,1.0,1.0,0.0,1.0,1.0
0.641,0.5884999999999998,0.8492,0.5884999999999998,0.5884999999999998,-1.1224999999999996,1.0,-1.0,-1.0,-1.0,-1.0,1.0,0.0,0.0,1.0,0.0,0.0,0.0
0.641,0.5884999999999998,0.5884999999999998,0.8492,-0.177,-1.1224999999999996,1.0,-1.0,-1.0,-1.0,-1.0,1.0,0.0,0.0,0.0,1.0,1.0,0.0
0.641,0.5884999999999998,0.5884999999999998,0.5884999999999998,0.5884999999999998,-1.1224999999999996,1.0,-1.0,-1.0,-1.0,-1.0,1.0,0.0,0.0,0.0,0.0,0.0,0.0
0.641,0.5884999999999998,0.5884999999999998,0.5884999999999998,-0.177,-1.1224999999999996,1.0,-1.0,-1.0,-1.0,-1.0,1.0,0.0,0.0,0.0,0.0,1.0,0.0
0.641,0.5884999999999998,0.5884999999999998,-0.177,0.5884999999999998,-1.1224999999999996,1.0,-1.0,-1.0,-1.0,-1.0,1.0,0.0,0.0,0.0,1.0,0.0,0.0
0.641,1.2408999999999997,0.4443999999999999,0.5884999999999998,-0.177,-0.3194999999999999,1.0,0.0,-1.0,-1.0,-1.0,0.0,0.0,1.0,0.0,0.0,1.0,1.0
0.641,1.2408999999999997,0.4443999999999999,0.5884999999999998,-0.177,0.5894999999999995,1.0,0.0,-1.0,-1.0,-1.0,0.0,0.0,1.0,0.0,0.0,1.0,1.0
0.641,1.2408999999999997,0.4443999999999999,0.5884999999999998,-0.177,0.4757,1.0,0.0,-1.0,-1.0,-1.0,0.0,0.0,1.0,0.0,0.0,1.0,1.0
0.641,1.2408999999999997,0.4443999999999999,0.5884999999999998,-0.177,-0.3194999999999999,1.0,0.0,-1.0,-1.0,1.0,0.0,0.0,1.0,0.0,0.0,1.0,1.0
0.641,1.2408999999999997,0.4443999999999999,0.5884999999999998,-0.177,0.5894999999999995,1.0,0.0,-1.0,-1.0,1.0,0.0,0.0,1.0,0.0,0.0,1.0,1.0
0.641,1.2408999999999997,0.4443999999999999,0.5884999999999998,-0.177,0.4757,1.0,0.0,-1.0,-1.0,1.0,0.0,0.0,1.0,0.0,0.0,1.0,1.0
0.641,1.2408999999999997,0.7051000000000001,0.5884999999999998,-0.177,-0.3194999999999999,1.0,0.0,1.0,-1.0,-1.0,0.0,0.0,1.0,1.0,0.0,1.0,1.0
0.641,1.2408999999999997,0.7051000000000001,0.5884999999999998,-0.177,0.5894999999999995,1.0,0.0,1.0,-1.0,-1.0,0.0,0.0,1.0,1.0,0.0,1.0,1.0
0.641,1.2408999999999997,0.7051000000000001,0.5884999999999998,-0.177,0.4757,1.0,0.0,1.0,-1.0,-1.0,0.0,0.0,1.0,1.0,0.0,1.0,1.0
0.641,1.2408999999999997,0.7051000000000001,0.5884999999999998,-0.177,-0.3194999999999999,1.0,0.0,1.0,-1.0,1.0,0.0,0.0,1.0,1.0,0.0,1.0,1.0
0.641,1.2408999999999997,0.7051000000000001,0.5884999999999998,-0.177,0.5894999999999995,1.0,0.0,1.0,-1.0,1.0,0.0,0.0,1.0,1.0,0.0,1.0,1.0
0.641,1.2408999999999997,0.7051000000000001,0.5884999999999998,-0.177,0.4757,1.0,0.0,1.0,-1.0,1.0,0.0,0.0,1.0,1.0,0.0,1.0,1.0
0.641,1.2408999999999997,0.4443999999999999,0.5884999999999998,-0.177,-0.3194999999999999,1.0,0.0,1.0,-1.0,-1.0,0.0,0.0,1.0,0.0,0.0,1.0,1.0
0.641,1.2408999999999997,0.4443999999999999,0.5884999999999998,-0.177,0.5894999999999995,1.0,0.0,1.0,-1.0,-1.0,0.0,0.0,1.0,0.0,0.0,1.0,1.0
0.641,1.2408999999999997,0.4443999999999999,0.5884999999999998,-0.177,0.4757,1.0,0.0,1.0,-1.0,-1.0,0.0,0.0,1.0,0.0,0.0,1.0,1.0
0.641,1.2408999999999997,0.4443999999999999,0.5884999999999998,-0.177,-0.3194999999999999,1.0,0.0,1.0,-1.0,1.0,0.0,0.0,1.0,0.0,0.0,1.0,1.0
0.641,1.2408999999999997,0.4443999999999999,0.5884999999999998,-0.177,0.5894999999999995,1.0,0.0,1.0,-1.0,1.0,0.0,0.0,1.0,0.0,0.0,1.0,1.0
0.641,1.2408999999999997,0.4443999999999999,0.5884999999999998,-0.177,0.4757,1.0,0.0,1.0,-1.0,1.0,0.0,0.0,1.0,0.0,0.0,1.0,1.0
0.641,1.2408999999999997,0.7051000000000001,0.5884999999999998,-0.177,-0.3194999999999999,1.0,0.0,-1.0,-1.0,-1.0,0.0,0.0,1.0,1.0,0.0,1.0,1.0
0.641,1.2408999999999997,0.7051000000000001,0.5884999999999998,-0.177,0.5894999999999995,1.0,0.0,-1.0,-1.0,-1.0,0.0,0.0,1.0,1.0,0.0,1.0,1.0
0.641,1.2408999999999997,0.7051000000000001,0.5884999999999998,-0.177,0.4757,1.0,0.0,-1.0,-1.0,-1.0,0.0,0.0,1.0,1.0,0.0,1.0,1.0
0.641,1.2408999999999997,0.7051000000000001,0.5884999999999998,-0.177,-0.3194999999999999,1.0,0.0,-1.0,-1.0,1.0,0.0,0.0,1.0,1.0,0.0,1.0,1.0
0.641,1.2408999999999997,0.7051000000000001,0.5884999999999998,-0.177,0.5894999999999995,1.0,0.0,-1.0,-1.0,1.0,0.0,0.0,1.0,1.0,0.0,1.0,1.0
0.641,1.2408999999999997,0.7051000000000001,0.5884999999999998,-0.177,0.4757,1.0,0.0,-1.0,-1.0,1.0,0.0,0.0,1.0,1.0,0.0,1.0,1.0
0.641,-0.5817999999999999,-0.177,0.0543,0.641,-0.177,1.0,1.0,-1.0,1.0,-1.0,-1.0,0.0,0.0,1.0,0.0,0.0,1.0
0.641,0.8507999999999998,0.4443999999999999,0.5884999999999998,-0.177,-0.3194999999999999,1.0,0.0,-1.0,-1.0,-1.0,0.0,0.0,1.0,0.0,0.0,1.0,1.0
0.641,0.8507999999999998,0.4443999999999999,0.5884999999999998,-0.177,0.5894999999999995,1.0,0.0,-1.0,-1.0,-1.0,0.0,0.0,1.0,0.0,0.0,1.0,1.0
0.641,0.8507999999999998,0.4443999999999999,0.5884999999999998,-0.177,0.4757,1.0,0.0,-1.0,-1.0,-1.0,0.0,0.0,1.0,0.0,0.0,1.0,1.0
0.641,0.8507999999999998,0.4443999999999999,0.5884999999999998,-0.177,-0.3194999999999999,1.0,0.0,-1.0,-1.0,1.0,0.0,0.0,1.0,0.0,0.0,1.0,1.0
0.641,0.8507999999999998,0.4443999999999999,0.5884999999999998,-0.177,0.5894999999999995,1.0,0.0,-1.0,-1.0,1.0,0.0,0.0,1.0,0.0,0.0,1.0,1.0
0.641,0.8507999999999998,0.4443999999999999,0.5884999999999998,-0.177,0.4757,1.0,0.0,-1.0,-1.0,1.0,0.0,0.0,1.0,0.0,0.0,1.0,1.0
0.641,0.8507999999999998,0.7051000000000001,0.5884999999999998,-0.177,-0.3194999999999999,1.0,0.0,1.0,-1.0,-1.0,0.0,0.0,1.0,1.0,0.0,1.0,1.0
0.641,0.8507999999999998,0.7051000000000001,0.5884999999999998,-0.177,0.5894999999999995,1.0,0.0,1.0,-1.0,-1.0,0.0,0.0,1.0,1.0,0.0,1.0,1.0
0.641,0.8507999999999998,0.7051000000000001,0.5884999999999998,-0.177,0.4757,1.0,0.0,1.0,-1.0,-1.0,0.0,0.0,1.0,1.0,0.0,1.0,1.0
0.641,0.8507999999999998,0.7051000000000001,0.5884999999999998,-0.177,-0.3194999999999999,1.0,0.0,1.0,-1.0,1.0,0.0,0.0,1.0,1.0,0.0,1.0,1.0
0.641,0.8507999999999998,0.7051000000000001,0.5884999999999998,-0.177,0.4757,1.0,0.0,1.0,-1.0,1.0,0.0,0.0,1.0,1.0,0.0,1.0,1.0
0.641,0.8507999999999998,0.4443999999999999,0.5884999999999998,-0.177,-0.3194999999999999,1.0,0.0,1.0,-1.0,-1.0,0.0,0.0,1.0,0.0,0.0,1.0,1.0
0.641,0.8507999999999998,0.4443999999999999,0.5884999999999998,-0.177,0.5894999999999995,1.0,0.0,1.0,-1.0,-1.0,0.0,0.0,1.0,0.0,0.0,1.0,1.0
0.641,0.8507999999999998,0.4443999999999999,0.5884999999999998,-0.177,0.4757,1.0,0.0,1.0,-1.0,-1.0,0.0,0.0,1.0,0.0,0.0,1.0,1.0
0.641,0.8507999999999998,0.4443999999999999,0.5884999999999998,-0.177,-0.3194999999999999,1.0,0.0,1.0,-1.0,1.0,0.0,0.0,1.0,0.0,0.0,1.0,1.0
0.641,0.8507999999999998,0.4443999999999999,0.5884999999999998,-0.177,0.5894999999999995,1.0,0.0,1.0,-1.0,1.0,0.0,0.0,1.0,0.0,0.0,1.0,1.0
0.641,0.8507999999999998,0.4443999999999999,0.5884999999999998,-0.177,0.4757,1.0,0.0,1.0,-1.0,1.0,0.0,0.0,1.0,0.0,0.0,1.0,1.0
0.641,0.8507999999999998,0.7051000000000001,0.5884999999999998,-0.177,-0.3194999999999999,1.0,0.0,-1.0,-1.0,-1.0,0.0,0.0,1.0,1.0,0.0,1.0,1.0
0.641,0.8507999999999998,0.7051000000000001,0.5884999999999998,-0.177,0.5894999999999995,1.0,0.0,-1.0,-1.0,-1.0,0.0,0.0,1.0,1.0,0.0,1.0,1.0
0.641,0.8507999999999998,0.7051000000000001,0.5884999999999998,-0.177,0.4757,1.0,0.0,-1.0,-1.0,-1.0,0.0,0.0,1.0,1.0,0.0,1.0,1.0
0.641,0.8507999999999998,0.7051000000000001,0.5884999999999998,-0.177,-0.3194999999999999,1.0,0.0,-1.0,-1.0,1.0,0.0,0.0,1.0,1.0,0.0,1.0,1.0
0.641,0.8507999999999998,0.7051000000000001,0.5884999999999998,-0.177,0.5894999999999995,1.0,0.0,-1.0,-1.0,1.0,0.0,0.0,1.0,1.0,0.0,1.0,1.0
0.641,0.8507999999999998,0.7051000000000001,0.5884999999999998,-0.177,0.4757,1.0,0.0,-1.0,-1.0,1.0,0.0,0.0,1.0,1.0,0.0,1.0,1.0
0.4443999999999999,-0.177,0.9017,0.4443999999999999,-0.177,0.9017,1.0,-1.0,1.0,1.0,-1.0,1.0,0.0,1.0,1.0,0.0,1.0,1.0
0.4443999999999999,-0.177,0.641,0.4443999999999999,-0.177,0.641,1.0,-1.0,1.0,1.0,-1.0,1.0,0.0,1.0,0.0,0.0,1.0,0.0
0.4443999999999999,0.4443999999999999,0.4443999999999999,0.4443999999999999,-0.177,0.3466,1.0,-1.0,-1.0,-1.0,-1.0,-1.0,0.0,0.0,0.0,0.0,1.0,0.0
0.4443999999999999,0.4443999999999999,0.4443999999999999,0.4443999999999999,-0.177,0.3466,1.0,-1.0,-1.0,-1.0,1.0,-1.0,0.0,0.0,0.0,0.0,1.0,0.0
0.4443999999999999,0.4443999999999999,0.4443999999999999,-0.177,1.1474000000000002,0.4443999999999999,1.0,-1.0,-1.0,1.0,0.0,-1.0,0.0,0.0,0.0,1.0,0.0,0.0
0.4443999999999999,0.4443999999999999,0.4443999999999999,-0.177,0.3466,0.4443999999999999,1.0,-1.0,-1.0,1.0,-1.0,-1.0,0.0,0.0,0.0,1.0,0.0,0.0
0.4443999999999999,0.4443999999999999,0.4443999999999999,-0.177,0.3466,1.2452,1.0,-1.0,-1.0,1.0,-1.0,0.0,0.0,0.0,0.0,1.0,0.0,0.0
0.4443999999999999,0.4443999999999999,0.4443999999999999,-0.177,0.3466,0.7051000000000001,1.0,-1.0,-1.0,1.0,-1.0,-1.0,0.0,0.0,0.0,1.0,0.0,1.0
0.4443999999999999,0.4443999999999999,0.4443999999999999,-0.177,0.6072999999999997,0.4443999999999999,1.0,-1.0,-1.0,1.0,-1.0,-1.0,0.0,0.0,0.0,1.0,1.0,0.0
0.4443999999999999,0.4443999999999999,0.4443999999999999,0.6238,0.3466,0.4443999999999999,1.0,-1.0,-1.0,1.0,-1.0,-1.0,0.0,0.0,0.0,0.0,0.0,0.0
0.4443999999999999,0.4443999999999999,1.2452,-0.177,0.3466,0.4443999999999999,1.0,-1.0,0.0,1.0,-1.0,-1.0,0.0,0.0,0.0,1.0,0.0,0.0
0.4443999999999999,0.4443999999999999,0.7051000000000001,-0.177,0.3466,0.4443999999999999,1.0,-1.0,-1.0,1.0,-1.0,-1.0,0.0,0.0,1.0,1.0,0.0,0.0
0.4443999999999999,1.2452,0.4443999999999999,-0.177,0.3466,0.4443999999999999,1.0,0.0,-1.0,1.0,-1.0,-1.0,0.0,0.0,0.0,1.0,0.0,0.0
0.4443999999999999,0.4443999999999999,0.4443999999999999,0.4443999999999999,-0.177,1.1223,1.0,1.0,-1.0,1.0,-1.0,-1.0,0.0,0.0,0.0,0.0,1.0,0.0
0.4443999999999999,0.4443999999999999,0.4443999999999999,0.4443999999999999,-0.177,0.3466,1.0,1.0,-1.0,1.0,-1.0,-1.0,0.0,0.0,0.0,0.0,1.0,0.0
0.4443999999999999,0.4443999999999999,0.4443999999999999,0.4443999999999999,-0.177,1.1223,1.0,1.0,1.0,-1.0,-1.0,-1.0,0.0,0.0,0.0,0.0,1.0,0.0
0.4443999999999999,0.4443999999999999,0.4443999999999999,0.4443999999999999,-0.177,0.3466,1.0,1.0,1.0,-1.0,-1.0,-1.0,0.0,0.0,0.0,0.0,1.0,0.0
0.4443999999999999,0.4443999999999999,0.4443999999999999,0.4443999999999999,-0.177,0.3466,1.0,1.0,1.0,1.0,-1.0,-1.0,0.0,0.0,0.0,0.0,1.0,0.0
0.4443999999999999,0.4443999999999999,0.4443999999999999,0.4443999999999999,-0.177,0.3466,1.0,1.0,1.0,1.0,1.0,-1.0,0.0,0.0,0.0,0.0,1.0,0.0
0.4443999999999999,0.7051000000000001,0.4443999999999999,-0.177,0.3466,0.4443999999999999,1.0,-1.0,-1.0,1.0,-1.0,-1.0,0.0,1.0,0.0,1.0,0.0,0.0
1.2452,0.4443999999999999,0.4443999999999999,-0.177,0.3466,0.4443999999999999,1.0,-1.0,-1.0,1.0,-1.0,-1.0,0.0,0.0,0.0,1.0,0.0,0.0
-0.177,0.9017,-0.5817999999999999,-0.177,-0.177,0.4443999999999999,1.0,1.0,1.0,-1.0,-1.0,1.0,1.0,1.0,0.0,1.0,1.0,0.0
-0.177,0.1953999999999996,0.7051000000000001,0.7051000000000001,0.1953999999999996,0.7051000000000001,1.0,0.0,-1.0,-1.0,0.0,-1.0,1.0,1.0,1.0,1.0,1.0,1.0
-0.177,0.1953999999999996,0.7051000000000001,0.7051000000000001,0.1953999999999996,0.7051000000000001,1.0,0.0,-1.0,-1.0,0.0,-1.0,1.0,1.0,1.0,1.0,1.0,1.0
-0.177,0.1953999999999996,0.7051000000000001,0.7051000000000001,0.1953999999999996,0.7051000000000001,1.0,0.0,1.0,1.0,0.0,1.0,1.0,1.0,1.0,1.0,1.0,1.0
-0.177,0.1953999999999996,0.7051000000000001,0.7051000000000001,0.1953999999999996,0.7051000000000001,1.0,0.0,1.0,-1.0,0.0,-1.0,1.0,1.0,1.0,1.0,1.0,1.0
-0.177,0.1953999999999996,0.7051000000000001,0.7051000000000001,0.1953999999999996,0.7051000000000001,1.0,0.0,-1.0,1.0,0.0,-1.0,1.0,1.0,1.0,1.0,1.0,1.0
-0.177,0.1953999999999996,0.7051000000000001,0.7051000000000001,0.1953999999999996,0.7051000000000001,1.0,0.0,-1.0,-1.0,0.0,-1.0,1.0,1.0,1.0,1.0,1.0,1.0
-0.177,0.1953999999999996,0.7051000000000001,0.7051000000000001,0.1953999999999996,0.7051000000000001,1.0,0.0,-1.0,-1.0,0.0,1.0,1.0,1.0,1.0,1.0,1.0,1.0
-0.177,0.1953999999999996,0.7051000000000001,0.7051000000000001,0.1953999999999996,0.7051000000000001,1.0,0.0,-1.0,-1.0,0.0,-1.0,1.0,1.0,1.0,1.0,1.0,1.0
-0.177,-0.5817999999999999,-0.1991000000000003,0.4443999999999999,-0.1916999999999999,0.4443999999999999,1.0,1.0,-1.0,1.0,-1.0,-1.0,1.0,0.0,0.0,0.0,0.0,0.0
-0.177,-0.5817999999999999,-0.1991000000000003,0.4443999999999999,1.0311,0.4443999999999999,1.0,1.0,-1.0,1.0,-1.0,-1.0,1.0,0.0,0.0,0.0,0.0,0.0
-0.177,-0.5817999999999999,-0.1991000000000003,0.4443999999999999,0.4443999999999999,0.4443999999999999,1.0,1.0,-1.0,1.0,-1.0,-1.0,1.0,0.0,0.0,0.0,0.0,0.0
-0.177,-0.5817999999999999,-0.1991000000000003,0.4443999999999999,1.7942,0.4443999999999999,1.0,1.0,-1.0,1.0,-1.0,-1.0,1.0,0.0,0.0,0.0,0.0,0.0
-0.177,-0.5817999999999999,-0.1991000000000003,0.4443999999999999,0.7709999999999999,0.4443999999999999,1.0,1.0,-1.0,1.0,-1.0,-1.0,1.0,0.0,0.0,0.0,0.0,0.0
-0.177,-1.1233999999999988,0.4443999999999999,0.4443999999999999,0.4443999999999999,0.4443999999999999,1.0,1.0,-1.0,1.0,-1.0,-1.0,1.0,0.0,0.0,0.0,0.0,0.0
-0.177,-0.5892000000000004,0.4443999999999999,0.4443999999999999,0.4443999999999999,0.4443999999999999,1.0,1.0,-1.0,1.0,-1.0,-1.0,1.0,0.0,0.0,0.0,0.0,0.0
-0.177,1.3687,-0.1991000000000003,0.4443999999999999,-0.1916999999999999,0.4443999999999999,1.0,1.0,-1.0,1.0,-1.0,-1.0,1.0,0.0,0.0,0.0,0.0,0.0
-0.177,1.3687,-0.1991000000000003,0.4443999999999999,1.0311,0.4443999999999999,1.0,1.0,-1.0,1.0,-1.0,-1.0,1.0,0.0,0.0,0.0,0.0,0.0
-0.177,1.3687,-0.1991000000000003,0.4443999999999999,0.4443999999999999,0.4443999999999999,1.0,1.0,-1.0,1.0,-1.0,-1.0,1.0,0.0,0.0,0.0,0.0,0.0
-0.177,1.3687,-0.1991000000000003,0.4443999999999999,1.7942,0.4443999999999999,1.0,1.0,-1.0,1.0,-1.0,-1.0,1.0,0.0,0.0,0.0,0.0,0.0
-0.177,1.3687,-0.1991000000000003,0.4443999999999999,0.7709999999999999,0.4443999999999999,1.0,1.0,-1.0,1.0,-1.0,-1.0,1.0,0.0,0.0,0.0,0.0,0.0
-0.177,0.641,-0.5817999999999999,-0.177,-0.177,0.4443999999999999,1.0,1.0,1.0,-1.0,-1.0,1.0,1.0,0.0,0.0,1.0,1.0,0.0
-0.177,-0.7332999999999992,0.4443999999999999,0.4443999999999999,0.4443999999999999,0.4443999999999999,1.0,1.0,-1.0,1.0,-1.0,-1.0,1.0,0.0,0.0,0.0,0.0,0.0
-0.177,-0.6484999999999999,0.4443999999999999,0.4443999999999999,0.4443999999999999,0.4443999999999999,1.0,1.0,-1.0,1.0,-1.0,-1.0,1.0,0.0,0.0,0.0,0.0,0.0
-0.177,0.4443999999999999,0.4443999999999999,0.4443999999999999,0.4443999999999999,0.3466,1.0,1.0,-1.0,-1.0,-1.0,-1.0,1.0,0.0,0.0,0.0,0.0,0.0
-0.177,0.4443999999999999,0.4443999999999999,0.4443999999999999,0.4443999999999999,0.3466,1.0,1.0,-1.0,-1.0,1.0,-1.0,1.0,0.0,0.0,0.0,0.0,0.0
-0.177,0.4443999999999999,0.4443999999999999,0.4443999999999999,0.4443999999999999,0.4443999999999999,1.0,1.0,-1.0,1.0,-1.0,-1.0,1.0,0.0,0.0,0.0,0.0,0.0
-0.177,0.4443999999999999,0.4443999999999999,0.4443999999999999,0.4443999999999999,-0.1991000000000003,1.0,1.0,-1.0,1.0,-1.0,-1.0,1.0,0.0,0.0,0.0,0.0,0.0
-0.177,0.4443999999999999,0.4443999999999999,0.4443999999999999,0.4443999999999999,0.3466,1.0,1.0,-1.0,1.0,-1.0,-1.0,1.0,0.0,0.0,0.0,0.0,0.0
-0.177,0.4443999999999999,0.4443999999999999,0.4443999999999999,-0.1991000000000003,0.4443999999999999,1.0,1.0,-1.0,1.0,-1.0,-1.0,1.0,0.0,0.0,0.0,0.0,0.0
-0.177,0.4443999999999999,0.4443999999999999,0.4443999999999999,0.4443999999999999,0.3466,1.0,1.0,-1.0,1.0,1.0,-1.0,1.0,0.0,0.0,0.0,0.0,0.0
-0.177,0.4443999999999999,0.4443999999999999,-0.1991000000000003,0.4443999999999999,0.4443999999999999,1.0,1.0,-1.0,1.0,-1.0,-1.0,1.0,0.0,0.0,0.0,0.0,0.0
-0.177,0.4443999999999999,-0.1991000000000003,0.4443999999999999,-0.1916999999999999,0.4443999999999999,1.0,1.0,-1.0,1.0,-1.0,-1.0,1.0,0.0,0.0,0.0,0.0,0.0
-0.177,0.4443999999999999,-0.1991000000000003,0.4443999999999999,1.0311,0.4443999999999999,1.0,1.0,-1.0,1.0,-1.0,-1.0,1.0,0.0,0.0,0.0,0.0,0.0
-0.177,0.4443999999999999,-0.1991000000000003,0.4443999999999999,0.4443999999999999,0.4443999999999999,1.0,1.0,-1.0,1.0,-1.0,-1.0,1.0,0.0,0.0,0.0,0.0,0.0
-0.177,0.4443999999999999,-0.1991000000000003,0.4443999999999999,1.7942,0.4443999999999999,1.0,1.0,-1.0,1.0,-1.0,-1.0,1.0,0.0,0.0,0.0,0.0,0.0
-0.177,0.4443999999999999,-0.1991000000000003,0.4443999999999999,0.7709999999999999,0.4443999999999999,1.0,1.0,-1.0,1.0,-1.0,-1.0,1.0,0.0,0.0,0.0,0.0,0.0
-0.177,0.4443999999999999,0.4443999999999999,0.4443999999999999,0.4443999999999999,0.3466,1.0,1.0,1.0,-1.0,-1.0,-1.0,1.0,0.0,0.0,0.0,0.0,0.0
-0.177,0.4443999999999999,0.4443999999999999,0.4443999999999999,0.4443999999999999,0.3466,1.0,1.0,1.0,-1.0,1.0,-1.0,1.0,0.0,0.0,0.0,0.0,0.0
-0.177,0.4443999999999999,0.4443999999999999,0.4443999999999999,0.4443999999999999,0.4443999999999999,1.0,1.0,1.0,1.0,-1.0,-1.0,1.0,0.0,0.0,0.0,0.0,0.0
-0.177,0.4443999999999999,0.4443999999999999,0.4443999999999999,0.4443999999999999,-0.1991000000000003,1.0,1.0,1.0,1.0,-1.0,-1.0,1.0,0.0,0.0,0.0,0.0,0.0
-0.177,0.4443999999999999,0.4443999999999999,0.4443999999999999,0.4443999999999999,0.3466,1.0,1.0,1.0,1.0,-1.0,-1.0,1.0,0.0,0.0,0.0,0.0,0.0
-0.177,0.4443999999999999,0.4443999999999999,0.4443999999999999,-0.1991000000000003,0.4443999999999999,1.0,1.0,1.0,1.0,-1.0,-1.0,1.0,0.0,0.0,0.0,0.0,0.0
-0.177,0.4443999999999999,0.4443999999999999,0.4443999999999999,0.4443999999999999,0.4443999999999999,1.0,1.0,1.0,1.0,1.0,-1.0,1.0,0.0,0.0,0.0,0.0,0.0
-0.177,0.4443999999999999,0.4443999999999999,0.4443999999999999,0.4443999999999999,-0.1991000000000003,1.0,1.0,1.0,1.0,1.0,-1.0,1.0,0.0,0.0,0.0,0.0,0.0
-0.177,0.4443999999999999,0.4443999999999999,0.4443999999999999,0.4443999999999999,0.3466,1.0,1.0,1.0,1.0,1.0,-1.0,1.0,0.0,0.0,0.0,0.0,0.0
-0.177,0.4443999999999999,0.4443999999999999,0.4443999999999999,-0.1991000000000003,0.4443999999999999,1.0,1.0,1.0,1.0,1.0,-1.0,1.0,0.0,0.0,0.0,0.0,0.0
-0.177,0.4443999999999999,0.4443999999999999,-0.1991000000000003,0.4443999999999999,0.4443999999999999,1.0,1.0,1.0,1.0,-1.0,-1.0,1.0,0.0,0.0,0.0,0.0,0.0
-0.177,0.4443999999999999,0.4443999999999999,-0.1991000000000003,0.4443999999999999,0.4443999999999999,1.0,1.0,1.0,1.0,1.0,-1.0,1.0,0.0,0.0,0.0,0.0,0.0
-0.177,0.4443999999999999,-0.1991000000000003,0.4443999999999999,0.4443999999999999,0.4443999999999999,1.0,1.0,1.0,1.0,-1.0,-1.0,1.0,0.0,0.0,0.0,0.0,0.0
-0.177,0.4443999999999999,-0.1991000000000003,0.4443999999999999,0.4443999999999999,0.4443999999999999,1.0,1.0,1.0,1.0,1.0,-1.0,1.0,0.0,0.0,0.0,0.0,0.0
-0.177,-0.1991000000000003,-0.5817999999999999,0.4443999999999999,-0.1916999999999999,0.4443999999999999,1.0,1.0,-1.0,1.0,-1.0,-1.0,1.0,0.0,0.0,0.0,0.0,0.0
-0.177,-0.1991000000000003,-0.5817999999999999,0.4443999999999999,1.0311,0.4443999999999999,1.0,1.0,-1.0,1.0,-1.0,-1.0,1.0,0.0,0.0,0.0,0.0,0.0
-0.177,-0.1991000000000003,-0.5817999999999999,0.4443999999999999,0.4443999999999999,0.4443999999999999,1.0,1.0,-1.0,1.0,-1.0,-1.0,1.0,0.0,0.0,0.0,0.0,0.0
-0.177,-0.1991000000000003,-0.5817999999999999,0.4443999999999999,1.7942,0.4443999999999999,1.0,1.0,-1.0,1.0,-1.0,-1.0,1.0,0.0,0.0,0.0,0.0,0.0
-0.177,-0.1991000000000003,-0.5817999999999999,0.4443999999999999,0.7709999999999999,0.4443999999999999,1.0,1.0,-1.0,1.0,-1.0,-1.0,1.0,0.0,0.0,0.0,0.0,0.0
-0.177,-0.1991000000000003,1.3687,0.4443999999999999,-0.1916999999999999,0.4443999999999999,1.0,1.0,-1.0,1.0,-1.0,-1.0,1.0,0.0,0.0,0.0,0.0,0.0
-0.177,-0.1991000000000003,1.3687,0.4443999999999999,1.0311,0.4443999999999999,1.0,1.0,-1.0,1.0,-1.0,-1.0,1.0,0.0,0.0,0.0,0.0,0.0
-0.177,-0.1991000000000003,1.3687,0.4443999999999999,0.4443999999999999,0.4443999999999999,1.0,1.0,-1.0,1.0,-1.0,-1.0,1.0,0.0,0.0,0.0,0.0,0.0
-0.177,-0.1991000000000003,1.3687,0.4443999999999999,1.7942,0.4443999999999999,1.0,1.0,-1.0,1.0,-1.0,-1.0,1.0,0.0,0.0,0.0,0.0,0.0
-0.177,-0.1991000000000003,1.3687,0.4443999999999999,0.7709999999999999,0.4443999999999999,1.0,1.0,-1.0,1.0,-1.0,-1.0,1.0,0.0,0.0,0.0,0.0,0.0
-0.177,-0.1991000000000003,0.4443999999999999,0.4443999999999999,-0.1916999999999999,0.4443999999999999,1.0,1.0,-1.0,1.0,-1.0,-1.0,1.0,0.0,0.0,0.0,0.0,0.0
-0.177,-0.1991000000000003,0.4443999999999999,0.4443999999999999,1.0311,0.4443999999999999,1.0,1.0,-1.0,1.0,-1.0,-1.0,1.0,0.0,0.0,0.0,0.0,0.0
-0.177,-0.1991000000000003,0.4443999999999999,0.4443999999999999,0.4443999999999999,0.4443999999999999,1.0,1.0,-1.0,1.0,-1.0,-1.0,1.0,0.0,0.0,0.0,0.0,0.0
-0.177,-0.1991000000000003,0.4443999999999999,0.4443999999999999,1.7942,0.4443999999999999,1.0,1.0,-1.0,1.0,-1.0,-1.0,1.0,0.0,0.0,0.0,0.0,0.0
-0.177,-0.1991000000000003,0.4443999999999999,0.4443999999999999,0.7709999999999999,0.4443999999999999,1.0,1.0,-1.0,1.0,-1.0,-1.0,1.0,0.0,0.0,0.0,0.0,0.0
-0.177,-0.1991000000000003,0.4443999999999999,0.4443999999999999,0.4443999999999999,0.4443999999999999,1.0,1.0,1.0,1.0,-1.0,-1.0,1.0,0.0,0.0,0.0,0.0,0.0
-0.177,-0.1991000000000003,0.4443999999999999,0.4443999999999999,0.4443999999999999,0.4443999999999999,1.0,1.0,1.0,1.0,1.0,-1.0,1.0,0.0,0.0,0.0,0.0,0.0
-0.177,0.7051000000000001,0.4443999999999999,0.7051000000000001,0.7051000000000001,0.3466,1.0,-1.0,-1.0,1.0,-1.0,-1.0,1.0,1.0,0.0,1.0,1.0,0.0
-0.177,0.7051000000000001,0.7051000000000001,0.4443999999999999,0.7051000000000001,0.3466,1.0,-1.0,1.0,-1.0,1.0,-1.0,1.0,1.0,1.0,0.0,1.0,0.0
-0.177,0.7051000000000001,0.7051000000000001,0.4443999999999999,0.7051000000000001,0.3466,1.0,-1.0,1.0,-1.0,-1.0,-1.0,1.0,1.0,1.0,0.0,1.0,0.0
-0.177,0.7051000000000001,0.7051000000000001,0.7051000000000001,0.4443999999999999,0.3466,1.0,-1.0,1.0,1.0,-1.0,-1.0,1.0,1.0,1.0,1.0,0.0,0.0
-0.177,0.7051000000000001,0.7051000000000001,0.7051000000000001,0.4443999999999999,0.3466,1.0,-1.0,1.0,1.0,1.0,-1.0,1.0,1.0,1.0,1.0,0.0,0.0
-0.177,0.7051000000000001,0.7051000000000001,0.4443999999999999,0.7051000000000001,0.3466,1.0,-1.0,1.0,1.0,1.0,-1.0,1.0,1.0,1.0,0.0,1.0,0.0
-0.177,0.7051000000000001,0.7051000000000001,0.4443999999999999,0.7051000000000001,0.3466,1.0,-1.0,1.0,1.0,-1.0,-1.0,1.0,1.0,1.0,0.0,1.0,0.0
-0.177,0.7051000000000001,0.7051000000000001,0.7051000000000001,0.4443999999999999,0.3466,1.0,-1.0,1.0,-1.0,-1.0,-1.0,1.0,1.0,1.0,1.0,0.0,0.0
-0.177,0.7051000000000001,0.7051000000000001,0.7051000000000001,0.4443999999999999,0.3466,1.0,-1.0,1.0,-1.0,1.0,-1.0,1.0,1.0,1.0,1.0,0.0,0.0
-0.177,0.6072999999999997,0.4443999999999999,0.7051000000000001,0.7051000000000001,0.4443999999999999,1.0,-1.0,-1.0,1.0,-1.0,-1.0,1.0,1.0,0.0,1.0,1.0,0.0
1.9231000000000005,-0.4726999999999995,-1.2208999999999997,0.641,-0.177,0.641,1.0,-1.0,-1.0,-1.0,-1.0,-1.0,0.0,1.0,0.0,0.0,1.0,0.0
0.0543,0.641,0.7051000000000001,-0.177,0.641,-0.177,1.0,1.0,-1.0,1.0,-1.0,-1.0,0.0,0.0,1.0,1.0,0.0,1.0
1.1223000000000003,-0.4726999999999995,-1.2208999999999997,0.641,-0.177,0.641,1.0,-1.0,-1.0,-1.0,-1.0,-1.0,0.0,1.0,0.0,0.0,1.0,0.0
1.1223000000000003,-0.4726999999999995,-1.2208999999999997,0.641,-0.177,1.4418000000000002,1.0,-1.0,-1.0,-1.0,-1.0,0.0,0.0,1.0,0.0,0.0,1.0,0.0
1.1223000000000003,-0.4726999999999995,-1.2208999999999997,0.641,0.6238,0.641,1.0,-1.0,-1.0,-1.0,0.0,-1.0,0.0,1.0,0.0,0.0,0.0,0.0
1.1223000000000003,-0.4726999999999995,-1.2208999999999997,1.4418000000000002,-0.177,0.641,1.0,-1.0,-1.0,0.0,-1.0,-1.0,0.0,1.0,0.0,0.0,1.0,0.0
1.1223000000000003,-0.4726999999999995,-0.4201,0.641,-0.177,0.641,1.0,-1.0,0.0,-1.0,-1.0,-1.0,0.0,1.0,0.0,0.0,1.0,0.0
1.1223000000000003,0.3281000000000008,-1.2208999999999997,0.641,-0.177,0.641,1.0,0.0,-1.0,-1.0,-1.0,-1.0,0.0,0.0,0.0,0.0,1.0,0.0
0.3166,0.7051000000000001,0.7051000000000001,0.4443999999999999,-0.177,0.6072999999999997,0.0,1.0,-1.0,-1.0,1.0,-1.0,1.0,1.0,1.0,0.0,1.0,1.0
0.3166,0.3166,0.3166,0.3166,-0.177,0.5663999999999996,0.0,0.0,0.0,0.0,1.0,0.0,1.0,1.0,1.0,1.0,1.0,1.0
-0.3211000000000002,0.8607999999999996,0.8607999999999996,-0.177,0.8607999999999996,0.641,-1.0,0.0,0.0,-1.0,0.0,-1.0,1.0,1.0,1.0,1.0,1.0,0.0
-0.3211000000000002,0.8607999999999996,0.8607999999999996,-0.177,0.8607999999999996,0.641,-1.0,0.0,0.0,1.0,0.0,-1.0,1.0,1.0,1.0,1.0,1.0,0.0
-0.3211000000000002,0.8607999999999996,0.4443999999999999,-0.177,0.4443999999999999,0.641,-1.0,0.0,-1.0,-1.0,-1.0,-1.0,1.0,1.0,0.0,1.0,0.0,0.0
-0.3211000000000002,0.8607999999999996,0.4443999999999999,-0.177,0.4443999999999999,0.641,-1.0,0.0,-1.0,1.0,-1.0,-1.0,1.0,1.0,0.0,1.0,0.0,0.0
-0.3211000000000002,0.8607999999999996,1.0310999999999997,-0.177,0.4443999999999999,0.641,-1.0,0.0,0.0,-1.0,-1.0,-1.0,1.0,1.0,1.0,1.0,0.0,0.0
-0.3211000000000002,0.8607999999999996,1.0310999999999997,-0.177,0.4443999999999999,0.641,-1.0,0.0,0.0,-1.0,1.0,-1.0,1.0,1.0,1.0,1.0,0.0,0.0
-0.3211000000000002,0.8607999999999996,1.0310999999999997,-0.177,0.7051000000000001,0.641,-1.0,0.0,0.0,-1.0,-1.0,-1.0,1.0,1.0,1.0,1.0,1.0,0.0
-0.3211000000000002,0.8607999999999996,1.0310999999999997,-0.177,0.4443999999999999,0.641,-1.0,0.0,0.0,1.0,1.0,-1.0,1.0,1.0,1.0,1.0,0.0,0.0
-0.3211000000000002,0.8607999999999996,0.4443999999999999,-0.177,0.4443999999999999,0.641,-1.0,0.0,1.0,-1.0,1.0,-1.0,1.0,1.0,0.0,1.0,0.0,0.0
-0.3211000000000002,0.8607999999999996,0.7051000000000001,-0.177,0.7051000000000001,0.641,-1.0,0.0,-1.0,1.0,-1.0,-1.0,1.0,1.0,1.0,1.0,1.0,0.0
-0.3211000000000002,0.4443999999999999,0.8607999999999996,-0.177,0.8607999999999996,0.641,-1.0,-1.0,0.0,-1.0,0.0,-1.0,1.0,0.0,1.0,1.0,1.0,0.0
-0.3211000000000002,0.4443999999999999,0.8607999999999996,-0.177,0.4443999999999999,0.641,-1.0,-1.0,0.0,-1.0,-1.0,-1.0,1.0,0.0,1.0,1.0,0.0,0.0
-0.3211000000000002,0.4443999999999999,0.8607999999999996,-0.177,0.7051000000000001,0.641,-1.0,-1.0,0.0,-1.0,1.0,-1.0,1.0,0.0,1.0,1.0,1.0,0.0
-0.3211000000000002,0.4443999999999999,0.8607999999999996,-0.177,0.4443999999999999,0.641,-1.0,-1.0,0.0,-1.0,1.0,-1.0,1.0,0.0,1.0,1.0,0.0,0.0
-0.3211000000000002,0.4443999999999999,0.8607999999999996,-0.177,0.7051000000000001,0.641,-1.0,-1.0,0.0,-1.0,-1.0,-1.0,1.0,0.0,1.0,1.0,1.0,0.0
-0.3211000000000002,0.4443999999999999,0.8607999999999996,-0.177,0.7051000000000001,0.641,-1.0,-1.0,0.0,1.0,1.0,-1.0,1.0,0.0,1.0,1.0,1.0,0.0
-0.3211000000000002,0.4443999999999999,0.8607999999999996,-0.177,0.7051000000000001,0.641,-1.0,-1.0,0.0,1.0,-1.0,-1.0,1.0,0.0,1.0,1.0,1.0,0.0
-0.3211000000000002,0.4443999999999999,0.4443999999999999,-0.177,0.7051000000000001,0.641,-1.0,-1.0,-1.0,-1.0,1.0,-1.0,1.0,0.0,0.0,1.0,1.0,0.0
-0.3211000000000002,0.4443999999999999,0.4443999999999999,-0.177,0.4443999999999999,0.641,-1.0,-1.0,-1.0,-1.0,1.0,-1.0,1.0,0.0,0.0,1.0,0.0,0.0
-0.3211000000000002,0.4443999999999999,0.4443999999999999,-0.177,0.7051000000000001,0.641,-1.0,-1.0,-1.0,-1.0,-1.0,-1.0,1.0,0.0,0.0,1.0,1.0,0.0
-0.3211000000000002,0.4443999999999999,0.4443999999999999,-0.177,0.4443999999999999,0.641,-1.0,-1.0,-1.0,1.0,-1.0,-1.0,1.0,0.0,0.0,1.0,0.0,0.0
-0.3211000000000002,0.4443999999999999,0.4443999999999999,-0.177,0.7051000000000001,0.641,-1.0,-1.0,-1.0,1.0,1.0,-1.0,1.0,0.0,0.0,1.0,1.0,0.0
-0.3211000000000002,0.4443999999999999,0.4443999999999999,-0.177,0.4443999999999999,0.641,-1.0,-1.0,-1.0,1.0,1.0,-1.0,1.0,0.0,0.0,1.0,0.0,0.0
-0.3211000000000002,0.4443999999999999,0.4443999999999999,-0.177,0.7051000000000001,0.641,-1.0,-1.0,-1.0,1.0,-1.0,-1.0,1.0,0.0,0.0,1.0,1.0,0.0
-0.3211000000000002,0.4443999999999999,0.7051000000000001,-0.177,0.8607999999999996,0.641,-1.0,-1.0,1.0,-1.0,0.0,-1.0,1.0,0.0,1.0,1.0,1.0,0.0
-0.3211000000000002,0.4443999999999999,0.7051000000000001,-0.177,0.4443999999999999,0.641,-1.0,-1.0,1.0,-1.0,-1.0,-1.0,1.0,0.0,1.0,1.0,0.0,0.0
-0.3211000000000002,0.4443999999999999,0.7051000000000001,-0.177,0.7051000000000001,0.641,-1.0,-1.0,1.0,-1.0,1.0,-1.0,1.0,0.0,1.0,1.0,1.0,0.0
-0.3211000000000002,0.4443999999999999,0.7051000000000001,-0.177,0.4443999999999999,0.641,-1.0,-1.0,1.0,-1.0,1.0,-1.0,1.0,0.0,1.0,1.0,0.0,0.0
-0.3211000000000002,0.4443999999999999,0.7051000000000001,-0.177,0.7051000000000001,0.641,-1.0,-1.0,1.0,-1.0,-1.0,-1.0,1.0,0.0,1.0,1.0,1.0,0.0
-0.3211000000000002,0.4443999999999999,1.0310999999999997,-0.177,0.8607999999999996,0.641,-1.0,-1.0,0.0,-1.0,0.0,-1.0,1.0,0.0,1.0,1.0,1.0,0.0
-0.3211000000000002,0.4443999999999999,1.0310999999999997,-0.177,0.4443999999999999,0.641,-1.0,-1.0,0.0,-1.0,-1.0,-1.0,1.0,0.0,1.0,1.0,0.0,0.0
-0.3211000000000002,0.4443999999999999,1.0310999999999997,-0.177,0.8607999999999996,0.641,-1.0,-1.0,0.0,1.0,0.0,-1.0,1.0,0.0,1.0,1.0,1.0,0.0
-0.3211000000000002,0.4443999999999999,1.0310999999999997,-0.177,0.4443999999999999,0.641,-1.0,-1.0,0.0,1.0,1.0,-1.0,1.0,0.0,1.0,1.0,0.0,0.0
-0.3211000000000002,0.4443999999999999,0.4443999999999999,-0.177,0.8607999999999996,0.641,-1.0,-1.0,1.0,-1.0,0.0,-1.0,1.0,0.0,0.0,1.0,1.0,0.0
-0.3211000000000002,0.4443999999999999,0.4443999999999999,-0.177,0.4443999999999999,0.641,-1.0,-1.0,1.0,-1.0,-1.0,-1.0,1.0,0.0,0.0,1.0,0.0,0.0
-0.3211000000000002,0.4443999999999999,0.4443999999999999,-0.177,0.7051000000000001,0.641,-1.0,-1.0,1.0,-1.0,1.0,-1.0,1.0,0.0,0.0,1.0,1.0,0.0
-0.3211000000000002,0.4443999999999999,0.4443999999999999,-0.177,0.4443999999999999,0.641,-1.0,-1.0,1.0,-1.0,1.0,-1.0,1.0,0.0,0.0,1.0,0.0,0.0
-0.3211000000000002,0.4443999999999999,0.4443999999999999,-0.177,0.7051000000000001,0.641,-1.0,-1.0,1.0,-1.0,-1.0,-1.0,1.0,0.0,0.0,1.0,1.0,0.0
-0.3211000000000002,0.4443999999999999,0.4443999999999999,-0.177,0.8607999999999996,0.641,-1.0,-1.0,1.0,1.0,0.0,-1.0,1.0,0.0,0.0,1.0,1.0,0.0
-0.3211000000000002,0.4443999999999999,0.7051000000000001,-0.177,0.4443999999999999,0.641,-1.0,-1.0,-1.0,-1.0,1.0,-1.0,1.0,0.0,1.0,1.0,0.0,0.0
-0.3211000000000002,0.4443999999999999,0.7051000000000001,-0.177,0.8607999999999996,0.641,-1.0,-1.0,-1.0,1.0,0.0,-1.0,1.0,0.0,1.0,1.0,1.0,0.0
-0.3211000000000002,0.4443999999999999,0.7051000000000001,-0.177,0.4443999999999999,0.641,-1.0,-1.0,-1.0,1.0,-1.0,-1.0,1.0,0.0,1.0,1.0,0.0,0.0
-0.3211000000000002,0.4443999999999999,0.7051000000000001,-0.177,0.4443999999999999,0.641,-1.0,-1.0,-1.0,1.0,1.0,-1.0,1.0,0.0,1.0,1.0,0.0,0.0
-0.3211000000000002,-0.3211000000000002,-0.5817999999999999,-0.3211000000000002,-0.3211000000000002,-0.5817999999999999,-1.0,1.0,1.0,1.0,1.0,1.0,1.0,1.0,0.0,1.0,1.0,0.0
-0.3211000000000002,0.7051000000000001,0.8607999999999996,-0.177,0.8607999999999996,0.641,-1.0,1.0,0.0,-1.0,0.0,-1.0,1.0,1.0,1.0,1.0,1.0,0.0
-0.3211000000000002,0.7051000000000001,0.8607999999999996,-0.177,0.7051000000000001,0.641,-1.0,1.0,0.0,-1.0,1.0,-1.0,1.0,1.0,1.0,1.0,1.0,0.0
-0.3211000000000002,0.7051000000000001,0.8607999999999996,-0.177,0.4443999999999999,0.641,-1.0,1.0,0.0,-1.0,1.0,-1.0,1.0,1.0,1.0,1.0,0.0,0.0
-0.3211000000000002,0.7051000000000001,0.8607999999999996,-0.177,0.7051000000000001,0.641,-1.0,1.0,0.0,-1.0,-1.0,-1.0,1.0,1.0,1.0,1.0,1.0,0.0
-0.3211000000000002,0.7051000000000001,0.8607999999999996,-0.177,0.8607999999999996,0.641,-1.0,1.0,0.0,1.0,0.0,-1.0,1.0,1.0,1.0,1.0,1.0,0.0
-0.3211000000000002,0.7051000000000001,0.8607999999999996,-0.177,0.4443999999999999,0.641,-1.0,1.0,0.0,1.0,-1.0,-1.0,1.0,1.0,1.0,1.0,0.0,0.0
-0.3211000000000002,0.7051000000000001,0.8607999999999996,-0.177,0.7051000000000001,0.641,-1.0,1.0,0.0,1.0,1.0,-1.0,1.0,1.0,1.0,1.0,1.0,0.0
-0.3211000000000002,0.7051000000000001,0.8607999999999996,-0.177,0.7051000000000001,0.641,-1.0,1.0,0.0,1.0,-1.0,-1.0,1.0,1.0,1.0,1.0,1.0,0.0
-0.3211000000000002,0.7051000000000001,0.4443999999999999,-0.177,0.8607999999999996,0.641,-1.0,1.0,-1.0,-1.0,0.0,-1.0,1.0,1.0,0.0,1.0,1.0,0.0
-0.3211000000000002,0.7051000000000001,0.4443999999999999,-0.177,0.4443999999999999,0.641,-1.0,1.0,-1.0,-1.0,-1.0,-1.0,1.0,1.0,0.0,1.0,0.0,0.0
-0.3211000000000002,0.7051000000000001,0.4443999999999999,-0.177,0.7051000000000001,0.641,-1.0,1.0,-1.0,-1.0,1.0,-1.0,1.0,1.0,0.0,1.0,1.0,0.0
-0.3211000000000002,0.7051000000000001,0.4443999999999999,-0.177,0.7051000000000001,0.641,-1.0,1.0,-1.0,-1.0,-1.0,-1.0,1.0,1.0,0.0,1.0,1.0,0.0
-0.3211000000000002,0.7051000000000001,0.4443999999999999,-0.177,0.8607999999999996,0.641,-1.0,1.0,-1.0,1.0,0.0,-1.0,1.0,1.0,0.0,1.0,1.0,0.0
-0.3211000000000002,0.7051000000000001,0.4443999999999999,-0.177,0.4443999999999999,0.641,-1.0,1.0,-1.0,1.0,1.0,-1.0,1.0,1.0,0.0,1.0,0.0,0.0
-0.3211000000000002,0.7051000000000001,0.4443999999999999,-0.177,0.7051000000000001,0.641,-1.0,1.0,-1.0,1.0,-1.0,-1.0,1.0,1.0,0.0,1.0,1.0,0.0
-0.3211000000000002,0.7051000000000001,0.7051000000000001,-0.177,0.8607999999999996,0.641,-1.0,1.0,1.0,-1.0,0.0,-1.0,1.0,1.0,1.0,1.0,1.0,0.0
-0.3211000000000002,0.7051000000000001,0.7051000000000001,-0.177,0.4443999999999999,0.641,-1.0,1.0,1.0,-1.0,-1.0,-1.0,1.0,1.0,1.0,1.0,0.0,0.0
-0.3211000000000002,0.7051000000000001,0.7051000000000001,-0.177,0.7051000000000001,0.641,-1.0,1.0,1.0,-1.0,1.0,-1.0,1.0,1.0,1.0,1.0,1.0,0.0
-0.3211000000000002,0.7051000000000001,0.7051000000000001,-0.177,0.4443999999999999,0.641,-1.0,1.0,1.0,-1.0,1.0,-1.0,1.0,1.0,1.0,1.0,0.0,0.0
-0.3211000000000002,0.7051000000000001,0.7051000000000001,-0.177,0.7051000000000001,0.641,-1.0,1.0,1.0,-1.0,-1.0,-1.0,1.0,1.0,1.0,1.0,1.0,0.0
-0.3211000000000002,0.7051000000000001,0.7051000000000001,-0.177,0.7051000000000001,0.641,-1.0,1.0,1.0,1.0,1.0,-1.0,1.0,1.0,1.0,1.0,1.0,0.0
-0.3211000000000002,0.7051000000000001,1.0310999999999997,-0.177,0.4443999999999999,0.641,-1.0,1.0,0.0,-1.0,-1.0,-1.0,1.0,1.0,1.0,1.0,0.0,0.0
-0.3211000000000002,0.7051000000000001,1.0310999999999997,-0.177,0.7051000000000001,0.641,-1.0,1.0,0.0,-1.0,1.0,-1.0,1.0,1.0,1.0,1.0,1.0,0.0
-0.3211000000000002,0.7051000000000001,1.0310999999999997,-0.177,0.4443999999999999,0.641,-1.0,1.0,0.0,-1.0,1.0,-1.0,1.0,1.0,1.0,1.0,0.0,0.0
-0.3211000000000002,0.7051000000000001,1.0310999999999997,-0.177,0.7051000000000001,0.641,-1.0,1.0,0.0,-1.0,-1.0,-1.0,1.0,1.0,1.0,1.0,1.0,0.0
-0.3211000000000002,0.7051000000000001,1.0310999999999997,-0.177,0.7051000000000001,0.641,-1.0,1.0,0.0,1.0,1.0,-1.0,1.0,1.0,1.0,1.0,1.0,0.0
-0.3211000000000002,0.7051000000000001,1.0310999999999997,-0.177,0.4443999999999999,0.641,-1.0,1.0,0.0,1.0,1.0,-1.0,1.0,1.0,1.0,1.0,0.0,0.0
-0.3211000000000002,0.7051000000000001,0.4443999999999999,-0.177,0.8607999999999996,0.641,-1.0,1.0,1.0,-1.0,0.0,-1.0,1.0,1.0,0.0,1.0,1.0,0.0
-0.3211000000000002,0.7051000000000001,0.4443999999999999,-0.177,0.4443999999999999,0.641,-1.0,1.0,1.0,-1.0,-1.0,-1.0,1.0,1.0,0.0,1.0,0.0,0.0
-0.3211000000000002,0.7051000000000001,0.4443999999999999,-0.177,0.7051000000000001,0.641,-1.0,1.0,1.0,-1.0,1.0,-1.0,1.0,1.0,0.0,1.0,1.0,0.0
-0.3211000000000002,0.7051000000000001,0.4443999999999999,-0.177,0.4443999999999999,0.641,-1.0,1.0,1.0,-1.0,1.0,-1.0,1.0,1.0,0.0,1.0,0.0,0.0
-0.3211000000000002,0.7051000000000001,0.4443999999999999,-0.177,0.7051000000000001,0.641,-1.0,1.0,1.0,-1.0,-1.0,-1.0,1.0,1.0,0.0,1.0,1.0,0.0
-0.3211000000000002,0.7051000000000001,0.4443999999999999,-0.177,0.4443999999999999,0.641,-1.0,1.0,1.0,1.0,-1.0,-1.0,1.0,1.0,0.0,1.0,0.0,0.0
-0.3211000000000002,0.7051000000000001,0.4443999999999999,-0.177,0.7051000000000001,0.641,-1.0,1.0,1.0,1.0,1.0,-1.0,1.0,1.0,0.0,1.0,1.0,0.0
-0.3211000000000002,0.7051000000000001,0.4443999999999999,-0.177,0.4443999999999999,0.641,-1.0,1.0,1.0,1.0,1.0,-1.0,1.0,1.0,0.0,1.0,0.0,0.0
-0.3211000000000002,0.7051000000000001,0.4443999999999999,-0.177,0.7051000000000001,0.641,-1.0,1.0,1.0,1.0,-1.0,-1.0,1.0,1.0,0.0,1.0,1.0,0.0
-0.3211000000000002,0.7051000000000001,0.7051000000000001,-0.177,0.8607999999999996,0.641,-1.0,1.0,-1.0,-1.0,0.0,-1.0,1.0,1.0,1.0,1.0,1.0,0.0
-0.3211000000000002,0.7051000000000001,0.7051000000000001,-0.177,0.7051000000000001,0.641,-1.0,1.0,-1.0,-1.0,1.0,-1.0,1.0,1.0,1.0,1.0,1.0,0.0
-0.3211000000000002,0.7051000000000001,0.7051000000000001,-0.177,0.4443999999999999,0.641,-1.0,1.0,-1.0,-1.0,1.0,-1.0,1.0,1.0,1.0,1.0,0.0,0.0
-0.3211000000000002,0.7051000000000001,0.7051000000000001,-0.177,0.7051000000000001,0.641,-1.0,1.0,-1.0,-1.0,-1.0,-1.0,1.0,1.0,1.0,1.0,1.0,0.0
-0.3211000000000002,0.7051000000000001,0.7051000000000001,-0.177,0.8607999999999996,0.641,-1.0,1.0,-1.0,1.0,0.0,-1.0,1.0,1.0,1.0,1.0,1.0,0.0
-0.3211000000000002,0.7051000000000001,0.7051000000000001,-0.177,0.4443999999999999,0.641,-1.0,1.0,-1.0,1.0,-1.0,-1.0,1.0,1.0,1.0,1.0,0.0,0.0
-0.3211000000000002,0.7051000000000001,0.7051000000000001,-0.177,0.7051000000000001,0.641,-1.0,1.0,-1.0,1.0,1.0,-1.0,1.0,1.0,1.0,1.0,1.0,0.0
-0.3211000000000002,0.7051000000000001,0.7051000000000001,-0.177,0.4443999999999999,0.641,-1.0,1.0,-1.0,1.0,1.0,-1.0,1.0,1.0,1.0,1.0,0.0,0.0
-0.3211000000000002,0.7051000000000001,0.7051000000000001,-0.177,0.7051000000000001,0.641,-1.0,1.0,-1.0,1.0,-1.0,-1.0,1.0,1.0,1.0,1.0,1.0,0.0
-0.3211000000000002,-0.7096000000000002,0.641,0.4443999999999999,-0.177,0.3466,-1.0,0.0,1.0,1.0,-1.0,-1.0,1.0,1.0,0.0,0.0,1.0,0.0
-0.3211000000000002,0.0878999999999999,0.3149999999999997,0.0878999999999999,0.3149999999999997,0.0878999999999999,-1.0,1.0,-1.0,1.0,-1.0,1.0,1.0,1.0,1.0,1.0,1.0,1.0
-0.3211000000000002,-0.5817999999999999,-0.5817999999999999,-0.5817999999999999,-0.3211000000000002,-0.5817999999999999,-1.0,1.0,1.0,1.0,1.0,1.0,1.0,0.0,0.0,0.0,1.0,0.0
-0.3211000000000002,-0.5817999999999999,-0.5817999999999999,-0.5817999999999999,-0.5817999999999999,-0.3211000000000002,-1.0,1.0,1.0,1.0,1.0,1.0,1.0,0.0,0.0,0.0,0.0,1.0
-0.3211000000000002,0.4443999999999999,0.8607999999999996,-0.177,0.8607999999999996,0.641,-1.0,1.0,0.0,-1.0,0.0,-1.0,1.0,0.0,1.0,1.0,1.0,0.0
-0.3211000000000002,0.4443999999999999,0.8607999999999996,-0.177,0.4443999999999999,0.641,-1.0,1.0,0.0,-1.0,-1.0,-1.0,1.0,0.0,1.0,1.0,0.0,0.0
-0.3211000000000002,0.4443999999999999,0.8607999999999996,-0.177,0.7051000000000001,0.641,-1.0,1.0,0.0,-1.0,1.0,-1.0,1.0,0.0,1.0,1.0,1.0,0.0
-0.3211000000000002,0.4443999999999999,0.8607999999999996,-0.177,0.8607999999999996,0.641,-1.0,1.0,0.0,1.0,0.0,-1.0,1.0,0.0,1.0,1.0,1.0,0.0
-0.3211000000000002,0.4443999999999999,0.8607999999999996,-0.177,0.7051000000000001,0.641,-1.0,1.0,0.0,1.0,1.0,-1.0,1.0,0.0,1.0,1.0,1.0,0.0
-0.3211000000000002,0.4443999999999999,0.8607999999999996,-0.177,0.4443999999999999,0.641,-1.0,1.0,0.0,1.0,1.0,-1.0,1.0,0.0,1.0,1.0,0.0,0.0
-0.3211000000000002,0.4443999999999999,0.8607999999999996,-0.177,0.7051000000000001,0.641,-1.0,1.0,0.0,1.0,-1.0,-1.0,1.0,0.0,1.0,1.0,1.0,0.0
-0.3211000000000002,0.4443999999999999,0.4443999999999999,-0.177,0.8607999999999996,0.641,-1.0,1.0,-1.0,-1.0,0.0,-1.0,1.0,0.0,0.0,1.0,1.0,0.0
-0.3211000000000002,0.4443999999999999,0.4443999999999999,-0.177,0.4443999999999999,0.641,-1.0,1.0,-1.0,-1.0,-1.0,-1.0,1.0,0.0,0.0,1.0,0.0,0.0
-0.3211000000000002,0.4443999999999999,0.4443999999999999,-0.177,0.7051000000000001,0.641,-1.0,1.0,-1.0,-1.0,1.0,-1.0,1.0,0.0,0.0,1.0,1.0,0.0
-0.3211000000000002,0.4443999999999999,0.4443999999999999,-0.177,0.7051000000000001,0.641,-1.0,1.0,-1.0,-1.0,-1.0,-1.0,1.0,0.0,0.0,1.0,1.0,0.0
-0.3211000000000002,0.4443999999999999,0.4443999999999999,-0.177,0.8607999999999996,0.641,-1.0,1.0,-1.0,1.0,0.0,-1.0,1.0,0.0,0.0,1.0,1.0,0.0
-0.3211000000000002,0.4443999999999999,0.4443999999999999,-0.177,0.4443999999999999,0.641,-1.0,1.0,-1.0,1.0,-1.0,-1.0,1.0,0.0,0.0,1.0,0.0,0.0
-0.3211000000000002,0.4443999999999999,0.4443999999999999,-0.177,0.7051000000000001,0.641,-1.0,1.0,-1.0,1.0,1.0,-1.0,1.0,0.0,0.0,1.0,1.0,0.0
-0.3211000000000002,0.4443999999999999,0.4443999999999999,-0.177,0.4443999999999999,0.641,-1.0,1.0,-1.0,1.0,1.0,-1.0,1.0,0.0,0.0,1.0,0.0,0.0
-0.3211000000000002,0.4443999999999999,0.4443999999999999,-0.177,0.7051000000000001,0.641,-1.0,1.0,-1.0,1.0,-1.0,-1.0,1.0,0.0,0.0,1.0,1.0,0.0
-0.3211000000000002,0.4443999999999999,0.7051000000000001,-0.177,0.4443999999999999,0.641,-1.0,1.0,1.0,-1.0,-1.0,-1.0,1.0,0.0,1.0,1.0,0.0,0.0
-0.3211000000000002,0.4443999999999999,0.7051000000000001,-0.177,0.7051000000000001,0.641,-1.0,1.0,1.0,-1.0,1.0,-1.0,1.0,0.0,1.0,1.0,1.0,0.0
-0.3211000000000002,0.4443999999999999,0.7051000000000001,-0.177,0.4443999999999999,0.641,-1.0,1.0,1.0,-1.0,1.0,-1.0,1.0,0.0,1.0,1.0,0.0,0.0
-0.3211000000000002,0.4443999999999999,0.7051000000000001,-0.177,0.7051000000000001,0.641,-1.0,1.0,1.0,-1.0,-1.0,-1.0,1.0,0.0,1.0,1.0,1.0,0.0
-0.3211000000000002,0.4443999999999999,0.7051000000000001,-0.177,0.8607999999999996,0.641,-1.0,1.0,1.0,1.0,0.0,-1.0,1.0,0.0,1.0,1.0,1.0,0.0
-0.3211000000000002,0.4443999999999999,0.7051000000000001,-0.177,0.4443999999999999,0.641,-1.0,1.0,1.0,1.0,-1.0,-1.0,1.0,0.0,1.0,1.0,0.0,0.0
-0.3211000000000002,0.4443999999999999,0.7051000000000001,-0.177,0.4443999999999999,0.641,-1.0,1.0,1.0,1.0,1.0,-1.0,1.0,0.0,1.0,1.0,0.0,0.0
-0.3211000000000002,0.4443999999999999,0.7051000000000001,-0.177,0.7051000000000001,0.641,-1.0,1.0,1.0,1.0,-1.0,-1.0,1.0,0.0,1.0,1.0,1.0,0.0
-0.3211000000000002,0.4443999999999999,1.0310999999999997,-0.177,0.8607999999999996,0.641,-1.0,1.0,0.0,-1.0,0.0,-1.0,1.0,0.0,1.0,1.0,1.0,0.0
-0.3211000000000002,0.4443999999999999,1.0310999999999997,-0.177,0.4443999999999999,0.641,-1.0,1.0,0.0,-1.0,-1.0,-1.0,1.0,0.0,1.0,1.0,0.0,0.0
-0.3211000000000002,0.4443999999999999,1.0310999999999997,-0.177,0.7051000000000001,0.641,-1.0,1.0,0.0,-1.0,1.0,-1.0,1.0,0.0,1.0,1.0,1.0,0.0
-0.3211000000000002,0.4443999999999999,1.0310999999999997,-0.177,0.7051000000000001,0.641,-1.0,1.0,0.0,-1.0,-1.0,-1.0,1.0,0.0,1.0,1.0,1.0,0.0
-0.3211000000000002,0.4443999999999999,1.0310999999999997,-0.177,0.8607999999999996,0.641,-1.0,1.0,0.0,1.0,0.0,-1.0,1.0,0.0,1.0,1.0,1.0,0.0
-0.3211000000000002,0.4443999999999999,1.0310999999999997,-0.177,0.4443999999999999,0.641,-1.0,1.0,0.0,1.0,-1.0,-1.0,1.0,0.0,1.0,1.0,0.0,0.0
-0.3211000000000002,0.4443999999999999,1.0310999999999997,-0.177,0.7051000000000001,0.641,-1.0,1.0,0.0,1.0,1.0,-1.0,1.0,0.0,1.0,1.0,1.0,0.0
-0.3211000000000002,0.4443999999999999,1.0310999999999997,-0.177,0.7051000000000001,0.641,-1.0,1.0,0.0,1.0,-1.0,-1.0,1.0,0.0,1.0,1.0,1.0,0.0
-0.3211000000000002,0.4443999999999999,0.4443999999999999,-0.177,0.8607999999999996,0.641,-1.0,1.0,1.0,-1.0,0.0,-1.0,1.0,0.0,0.0,1.0,1.0,0.0
-0.3211000000000002,0.4443999999999999,0.4443999999999999,-0.177,0.4443999999999999,0.641,-1.0,1.0,1.0,-1.0,-1.0,-1.0,1.0,0.0,0.0,1.0,0.0,0.0
-0.3211000000000002,0.4443999999999999,0.4443999999999999,-0.177,0.7051000000000001,0.641,-1.0,1.0,1.0,-1.0,1.0,-1.0,1.0,0.0,0.0,1.0,1.0,0.0
-0.3211000000000002,0.4443999999999999,0.4443999999999999,-0.177,0.4443999999999999,0.641,-1.0,1.0,1.0,-1.0,1.0,-1.0,1.0,0.0,0.0,1.0,0.0,0.0
-0.3211000000000002,0.4443999999999999,0.4443999999999999,-0.177,0.7051000000000001,0.641,-1.0,1.0,1.0,-1.0,-1.0,-1.0,1.0,0.0,0.0,1.0,1.0,0.0
-0.3211000000000002,0.4443999999999999,0.4443999999999999,-0.177,0.8607999999999996,0.641,-1.0,1.0,1.0,1.0,0.0,-1.0,1.0,0.0,0.0,1.0,1.0,0.0
-0.3211000000000002,0.4443999999999999,0.4443999999999999,-0.177,0.4443999999999999,0.641,-1.0,1.0,1.0,1.0,-1.0,-1.0,1.0,0.0,0.0,1.0,0.0,0.0
-0.3211000000000002,0.4443999999999999,0.4443999999999999,-0.177,0.4443999999999999,0.641,-1.0,1.0,1.0,1.0,1.0,-1.0,1.0,0.0,0.0,1.0,0.0,0.0
-0.3211000000000002,0.4443999999999999,0.4443999999999999,-0.177,0.7051000000000001,0.641,-1.0,1.0,1.0,1.0,-1.0,-1.0,1.0,0.0,0.0,1.0,1.0,0.0
-0.3211000000000002,0.4443999999999999,0.7051000000000001,-0.177,0.8607999999999996,0.641,-1.0,1.0,-1.0,-1.0,0.0,-1.0,1.0,0.0,1.0,1.0,1.0,0.0
-0.3211000000000002,0.4443999999999999,0.7051000000000001,-0.177,0.4443999999999999,0.641,-1.0,1.0,-1.0,-1.0,-1.0,-1.0,1.0,0.0,1.0,1.0,0.0,0.0
-0.3211000000000002,0.4443999999999999,0.7051000000000001,-0.177,0.7051000000000001,0.641,-1.0,1.0,-1.0,-1.0,1.0,-1.0,1.0,0.0,1.0,1.0,1.0,0.0
-0.3211000000000002,0.4443999999999999,0.7051000000000001,-0.177,0.4443999999999999,0.641,-1.0,1.0,-1.0,-1.0,1.0,-1.0,1.0,0.0,1.0,1.0,0.0,0.0
-0.3211000000000002,0.4443999999999999,0.7051000000000001,-0.177,0.7051000000000001,0.641,-1.0,1.0,-1.0,-1.0,-1.0,-1.0,1.0,0.0,1.0,1.0,1.0,0.0
-0.3211000000000002,0.4443999999999999,0.7051000000000001,-0.177,0.4443999999999999,0.641,-1.0,1.0,-1.0,1.0,-1.0,-1.0,1.0,0.0,1.0,1.0,0.0,0.0
-0.3211000000000002,0.4443999999999999,0.7051000000000001,-0.177,0.4443999999999999,0.641,-1.0,1.0,-1.0,1.0,1.0,-1.0,1.0,0.0,1.0,1.0,0.0,0.0
-0.3211000000000002,0.4443999999999999,0.7051000000000001,-0.177,0.7051000000000001,0.641,-1.0,1.0,-1.0,1.0,-1.0,-1.0,1.0,0.0,1.0,1.0,1.0,0.0
-0.3211000000000002,0.7051000000000001,0.8607999999999996,-0.177,0.8607999999999996,0.641,-1.0,-1.0,0.0,-1.0,0.0,-1.0,1.0,1.0,1.0,1.0,1.0,0.0
-0.3211000000000002,0.7051000000000001,0.8607999999999996,-0.177,0.4443999999999999,0.641,-1.0,-1.0,0.0,-1.0,1.0,-1.0,1.0,1.0,1.0,1.0,0.0,0.0
-0.3211000000000002,0.7051000000000001,0.8607999999999996,-0.177,0.7051000000000001,0.641,-1.0,-1.0,0.0,-1.0,-1.0,-1.0,1.0,1.0,1.0,1.0,1.0,0.0
-0.3211000000000002,0.7051000000000001,0.8607999999999996,-0.177,0.8607999999999996,0.641,-1.0,-1.0,0.0,1.0,0.0,-1.0,1.0,1.0,1.0,1.0,1.0,0.0
-0.3211000000000002,0.7051000000000001,0.8607999999999996,-0.177,0.7051000000000001,0.641,-1.0,-1.0,0.0,1.0,1.0,-1.0,1.0,1.0,1.0,1.0,1.0,0.0
-0.3211000000000002,0.7051000000000001,0.4443999999999999,-0.177,0.8607999999999996,0.641,-1.0,-1.0,-1.0,-1.0,0.0,-1.0,1.0,1.0,0.0,1.0,1.0,0.0
-0.3211000000000002,0.7051000000000001,0.4443999999999999,-0.177,0.4443999999999999,0.641,-1.0,-1.0,-1.0,-1.0,-1.0,-1.0,1.0,1.0,0.0,1.0,0.0,0.0
-0.3211000000000002,0.7051000000000001,0.4443999999999999,-0.177,0.4443999999999999,0.641,-1.0,-1.0,-1.0,-1.0,1.0,-1.0,1.0,1.0,0.0,1.0,0.0,0.0
-0.3211000000000002,0.7051000000000001,0.4443999999999999,-0.177,0.7051000000000001,0.641,-1.0,-1.0,-1.0,-1.0,-1.0,-1.0,1.0,1.0,0.0,1.0,1.0,0.0
-0.3211000000000002,0.7051000000000001,0.4443999999999999,-0.177,0.8607999999999996,0.641,-1.0,-1.0,-1.0,1.0,0.0,-1.0,1.0,1.0,0.0,1.0,1.0,0.0
-0.3211000000000002,0.7051000000000001,0.4443999999999999,-0.177,0.4443999999999999,0.641,-1.0,-1.0,-1.0,1.0,-1.0,-1.0,1.0,1.0,0.0,1.0,0.0,0.0
-0.3211000000000002,0.7051000000000001,0.4443999999999999,-0.177,0.7051000000000001,0.641,-1.0,-1.0,-1.0,1.0,1.0,-1.0,1.0,1.0,0.0,1.0,1.0,0.0
-0.3211000000000002,0.7051000000000001,0.4443999999999999,-0.177,0.4443999999999999,0.641,-1.0,-1.0,-1.0,1.0,1.0,-1.0,1.0,1.0,0.0,1.0,0.0,0.0
-0.3211000000000002,0.7051000000000001,0.4443999999999999,-0.177,0.7051000000000001,0.641,-1.0,-1.0,-1.0,1.0,-1.0,-1.0,1.0,1.0,0.0,1.0,1.0,0.0
-0.3211000000000002,0.7051000000000001,0.7051000000000001,-0.177,0.8607999999999996,0.641,-1.0,-1.0,1.0,-1.0,0.0,-1.0,1.0,1.0,1.0,1.0,1.0,0.0
-0.3211000000000002,0.7051000000000001,0.7051000000000001,-0.177,0.7051000000000001,0.641,-1.0,-1.0,1.0,-1.0,1.0,-1.0,1.0,1.0,1.0,1.0,1.0,0.0
-0.3211000000000002,0.7051000000000001,0.7051000000000001,-0.177,0.7051000000000001,0.641,-1.0,-1.0,1.0,-1.0,-1.0,-1.0,1.0,1.0,1.0,1.0,1.0,0.0
-0.3211000000000002,0.7051000000000001,0.7051000000000001,-0.177,0.7051000000000001,0.641,-1.0,-1.0,1.0,1.0,1.0,-1.0,1.0,1.0,1.0,1.0,1.0,0.0
-0.3211000000000002,0.7051000000000001,1.0310999999999997,-0.177,0.8607999999999996,0.641,-1.0,-1.0,0.0,-1.0,0.0,-1.0,1.0,1.0,1.0,1.0,1.0,0.0
-0.3211000000000002,0.7051000000000001,1.0310999999999997,-0.177,0.7051000000000001,0.641,-1.0,-1.0,0.0,-1.0,1.0,-1.0,1.0,1.0,1.0,1.0,1.0,0.0
-0.3211000000000002,0.7051000000000001,1.0310999999999997,-0.177,0.4443999999999999,0.641,-1.0,-1.0,0.0,-1.0,1.0,-1.0,1.0,1.0,1.0,1.0,0.0,0.0
-0.3211000000000002,0.7051000000000001,1.0310999999999997,-0.177,0.7051000000000001,0.641,-1.0,-1.0,0.0,-1.0,-1.0,-1.0,1.0,1.0,1.0,1.0,1.0,0.0
-0.3211000000000002,0.7051000000000001,1.0310999999999997,-0.177,0.8607999999999996,0.641,-1.0,-1.0,0.0,1.0,0.0,-1.0,1.0,1.0,1.0,1.0,1.0,0.0
-0.3211000000000002,0.7051000000000001,1.0310999999999997,-0.177,0.4443999999999999,0.641,-1.0,-1.0,0.0,1.0,1.0,-1.0,1.0,1.0,1.0,1.0,0.0,0.0
-0.3211000000000002,0.7051000000000001,1.0310999999999997,-0.177,0.7051000000000001,0.641,-1.0,-1.0,0.0,1.0,-1.0,-1.0,1.0,1.0,1.0,1.0,1.0,0.0
-0.3211000000000002,0.7051000000000001,0.4443999999999999,-0.177,0.8607999999999996,0.641,-1.0,-1.0,1.0,-1.0,0.0,-1.0,1.0,1.0,0.0,1.0,1.0,0.0
-0.3211000000000002,0.7051000000000001,0.4443999999999999,-0.177,0.7051000000000001,0.641,-1.0,-1.0,1.0,-1.0,1.0,-1.0,1.0,1.0,0.0,1.0,1.0,0.0
-0.3211000000000002,0.7051000000000001,0.4443999999999999,-0.177,0.4443999999999999,0.641,-1.0,-1.0,1.0,-1.0,1.0,-1.0,1.0,1.0,0.0,1.0,0.0,0.0
-0.3211000000000002,0.7051000000000001,0.4443999999999999,-0.177,0.7051000000000001,0.641,-1.0,-1.0,1.0,-1.0,-1.0,-1.0,1.0,1.0,0.0,1.0,1.0,0.0
-0.3211000000000002,0.7051000000000001,0.4443999999999999,-0.177,0.8607999999999996,0.641,-1.0,-1.0,1.0,1.0,0.0,-1.0,1.0,1.0,0.0,1.0,1.0,0.0
-0.3211000000000002,0.7051000000000001,0.4443999999999999,-0.177,0.4443999999999999,0.641,-1.0,-1.0,1.0,1.0,-1.0,-1.0,1.0,1.0,0.0,1.0,0.0,0.0
-0.3211000000000002,0.7051000000000001,0.4443999999999999,-0.177,0.7051000000000001,0.641,-1.0,-1.0,1.0,1.0,-1.0,-1.0,1.0,1.0,0.0,1.0,1.0,0.0
-0.3211000000000002,0.7051000000000001,0.7051000000000001,-0.177,0.8607999999999996,0.641,-1.0,-1.0,-1.0,-1.0,0.0,-1.0,1.0,1.0,1.0,1.0,1.0,0.0
-0.3211000000000002,0.7051000000000001,0.7051000000000001,-0.177,0.7051000000000001,0.641,-1.0,-1.0,-1.0,-1.0,1.0,-1.0,1.0,1.0,1.0,1.0,1.0,0.0
-0.3211000000000002,0.7051000000000001,0.7051000000000001,-0.177,0.4443999999999999,0.641,-1.0,-1.0,-1.0,-1.0,1.0,-1.0,1.0,1.0,1.0,1.0,0.0,0.0
0.9017,0.8492,0.5884999999999998,0.8492,-0.177,-1.1224999999999996,-1.0,-1.0,-1.0,-1.0,-1.0,1.0,1.0,1.0,0.0,1.0,1.0,0.0
0.9017,0.8492,0.5884999999999998,-0.177,0.8492,-1.1224999999999996,-1.0,-1.0,-1.0,-1.0,-1.0,1.0,1.0,1.0,0.0,1.0,1.0,0.0
0.9017,0.5884999999999998,0.5884999999999998,0.8492,0.5884999999999998,-0.8617999999999992,-1.0,-1.0,-1.0,-1.0,-1.0,1.0,1.0,0.0,0.0,1.0,0.0,1.0
0.9017,0.5884999999999998,-0.177,0.8492,0.5884999999999998,-0.8617999999999992,-1.0,-1.0,-1.0,-1.0,-1.0,1.0,1.0,0.0,1.0,1.0,0.0,1.0
0.7051000000000001,0.4443999999999999,0.4443999999999999,-0.177,-0.177,0.3466,-1.0,-1.0,1.0,1.0,-1.0,-1.0,1.0,0.0,0.0,1.0,1.0,0.0
0.7051000000000001,0.7051000000000001,0.641,0.4443999999999999,-0.177,0.3466,-1.0,1.0,-1.0,-1.0,-1.0,-1.0,1.0,1.0,0.0,0.0,1.0,0.0
0.7051000000000001,0.7051000000000001,0.4443999999999999,-0.177,0.6072999999999997,0.4443999999999999,-1.0,1.0,1.0,-1.0,1.0,1.0,1.0,1.0,0.0,1.0,1.0,0.0
0.7051000000000001,0.7051000000000001,0.4443999999999999,0.4443999999999999,-0.177,0.3466,-1.0,1.0,1.0,1.0,-1.0,-1.0,1.0,1.0,0.0,0.0,1.0,0.0
0.7051000000000001,0.7051000000000001,0.7051000000000001,0.4443999999999999,-0.177,0.6072999999999997,-1.0,1.0,-1.0,-1.0,1.0,-1.0,1.0,1.0,1.0,0.0,1.0,1.0
0.7051000000000001,0.7051000000000001,0.7051000000000001,0.7051000000000001,-0.177,0.6072999999999997,-1.0,1.0,-1.0,-1.0,1.0,-1.0,1.0,1.0,1.0,1.0,1.0,1.0
0.7051000000000001,-0.7096000000000002,0.641,0.4443999999999999,-0.177,0.3466,-1.0,0.0,-1.0,-1.0,-1.0,-1.0,1.0,1.0,0.0,0.0,1.0,0.0
0.7051000000000001,0.7051000000000001,0.4443999999999999,-0.177,-0.177,0.3466,-1.0,-1.0,1.0,1.0,-1.0,-1.0,1.0,1.0,0.0,1.0,1.0,0.0
0.3149999999999997,0.0878999999999999,0.3149999999999997,0.0878999999999999,0.3149999999999997,0.0878999999999999,-1.0,1.0,-1.0,1.0,-1.0,1.0,1.0,1.0,1.0,1.0,1.0,1.0
0.3149999999999997,0.0878999999999999,0.3149999999999997,0.478,0.3149999999999997,0.0878999999999999,-1.0,1.0,-1.0,1.0,-1.0,1.0,1.0,1.0,1.0,1.0,1.0,1.0
0.3149999999999997,0.478,0.3149999999999997,0.478,0.3149999999999997,0.0878999999999999,-1.0,1.0,-1.0,1.0,-1.0,1.0,1.0,1.0,1.0,1.0,1.0,1.0
0.3149999999999997,0.478,0.3149999999999997,0.478,0.3149999999999997,0.478,-1.0,1.0,-1.0,1.0,-1.0,1.0,1.0,1.0,1.0,1.0,1.0,1.0
0.6072999999999997,0.4443999999999999,0.4443999999999999,0.4443999999999999,0.4443999999999999,-0.177,-1.0,-1.0,1.0,-1.0,-1.0,1.0,1.0,0.0,0.0,0.0,0.0,1.0
