Feature_1,Feature_2,Feature_1_Mean_Abs_SHAP,Feature_2_Mean_Abs_SHAP,Feature_Correlation,Plot_Filename
Pos_1_logP,Pos_2_logP,0.21930264664330834,0.18980207873317437,-0.0969615122145756,shap_dependence_Pos_1_logP_vs_Pos_2_logP.png
Pos_1_logP,Pos_3_logP,0.21930264664330834,0.09171414705899202,-0.025631228842877756,shap_dependence_Pos_1_logP_vs_Pos_3_logP.png
Pos_1_logP,Pos_4_logP,0.21930264664330834,0.04212908656871044,0.29187503496121503,shap_dependence_Pos_1_logP_vs_Pos_4_logP.png
Pos_1_logP,Pos_5_logP,0.21930264664330834,0.17469304943542419,-0.2575617393437982,shap_dependence_Pos_1_logP_vs_Pos_5_logP.png
Pos_1_logP,Pos_6_logP,0.21930264664330834,0.12056570348166391,-0.07625143253515133,shap_dependence_Pos_1_logP_vs_Pos_6_logP.png
Pos_2_logP,Pos_3_logP,0.18980207873317437,0.09171414705899202,0.14560835196817118,shap_dependence_Pos_2_logP_vs_Pos_3_logP.png
Pos_2_logP,Pos_4_logP,0.18980207873317437,0.04212908656871044,-0.1311029154597389,shap_dependence_Pos_2_logP_vs_Pos_4_logP.png
Pos_2_logP,Pos_5_logP,0.18980207873317437,0.17469304943542419,0.03855565477440385,shap_dependence_Pos_2_logP_vs_Pos_5_logP.png
Pos_2_logP,Pos_6_logP,0.18980207873317437,0.12056570348166391,0.06206341718073561,shap_dependence_Pos_2_logP_vs_Pos_6_logP.png
Pos_3_logP,Pos_4_logP,0.09171414705899202,0.04212908656871044,-0.11802715098715305,shap_dependence_Pos_3_logP_vs_Pos_4_logP.png
Pos_3_logP,Pos_5_logP,0.09171414705899202,0.17469304943542419,0.018097892166058564,shap_dependence_Pos_3_logP_vs_Pos_5_logP.png
Pos_3_logP,Pos_6_logP,0.09171414705899202,0.12056570348166391,0.0911832871191974,shap_dependence_Pos_3_logP_vs_Pos_6_logP.png
Pos_4_logP,Pos_5_logP,0.04212908656871044,0.17469304943542419,-0.6501756575046856,shap_dependence_Pos_4_logP_vs_Pos_5_logP.png
Pos_4_logP,Pos_6_logP,0.04212908656871044,0.12056570348166391,-0.17779913391681765,shap_dependence_Pos_4_logP_vs_Pos_6_logP.png
Pos_5_logP,Pos_6_logP,0.17469304943542419,0.12056570348166391,0.15811573849039331,shap_dependence_Pos_5_logP_vs_Pos_6_logP.png
